wallet,tx_count,avg_amount,total_amount,avg_fee,sender_count,receiver_count,avg_time_gap_seconds,fan_ratio
112FnDXE3uyXKqhts1XU7F8JicngVsVREq,1,5.0,5.0,4.8532551798509165e-06,1,0,0.0,1.0
112ernrHzQsX4mrf7pj56KCHbX9Zdiq4TG,13,1.54961113789638,20.14494479265294,7.960192275605806e-05,2,11,593688.6378824167,0.16666666666666666
112tZqtPVvuyTQU2wqBraywuQkerimQX3j,24,2.3812073842700574,57.14897722248138,7.682889431731506e-05,7,17,294657.44073613035,0.3888888888888889
112vhWKHoS4F5zrwRuUtPh8jEmsEgD2fUW,1,5.0,5.0,0.0005129242307187,1,0,0.0,1.0
113FxAvv9u5NMBraKUGZJWY5m28iymszHZ,14,2.833671822745007,39.6714055184301,9.25668236564248e-05,5,9,491836.7595859999,0.5
114opLxUeut8MNKwS7Tcy9nLzneKs2R7Wr,16,2.248825209988415,35.98120335981464,8.915939258897143e-05,4,12,469261.55371406674,0.3076923076923077
116Cp8JngXw7qx9QDkmiEFWL8cNDoqE5HD,12,2.406542931596799,28.87851517916159,0.00010798195294370955,2,10,671486.3357084545,0.18181818181818182
116E73bf2KKY5CNtLNojL5j7x9nnVZR6Bh,18,1.483087791572001,26.695580248296018,0.00014538690618000355,4,14,406213.70750494115,0.26666666666666666
11jYGVUJWJUahoXQ9deiEYH8R9G7nqRtU,23,1.7931104580484132,41.2415405351135,7.959670128995874e-05,5,18,301664.13937472727,0.2631578947368421
121aMR17WL92aUxMw3q9byvwSicK8gBv8u,27,1.9406477698406048,52.39748978569633,0.00010937488371539142,6,21,282487.59451673075,0.2727272727272727
122VyLn3EbK76XPEB8CHNqw4TPmU9yrRw9,21,2.21440379202832,46.50247963259473,8.88411668928205e-05,7,14,351316.21852455,0.4666666666666667
122cFMf3eyqoWCMhXpw5m8dRgSSTLCHUWs,33,2.027170704175976,66.89663323780721,8.906167852021688e-05,15,18,235863.46632659377,0.7894736842105263
1243iZbMD4L6E12iK9yUECQTyvnWjKAanW,24,2.418227948671967,58.03747076812721,0.00015633550889378403,5,19,289073.46692904347,0.25
125QbbMpRd1DUKbhhhRkocQJbcpjQdBwyG,20,1.570511600750415,31.4102320150083,8.90083658996987e-05,8,12,356697.6309302631,0.6153846153846154
125muDXjxQ2djE4wFM6gz8NLyjikAgLfGs,1,37.7097368560087,37.7097368560087,7.796420289169051e-05,1,0,0.0,1.0
1261ar399Dik2oQyx6Zovk8YgTWwcY9rnq,24,2.5670770370818343,61.60984888996403,8.282250324549594e-05,8,16,296819.9282161305,0.47058823529411764
1268JHQJqc4iuX5j7acWHqajW9kzBrh55Q,20,2.36176620922729,47.235324184545796,9.953654788832701e-05,3,17,404972.2315873684,0.16666666666666666
126HAW6oCv4X6nAmy4qPmjsKKtWMHiFwE9,24,1.7746056685130087,42.59053604431221,7.750497141431751e-05,12,12,295865.10405695654,0.9230769230769231
127YDyyydje7eUPc1soMzwmAUdYUDDkHtN,2,31.369531131484266,62.73906226296853,2.8155817898307106e-05,1,1,1434.70848,0.5
128AJZrWVZjRh5AiraEFUVJntk1cM7hKUh,20,2.5798973752077687,51.59794750415538,6.89928751753823e-05,5,15,386449.5446864737,0.3125
129GtbR3aNtTaECFAcxHvSjb9GGkqsqMEL,17,2.97948018789471,50.65116319421007,0.00010882771852434848,3,14,402865.31249425,0.2
129Q9zE8MLvcsGH5mK96MVB81awCHAS3kg,1,0.09949268266880594,0.09949268266880594,0.000269856971063,0,1,0.0,0.0
129WxNh1xu6JL5C5wVPFuXMggYogp9MSWu,30,2.8127049255591285,84.38114776677385,0.0001132613791232727,10,20,259912.01591055177,0.47619047619047616
129hevVCAfCewgvmYAGtMQ8ebNsgYRgVic,1,0.8657692948136789,0.8657692948136789,4.109558194415653e-05,0,1,0.0,0.0
12CxJ3kQrYJSKT4cGsU8SLuNNVWtYddPz2,22,2.6805125374683025,58.97127582430265,8.609999753644436e-05,9,13,338871.1099793334,0.6428571428571429
12EUjnY1UTovnbiU3oTMTuZerumH2hWgeR,24,2.677496679106785,64.25992029856285,0.00011352964218809634,7,17,255152.48678669563,0.3888888888888889
12FU6BYxC2m6266rD6KnqTDqEwRzwgutDm,23,1.6870330325558591,38.80175974878476,0.00010392593906030767,10,13,302010.4777502727,0.7142857142857143
12FZoEgMi69ELYdeM95r5h4C3r5DHfg62v,15,1.689930252647065,25.348953789705973,0.00013745242339749996,4,11,511949.40616871434,0.3333333333333333
12GReXtF9HEdcv4FhiyFEyryGC3bproFWw,21,1.7639188449176137,37.04229574326989,6.817581583543076e-05,6,15,367882.44090505,0.375
12HLqcqDTp9vbcs2F1vuS9TGvEkpsbyRoL,25,2.5095056444100226,62.737641110250564,9.875434437401213e-05,8,17,259142.30807279167,0.4444444444444444
12JWsRsFMcrKiw5gdYmvF1efrhxbJMRES1,22,2.50481415102978,55.10591132265516,9.828589094809599e-05,11,11,336159.43218438094,0.9166666666666666
12KRePDgqwWV61FfaVgrgZ1m3Ws3CQKpQd,24,2.968572132017964,71.24573116843113,0.0001102334629100871,7,17,333526.84632852173,0.3888888888888889
12KcUykzWS3XzdRfYQbDAu6PXJUJiYqWLp,2,5.591637961224783,11.183275922449566,0.00011755011577844863,1,1,574.00723,0.5
12LDQ1ueLygpkyvLcpPNQbawko8XaCqDDS,28,2.4972366741228975,69.92262687544113,0.00011024725288378901,14,14,265108.2995964074,0.9333333333333333
12NDy467Ks6i5vwFRhNob9TxoTE4wqA553,26,3.349710214332067,87.09246557263374,0.00011284054280687684,9,17,303700.48950535996,0.5
12NTGkGgSQ5gGRqMijyJ4MrNX1YjSVeN6h,16,2.1269171808971583,34.03067489435453,6.272473185118922e-05,4,12,508615.6754520667,0.3076923076923077
12Nw2cQnZPtdeqKQ2AuVMV2qPLGazYCa6r,1,0.10782318697889104,0.10782318697889104,0.0002240258333661,1,0,0.0,1.0
12Nx1aEFgLd7tSoDkDK9NwUtPPjtBSYdiq,20,2.5398011935222677,50.79602387044535,7.311588176930116e-05,4,16,373412.9608850527,0.23529411764705882
12Pssfx4j2EK7WSS3KtGXHTFR4Sfow4HkQ,19,3.006436566117286,57.12229475622843,6.439768391385005e-05,7,12,358422.8052834444,0.5384615384615384
12S8nEifemD87TNF17rM8UgxQ5uNKvtPDU,22,1.8281886670233265,40.220150674513185,9.225701359462298e-05,8,14,344463.3257864762,0.5333333333333333
12SduHzDWmZCMAnQYbBbQYES9NsBSKxQPT,15,3.992181725604761,59.88272588407142,0.00010237139451356453,5,10,466095.44534335716,0.45454545454545453
12Um8Z9R4ajMowAxNjUMX2L3NwaLApsLZ5,19,2.6604196588359614,50.547973517883264,6.152869891497467e-05,6,13,358196.23548288894,0.42857142857142855
12VcJjYZQ1hqzXqq2Jpk8wPp79yvtQ7Shv,19,3.4490115349363673,65.53121916379098,0.00011155250427485525,6,13,391002.2019484445,0.42857142857142855
12WdRN6wnHn7R4ZUTXyQZxbeEF2VpoybJ7,18,1.491701386367447,26.850624954614048,0.00011056708631415194,4,14,447748.33995741175,0.26666666666666666
12WxNRqoJtuz5Pyf3Ge5Kq7vy47g9o6FpK,1,0.0996673443860585,0.0996673443860585,7.796800684289979e-05,1,0,0.0,1.0
12XZzJirhMfSU81t62qMDFzfXWgCrDudaE,15,2.0821698426588435,31.23254763988265,0.00011136257656750942,7,8,533728.662979,0.7777777777777778
12Xxdq2hfysiBgizapvd1cQPJh7NzGaWbu,15,1.7520359009681434,26.280538514522153,6.89934818788933e-05,5,10,528901.4117900713,0.45454545454545453
12ahbqvKXnqJTWLuyEnqY5Y1xaWWDXsdUX,16,2.2003992224091147,35.206387558545835,9.527350303203021e-05,6,10,437323.1208999332,0.5454545454545454
12ampQvxCeY8yPeusY97TriNpfrk4Ukhoz,17,2.9505592947022694,50.15950800993858,8.42119318452428e-05,5,12,438548.8723451875,0.38461538461538464
12eYinf96apEwRXuS4hRew8WWqx6A6FGs3,18,2.29698279446519,41.34569030037342,9.236305108672897e-05,8,10,397899.4782222353,0.7272727272727273
12hHh6jWmofDhTqjhn3y3Gi1AyF65AdMWd,16,1.3369555004715434,21.391288007544695,0.0001256480756912104,2,14,492330.5149409333,0.13333333333333333
12i57ZBGRFGoZ3bjVPsAYJH4AVTrBvwdp3,21,1.7582864316770415,36.92401506521787,7.969888209844067e-05,7,14,336883.8842526,0.4666666666666667
12ib4BweaV5EiUhNYvhkZkDBhqXkwvvvdD,17,2.673638510539205,45.45185467916649,9.691449145102773e-05,8,9,419468.63886099996,0.8
12ie17YjcoBZsG21cxRUKT9b2CUm3bPrha,18,2.000879374878614,36.01582874781505,8.358061685708758e-05,6,12,436821.7799787059,0.46153846153846156
12jEqoHdNw8Puw8d23GFPTXAZLo5QNt3VZ,18,1.5616855316524942,28.110339569744895,6.247648762140346e-05,8,10,404701.3583794118,0.7272727272727273
12kDKzuqrDAWVVF5qXdy4wzFux2LWwEy6K,19,1.8860109518229438,35.83420808463593,0.00011241954858644464,5,14,418125.87990966666,0.3333333333333333
12kGsjDvmFMGugEeBKWypc43Uu2AKGLUxd,20,3.1569890115496286,63.13978023099257,0.00012442336816704153,6,14,400745.54111305263,0.4
12njakVWwzavDGTZR3MZSypsYWAg7UF4iK,14,1.582904997208877,22.160669960924277,7.129907931821379e-05,6,8,566548.8786011538,0.6666666666666666
12oibbC8f3sZiHycUESebLdEGabYgwh5WS,24,1.8078765071486274,43.38903617156706,5.942525317384424e-05,9,15,309717.62341639126,0.5625
12ox9J7LCb9Mr2BTRmyV9KyeNqibUfuya3,14,1.9623950875954157,27.47353122633582,8.600941205212712e-05,6,8,489283.40219469235,0.6666666666666666
12pNBZ2vCpG48G32rU6GXdnreKPQV8mskC,19,2.884432964904189,54.80422633317959,7.144104149831007e-05,5,14,390121.71194833337,0.3333333333333333
12qGN1fP8aXxNVFwXPYp5mWfyxbMhgMMeh,2,0.09996061710968114,0.19992123421936228,3.340843141402676e-05,1,1,21801.288629,0.5
12qSc8XzxjWuzziWsgUtZfusNuKTxycHVx,2,17.39058189469501,34.78116378939002,0.0001365637507355424,1,1,575.530065,0.5
12r7Jq9os1aTBiCSVpP2ZGapL5DV11Fspg,25,2.0284606430570076,50.71151607642519,0.00011193634699385123,11,14,304604.70037050004,0.7333333333333333
12sKoXQGkAB36wpwzn1ZtGSXMs6W9eeosh,1,0.1992601241731557,0.1992601241731557,0.0002172536537608,0,1,0.0,0.0
12sVvw8sF9sUyRGGBjzV77vp6e5KJUKegB,21,2.095042743327368,43.99589760987473,9.574048013611522e-05,9,12,384498.80632355,0.6923076923076923
12u1s5yYsEpfz9u94hkz1QEBG4FkC8BsJk,14,2.26416440871401,31.69830172199614,9.658059212334157e-05,5,9,571775.5112157692,0.5
12uETrAGBWbHx1vskeS7UP5zeqwCtUxLHB,19,1.0366904105322001,19.6971178001118,0.00011466370694253439,2,17,380561.4667172222,0.1111111111111111
12uNH5MTa7Cidr2y4y6C87HktvsRfHPTp5,19,3.2766847102616588,62.25700949497151,0.00012045634394805206,8,11,413442.68171372224,0.6666666666666666
12wxLAxYXqxwFR9AZeEHK3Q9gKuq1PJa6a,21,2.8442152894842585,59.72852107916943,0.0001426931516917559,9,12,342999.0739083,0.6923076923076923
12xH5LQysxP9DNQewjrVFVHfAxRcy9Bahq,17,2.814168622420559,47.840866581149506,0.00010798738630236715,6,11,462906.029012875,0.5
12yGn6rjroGyUSVGn5MwHb9LpWchWaodoa,1,0.3035752822944222,0.3035752822944222,3.562981224209083e-05,0,1,0.0,0.0
12yg17FtbdsHbuaf8ZAHs1FCpsB3Tp7Gnk,25,2.5738535952917863,64.34633988229466,9.743903486635287e-05,11,14,287530.8438959583,0.7333333333333333
12yoyWxTJrnzNyXM7GxGQX7FBoQzkJDpYW,25,2.1797762161402825,54.494405403507066,0.00011848686086188106,10,15,301894.527998625,0.625
12zn5RGtDkfZQEQvJLHH9o7jfr6dsDBnZv,11,3.239397127402074,35.633368401422814,0.00010595788777705172,6,5,686819.9620856,1.0
12zzCSr4eHNreXGBHyTqDxXzWjYKAP8naW,17,1.8595423824176982,31.612220501100868,5.8584654321940936e-05,6,11,454213.66173775,0.5
132weL6bESTRQW2ANKrc2W9HtfsuadGJ2h,2,2.414221699987635,4.82844339997527,8.886528130940448e-05,1,1,573.635796,0.5
135KNhXurbQGvjfrsv5ZYN9VF1Ei5ZsVhi,25,2.0363679905424688,50.90919976356172,8.890059819066586e-05,9,16,315685.6796104167,0.5294117647058824
135zp2ftLz3nhBjvbgkMc52oUzAwP7kTej,19,3.054225663984748,58.03028761571021,9.452023378849313e-05,7,12,405387.13496405556,0.5384615384615384
136F4DtHswYKBRvmFwzcEpQREJpNQfDpXQ,17,2.3480645466918335,39.91709729376117,0.0001658738049157524,4,13,447131.329454375,0.2857142857142857
136RiQDp2eb1cyTSzMRd9euc3NsiaeQ3c3,20,2.9477003324469946,58.954006648939895,0.00010017017442036007,8,12,362355.57167005265,0.6153846153846154
137Q3SbFZQP2nuHto8ZTnkeuAutm6ckAzS,20,2.910931025851071,58.21862051702143,9.529650653291517e-05,7,13,393456.98856178945,0.5
138cUp6xFG2J3jhEfLuWEovRbxWN1shgTK,14,1.9075924699525444,26.706294579335623,5.443414828418493e-05,5,9,573282.3903028462,0.5
138tCF5UeygHPfggVzfat1iCB88k9WnnCq,23,3.8537498418396408,88.63624636231174,0.0001334874809446862,11,12,339114.7822051364,0.8461538461538461
139u4D5YEmEkZHNFtPQKFEG62AUzcdhH4c,25,2.0558135805166957,51.395339512917396,7.786435211191841e-05,8,17,305354.3270017083,0.4444444444444444
13C3UEzyuJ8rR4VNFwBpXybSojMopPKTyE,18,2.710899637948637,48.79619348307546,9.578422104422519e-05,5,13,425168.0842789412,0.35714285714285715
13CAi2SWqYCqk5wuNoLQ48XLH6ZogymVLH,18,1.93808422428811,34.88551603718598,0.0001254841758980164,9,9,408651.23494282353,0.9
13E4B69dFg9TaJFLCtXHsbgBEMse1hy1KQ,21,2.0460730709535904,42.9675344900254,0.00010002618343753764,7,14,337603.28145370004,0.4666666666666667
13EvUt6PMv2RDwbRanDD1UwvPggE3CH1cq,2,4.999952716425566,9.999905432851133,3.895463618352488e-05,1,1,13928.821808,0.5
13Fp3Fitw6PWv8K2ds7DMmkctdBg1aneqv,2,0.0994950029119499,0.1989900058238998,0.00010967655235781629,1,1,14029.422066,0.5
13HwiSw4Wi1Bc1XVmsDwrpzMkgqvLN4Bsm,20,1.50747541438625,30.149508287725002,6.697136303637538e-05,8,12,385394.51704121055,0.6153846153846154
13Hzys3EdLzDs4QnUbqAGMww6EbnHMfoj6,24,1.2620796872605082,30.289912494252196,8.894901807079108e-05,6,18,294147.9559338261,0.3157894736842105
13KDp1jkh6ghFbvWB2HbxoFBCfHrfBS5rb,17,2.8288491619681237,48.0904357534581,0.0001027788965046799,8,9,449421.0778908125,0.8
13KotcSQyU4D9aPgQMb314pPn3HFouZ4zV,1,0.4973641455396443,0.4973641455396443,5.1744812924970806e-05,1,0,0.0,1.0
13LPpZx3yZSu9QUb2LAuXFLmWbUhHrT7yC,24,2.4032293471504786,57.67750433161149,9.312543838875115e-05,9,15,323341.84674821736,0.5625
13LwB4ZwBjRrVsxVvy9PbczFx71sqXQc6i,23,3.6255272900147024,83.38712767033816,7.825202677803993e-05,10,13,344801.6148710909,0.7142857142857143
13NtohcQbHytYS8WasUV6kCuGecHKjnjzi,16,1.7239775219662692,27.583640351460307,6.831862171095052e-05,5,11,496006.97781686665,0.4166666666666667
13P4Sak9gQRc1FVZFvqrh3GstnDcRKFFZH,1,0.3323665772864203,0.3323665772864203,4.4978021890728056e-05,0,1,0.0,0.0
13PcgwJsxgC26Rt2rUE2YExnnQAhZf2Max,2,2.5784499132875887,5.156899826575177,0.00013565033869250448,1,1,341.240356,0.5
13QKtiHvY9YhtczbGjdNDgrSMGu6tdN7dP,17,2.7804035221198555,47.26685987603754,9.696386421630498e-05,4,13,392377.7489830625,0.2857142857142857
13Qe1XbA5zSuuqJmUuLK57hCMmCjnUBQpR,21,1.614864100185038,33.912146103885796,0.00012837733710249034,5,16,338798.7586490499,0.29411764705882354
13R3AHsvjhLnW3jmj6CjwpcAfxtJMfXqJF,1,5.468817415212998,5.468817415212998,1.4147553228750829e-05,1,0,0.0,1.0
13U8UhZLfdUwrj1fKCxTjBBP1yJrrAzFPW,8,2.5585810902951764,20.46864872236141,0.00011884100087690714,1,7,1019228.8599797143,0.125
13UVsHWXVCyLE6m24rX7cW7x7SG7MZ6ctP,19,2.3421143457114013,44.500172568516625,0.00012434697841914955,4,15,417426.8031660556,0.25
13WpWCbdjWM7LcJsjB4SMsg2FJdMyaSSKw,18,1.7512990211488042,31.523382380678477,8.655243683818548e-05,6,12,395055.86325382354,0.46153846153846156
13XAzA7TewpeKZnm6se2TYGQ13janwjrbT,17,2.004120698009945,34.07005186616906,0.00011164383447131842,6,11,389191.25184093753,0.5
13YN7xkqeth2BBwYLSxtoQbpifk7rPfgbC,15,1.6015021270004177,24.022531905006264,6.493575914802336e-05,7,8,516310.23574664287,0.7777777777777778
13YRxGSQb8HnySMnnw36rmV2TzWsGP6bC1,15,2.896895350858811,43.453430262882165,0.00011098189411624247,7,8,474331.83837600006,0.7777777777777778
13a5RBih7E8cnPNVxsKqBqYEMP2GJaSoXz,14,3.1270212775569526,43.778297885797336,0.00011615624105161342,6,8,590259.6980420769,0.6666666666666666
13ak1XcPzZB5MDZ75SiEBsBMJJhdUJVCf9,16,2.706355639385608,43.301690230169726,0.00010174940188864732,3,13,455153.9013288,0.21428571428571427
13bDG3qsd7Vc4WMc47KnPvWm1eR4vjRMa7,23,2.077557614149456,47.78382512543749,9.692712594708741e-05,8,15,341408.7726404545,0.5
13bqQADJd1jxWw6D5mCEWsDbmHbZqfb2VV,1,0.10725872525380736,0.10725872525380736,8.45124793315447e-05,0,1,0.0,0.0
13byWBiw5t6owGZeTjb9FPKuQaaCNykTZr,19,2.4912649787663144,47.334034596559974,9.408992161820258e-05,4,15,342086.7450928334,0.25
13c1Rgvmn8kK8vCbaq6HK3QtXYqyyrqNHB,18,1.7976504917883627,32.35770885219053,0.00011471700228456116,10,8,422921.99072470586,1.1111111111111112
13cA47vWDuQtn1Ziqa8Y7bJXV8WRQreH2M,22,2.317531932645439,50.98570251819966,8.29612921707776e-05,7,15,363273.1806847619,0.4375
13dFFuv84TRSXVJw2o4TvyWTGXUXM3Hd1k,22,2.7343733094000164,60.15621280680036,0.00012879601588192908,8,14,360286.0177011905,0.5333333333333333
13dMUesAci59LNEeH711RRMAir4KysfNAC,27,3.0443064370930406,82.19627380151209,9.149654799370394e-05,7,20,292940.41070873075,0.3333333333333333
13dfukMWsr3MVTzUEhchJ6oWvFXj7d8Qph,15,1.6682233449723358,25.023350174585037,9.813070523568178e-05,5,10,500006.66004864284,0.45454545454545453
13dhnZd13cuRLP7L3cFzwwWxvsTzD6SPDE,20,1.5532135760118748,31.064271520237497,9.04393766917136e-05,4,16,373150.8609099474,0.23529411764705882
13eqcLJxhdCZ11Qthkn4MTqke3bPqAYM3R,21,2.8721673263540444,60.31551385343493,8.984258729935322e-05,10,11,334219.33688940003,0.8333333333333334
13fo9DT7Dnbu2hGbPoCnerxfKaDjgDcfRW,23,2.2057492420424882,50.73223256697723,7.136781784685977e-05,5,18,340756.8382115909,0.2631578947368421
13fpBiP82vKQDLJvroong6mz2E3ZfyUHrE,1,5.0,5.0,3.878716799216066e-05,1,0,0.0,1.0
13fyhSD8Hbq2hjj1T5n24UnLqL97JQFVtR,1,0.9992198097685508,0.9992198097685508,0.0001980166363893,0,1,0.0,0.0
13h9G42hjwVJAouxGGJ3yqd8N5QepwaYkv,15,1.5564677598450876,23.347016397676313,0.00010391449237726969,2,13,527357.7511293573,0.14285714285714285
13hejLavzsDrFp9TRyPnNEXicwEc21HggD,1,0.1,0.1,8.312052212822486e-05,1,0,0.0,1.0
13humoxRpo8YDi4GCEEioF2T2CQ2mCzpPM,18,2.190277256932547,39.42499062478584,5.1583377001905365e-05,6,12,431751.9816034117,0.46153846153846156
13j6BJc39zqTv527tgydmq3rDwkaFhp4Rt,17,1.3988732857230037,23.780845857291062,0.0001460958732790246,7,10,456361.6836675,0.6363636363636364
13jLtniVXGNnmgJFoMAr72bhK2f7HZhzuw,10,1.6849951186106988,16.84995118610699,9.992229915156818e-05,0,10,723675.6067944444,0.0
13jjtn19vcJHdEBbQyx6wrHeu2NVny7zWf,16,2.2085235817704407,35.33637730832705,8.489539653218192e-05,4,12,480443.6889233999,0.3076923076923077
13kBU3fcBoLZL2LnTD3Qz53qaww8CvAUQH,25,2.6137450856006628,65.34362714001657,0.00010644085283866872,16,9,318662.5874295,1.6
13kG9LHgEHBsxyNJA393J5qmvGsKATGPWi,28,2.899885826086016,81.19680313040844,0.00011876226364239475,14,14,278786.001453,0.9333333333333333
13kRDm8JMg8sf8GWm1MPB65aWRsUgGTVkF,24,2.0510141546189087,49.224339710853805,0.00011025727563389067,7,17,323731.23803091305,0.3888888888888889
13m27Vxvo1NCUSAgfKjZTxn36BzP5uKBTo,16,2.267191040116237,36.27505664185979,6.633300866749557e-05,3,13,452496.8378286666,0.21428571428571427
13mM6DhYLrHWUSdwt9Zg8G8iMZWSBxENNd,9,3.1649508731353317,28.484557858217986,6.95628594762619e-05,3,6,901513.41760525,0.42857142857142855
13mUt1ThQzqCUoNofjkUFqLgcjCtdHKoUn,21,1.8119403763294657,38.05074790291878,0.00010259394822449751,6,15,353593.7256777001,0.375
13n2kssaDYtzQNHZXsCeMovADKTJxUxbfC,2,0.9999100685891784,1.9998201371783568,1.0775742104878678e-05,1,1,34522.275063,0.5
13ncbwKBvK4f3ZBXNAyfPvUyL8aduUcK25,25,2.3559026943450063,58.89756735862515,0.00010332063280239956,10,15,290315.65687041666,0.625
13o7xUWsNf3vV5EfJvGCqsjy9pmjWWG8rT,2,0.999449353018418,1.998898706036836,0.00016375923342950254,1,1,35185.016101,0.5
13otBzAH8axvwnDoaosfLEqF6iusrVNL1N,21,3.284838342212019,68.9816051864524,7.451301898573265e-05,10,11,361331.19892034994,0.8333333333333334
13pGjiNxceQtBxWMpP6Lqs12st9SAzzTrm,21,2.295977466701716,48.215526800736036,0.0001116892064670899,10,11,360693.98100040003,0.8333333333333334
13pPoySn8mRmC1UExKydhD8TS4mpxbLonr,18,3.1763678942240534,57.17462209603296,9.937129179608447e-05,6,12,403879.2965845294,0.46153846153846156
13q99sQPFRm7NXPAiXy3kyMU85o13Cabw8,10,2.14310304249532,21.4310304249532,5.2674288809213325e-05,5,5,718406.7040836667,0.8333333333333334
13qjQYogerB8JyWu685PoUXhrjTMLkGRuL,14,1.7254488503488756,24.15628390488426,9.618878629932353e-05,8,6,482235.8579565386,1.1428571428571428
13s1ErCQeq1uQNYUJMkautXrX33Hqv1HUE,11,1.311921082740768,14.431131910148446,8.341496585659576e-05,1,10,497363.76631989994,0.09090909090909091
13sZdnAVvhdepMMttWjViRjdSL4E2xPCMd,1,0.09933727894832824,0.09933727894832824,0.0001577239636216,0,1,0.0,0.0
13uLreEaDfnUeYEPKFkn1YSir2xqRQCxfe,26,2.501730283296633,65.04498736571246,6.749622726333058e-05,7,19,305942.81052148,0.35
13wjkxptWjLCEHUHuP1atPaKP24CPbZwQZ,1,4.999598873834228,4.999598873834228,2.366819129566642e-05,0,1,0.0,0.0
13wzuymN4BGwStU9JEaCFayhzqWTZgQMei,20,4.087638927560057,81.75277855120115,8.787851082628424e-05,10,10,362492.0187658947,0.9090909090909091
13xHn718RabTSLgm6yqLBax2WaNq9U45Yv,1,23.29076568042004,23.29076568042004,0.0001436505271428,0,1,0.0,0.0
13xmZ5hAVep7VKQwTRQWgr6tC9xtPTobBU,17,2.6183190963675664,44.51142463824863,0.00010538878704380895,11,6,446650.94891425,1.5714285714285714
142BF9RgpBhbb8UVt18ehohgAJakgyohgv,25,1.924645320823943,48.116133020598575,7.914099296845483e-05,7,18,308465.665561125,0.3684210526315789
143Vh3MWiToDCxmmFnJuH75kUGagk6iSb5,16,2.5729796584106257,41.16767453457001,8.772725485969721e-05,7,9,485826.8169404,0.7
143gvPc4YX7n5kLkWp2VU8ynzHvceUHkDv,23,1.597615104843498,36.74514741140045,8.242855629073839e-05,5,18,347399.3213993183,0.2631578947368421
144o44Uv7d2KuPqDpM6gTcM8GKPcHYhzk7,13,2.885374515482082,37.50986870126707,0.0001582457529789432,5,8,381111.9729385833,0.5555555555555556
148L9wLi85dpAzJVnH58B879wi166N57fK,14,3.5187487965781594,49.262483152094234,0.00010501504225613285,8,6,492953.98548246163,1.1428571428571428
149SoxZEDRReKVr6GKgvHs4K1Y24HFigSY,15,1.718499304751801,25.777489571277012,0.0001210828200263556,6,9,538061.0279609286,0.6
14BzzEVudCi98FQu1Q7bxSbDkoiQARwc7X,16,2.2027529993507438,35.2440479896119,0.00011952048072731548,5,11,446481.6100259333,0.4166666666666667
14CToWmUjyX2bMHtEprhMka2sCKET7fJEy,17,2.8739980925939155,48.85796757409656,6.42502445641274e-05,7,10,478947.93342056253,0.6363636363636364
14CvTz1vWbg9k4dqcigrsKQy8x6Ewqoky3,1,0.26646231746723015,0.26646231746723015,5.791557159972333e-05,1,0,0.0,1.0
14Dq72BasDgh2YwSG5ZVTpzMYyGQoXoycQ,18,2.481382961883847,44.664893313909246,8.353737093975611e-05,7,11,388655.20714176475,0.5833333333333334
14Dys8DYvdEnRPStPAi7pGRzVXVvfssLXe,2,0.09973078499501897,0.19946156999003795,5.220308694201315e-05,1,1,14277.142818,0.5
14E5awXsiEKwUNahH5tioffSS3UaoTB3BK,24,2.596685246649074,62.32044591957778,0.00014637064724912048,5,19,302444.1335266522,0.25
14FMiipxT34RoP77mxcNLYDzNjUen5mFjj,20,2.2892286114899862,45.78457222979972,7.35612323893634e-05,6,14,388945.54429073684,0.4
14HB1nTx9FEXq6jTjVA8rpin7mTYszwxbR,11,1.681584855097104,18.497433406068144,0.00010140536562288426,1,10,758903.7193724001,0.09090909090909091
14K13AH1n1PvFCxBySBvj28NjuLpWbFZKs,1,0.8391791716596433,0.8391791716596433,0.000150452617407,0,1,0.0,0.0
14KAZnEAw4SpxK2JyAySEKUQi8yTaMZWah,1,0.6689144366127161,0.6689144366127161,0.0001084277997555,0,1,0.0,0.0
14KPS5yDDV55WbQFih9fqCAG1ym36Pb1hv,20,2.7094677571795,54.18935514359,9.25746069470262e-05,9,11,402221.132315,0.75
14KdtNrmxjvXHjK1vsnFxg2SdvT88HNv88,22,1.7975674417998624,39.54648371959697,0.00011778500108423924,7,15,366571.6667501905,0.4375
14M5KPoVMtyRMvoKN1FZGzuFGkmeSA3woJ,26,2.3290911541313983,60.55637000741636,0.00010491332419505663,8,18,305517.8014918,0.42105263157894735
14MnjeEmtnNa96LsCuAF19741TC1Pv3tbp,18,1.7001134606510522,30.602042291718938,7.78844744346212e-05,4,14,427409.83472141175,0.26666666666666666
14N4RSsRF5qrCf8kpGAmfkWUA7fLub1Lq6,23,2.0316954901778623,46.72899627409083,0.00010447450256216996,2,21,327203.05939009093,0.09090909090909091
14NKH6nbmaPWkH9KnNeTXnkP61wk5sZSZu,13,2.973809109639104,38.659518425308356,0.00010022176960633911,4,9,573053.2997523333,0.4
14NWTpxbYoLgSwTDfRppiHqTL95QHu1EGN,26,2.2885116476341882,59.5013028384889,0.00011954032647613653,9,17,287549.66144388,0.5
14NzBd2QSv2wYD5MQj6Hhraj9SVVzH8Mo1,21,1.525000944958774,32.025019844134256,7.868814688975205e-05,9,12,347069.6617209,0.6923076923076923
14Pfh5RNQ4F19DHdZkh6fJeHxeyZALJmf7,20,3.1807872640157973,63.61574528031595,8.375773489161118e-05,6,14,405111.9385300526,0.4
14PiFgKMvTqymQCHEUefeZM9sB5dBpfpkf,22,2.495347817215817,54.89765197874797,0.00013354352996923982,10,12,348633.9658936667,0.7692307692307693
14QAuVtkAMWVpCpa15X7wRktiSxBptTkVT,1,0.7383187189865127,0.7383187189865127,3.230562821512584e-06,0,1,0.0,0.0
14QyNcKkSkZw3Yb1chbxVXaXjKdtgJZsRo,13,2.2701395031520644,29.511813540976835,0.00011042193499588073,5,8,552285.3585449167,0.5555555555555556
14R8sumTwqr28cM8g4jYTt2R2SAh1cTBqH,23,1.7570176448155321,40.41140583075724,0.00016820937541048316,7,16,297413.94423059095,0.4117647058823529
14SbPabBBhrqCpm4vjcozw8JFD2LPcVEdL,1,0.24949993590902303,0.24949993590902303,0.0001481420065221,1,0,0.0,1.0
14T4ZyfFBCimtDLQ8TrGd7ALF3oCDvYS72,27,1.9157661161307986,51.72568513553156,0.0001480189067813252,14,13,293243.62946565385,1.0
14TFHkkTq3sw919Coufr74GeTPt8qzU76o,21,3.102561200407481,65.1537852085571,0.00013111146729220192,8,13,364686.00812275,0.5714285714285714
14VTEBeaEo9kD4pbDjbPsdMqPgWFRAgtWF,1,1.921006399492675,1.921006399492675,4.18974512684566e-05,1,0,0.0,1.0
14WQ8hT42N7VkUyRE1TBrWrUnNdwqVJ6V6,1,0.23487682428713594,0.23487682428713594,0.0001515123483039,1,0,0.0,1.0
14WWfWW1HZifkBftLioggabnAz16cMrFpq,22,1.7627467843656142,38.78042925604351,8.628718557761814e-05,6,16,361604.67241061904,0.35294117647058826
14WiPfQTpxoVUpy1PGHFhBtohU8Vegj5Tt,28,2.304421633418656,64.52380573572236,0.00010493984022939392,8,20,251989.0754136667,0.38095238095238093
14WyrcjaPmeoEK9AVqB2hbqaY5bQS6JipA,1,5.0,5.0,0.0003774579744764,1,0,0.0,1.0
14X2yJ7NK7BxzzCyeB8nCA1U2buYQuJg24,16,2.9145647953617257,46.63303672578761,0.00011415476334266446,7,9,449345.193516,0.7
14X9qAK9rXa4jJPdzArrQupD13eiPf18i4,23,1.3793701864297991,31.725514287885378,9.11512515386985e-05,7,16,314578.6523114091,0.4117647058823529
14YeGan854fcBhCQw4NCYvZepr5B1n11MU,19,2.5818915164399256,49.05593881235859,6.721188397507508e-05,6,13,364693.5782336111,0.42857142857142855
14ZR45TUwtWp9WhwKPs7MwoWYDGiXST4z6,19,1.9891439856005093,37.79373572640968,8.975765348600838e-05,7,12,411500.16198722227,0.5384615384615384
14ZRWHbzZBF1yveMCNeuyPteChsqN3vNnF,26,2.400914802313459,62.42378486014993,8.867614820005112e-05,6,20,304719.97441,0.2857142857142857
14ZtDNKUyQ6jV3DdwfLgXkyNAeL35Bqst7,1,4.999975053779416,4.999975053779416,1.179539030153934e-05,0,1,0.0,0.0
14a9bkGrWNLrvAajkTgUVEF1jAe79m5nFt,15,2.318076730982153,34.77115096473229,7.897498151006212e-05,5,10,542437.9263645,0.45454545454545453
14bHPLbB1FKfWZsczX1CnoCaM4DGMW1enJ,19,3.249406120625611,61.738716291886604,9.421143499743214e-05,11,8,396780.6348581666,1.2222222222222223
14bQg4nbWWbzLkdgZBeYScnuWHXUvjKFGi,22,2.1542482105693446,47.39346063252558,0.0001157346570406297,10,12,344382.5971132381,0.7692307692307693
14dUixoa9Cw32VzJTC6D9abiAx7QNY3ArP,11,2.3872098172547225,26.259307989801947,8.04424314792557e-05,4,7,532404.5265423001,0.5
14f6ZzJKz1q8k9KM25gKTBD8hRqZX4uiKG,13,1.9889632647334206,25.856522441534466,0.00010803188582399224,4,9,638905.5660323333,0.4
14fGMVwzpK5KUqko58JVzbToMJftSCAhED,19,1.6953597681187056,32.211835594255405,6.708508601386914e-05,7,12,383971.72570650006,0.5384615384615384
14geZkVWtuRTkx8D1Az9NdkuNDVami278N,12,1.1811007261328859,14.173208713594631,9.913717550121688e-05,3,9,612927.2461441818,0.3
14gfGtCDmtJ6eMX3EoM54bMmx4qGoKrCip,16,2.994182264822857,47.90691623716571,0.00010437797693732817,8,8,504052.86432926665,0.8888888888888888
14h27MifdqeppgHFztCDiTdfbvTsqPYdzW,22,3.5918553660411643,79.02081805290561,7.782679677096894e-05,7,15,295272.16124780953,0.4375
14icDQCnywKKcMrd9r41AdfVURi3y3Aq34,22,1.5220473653917863,33.4850420386193,8.738018743830867e-05,7,15,346048.83401347615,0.4375
14k8Qn8Cu65RW1VWkNTc5Q6f9kax6mHNs6,2,0.0994576607769439,0.1989153215538878,0.00029820693732955,1,1,14019.330403,0.5
14n5CMwYgnWY9mVFthvTCP7RRiypyhxQ25,2,4.999609432645088,9.999218865290176,0.00026059196113925,1,1,14389.28684,0.5
14npLWNZNZFei42caEgWZYyFGoLJu5ggZc,23,2.577062535229496,59.27243831027841,8.827641563579624e-05,12,11,324712.66750986356,1.0
14oBBrgNrToxwbS6nFSE89BqJcSWZzf2rS,18,1.9523574112197517,35.14243340195553,8.856906815240708e-05,1,17,437780.44213294116,0.05555555555555555
14p79gRaDD1PLVZetuPmufNZFw5Uev6UjR,15,1.7462827090910436,26.194240636365652,0.00014560577309931646,4,11,532454.3826512859,0.3333333333333333
14qut3CWAZGmvGmHZJt6aoNAKRjyZSnAfK,11,2.287078113982209,25.1578592538043,0.00010721802002835269,3,8,617867.0434647,0.3333333333333333
14qwo5p88CM1ud7aDuxqToaedbRWQ5JvED,20,2.596138735418653,51.92277470837306,0.00011236098061218918,8,12,363987.2148820526,0.6153846153846154
14reCnYePvNj8WPtnastkQTWfCzSVhGc5i,24,1.8442563668407537,44.262152804178086,0.00012060345861330617,11,13,326487.56879526086,0.7857142857142857
14rmmPe5dH8gqqWRsjiQfv5oZxH3MG4Aji,20,2.2340981868111207,44.681963736222414,0.00012075545031119757,6,14,381958.01002684206,0.4
14rykbGPigVBKU1ebs3vy6wLjbdhVxsRAn,21,2.515381065064087,52.823002366345825,7.935870189137039e-05,9,12,364203.89022675005,0.6923076923076923
14tnAhE3N6XMyNmxn3SiYNNkkmovQLY5yj,19,2.1418515023637235,40.695178544910746,7.561476168577009e-05,3,16,411225.4010926666,0.17647058823529413
14ujBG48gJyV34fxeny78m2RMd5wt2eoFk,10,1.1763027396274803,11.763027396274802,0.00012275047829289553,4,6,654704.0586640001,0.5714285714285714
14vJfutu2AakdPBcYJbzrinb3VUskn7mmQ,1,4.99995080775656,4.99995080775656,4.919224343927989e-05,0,1,0.0,0.0
14w7vGYZmoQvyNy7DqR5xZxgirfT4vTBfK,17,1.3468033294312065,22.89565660033051,0.00010123521583149046,4,13,417813.56280099996,0.2857142857142857
14w9uqb4Jc85Zit4CEXw9NM4vGTjcmozPb,14,1.3167187986651407,18.43406318131197,0.00011991260824895932,1,13,567441.5465005384,0.07142857142857142
14wpGYxuJSBJ5CdpoAhmAnC5a3PLWKLF7A,29,2.0015570200929718,58.04515358269618,9.323463949607542e-05,9,20,261547.1085160357,0.42857142857142855
14xJaM5XmFviNqCGZKKByJH6BzLvFZRGf3,13,1.5961959325179107,20.75054712273284,0.00013531093346362023,4,9,577537.3248461668,0.4
14xQss8sN5qsEdfHmE5WMZyFhGS1qbhfDa,11,5.057703106256937,55.6347341688263,0.00012554882985894552,5,6,671027.9273287001,0.7142857142857143
14xnZV3vecPt4JMiLRNbjH61xqdF4Z7neL,24,2.54689359649822,61.12544631595728,9.672362049774965e-05,10,14,305138.9115905217,0.6666666666666666
14z9jUjxvaGXbcW1Z8BxsT41UNc7KihcWx,17,2.783357067165439,47.317070141812465,5.722497929434064e-05,6,11,425141.6363823125,0.5
151Ya6nxvhQMs8o2Vqdk1bYHDxPFFPfn4R,23,1.945623981397709,44.749351572147305,0.00010832025266384255,10,13,325422.8830746818,0.7142857142857143
151x9JB5JkLm35MQTiTW8kP6iSMVnRoFJv,15,3.3945225030488655,50.91783754573298,4.96045881004074e-05,7,8,534526.9604192143,0.7777777777777778
154NMojWTHTYc12aKqjy9BDixkATQMb4wu,2,34.14711199452209,68.29422398904418,4.3967960607372124e-05,1,1,1097.332547,0.5
154eoGVmSEG5maR5YyLBD7HhWLZniVndue,2,4.999495094433758,9.998990188867516,0.00016908592420789408,1,1,32404.823837,0.5
1558RYVCRybzxhcpbCPuVtqcKd222X78BK,1,1.0,1.0,2.987967164889474e-05,1,0,0.0,1.0
156TJZGtd1zENdMCd1aDTDeMXhjsFkv24L,1,0.5497634923575265,0.5497634923575265,0.0003309972137025,1,0,0.0,1.0
157L5YWbExqQrgQSt7n2zSdoDguZ2WzR7p,22,3.3303402056449625,73.26748452418917,0.00013220008767405713,8,14,297180.67160233343,0.5333333333333333
157kZGQyUZnKmr6PvWQkJz1sGxLMAZbQGu,26,2.365560118479952,61.50456308047875,5.839826734607829e-05,7,19,285626.04718644003,0.35
157tmmHWoD9FyUeTPtVbiz1Z3aFvKnY941,23,1.8945732180084098,43.575184014193425,0.0001399640559914851,7,16,346203.0950083182,0.4117647058823529
157wuNQPwme9aUsYtSUa5BWuScs9FVwRUu,19,1.535202533770786,29.168848141644933,0.00011284468648893047,7,12,418679.1859027222,0.5384615384615384
157xqZVFnqkiqNh5unobFg6mqN7dAKBag2,1,0.9464895166885543,0.9464895166885543,0.0001382704654365,1,0,0.0,1.0
1581ktwc34u1zTsKkheEBSWWd79PGiLcDB,16,1.2067643061742594,19.30822889878815,6.624416406236001e-05,6,10,500542.05811513326,0.5454545454545454
158K4z94h8wpDbtK946MF4k6egU1vj8d9p,21,2.758644945081836,57.93154384671856,0.00010365842354626341,5,16,371123.76766155,0.29411764705882354
15AzUA9jGwTjxrtySD9ew9iT4hkUJtisWV,24,2.7660380486962097,66.38491316870903,9.673297292919196e-05,7,17,294306.8925085653,0.3888888888888889
15B4ybmCdqxnvGQSuna92rB6zA3kVERTng,9,1.1998119043545556,10.798307139191001,0.00012443453487149384,2,7,763495.8617877499,0.25
15CUZwU1SF6RtukwniTQP3WuyPVobPu2oe,17,1.5540631709551789,26.41907390623804,9.692138610730288e-05,6,11,451449.85715125,0.5
15CYqyqHArYcAS9MB2gNv6WthKWZswmBni,1,0.5410508441665622,0.5410508441665622,7.945525360842863e-06,0,1,0.0,0.0
15DZ9DrjghBu4qV448tfQHVHQBZmatMxYr,24,2.613933868333389,62.73441284000133,8.584947976794951e-05,9,15,297150.07708747825,0.5625
15EnLyjX7g4RTo8Ta2GpXoSwdhXktcS71T,18,3.9390342771848004,70.9026169893264,0.00010411260305807124,8,10,431594.3792639412,0.7272727272727273
15GQXgdkXtwxvZRFTxwCx746BXG2CbU8Dg,12,2.5170446395795465,30.204535674954556,0.00010406355762397768,5,7,649479.367836091,0.625
15HCsQCF6hqMu4g6XUxHbrz9XgU9dYUoGd,18,1.920236355792787,34.564254404270166,0.00011201335176001355,5,13,439563.0642589412,0.35714285714285715
15K2QMu7dVnQ7xk7UcavQHri9EUyDR5xfb,13,1.755287103622673,22.81873234709475,7.571780322117349e-05,5,8,576903.3492259999,0.5555555555555556
15L5UCMvYKZptVX9mcsgfUpifR7u91TRFq,19,2.2088606115835425,41.968351620087304,0.00013061955153763612,5,14,350489.2820952778,0.3333333333333333
15Lq6vowaiZcUjrAa2yzbpbQKNMREfekKj,1,4.999848961603772,4.999848961603772,2.614601060056964e-05,0,1,0.0,0.0
15P69xWc9eGjEhofw6QrnWzJqZHdbxHHLA,1,0.2866115810361964,0.2866115810361964,0.0001779795697102,0,1,0.0,0.0
15PFf5oUdFohtsZ6Mc24vkW4uuH1Q3ednN,16,1.0961698326977678,17.538717323164285,0.00010823111813732342,3,13,466119.19898173335,0.21428571428571427
15QUWJuGovWrFepXCbqcivHPjUwANUXDpv,15,2.9131293125621114,43.69693968843167,0.00010451620804687843,7,8,336911.7582532857,0.7777777777777778
15QZHPMBmUMP8WSTR15viS4hXML6t1LYTJ,19,2.7654462960402535,52.543479624764814,9.695057131705413e-05,7,12,354600.5812417222,0.5384615384615384
15S16WBx2LVJidvXkjoJry8vvN7W3MuX9o,27,2.004872915076192,54.131568707057184,0.00011369878579465953,13,14,266073.3551726154,0.8666666666666667
15SumECVAGsMj2dYQw9HyBZjGsWYHMABX9,20,1.5764574864507177,31.529149729014353,7.940541135241315e-05,5,15,313209.87377642107,0.3125
15WXMQoZM5FCM3aHwLQUNQNpGyQ78k6swL,16,2.5942708067127906,41.50833290740465,8.044517441873121e-05,8,8,473771.4843076,0.8888888888888888
15YR1pjmhUKBgGzkzmtL3t4Eao3WgqBH3y,1,0.23050249898329805,0.23050249898329805,0.0006024797488945,1,0,0.0,1.0
15ZCwpGfpJvaKeFLTve9YUVRr1CH9WvXuY,24,1.6554363781616657,39.73047307587998,8.340118010161997e-05,6,18,307774.13699886954,0.3157894736842105
15azRX4iPiBEnuThr2FH6XrR9kZT2Gf1Bi,12,1.871597242242452,22.459166906909424,8.01590487205729e-05,5,7,605245.9685677273,0.625
15bYNCfbZVjTxjvu6rNPyhs4KcXPBtHQj9,15,1.8461488544156195,27.69223281623429,9.276603742685072e-05,8,7,441248.0470971429,1.0
15bogkzS6FoVQGtkDzTZ3FCkD1QNSKd4Ad,18,2.018961596920676,36.34130874457217,4.764685148220672e-05,9,9,362964.70033194113,0.9
15cFcWBMpfta2ZxRorjuC6hpruiitQJX6T,15,1.7024873676505112,25.537310514757667,5.8835434101176224e-05,3,12,530976.2130375715,0.23076923076923078
15giGXYkFcz4UPsR2hYQSQPokZXZq1VZVd,9,1.8784528325150092,16.906075492635082,0.00010392932462733193,2,7,650169.132719625,0.25
15gpf4mfHDRhwqb1aHVAMVipntkCf87MtN,21,2.315274047475242,48.62075499698008,0.00010816601074803608,6,15,292100.13539075,0.375
15gqDTdY6ZSF9P2kwGq13Cw378CzGNbehT,21,1.9724781401389542,41.42204094291804,0.00016887270373755278,8,13,371361.8828091,0.5714285714285714
15i5zV4rsh2kgNAMTHJFxDZxVCu7d9huux,26,1.5130623492780257,39.33962108122867,8.382441049516628e-05,9,17,307022.04363040003,0.5
15iYrnjKVphiMUacmXcGuQB1iUrAa3UTBD,17,1.0273518459926645,17.464981381875297,5.72880395390597e-05,5,12,282039.84377793747,0.38461538461538464
15jUxF2fquEsrbKTNfiyuWwsHoT1fHCJV2,16,2.310366360421818,36.965861766749086,7.815101195079e-05,6,10,441468.14340073336,0.5454545454545454
15jWr3Nea8mQfCHugEDu6GhxQzY7tPtsbo,1,0.4657044086736544,0.4657044086736544,1.4425988348012712e-05,1,0,0.0,1.0
15jYU2rxPMHzofHLpYz6SgFRP3FMPWos8D,23,1.7581464969129097,40.437369428996924,0.00010316482137183256,6,17,266735.46990127274,0.3333333333333333
15kJv8TTiDbcDum5mqC8J8tGzhc8imCL7C,1,0.5131323402177824,0.5131323402177824,0.0001290132074928,1,0,0.0,1.0
15oJ9a9a5hZhy7obrpivEELVzSCi5mWw7v,23,2.288311315596952,52.63116025872989,0.00014580082911492683,9,14,282309.30256713636,0.6
15ob364KzPcQgfY7Rtub1EbXDh2f2Ay1wb,21,1.8267748810065694,38.36227250113796,0.00010232948663595091,7,14,363211.68572859996,0.4666666666666667
15p5MxUGzvLnaCSaqRzNNBzp9MVNpvYGxC,14,2.2459036740679497,31.442651436951294,8.618946544790451e-05,5,9,542248.1468795384,0.5
15pvYnjYa2aWp7ocVgRb9py1BDc2TtmD4U,16,2.391041367263071,38.25666187620914,0.0001256515131937508,7,9,459992.69771886675,0.7
15q2mduJFiscEc6qAsGx7e8gJqQgZDwqfv,13,1.548994470917371,20.136928121925823,7.894994077054888e-05,3,10,551054.6087924166,0.2727272727272727
15qRE9PqLCAqLfQy19FUt6Axv2FRvAggPB,16,2.503872531133357,40.061960498133715,9.762985283042515e-05,8,8,465598.6073289334,0.8888888888888888
15rSobA9Hf1McpHx22p9FFL7ABnWGuTaqQ,21,2.5709868363041664,53.990723562387494,7.606486512651285e-05,8,13,356702.7375429,0.5714285714285714
15rZCYZb64Q72wxWGnHb9yb7NgiRqwZqJK,19,1.938885873597433,36.83883159835123,7.614337428001526e-05,7,12,405439.0604942778,0.5384615384615384
15s9ZDwtMKjncibs5tALNRaD3Ft2NZrbSn,20,3.377264004518292,67.54528009036584,8.06371831046591e-05,11,9,389150.44690347364,1.1
15siRXnG5BEAegMtYYLCLxYFGc6rD2ZxMC,17,2.4561928129694315,41.75527782048034,9.71157449154602e-05,3,14,453084.466274,0.2
15snrAMNsCRXu9xsHL3KbvE5xMkVqXQuB4,1,0.49608292487100025,0.49608292487100025,0.0001224511370908,1,0,0.0,1.0
15tXHucBrVonAQsYgevGEvbDE3seMMKVyH,22,2.3406727278591926,51.49480001290223,8.254118071614089e-05,6,16,316727.0636211905,0.35294117647058826
15teJETreUJy4AfoMEjYvxSdMHPMD31REd,14,1.2853206748476413,17.99448944786698,0.00014768307200886137,6,8,479405.93009476917,0.6666666666666666
15tsxoHEpZy2aA7Ao1bBgeQq6xuTDyuZfp,13,1.9003483988967689,24.704529185657996,0.00012897775564262246,2,11,606234.3311619166,0.16666666666666666
15vEF22quZz3FqKs8HdeaYGP5HURkPLv4d,17,1.5110604537441639,25.688027713650786,8.921059066180204e-05,6,11,455274.35433593753,0.5
15w5xZFjbDhUzJTqpbof4oLHWePCSBGR4Q,18,1.7810368608856832,32.0586634959423,9.68065533645263e-05,8,10,415204.74390594114,0.7272727272727273
15xDXjpddhKnWHo5ZEBrZrrx61PoCVR3Kg,1,0.10836633854132718,0.10836633854132718,0.0002401240688539,1,0,0.0,1.0
15yJDSDFDdcfQhhqH8kFosyUzZk8CG8agA,1,0.9283000361902052,0.9283000361902052,5.847837359232096e-05,1,0,0.0,1.0
15yJjCr5oZHW8KFcEv7ydGJMxFeors1y9p,19,2.9304279561021267,55.67813116594041,7.648061375825006e-05,6,13,390832.77752338885,0.42857142857142855
163AMUSM9UXnBd6DfhkZWoSEoAKAo5M8Wy,1,1.2044886617937698,1.2044886617937698,6.340639478277665e-06,0,1,0.0,0.0
163SVNz5cSp57EtYNwxhMeA4HFuqGf1GxR,1,0.1,0.1,0.0001110856919251,1,0,0.0,1.0
164nTFLK8bU8j7JfVVU8NAQy7PTDjN7Fy1,12,1.886804829757241,22.641657957086892,0.00011371800472998005,3,9,685275.5871189091,0.3
1656iceHBr8Lma2uEoZyDeRkuSQwz2uXxa,14,2.412108852259055,33.769523931626765,4.496420034961101e-05,4,10,535358.0641456923,0.36363636363636365
168zWHH8uofn6G5YPRuGqcFoU3QgfGo3em,21,1.377143358847356,28.92001053579448,7.857972832048971e-05,2,19,333390.6858095,0.1
169CyiTvJXuXGjzfxje9VQUT17MNBJBycE,23,3.823426114682417,87.93880063769559,0.0001112503971232454,12,11,286403.57187518175,1.0
169sk7KLG6mpbmmuWDGgQTj9ap8VDdrpik,22,2.09941238041042,46.18707236902924,9.535043491214682e-05,7,15,360018.20753799996,0.4375
16AddZrB63b5F5TZjWKE5FyTD3Cxu4LACd,11,2.31631573093852,25.479473040323718,0.00012792309581485838,1,10,638646.9763494,0.09090909090909091
16BEVoCXs8CPZP4KZZTqPXaCk6y5q4Szt1,15,1.9459965738281275,29.18994860742191,0.00013622334334803353,4,11,472893.94207507145,0.3333333333333333
16BVMSRo1fw7sbjaYizGKmZdz8Sa6Zimzn,1,0.6216674353690775,0.6216674353690775,3.17271717254859e-06,0,1,0.0,0.0
16BbmuEFgdzmZU4StrxPCRBrr9qVMUQUeW,22,2.578917257072412,56.73617965559306,0.0001103340571913195,5,17,310538.7004444762,0.2777777777777778
16CrSEo9ZkhCHfjsXXU2brziSGAkxBna9k,21,2.1669876175150224,45.50673996781547,0.00010785627171302758,9,12,380167.19270725,0.6923076923076923
16DBRkR3k3BAgqNLJXAnvnHYSVZJijvbNr,15,1.4391249470921181,21.586874206381772,0.00011853721143588744,3,12,417812.6452668571,0.23076923076923078
16Ffzsc3YPBzHPzn8Wq8uY1aYt12DnNszS,17,1.6200594077753454,27.54100993218087,9.75255157154601e-05,4,13,445707.9906826875,0.2857142857142857
16G5qhrooxidAd8yrt1jZk6CwcPTgC8gn5,16,2.3403590326173442,37.44574452187751,0.00011982506037484298,5,11,382658.91336226667,0.4166666666666667
16HXd6BbCqr7z69U5W53ZPq1VhU5kSVezj,16,3.2266334481394496,51.626135170231194,9.677792341846031e-05,5,11,468609.19363686664,0.4166666666666667
16HjJyHGvGDcXc8YPtPAFq95pcS6mK8mty,16,1.171417284783782,18.742676556540513,7.14997329970159e-05,3,13,478458.1273851333,0.21428571428571427
16KD5aGTX7Hu764W9YeE9GaA8LdvtvBGuR,1,2.137541319522656,2.137541319522656,0.0001097228254914,1,0,0.0,1.0
16KGfeyt2RRxcpRVHDXvMTAT8vs9GvZDyc,1,5.0,5.0,0.0001175441504445,1,0,0.0,1.0
16Lehsi5qWUpYAxNB99YKgTD89NMryFiXH,16,1.9219656732014259,30.751450771222814,0.0001025490302702214,6,10,488223.22295419994,0.5454545454545454
16MqQUQU6UoYQVbCNE5A5GHoVoVED4Z4d9,18,2.3487274695973883,42.27709445275299,7.261429982190859e-05,6,12,420207.3128635882,0.46153846153846156
16MtwsDtizyptQSm5y4bVbQPAH8mZ8yfFm,2,0.9996377747904691,1.9992755495809382,9.012696788824432e-05,1,1,32634.132953,0.5
16N6ANM3VmxQGzC5aGGbn9qXqWFToSHKyx,13,2.5394790432604424,33.01322756238575,0.00016361642843016531,6,7,560389.2468553333,0.75
16Q65e7UrC3HKmupo3vJr1dWuqjsD8N9Fw,2,24.09926862684345,48.1985372536869,7.84989105509598e-05,1,1,869.461675,0.5
16QHtuhH6JEFvLo72ECGW5mtbUVwGQ6JqK,2,0.9996143726815793,1.9992287453631585,4.857280768251246e-05,1,1,32335.86651,0.5
16QSicUL4PWUnMCAyxWgqTTmDfk6Ac94wN,19,1.9088550746833015,36.26824641898273,9.3460697389314e-05,7,12,335917.96297650004,0.5384615384615384
16Qsih5edf48m72z148dmWqXHgvZgpLTNw,25,3.017096551815938,75.42741379539845,7.6540290394866e-05,7,18,306720.61760025,0.3684210526315789
16RYyrPVcHdP2wjbVgDnPa36qTNvrJkDcF,23,2.9303931903491587,67.39904337803065,9.184713073846513e-05,6,17,312406.33531222725,0.3333333333333333
16S27HFiiVyBLeZYAGUg6dXvWfd7V4q9Ac,13,1.9978584213764554,25.97215947789392,7.466094980448575e-05,6,7,529044.0385235,0.75
16TCzhEEuPPH6BXX7WxcUKrL31abNr23pa,12,4.990685816209993,59.888229794519916,8.831705161039775e-05,3,9,637282.3998994546,0.3
16TXwWFhpuAZsjQjZkMqeW7fLNjB8jT9Cj,17,2.2648999577935847,38.503299282490936,9.294014931428243e-05,8,9,405439.6426018125,0.8
16TZ8rU4jhPXkghfRNodXCy1PYWGDU4jSJ,19,1.7184854420592237,32.65122339912525,7.9686422889217e-05,6,13,389299.50283116667,0.42857142857142855
16VRez5k95aCXMgP6NLXyKn8YUrJaNmgxC,10,0.7294269635508046,7.294269635508046,8.79655617500062e-05,3,7,707162.4967955555,0.375
16Vccf9oCrSX4XhR6JecR4VQ4px1kNtjvM,14,2.185158439511404,30.592218153159656,9.065589402210593e-05,0,14,504307.2167494616,0.0
16VpEuRfmsw1fxqc2mprQYzQuwdktDA5sr,24,1.894046522800138,45.45711654720331,8.962795161838023e-05,6,18,307929.7348336087,0.3157894736842105
16Vw3iiXC8Q71QdnuUkvWuXWYQgvaWQjbD,12,2.7768899826878735,33.32267979225448,8.986547800680048e-05,4,8,615675.8784298182,0.4444444444444444
16XBaf8F2bPQUFfrf739D8v5E32vPdMYc4,20,1.4556289079638964,29.112578159277927,0.00010724888793391902,9,11,387184.10242436844,0.75
16XoQhpUx3mJqM42n3uThCUwuFhnQEyNtD,14,1.7854605912979165,24.99644827817083,7.280196553463533e-05,6,8,485267.35504992306,0.6666666666666666
16ajMyn7Ab8qFMoeFZfefyu3rcAy5Uebq8,1,0.09176998970050082,0.09176998970050082,0.0001841458005634,1,0,0.0,1.0
16cW879sEZsjXAumcHfLFAVy3pPnT874LP,13,1.9690562111442667,25.597730744875467,0.00012740873777100179,3,10,441861.6751981667,0.2727272727272727
16dkhircvUNpvk7eB6sjdkiwxermxZukpR,17,3.30145497779428,56.12473462250276,0.00010579563852431724,5,12,436072.94584493747,0.38461538461538464
16e1U9eJJuwp97yL9jJPEgqRzgEN4Kqu5B,13,2.6397112816239487,34.316246661111336,0.00012689232376540902,4,9,505286.77830741665,0.4
16eaNWQdGJ3H3sK4eeXBbuydKiHRqHvDeZ,21,2.6479409165943646,55.60675924848166,0.00010607023274479657,8,13,333404.4097766,0.5714285714285714
16ev7HurMEdi3bVtNQPaGSpSWeLmAENV7D,17,1.9389148823252778,32.96155299952972,0.00013862312160579294,3,14,474713.9754870625,0.2
16fV2AAgjgNRWyidg7yj2HCJ5T2MkvyxXX,11,0.9370045786854444,10.307050365539888,0.00010490541903632578,2,9,725038.2337297,0.2
16foVejJWcTzfF1udAsUx37oU2urFP27d5,18,2.082072225059554,37.47730005107197,7.317241788284757e-05,5,13,383676.36944511766,0.35714285714285715
16iiUtoKN5bqvj8zVWDEdWDstH3bJCgAeC,13,1.250979020613619,16.26272726797705,6.380655089928785e-05,6,7,491377.8829966667,0.75
16juEYHEiQfEx2EPKFn7PS9EChRepi1fuw,25,1.5156951902997409,37.89237975749352,0.00010657000109015541,7,18,269780.85922562506,0.3684210526315789
16mUWTw9Qszofw7gAAuqheXuE7qjW4bTp3,15,2.5697973502011333,38.546960253017,9.801385039989408e-05,8,7,410597.3795044286,1.0
16mymBoWuRtusjAS7hsJCpGe7wfHGnyMBZ,2,9.896732059365132,19.793464118730263,3.78868071161992e-05,1,1,955.394845,0.5
16nnufmKKA3te159XgEHDdx715VRF51kpX,20,1.429099729426253,28.581994588525063,0.00012863818883352427,7,13,363246.7270578948,0.5
16oiipoASAa4Vj73nxJqBx7J12dqJbSAa1,22,2.6358683187719776,57.989103012983506,0.00011182876877129981,10,12,330262.2935675238,0.7692307692307693
16pWSSCEDgJDAuULyFNK6ZFn2j9GjXZuto,26,1.7595703305538004,45.74882859439881,0.00010199572146127239,10,16,246771.43374415996,0.5882352941176471
16qTiGtF1GV4eCYUBJPGSq7x6KMm8qYTeC,27,2.0929629680390476,56.510000137054284,7.870191944356904e-05,4,23,263866.07479807694,0.16666666666666666
16qeLfznVQHWktAdSeKGy2s1zbadFtnAVX,17,1.5656624662890912,26.61626192691455,0.00013418993912536585,7,10,407042.71834287496,0.6363636363636364
16rifUVHotXK6QF4M9mJot71z7hYSSXRFu,14,1.9499507266549216,27.2993101731689,9.802991121412064e-05,4,10,578701.5213126154,0.36363636363636365
16sWwq4P9i9otL8VgwzHCgByExHrEe5b3w,13,4.19637765554728,54.55290952211464,6.300811756413481e-05,3,10,529596.5086276667,0.2727272727272727
16u1pz6ieqUCC2MoA4tRJyPyAx8Sau3vxi,14,1.0477294154792713,14.668211816709798,0.0001084474679441501,3,11,537783.9175603847,0.25
16uE8sy18nxxzECB5hmfCARQ7oaiHmEhW3,15,4.078322772669029,61.174841590035435,9.976036230625618e-05,8,7,526178.1494460715,1.0
16unxgDLjbDoKPXQ5BaLRntLarwJWvY6Cx,23,2.5237421329144887,58.04606905703324,0.0001158066160347129,8,15,336488.4372692727,0.5
16v4BbRphCZP1JPXJsvvUcBi7pHFvVUVqs,22,1.9199293464574843,42.23844562206465,0.00012123851434562988,12,10,348744.86734700005,1.0909090909090908
16vFR9wm8r4a4DwATZEKG9fkiM1SkHsQhc,1,0.09913435581924275,0.09913435581924275,0.0002177856472933,0,1,0.0,0.0
16vNmsLazZSnUWN2taaBuqLZAotkwXBpWp,1,0.0960374549719364,0.0960374549719364,1.958094588395332e-05,0,1,0.0,0.0
16vqFfpZN8fCmHWdeUmdzBtqExD1fmiDP5,16,2.523547350125643,40.37675760201029,8.174352687395403e-05,5,11,483969.8957246001,0.4166666666666667
16w6eLQTbBcrtZxP46fScnDeHmwJ5EWABK,21,2.407365394771067,50.554673290192405,0.0001051927623744491,7,14,356950.7468022,0.4666666666666667
16wZtqD4gq8f3UFFMs1V7xno4P3wfDfU5R,10,1.5690104439966202,15.690104439966202,4.528098475628869e-05,5,5,672641.8851214445,0.8333333333333334
16wdUnTUrEimS5WMkhjRQuumKgGzA35UsR,20,1.7347821886922525,34.69564377384505,0.00011950827829910638,4,16,303128.75498421054,0.23529411764705882
16x9AP9zdKa6t5LCwYQtVsmRVS941wQrhF,9,1.8274545056595264,16.447090550935737,9.877965800013274e-05,3,6,622897.72498925,0.42857142857142855
16xabLqYvZusdAw8FeNSwnqPzLGuBVvsom,20,1.3939354061865854,27.87870812373171,7.533273188649252e-05,5,15,403481.180909,0.3125
16xhr7XSnjJxisHpqW2xMRd4w2vnsT2t8f,11,2.6766550292485394,29.443205321733934,5.503350675477268e-05,3,8,765490.7783827002,0.3333333333333333
16xvEq6cMCXvGiXyUA8J4bDJZ23AvE1bJy,23,2.4840158191720634,57.13236384095746,9.843156734708012e-05,10,13,341910.3186142727,0.7142857142857143
16y6b1Wd7Z5hiqBbEZXsDU8odybZbAxFUk,24,1.7871352209068545,42.891245301764506,0.00010151907342850805,10,14,320960.0927458696,0.6666666666666666
171QwnG4uN14jYoFxRagTbBGozYCrRKSq,23,2.0550412008070396,47.26594761856191,0.00010040841159994426,9,14,323193.3722435455,0.6
171wzJmjEe1oWk8TnycDxMeGjRxELuxj23,23,2.0239864704326194,46.55168881995025,0.00010610441093600644,3,20,339858.3586651364,0.14285714285714285
172kT9LWTzPso9NMoDAjPfqn7z5Qd3NyiQ,1,22.94701443969621,22.94701443969621,5.930046616074785e-05,0,1,0.0,0.0
172xhWUcfBsZiTz7JwgLjbxky94vKBaVXm,17,3.1716609058911645,53.9182354001498,0.0001026155123916783,7,10,454524.434509375,0.6363636363636364
173XbS5WrESJd78dAwJ14iqt5acUH1j4fD,23,2.011029213403627,46.25367190828342,8.542671520383326e-05,7,16,298108.7610174091,0.4117647058823529
174GZ5KHL7PVmnLNTkE4qzUiHMdw2BDDX4,23,2.205524297327456,50.727058838531484,0.00011795909215929624,9,14,265695.91471677274,0.6
174RgoNjkUFuH4jJF7YkWzk8AwihuWp574,1,4.99999101384299,4.99999101384299,8.986157009989466e-06,0,1,0.0,0.0
174iHbcyEC4P9EaARukRh5tw3Eq9AjD9Ds,1,0.30947442014249005,0.30947442014249005,1.4424857604671446e-05,0,1,0.0,0.0
174wZZL1Kdzc4aAJ5bah3xo29Es6dAt4w9,17,1.1515062601358537,19.575606422309512,0.00014147219928385698,4,13,466015.8294600625,0.2857142857142857
175XY2UEVZT2rvZCJnegyyt8kFjw37ABsk,13,0.8919272709892353,11.595054522860059,6.577677248229412e-05,2,11,583643.0614635001,0.16666666666666666
175saHgEMPieSYzcooLhBuiHeuhbo4tewE,16,1.4380781348269802,23.009250157231683,8.44993981949061e-05,7,9,423120.2408716667,0.7
176S93fBzJBhakpVDiEdg8FFKQ3zXGKtkV,14,2.4613784298531107,34.45929801794355,9.270409781092039e-05,5,9,516041.7976183077,0.5
176eZ9otk4nhj4wi4FNEfj87Kty2yGzxZV,1,0.21018430334012697,0.21018430334012697,0.0001740661267481,0,1,0.0,0.0
17ABacHc2rTuhAMHffaK5TdkcLhKJgiWDN,24,2.108770350717767,50.61048841722641,9.186109697387376e-05,8,16,310452.54925169563,0.47058823529411764
17Afmztz4FohsWhU3NusBfdHoWcNvTq5ev,18,2.3269324324938006,41.88478378488841,0.00015868137773301683,5,13,421820.983208,0.35714285714285715
17AgeFPqFBqQJqTq9G62NC9kHyutp1p2XB,17,2.373761765855531,40.35395001954403,0.00013349590336304834,8,9,427561.81418600003,0.8
17BVrwWNjkzT3xf8VDzoRkAF2Czk8txnR5,26,1.799690944384316,46.791964553992216,8.640974555831953e-05,7,19,308063.8213312,0.35
17BxTaJFStLFxFqptwGAhqcBgqv2YnuY9g,1,5.0,5.0,0.0001458818210331,1,0,0.0,1.0
17DXs6HkT2uxggTsMHLu8eKK5huFEPLRnL,15,1.4310452573961856,21.465678860942784,0.00011198842070048049,2,13,542002.272644357,0.14285714285714285
17Ei1DpgvVfWDwgSJd88Q5PhLnXswJ65Yq,23,1.6549968168655413,38.06492678790745,8.776360440350879e-05,6,17,307289.5241326819,0.3333333333333333
17GQM9wPZhhyNr1KSBita6FBvdmyQ534qe,2,0.9999685690065202,1.9999371380130404,6.113867314554878e-05,1,1,22640.628877,0.5
17GWWsznPWE72ZE9NnRWj4aBNN7Fni8PaM,21,1.4640200577157811,30.744421212031405,0.00011598953488474223,6,15,339119.3178387,0.375
17JHLHxsj9crRJZT8UbzTFTr5YPNSzmyDa,16,2.3206486345647623,37.1303781530362,9.947377633016073e-05,5,11,473945.72363520006,0.4166666666666667
17Jbs2Rz9vy6pcfgcUdN5APPzQgEXQKdVg,18,2.0539634043589583,36.97134127846125,0.00012497475610287207,6,12,401517.1706121177,0.46153846153846156
17JrYxQNdkcjwcP6te4UTdJZFcHftFgVZt,19,2.1805322045911284,41.43011188723144,0.00011813999343959758,6,13,411958.9828075556,0.42857142857142855
17KfYv9bdSF63xGbtDzgsL6BqkSkeVzoj6,22,1.6463770331627912,36.220294729581404,0.00013648199666957525,9,13,363480.3214031428,0.6428571428571429
17KpY8Xb79TAr7xN3idzr2htjVLsUKLxnj,2,0.0999565393315517,0.1999130786631034,8.878871125940489e-05,1,1,21856.580298,0.5
17L1Kjc1cZcLLndBvdKXc9kHwHDf31z5eM,16,2.6369524843676375,42.1912397498822,9.850386397156342e-05,6,10,461933.1320689333,0.5454545454545454
17LbAAUk87K4QEXCfHYFeNKj2Q4s4LVkdy,14,2.783749146603236,38.97248805244531,0.00011634400035391453,6,8,502254.92700638465,0.6666666666666666
17Lc11rgKhZNpq4dGC3MwUaXrd2sqswuuy,17,3.0326844949405167,51.555636413988786,9.62034276641143e-05,7,10,405151.7247279375,0.6363636363636364
17MBooSPWAAJS1QFBXCFWG3E96Mk3XD6L9,1,2.183674450187907,2.183674450187907,3.32900074862016e-05,1,0,0.0,1.0
17N1ZZGjRNU43zVJtRsSpeakQrMHohPGdp,14,2.530398371311862,35.42557719836607,0.00010292368370939414,5,9,449812.27165376925,0.5
17PCxGKoQSNNhE6KtMXEGMDqDtK7vdvWjW,16,2.414350060613779,38.629600969820466,7.620424309946157e-05,7,9,466648.36287786666,0.7
17SMvHuzcYvq9p9J2FuvMZ9dirrEbRHkiP,20,1.5976479632639258,31.952959265278515,0.00011188258450588816,6,14,380563.98141931585,0.4
17TCF8jUpCwycdZsGhCeUHcALZf2maE5qU,12,1.3488218484383896,16.185862181260674,9.21246899331493e-05,3,9,439916.67684772727,0.3
17TUhq8gSXWx8m9VaSrYxUV62XfZsxyVUV,23,2.240318912675801,51.52733499154342,9.227772433855653e-05,11,12,328359.04410363635,0.8461538461538461
17UeFnAsd3kgpvQkxgYh2shFzjYsmxzM2n,17,1.5372513397195353,26.1332727752321,8.11203038506043e-05,4,13,455328.8797996875,0.2857142857142857
17WWhuRzrkKecjnW4AdgbNjnQt7kYEsuYA,20,3.7703232806599827,75.40646561319966,0.00012498875868129195,6,14,374271.9615455263,0.4
17XLmJhoSTTVDSZHVBPJiyMDfB9eSsXbYu,24,2.1241304647069503,50.97913115296681,0.00012028924812308648,8,16,330341.6340414783,0.47058823529411764
17XZRUXzPLeokCrivCGYne5ScSBBM1pJBF,18,1.7529800350382478,31.55364063068846,9.421065576841366e-05,8,10,440890.1926320588,0.7272727272727273
17ZN7cEgEVYzDipdCsvyA8N1dDgTmQSbEu,21,1.8985776294155206,39.87013021772593,0.00011623615318083544,8,13,375243.8935048,0.5714285714285714
17bbrc1qz8TQrsUQda5z5hvWJDcyQdPN2F,1,1.0787910331105277,1.0787910331105277,4.423047152964225e-05,1,0,0.0,1.0
17cQA7ic6PthrFyehsaDcrhJM15bABn51K,19,1.601028937708383,30.419549816459277,6.977137681927411e-05,8,11,393194.0665219445,0.6666666666666666
17ef4UvuKWKRbewbqA7tQbB1phLttkM6xw,1,0.3816248981909001,0.3816248981909001,0.000135381230284,0,1,0.0,0.0
17faaRMLwHJQiX1kdFmxRJoQ3z1zoXrTMc,19,1.7742481702894757,33.71071523550004,7.051431745337062e-05,4,15,374150.4835748889,0.25
17fheLPjC7LruB1YKEvi1xAtCgkJtewsWQ,19,1.5314062937274695,29.09671958082192,8.148149677875596e-05,6,13,339407.58745672216,0.42857142857142855
17gWVuwTYfS7wEdrUpmUNyhbECqGBTtNQZ,20,1.902478264236277,38.04956528472554,0.00010713307142484928,11,9,384067.36645321053,1.1
17juSFQBZkkpxceKfVQ9d4eh2L3W8qnQf,20,2.3415182859160346,46.83036571832069,8.583580042730389e-05,7,13,406242.9984372632,0.5
17nQY2Dwx574VvbYyNmoPSvGcHE7GPEppf,12,3.4388813053155256,41.266575663786305,8.673568052226354e-05,3,9,535531.4152144545,0.3
17nqUjSBqpgHv62pUCk1Dn9fMx8Xpmeurv,14,2.6418982548276113,36.986575567586556,9.931765850693728e-05,3,11,512676.7966481539,0.25
17o8Ue6iqoNrmyrYUzLuzMC28niRpM41M4,2,18.41836068224859,36.83672136449718,4.0353445682748266e-05,1,1,721.130103,0.5
17oNWzQm7b5J6N445RXBdfVmYyLhjLcVLx,1,1.9774271008854316,1.9774271008854316,0.0002549018384538,1,0,0.0,1.0
17ovnfWuLwwb18RGGNY7Su7tKX9hVw6Kpp,23,2.614484187207029,60.13313630576167,0.00010358161092422962,3,20,329523.0114028182,0.14285714285714285
17ptaHSLVMTqfpzb8JSrhwevLGye4cUyxV,2,0.9994384941769331,1.9988769883538662,0.00015973963701088802,1,1,11917.97872,0.5
17qB4uGHCz54DZBqBBuSY35cckUDRJoPwc,1,1.9848423981311418,1.9848423981311418,9.633541663695691e-05,1,0,0.0,1.0
17rVjL3p7aDsj4KhTkkjuRzzEY2oNuJden,18,1.6549135321076838,29.788443577938306,7.756585652744144e-05,10,8,398095.6656408824,1.1111111111111112
17sfX8WNFpYa7JLjdRPvsV1bFc5kMKZ54G,15,2.0875147232224625,31.312720848336937,9.449482049205454e-05,6,9,525129.6002348571,0.6
17tthvi4afdn4oMVtBffycapU4w1fUb2PF,18,1.8140107901465423,32.65219422263776,6.942496824141833e-05,6,12,383315.6866175294,0.46153846153846156
17uegZdmGAVyRbaRH9S5xjnjobnvuhLVX9,19,2.092661769967952,39.76057362939109,0.00018205181867133417,5,14,405840.41243100003,0.3333333333333333
17uhTQhg3rrqFHPJWXtjwLF4YF3ErnAXyx,24,1.7689894826035208,42.4557475824845,0.00011706364944962375,4,20,320986.193119,0.19047619047619047
17v63HgY6M1oaKFk8He3R76cq54PidL1Ta,25,2.9404250350791483,73.51062587697871,6.0739721288761414e-05,8,17,300996.400601,0.4444444444444444
17wK1cJPqXXUS5W69GoPWpf7rREY3ejay7,21,2.5165570091713407,52.847697192598154,0.00010534542052072113,6,15,324235.3784197,0.375
17xeXwdcBTyACrqcD7mu4LcU38KCu9yE11,26,1.792313406386002,46.600148566036054,7.567459233145215e-05,9,17,299023.30683236,0.5
17xfZMCLEtyu7S5RDenvs43wVHi2XTCMLz,18,1.8008495235138042,32.415291423248476,9.448021620066152e-05,5,13,393088.1831567059,0.35714285714285715
17xfm18rYBJHY4v3BrdjUMX2UUYgBGZyM3,19,2.1836178558055477,41.48873926030541,0.00011533568251477182,7,12,392593.46812694444,0.5384615384615384
17zMmAkmxLRAJs2Sn3CooYchXFNu9VhCut,19,2.0425267197115686,38.80800767451981,9.613577282002518e-05,5,14,418199.05764300004,0.3333333333333333
181NjXNMEcVNZjeNvgtkxgTKjHPhCFvsDM,1,0.4965873372011559,0.4965873372011559,1.96582250160528e-05,1,0,0.0,1.0
181wJD3BF3eqJfHEKSYghDCWKdVKFbFdf8,1,4.99960982283926,4.99960982283926,0.0001752726657487,0,1,0.0,0.0
1826STvPbgxJ9uLSDySXp2sfWcdXUgjgu8,2,0.0998414962558438,0.1996829925116876,4.429467125446506e-05,1,1,27544.373931,0.5
182ZroSUpmxixirEzTtEYxyjJAPPiT8nbN,22,2.020983670905347,44.461640759917636,8.253208745950324e-05,7,15,360509.85781747615,0.4375
182dzBHwFqKezL91j3TFBQcsHBLEgZNhaY,10,4.275491243454113,42.754912434541126,0.00012673285357335957,4,6,666757.4695891112,0.5714285714285714
183g8Jd4wfxUZMoUeLwLuQiZDzqPZVch6R,1,0.5363829999871454,0.5363829999871454,9.278695813691174e-06,1,0,0.0,1.0
185b6ywFePh4B8XrnNyQxvb8yEZbJauz3M,22,1.913128674222351,42.08883083289172,0.00010859966630340115,10,12,341246.0138111429,0.7692307692307693
185e127utq5pqQFDAfH7pc7sNFzb3SBRjD,27,1.5835086542533063,42.75473366483927,0.00010660930895842999,6,21,274070.6954793847,0.2727272727272727
185kcwpaWuzYT6zwoJG4AYAiGCg2wThLtg,14,2.549719135310268,35.69606789434375,0.00010548925083869041,6,8,421758.9215102308,0.6666666666666666
186SkzYuY7UpsV3SbKAcMysaAngKxtwbPt,21,1.7319797624252398,36.37157501093004,8.311940777292755e-05,8,13,307645.18757129996,0.5714285714285714
187Ae6Pbpi93Vn2tHXLY6sQ1y8az7uqhX8,1,0.1007880757748499,0.1007880757748499,0.0002503826781768,1,0,0.0,1.0
187XSWrzjviXNcd5avQPYHBWvRgU5wqEGb,16,1.4026400532780117,22.442240852448187,8.612699426794046e-05,6,10,408375.34281366674,0.5454545454545454
188MGTjLAeZnXm42UnBhxxdWVoZLR8F4UT,21,1.7226880206011221,36.176448432623566,7.938186624406311e-05,8,13,359134.5839772,0.5714285714285714
189n8kP2r1Fe6VeGba3GisXMe3Bf492Rrj,15,2.1277634307306825,31.916451460960236,6.623857315741018e-05,3,12,420905.4806796429,0.23076923076923078
18B4ewnfcZzLe6GMkG7984ycFXQiAPtK74,16,1.5830446142052708,25.328713827284332,9.381433571194887e-05,4,12,423545.5676341334,0.3076923076923077
18CPn7mWAeZxMtn525KPRyzQ4A9D34WCXm,20,1.5989277324389595,31.978554648779188,6.931402263294507e-05,7,13,390708.7380326316,0.5
18CwWZhfekpUVyX1LzkcPUhFqYLHbgLKQc,13,1.2473089723924,16.2150166411012,8.889127867815298e-05,3,10,545341.132377,0.2727272727272727
18Cz13FgmRkHEudAP6PADbQFwEFeUxTofq,19,1.677681847004086,31.875955093077632,9.758432934823856e-05,7,12,389551.0190226666,0.5384615384615384
18D3i7xrLoBF4mPZjYKH7R1uKhqo9dGhyd,18,2.730201715047434,49.143630870853805,0.00012080721242749374,7,11,403111.8064962353,0.5833333333333334
18DebUUHmEWccQSdG5hFfubwgTRyE41EEQ,1,0.10849855860460561,0.10849855860460561,4.621354655655245e-05,1,0,0.0,1.0
18EEBf48zRsiMb5kBPkLJpG8kaRmv9WX4u,21,1.6813349714560615,35.30803440057729,0.00011447983856457759,8,13,300513.80279075,0.5714285714285714
18EVravRv4XJgyMzytb1Tbsz5MswF8vi7t,1,5.0,5.0,2.440517689800199e-05,1,0,0.0,1.0
18FzYzLfP5ryigCXD5xcRp1sMFShyDGDVq,18,1.973891695339143,35.53005051610457,0.00013943598574132747,6,12,450903.3606046471,0.46153846153846156
18GPhxDPmKogXHyKhuQVdVMTbJ3EcAkr6i,2,0.999784001610436,1.999568003220872,7.373505770496706e-05,1,1,11970.450153,0.5
18GZ9eGSEaFxg8b7LrbA3fzCsRAEy9ZtaB,1,0.6055114882094308,0.6055114882094308,4.3913912608722334e-05,0,1,0.0,0.0
18JtmFbeZs71CtQFNJg65E2oyFgfDAzXqB,22,1.881225665633812,41.38696464394386,0.00011961820317307014,9,13,356485.52008933335,0.6428571428571429
18KX3zdjY5Wvc9SpQYLx9FLFHs1pndNr3F,20,1.887227299860769,37.74454599721538,8.581708685501349e-05,6,14,351223.2034664211,0.4
18M7D28ZoRHi8teVZXUaXyCv2ycDxGat7s,15,2.6587233201723914,39.88084980258587,9.235739513314278e-05,4,11,469723.52772435715,0.3333333333333333
18MdyET68cVUf2ri8K4nSgCjT9DuKD1Tr,19,2.769478802085309,52.620097239620875,9.113985758939066e-05,10,9,387427.6689735,1.0
18P8Wfuc8phsHn9xAeetc5f2az31YHVwpJ,26,1.3736769375241211,35.71560037562715,0.00011387606590539294,4,22,280378.52803896,0.17391304347826086
18PyqDEj17yLW5aVLdo1qzEAvnLoetaat8,17,2.078623252160537,35.33659528672913,0.00010128620676678038,4,13,452219.9054564375,0.2857142857142857
18RTB3tcKRnP6FeGZ1Wu4w9dEBXh8XDJg1,10,2.4668219548623145,24.668219548623146,0.000154772269716309,5,5,637143.1292894444,0.8333333333333334
18SSZ3EMpiVCCj2RjpcnZHy6p1qrbEUuBD,21,2.3131304641423864,48.575739746990116,8.452766290569227e-05,6,15,363639.54582765,0.375
18ShTJ31DUUgMkzxi551vkao9QacMbkFfb,15,2.03044265871403,30.456639880710448,6.291096963156618e-05,8,7,516723.39361464285,1.0
18Sv1wi1dAkZ8HkkXWbvWRsUmgEC2Wrmzk,1,0.3341322475160693,0.3341322475160693,0.0001579495475499,0,1,0.0,0.0
18SvcvGoFg5ToQLvAFVVhFY4vT1HAyBkoJ,11,1.475519987052804,16.230719857580844,5.212437028369944e-05,3,8,758987.2913460999,0.3333333333333333
18TBtJPT5Yz7aaAUUFWDLR69GEMdYAX6i2,17,1.8882643598051496,32.10049411668754,9.065396977021017e-05,7,10,443333.6481645625,0.6363636363636364
18TnyezLGHBsejPgWDyU2pvNF7geJwkgMW,27,1.9927286364381525,53.803673183830114,0.00012347455644934284,6,21,292711.17483592307,0.2727272727272727
18W55j8QYGGkuAx3J1Ayq1CG1ymfXKcHWf,15,2.5170186743421,37.755280115131505,4.7701042097669564e-05,4,11,439360.0812522857,0.3333333333333333
18XLwPXNcEX5RufpRXEe29dUCXAyykVkX1,24,3.178794603860601,76.29107049265443,7.905647298229628e-05,11,13,304212.7291748261,0.7857142857142857
18Y3Jm96E119yQqq7Vz8xTYY3s1umw3gKn,1,1.034485408875486,1.034485408875486,2.962980960348658e-06,0,1,0.0,0.0
18ZAtjh534xDv8BEfFjrJGktYiufQgBSAV,7,2.5032441286601625,17.522708900621137,0.0001113986837715379,1,6,1164538.6008618332,0.14285714285714285
18ZQW879DYBnABjePp6FfcjWBNPB955mM7,19,1.1610219761118343,22.059417546124852,9.253800312019518e-05,1,18,357484.6938745,0.05263157894736842
18d3bKxUJp8UaJPZtMBe4c5ap2UzvUewXr,14,2.1805367829058717,30.527514960682204,0.00010245032366722044,5,9,582436.3297451538,0.5
18dC8yGhkNZAKEnSu7tNGeZN2xHUkVAXh8,18,1.9403357346657744,34.92604322398394,8.39573181511174e-05,3,15,383267.91537823534,0.1875
18eEPgGYCCbSoZRmYy6mEp3411iRXxuE1b,1,1.1032342386615481,1.1032342386615481,0.0001436505271428,0,1,0.0,0.0
18fWeVZ8RJJ5RbHih2sWgc19aHCFircKEW,20,3.135247173888645,62.7049434777729,4.8613927121120195e-05,4,16,336742.1360483158,0.23529411764705882
18fa278Ypit7ZHad1GxDaWEbSshbCWiDRg,15,2.2586292442909013,33.87943866436352,0.00011924487653433762,6,9,486324.0145100714,0.6
18gfr4jZTirdPpKjuYSbnhtcz3MKX5XRtn,23,1.5746898301659702,36.217866093817314,7.417774879779298e-05,9,14,323052.26278286363,0.6
18gieSea977oJCaZ5QwtW5gzzx6beHZC2K,22,4.008450242828361,88.18590534222395,0.00010030707643883698,9,13,322536.54583685717,0.6428571428571429
18h1AffpVMhNkdE3hNx1qWxjh91B8ejrkv,15,1.9361748385871482,29.042622578807222,0.00013995474302901277,6,9,464370.6501932143,0.6
18iW2TcZhqxqXUdRd3tZm7Eihv7Rz9Dvp8,20,1.8222677476414337,36.44535495282867,0.00012929075654851712,10,10,403189.6351687895,0.9090909090909091
18ikRtwV22SfN9mMsfbug7X4FQcakQYRtm,1,0.24621628473641724,0.24621628473641724,4.943425494278272e-06,1,0,0.0,1.0
18inUm3ScCxy4UFdrkNz5qGhPhkhbqSKj4,17,2.115341514524736,35.960805746920514,0.0001047019436889931,4,13,421977.233558125,0.2857142857142857
18jJN9ticwUNEgkH8jczMoLB14BVnqkF1q,1,0.27496290545197943,0.27496290545197943,8.787567175862073e-05,0,1,0.0,0.0
18k1UzLeSkqbawJN9Aoy9DizucnVt58af3,18,2.5154425062584753,45.27796511265255,9.625011503061253e-05,8,10,376169.36279782356,0.7272727272727273
18kaauGFfo32okGjhoDJyuXLxxh3vEXFyF,2,4.04784533036799,8.09569066073598,9.182476384177386e-05,1,1,399.688654,0.5
18kjGzHty7Ua2wsBpz26MQpX41igspnG6z,16,1.2444261698714831,19.91081871794373,6.972205974747355e-05,4,12,495120.0185504666,0.3076923076923077
18kyBRDUVSifteTLkGnL4zVHm4ZNGZSSwk,16,1.6245210397715568,25.99233663634491,0.00010908641241718061,4,12,372503.1992798,0.3076923076923077
18mQ9EgSPVaPeWAfUYhR9bWPXYRxAeQbF6,20,2.515258227350473,50.305164547009454,0.0001464637277083323,7,13,332087.54998815793,0.5
18nN5EcgHoBNxBi7UMeccDLdtLFBSrbvQN,16,1.81453998924315,29.0326398278904,0.00011458220450596617,2,14,487299.87988406676,0.13333333333333333
18ndHWYv6wDLSjrvcdui9nUgZpBQgdstaz,20,1.9690714435770207,39.381428871540415,8.111042599977352e-05,5,15,358594.02994084207,0.3125
18pKZdNW6ZvoV6DdfiE5Jb9K7vypN5H2wa,19,3.0301950864392206,57.57370664234519,7.489012959031843e-05,6,13,407533.169208,0.42857142857142855
18pgErckPsSdCmyaDpfC899CRTY5SbVwWV,15,1.6788887307185512,25.183330960778267,0.00016235672266502464,3,12,491247.3874790001,0.23076923076923078
18pkBf3SxZvU8x7vNRmBWiYZ5f4VK4xspu,1,1.439678769766028,1.439678769766028,1.028540550934245e-05,0,1,0.0,0.0
18ptokswURoT7SYMpxm4rFRRD2dzRZiLGV,20,2.23179688673149,44.6359377346298,7.718618472595631e-05,7,13,356888.095974,0.5
18qEtQUkkndGEE82Q5ArF1Aj3oYHt32PGS,24,2.1040853587589177,50.49804861021402,0.00012328845942276515,8,16,298991.7684855652,0.47058823529411764
18rkuiG2khAVN8LTdLB6eHmEzkG9awkWCA,30,2.341507483102114,70.24522449306342,0.00010570931334503757,7,23,262086.94440037935,0.2916666666666667
18s9XsPZU5xsvwmHGUYqLofF5CSp7MVwjs,16,1.9568055361844288,31.30888857895086,8.397388428406358e-05,6,10,451675.5977776667,0.5454545454545454
18sR5LH8xousbFicCfzSL7M3vibiGTkEeY,17,3.2327455432155183,54.95667423466381,0.00011626364499852072,7,10,429634.4233415625,0.6363636363636364
18tR4sLWcFTwV7MFmVCpQLeUnFU9ZNozkK,21,1.781411991465782,37.40965182078142,0.00011015302521232188,7,14,314372.38784805,0.4666666666666667
18u4ycn8pGsTPFZXMFf2Ya9qJHTWEg1Yzj,16,3.5103753050289046,56.166004880462474,2.831737121121416e-05,7,9,445163.44917433336,0.7
18vrpUVcrRsd1UidBtv2XvurgW4Y4cNJVX,16,2.984444228039462,47.75110764863139,9.97954211377728e-05,6,10,355973.42661120003,0.5454545454545454
18w92nSFvnVAEMu1X8FFsJrLZg7hckHR5S,17,1.3832009058384425,23.514415399253522,9.873888375528698e-05,3,14,340433.3247489375,0.2
18w99CWjMWYreFCXN1weNAKP25D4naR1TA,20,1.730620967802952,34.61241935605904,7.051308726064192e-05,10,10,342282.33792889473,0.9090909090909091
18wVHC1Ckf3p2QdSpKiY8hfCFpAwahxG9v,19,1.896186512922051,36.02754374551897,6.725438277116129e-05,7,12,390053.6794835001,0.5384615384615384
18wfSG8D2kTXuPb6UaK3FzkmwLRMWQgK5j,1,0.1,0.1,7.524555599547865e-05,1,0,0.0,1.0
18woCXnQhcoYjw7wNDuPyHQTH5cgkihZBk,19,2.569133154983624,48.81352994468886,9.09729503985377e-05,8,11,391218.3066678889,0.6666666666666666
191Ed9zQZzYHoC5vHF9Kpg9iq9FK1m7bFQ,1,1.9605443211296012,1.9605443211296012,7.587803507695572e-05,1,0,0.0,1.0
192NtjkK7eRmE63ywhZhBBiPDWPBoe7ihi,17,1.9395543365033148,32.97242372055635,8.513630770290162e-05,8,9,457495.95858425,0.8
1935ZqKUNxpqjYWoLjVrEVmp5Bx3qyow66,1,0.25955057905684564,0.25955057905684564,0.0003114859307274,1,0,0.0,1.0
193XAEhrLucKmGrZ5W6BAAxDCDjeiedhxF,21,2.0575487636035485,43.20852403567452,8.33462789377399e-05,6,15,334978.480988,0.375
193eeCuQB6XZWjePqyAa4bTJ8sikgASn21,17,1.8060468018828844,30.702795632009035,6.396265072096906e-05,7,10,384349.725213125,0.6363636363636364
194HvnSuhWvdN6qBjwxSxVjjjwD1oEUBZh,25,2.106730371900594,52.66825929751485,0.00012913664769491744,8,17,312871.93157479167,0.4444444444444444
195Zh1GbQXFwzpGv8KjaU5Cr2VD2S9v6hN,18,3.1808107781135164,57.2545940060433,8.449518903845267e-05,6,12,429339.9276745882,0.46153846153846156
197h55h8H8NMX92m5Fk2rEmkw1wNf7wT15,27,2.616911452589887,70.65660921992695,0.0001025287080429372,8,19,284256.81959665386,0.4
1983hsCg8a7apWED4dTyoYLpjVh7JFHcQs,19,2.2711816615731824,43.15245156989047,6.520366012813284e-05,9,10,375457.810098,0.8181818181818182
199HqaJgytaDWagd4tmzXFp3daAvW9i84o,13,1.5408216966742665,20.030682056765464,4.346699294174076e-05,4,9,569587.9720013334,0.4
199VcdDEFKjFgNapEt2kpfm2WxbVEDCZtM,16,1.6901781337768016,27.042850140428826,8.881339383787401e-05,6,10,466339.5738463333,0.5454545454545454
199vGXS2c2C7m72SrfdZyWgD9BNuQPDhgj,13,1.8581968341280086,24.15655884366411,0.00010297340055713,6,7,581476.1440894167,0.75
19BFLzRjuNzn9hwS1NzuUby5eTm7deH4NA,22,2.6853121192044482,59.07686662249786,0.00012377829531813703,11,11,343771.64360938093,0.9166666666666666
19Bhv3Y4U4xncfXMTnNErKm37watKhvvGM,14,2.3692043967072896,33.168861553902055,0.00011353894620533591,8,6,570059.1396843076,1.1428571428571428
19BqNzPUCaeTSDfPx4fQDtwagdHqaBuZBt,18,2.609785487054702,46.97613876698463,5.85773606112046e-05,8,10,401708.3415028823,0.7272727272727273
19CLrowwoPtLypsGFJZ2Gv2vUAqb8mPLt5,19,2.879116810159196,54.703219393024725,0.00011456190463863164,7,12,357565.26374788885,0.5384615384615384
19Df2XHTZVfbhjnkEjJHLM8KARjKsvru2G,26,1.5661947022627354,40.72106225883112,0.0001131555287937672,8,18,277296.1636047199,0.42105263157894735
19FRVtKjbMzGK1HpA7zSXi2AgYGRcwn1ru,2,6.843532000573578,13.687064001147156,8.849490829930897e-05,1,1,401.062673,0.5
19FYxvagYvcUt2L8qGb8jbRsLAQkmnRM22,21,2.5052306507896165,52.609843666581945,0.00011335389780502863,6,15,346250.04112744995,0.375
19G2UufgzaZPhPkJYc45mMBL41SJXJt9EQ,19,1.881686187494736,35.752037562399984,7.836709642307146e-05,5,14,408591.5190456667,0.3333333333333333
19J3ysRcjFGrWC6E2aKuCo7tmFWc2eGaAu,21,1.776942789988085,37.31579858974978,0.00011533305036156232,7,14,344297.7041536,0.4666666666666667
19KGMvqaXc1PvT5TZNnGocSDzn5bSgsTqP,16,2.0144554355257998,32.231286968412796,7.366020082572673e-05,5,11,479425.7032966667,0.4166666666666667
19KXtirLRpaNFN7rHg5c58henSn9Xe3ebk,17,2.49136965053758,42.35328405913886,0.00011568672794257162,3,14,332450.2071661875,0.2
19KcGevA95CVdLgNjTkYngkHuXPLsdxGJQ,12,2.311994962787062,27.743939553444743,0.00012539970925066435,5,7,703329.8360463636,0.625
19L1Lh3L1nM5ZmiFDZH6qme4eG1vKmfVLy,16,1.886055792749499,30.176892683991984,0.00011600108812317372,5,11,468930.6468458,0.4166666666666667
19MQaHGxRwnSEHTf5yGpTEeFCSa6SmwR1R,21,1.6519717389769166,34.69140651851525,8.358238028229452e-05,8,13,366958.86605015007,0.5714285714285714
19Mx3HwHaJC6yeBDhKk65rm1YCCsNqXKq4,20,2.1463438149736014,42.92687629947203,0.00012538152554286404,8,12,382410.94080284215,0.6153846153846154
19NY2Q7VKk5cbw5yipgrECLyAv2TLirtZL,1,1.3751977217163285,1.3751977217163285,4.4507093404995306e-05,0,1,0.0,0.0
19P9PweM4tVoMpsp1LMH4i8Y1snQEnaFkE,1,0.47985229786728795,0.47985229786728795,0.0003655098096995,1,0,0.0,1.0
19PFLbQTSUUZFkjMnMXnsMBkWtv2AePWWv,13,3.314437841023851,43.08769193331006,0.00010207421496228736,4,9,498100.63319775,0.4
19RG3H5q91drc51Zasy6gnaVrQwdiSCQ75,2,0.9999881948464956,1.9999763896929912,1.5715496739900072e-05,1,1,36556.641213,0.5
19RvUEpX5HYxXTQmPkxhJc4bysAcevvneq,24,2.273983685731268,54.57560845755043,9.847790077012963e-05,10,14,321787.72608369566,0.6666666666666666
19SEBya4VqUnZ9jStKqVrrNWUWYDt3ZNuE,23,2.1681122885951125,49.866582637687586,0.00010590766809359694,6,17,342680.7174774546,0.3333333333333333
19TvNNrLSjykHHUsg7pao3SaTLg1o6gBgk,26,2.665279825654539,69.29727546701801,8.041031779401318e-05,11,15,309012.69108448,0.6875
19Uaynt3vZKFyFtouzFx8gAcjQpEPLYCQy,21,3.2209514466230735,67.63998037908455,0.00013809012975179438,12,9,375678.7705333,1.2
19Uzmn5zs6uqSYsk65XPBmFTYqFVSecVNc,13,1.669339217419045,21.701409826447584,7.465984007078352e-05,7,6,555057.8609934166,1.0
19V1C43a5JBo7HX71U1ar7mgR3Sw3WPDyf,21,2.255061036095545,47.35628175800645,0.00011950809118770331,7,14,354565.01695574995,0.4666666666666667
19WwoYietdmgtp8oy3Nxj5X9pd2C9yTDwr,17,2.169684814527318,36.884641846964406,8.2973648107198e-05,4,13,326811.08131625,0.2857142857142857
19XZwyQYjwpuqj6312SK64NcXdBBvY1Yxq,17,2.68338230284938,45.617499148439464,8.188132509945357e-05,12,5,425304.5980051875,2.0
19XpqpGMKwKhovMG27Tr9puH7uF24GHitt,18,2.49880727887241,44.978531019703375,6.946383547316489e-05,9,9,422082.3112558235,0.9
19Y2KV8wmwJFK1Z8WkMgkLrGsiM3LC3W4R,22,2.7575851250625028,60.66687275137506,9.732849278711077e-05,3,19,314053.0975689047,0.15
19Y5Hzu1BbspHP1c2MfuNToq3Hkt1kT2XF,18,1.8815902334717103,33.868624202490786,0.0001257556323263093,4,14,426504.2483877647,0.26666666666666666
19YquF5RyFTVr9zxzixruHQ6opLyw9Tuzg,19,2.8945456659121165,54.996367652330214,8.513807549481466e-05,6,13,354105.4954566667,0.42857142857142855
19aRKFFWvow8BcPATqZqJnEfyVTexJYbo6,22,2.055624743242471,45.22374435133436,0.00010823032593447127,6,16,361429.90042076196,0.35294117647058826
19dy1MBVXZ4tYh24R4mBir3DgNE3v7iCHd,17,1.8279088786495985,31.074450937043174,0.0001049491194675516,7,10,458633.63068831246,0.6363636363636364
19fZpzwB5oecWEzjQRkJyvFicXDvsSQUP7,20,1.765255605977331,35.30511211954662,7.959957345726798e-05,5,15,397598.5647680526,0.3125
19i7PgKwdq7w46L6DgiGUuBLUo6fEYH3Zk,14,1.144859525416522,16.028033355831308,6.939735835938526e-05,3,11,513228.2254764615,0.25
19iXk5XLkM9X8vdu2kB27AqimjhPgZJjTZ,24,2.3048323123930117,55.315975497432284,6.241386546737424e-05,6,18,324651.40398117393,0.3157894736842105
19jbMdRqf3rYvsVXT172BajriNn5oDxDzA,17,2.273683118472573,38.65261301403375,0.00011620139149725601,7,10,477771.7922495,0.6363636363636364
19panPLpxtXDaH4CRX9RaAtapwzYF9iSpf,16,1.4918780842994606,23.87004934879137,0.00011156522096952085,4,12,471779.7768608667,0.3076923076923077
19q4aN9eHKKfNqk3HW4AYvwCpnuJo9832q,17,2.809617231969266,47.763492943477516,0.00011096274101328726,9,8,428041.10982625,1.0
19qZ5VX2wfmLC6uuteKDPoQGj5mpBcXWSv,16,1.9035822221528877,30.457315554446204,7.257530323546074e-05,5,11,441096.1529095333,0.4166666666666667
19qbWG2ENZ5tgG1Na7U6PyjA9ow3E4L5Zh,22,3.479384496599965,76.54645892519923,0.00012023906637090744,10,12,359347.38501285715,0.7692307692307693
19shw6Td2N8wwAbVU3bxWeWbqBWntcTtbX,16,3.5311736312855664,56.49877810056906,0.00010561360441130808,12,4,487279.88737019995,2.4
19u5Mbf7DRQqeMZ2RianGUZQD2zyWVFK89,17,1.7263429420801342,29.34783001536228,9.265091333845444e-05,5,12,442152.25919,0.38461538461538464
19vJsRruQGNMHCZmJ9LcUQmPDHKFxxurJ8,18,2.1997637170288376,39.595746906519075,0.00011878128696026733,7,11,374454.01510223525,0.5833333333333334
19vUN3Usqnjs6z8GHSPUYbsZP3zHy7E63e,2,0.9995755358185912,1.9991510716371823,0.0002249603682945,1,1,32456.116514,0.5
19vUmqhTWrrdMx6BECXKcxiBaCwrZRkNYW,28,1.9880760306518426,55.66612885825159,7.52014460648451e-05,13,15,270250.54452281486,0.8125
19w4F4fY1Vncv7MHNuTBMmvmWN44auY2Mt,11,2.279028693349773,25.069315626847505,0.00010620962725936438,0,11,737379.6222728001,0.0
19ytfPqaZ6BTTxDfD52AjAjeHxfemUDESt,19,2.0561914300313195,39.06763717059507,8.668076310884448e-05,3,16,328738.11517288885,0.17647058823529413
19z5QnvFvkZRe3WEJAvCgE3F6MMdAADeAd,2,0.0997735492057526,0.1995470984115052,2.2203548012864953e-05,1,1,13913.184814,0.5
19z6MD7xVqCBq5RZpDC3XJgxxcANoxfCZB,2,2.7953026985584115,5.590605397116823,0.00012654966814192495,1,1,1384.617166,0.5
19zogjxHzDRrQ8N9Ngyr11g7VqgfSkEuJi,25,1.8201715361144184,45.50428840286046,8.002592948890587e-05,10,15,296756.7121722083,0.625
1A4Vf9tWFqD5jbKTRPDUTVzHENgsNXxwEh,19,2.743988664844412,52.13578463204382,0.00014219916934027845,6,13,329628.5713473333,0.42857142857142855
1A4g5eGUfrh6X2Ws7ZjjUa1Jxnh1GfRLSy,22,1.5610612958820638,34.3433485094054,0.0001234499921075394,8,14,290360.26530514285,0.5333333333333333
1A5XQ9VPGJQAvh9sDXdK8CCBnMFHjZUfDK,19,1.8401711173889557,34.963251230390156,0.0001102586346062288,5,14,399555.4743195,0.3333333333333333
1A5gSu5jkBUW6FUE5dE6MhZ2THES1KwuuD,17,2.458940202379016,41.80198344044327,9.464919645464661e-05,5,12,469580.88073168753,0.38461538461538464
1A6832eKbPcfNTrYwuD6y331s2JydiJtZz,16,1.5512951945412201,24.820723112659522,0.00010219797887178956,5,11,401962.5852451999,0.4166666666666667
1A6EETqtn8pCYWJX4rchpvpSdCZLwdkLKz,13,2.8570154436195523,37.14120076705418,0.00012560387134599008,3,10,609416.6203368334,0.2727272727272727
1A6UVhDKFmt5hSDvcwwnzR6s9ngcM35oCN,15,2.191716933703227,32.87575400554841,0.00011609617967360392,7,8,532243.0384155,0.7777777777777778
1A6iFSDvpQ5Vic1GY9zytwW21hN1qKBQPe,1,3.0859168957916223,3.0859168957916223,3.5617556928298104e-05,1,0,0.0,1.0
1A97bb1fFY5wcPeMKNJBGHEAymA97amm3b,19,2.0929485471093723,39.766022395078075,0.00010846221818325925,7,12,362992.43909888883,0.5384615384615384
1ABJBYxkMn9SVSUGHJLRG5fM2ZgLei5aZ4,21,1.7721217693581843,37.21455715652187,9.754001790406144e-05,1,20,335226.6741942001,0.047619047619047616
1ABJQgH1HZaB8EqmW2gXw888faJACHLuBb,20,2.1681627076939396,43.36325415387879,9.960796411781452e-05,8,12,396040.0032052632,0.6153846153846154
1ACqmEJAz7ZBQeMR6jjrXuPpP6Qcjk7nw9,1,0.9398187381571803,0.9398187381571803,3.143605971723069e-05,1,0,0.0,1.0
1AEkrFsD8RfhfT2Su671wXtsNTgkQ8x8Ro,17,3.1145048848162293,52.9465830418759,0.0001187882384441488,5,12,461691.6987601875,0.38461538461538464
1AFCD4Q82TTE8nYcVLUQvKfvkVvBsbj1VE,27,2.80541028504204,75.74607769613507,0.00011380338532613625,7,20,264426.50343057694,0.3333333333333333
1AGJc8fM7q8NJnLTmwVtdgWYer7WTBM2VU,25,1.7661617348333007,44.15404337083252,9.09249351504589e-05,10,15,305254.32119833335,0.625
1AHAmb5Vu1KUA3CeMyMLwfK8rPky4Ui6D7,23,2.0440394206902748,47.01290667587632,0.00010670821056511406,6,17,324952.02987509087,0.3333333333333333
1AHUkZUqw3exMB9GNquES828hR4myH113D,15,1.3218453343010899,19.827680014516346,9.878897992258633e-05,6,9,523530.1391069285,0.6
1AHZv2RC9yW7t6GYCvbAjPDSFekc46rtGX,19,1.7851606268111986,33.918051909412775,0.00012847085936252092,4,15,280074.42543961114,0.25
1AJbebACGXWLaiw4zoq9YjYFiZH3on61bb,17,1.5654940521034155,26.613398885758063,9.228628058915155e-05,3,14,440428.09660774993,0.2
1AJbfLuwW7X2T14c3bpVYRUKEoFpHeNDqU,20,2.2914458848831347,45.828917697662696,0.00010831183830038546,5,15,349365.0969462105,0.3125
1AKgh8jNLwddHt5UzJXozJbYn1eP8D5Dbm,22,2.4569925783661666,54.053836724055664,9.068070814711757e-05,6,16,343670.7336266191,0.35294117647058826
1ALZquhvub8dFLPTK2upBq8QyG9YC2oNfR,1,0.49678857903273543,0.49678857903273543,6.58468763557297e-05,1,0,0.0,1.0
1ALjnVNjajzezZa2qeL1ir8XfZ5KQpVDgi,2,26.74523890226191,53.49047780452382,0.00010594023332493642,1,1,356.054028,0.5
1AMu8tBqoAa1AdNY4zzLLcNwkPftVhp3Uy,19,1.977200307583845,37.566805844093054,6.016873622156156e-05,5,14,350801.7848612778,0.3333333333333333
1ANnaZnZzkiDmgmTa9A7m2Nr9ZxrnN6PV1,19,1.717007378217934,32.623140186140745,0.00010459913497118285,6,13,359129.9952746111,0.42857142857142855
1APPXg2DP7Wkj3hKcqL1zqy6bMm67xnxWV,17,2.1617803178758837,36.75026540389002,0.00015768235025651617,8,9,471329.38730575,0.8
1AQ2xtajmzU3McaCoiVqpW9xb82TqyXP3m,24,1.9558749695341078,46.94099926881859,0.00010760449266509886,7,17,319555.52244939125,0.3888888888888889
1ARB6wFYB7dtkcD2mxUFVLtJd7F3ZJnbQT,20,2.5824307546770457,51.64861509354092,0.00011979194172026498,7,13,395200.26131926314,0.5
1ASrVo8RuRHq4QDdJbtGowjeBg9oZ8wY5L,19,2.231908861440252,42.40626836736479,7.850418463460081e-05,6,13,347902.35577155557,0.42857142857142855
1ATCtwWJswmxdUrYwTcS8UTtaYUmSu82U6,1,0.09964407910945998,0.09964407910945998,3.8479023078446125e-05,0,1,0.0,0.0
1ATNw178oj9rMqa9Xh8RC8TYQ2Wz69tN9u,1,0.28134823804671827,0.28134823804671827,6.95796096033257e-05,0,1,0.0,0.0
1ATWyHzKvg94N21GQnoxtQJ8yT3ZcdJhmG,1,0.10575881208452297,0.10575881208452297,4.335852039990148e-05,1,0,0.0,1.0
1AVDhDZXSXZbVYLZ9LStzqyB7mVsGDxsEQ,16,1.831894946964571,29.310319151433134,8.541246958852817e-05,4,12,479561.97714473336,0.3076923076923077
1AYAmsUd1b1mmA9q3SFk73cYjkoo4ENkDU,24,2.9478713188857584,70.7489116532582,0.00010066440894657272,9,15,257363.84838439134,0.5625
1AYrKEBYMhKyPxmUpgitB83PYoPYCykXba,16,2.111208849465785,33.77934159145256,9.730415576276808e-05,5,11,491457.83733573335,0.4166666666666667
1AZBbXFxBgxnWRMWBDRMZxCFsrQTzneiJM,24,3.768399456609911,90.44158695863786,0.00010150832450334786,14,10,321872.92055478255,1.2727272727272727
1AZTQ1PyajyR8zoMXPuPaPmRhq18HysFQc,15,2.7019240204458588,40.52886030668788,0.00014188565769084573,5,10,538744.1189499999,0.45454545454545453
1AZc8RhRj5hLBCgh9MPottWnZUxFGTmknR,17,1.762746781969967,29.966695293489437,9.444205189394036e-05,11,6,458446.518066875,1.5714285714285714
1AakCSDGF5u9sVEUDXV9wr8DKpxfrFmD9Z,19,3.1460481435170644,59.77491472682422,6.601640053067026e-05,8,11,408674.87986088893,0.6666666666666666
1AbHMMPD6Y64NNpY6zhm3izxADnT1N7Gbv,19,1.326349844985285,25.200647054720417,0.00014599664196435596,5,14,397079.19047588884,0.3333333333333333
1AbSjybiAQfuX1BrWyxP7AagXxisDR2CH7,20,1.9938066811031068,39.876133622062135,0.00010096619340591567,4,16,383138.96760436846,0.23529411764705882
1AdPE2pEV5vR6meW1XtecfRMobob4xhsWV,15,3.1932065745764953,47.89809861864743,8.3309299583611e-05,5,10,448600.05848207144,0.45454545454545453
1AhZq3UDRPUFZmKRCJeJtkK4SpCqny1fE6,2,29.954619804381366,59.90923960876273,4.656364890882876e-05,1,1,636.459208,0.5
1AjENtqtd9Q66sZpv38kygTJue8JGCBW8k,17,1.5528970588672166,26.399250000742683,9.919289041837335e-05,7,10,427669.363937125,0.6363636363636364
1AjGg9YdASeAKKX4aS2L29hA8zH6BWZoMG,1,0.1,0.1,3.9994048869111066e-05,1,0,0.0,1.0
1AmqS6HtRMYTVTx3RpbkzVuqnCMEio5PtF,2,4.999718320222038,9.999436640444076,8.774161064353488e-05,1,1,17574.075534,0.5
1AnYENDaSs4xDQvPnUgvLvoF99VxwxVLy6,1,0.09557895000750945,0.09557895000750945,0.0003736040915082,1,0,0.0,1.0
1AoosZsnuFzeUa87UVTvAXC8EaM5mzgqXu,24,1.354039296142677,32.49694310742425,0.00010385823170673044,7,17,310676.7978164783,0.3888888888888889
1AowNPVcSEDW1vsAA94QGX6Bh4RcDxF8Fq,20,3.4202260354691196,68.4045207093824,7.972767197276715e-05,4,16,342385.04997110524,0.23529411764705882
1ApoW5Zz3HuFKmrJM6AdsKPnQNKbVmCaZ1,2,4.382135527431609,8.764271054863219,0.00010149919279269737,1,1,1792.018149,0.5
1ApvRydHWmk17puDqpPBoA8X3Co25k3jZP,20,2.3979604686788085,47.95920937357617,7.019757407771159e-05,6,14,366450.3807888948,0.4
1Aq5W2wki4zkNo55WCDbWx87mQxCPKdJkg,11,3.4205525100923073,37.62607761101538,0.0001039093415427966,3,8,644521.0781195001,0.3333333333333333
1AqNoMuofy5pdR7z9NVJWN4H4Br4pZK21B,21,2.075967654770556,43.59532075018168,8.34083847444052e-05,7,14,348001.5359862,0.4666666666666667
1AqUvKca83GsViRSPbpESdakjYBRsUqYXd,2,0.9999687590836521,1.9999375181673043,0.00010866955567809224,1,1,36517.256488,0.5
1ArYzPxvjJGbrSzL5Mw2LMS2bxonGjsSd,32,1.5849382504144878,50.71802401326361,9.939096124821138e-05,7,25,230269.55437525807,0.2692307692307692
1ArsWbrbnCcxEShmR1sabncHu1Mdhg2QpK,18,2.1925085194026557,39.4651533492478,0.0001134335193656814,4,14,440857.5056015294,0.26666666666666666
1AvRiAJcDih9mYjo3KtkPuiyGvQuyEyWD9,26,1.8267381471573416,47.49519182609088,0.00011768699193352443,9,17,289065.52238036,0.5
1AwwCZ4MCXFSbWU8rwSdtM2knuCXLKu182,17,2.5717393704992237,43.7195692984868,0.00011782044061385225,5,12,455895.3135436875,0.38461538461538464
1AwyGcx2mKVzDNZxzGt1xuYj6j6HBj2GwT,25,2.3706164881522795,59.26541220380699,9.561587130969068e-05,10,15,299485.31610629166,0.625
1B1DPCrEZo3E9dncR2tyrcYGc6Zn8RhSaw,2,4.999943295734362,9.999886591468725,8.621572033151666e-05,1,1,19288.198654,0.5
1B1LqvAJQjJ1kmjC6WYKgf1NACucTR9uPm,20,2.8711421455998787,57.42284291199757,7.759024097240142e-05,6,14,383498.1546269999,0.4
1B1xRWBxE7RA6mUHAEeggpMPG2UuA7pzAx,14,1.7342706588725052,24.279789224215072,9.391928240995648e-05,4,10,569554.5811866154,0.36363636363636365
1B27tmhiuSwt56bVBndwMVMiPNjAimaemD,19,2.7155582814452646,51.595607347460025,8.115224492913463e-05,5,14,391197.27452122216,0.3333333333333333
1B2xsY362a68NbBpcCJVt5PyYrCavThAmp,17,1.4046073094793685,23.878324261149263,9.10944389093132e-05,5,12,442817.20943256246,0.38461538461538464
1B3PYDXeGd281SBP68hp5e7gTvdsfQ1hA4,15,2.352688339772966,35.290325096594486,0.00010898773644521521,4,11,504645.1850411428,0.3333333333333333
1B43H7atMNsTNYWafNbRrPz4EbkUq77UEs,1,1.0,1.0,1.180515350440258e-05,1,0,0.0,1.0
1B5WWgNztTnBBdgMrwTp32y6KJWzTdRhqA,24,3.238113107230175,77.7147145735242,7.130235922004758e-05,4,20,334502.2619765217,0.19047619047619047
1B5s6D9dw6hByUhZ54suktnLgH6iKcyehn,2,26.36109286094774,52.72218572189548,8.987988299558497e-05,1,1,315.421997,0.5
1B73RrdBhA1KnUTTpGGzM5XbFYf7rpCeDa,18,1.7096822122376174,30.774279820277112,0.00014649034880086874,7,11,395183.0589554118,0.5833333333333334
1B8w7jmABRyoJ5Rkbwxuh5Do7RTfZ3drCz,19,1.8824386393549162,35.76633414774341,7.865185940640746e-05,8,11,330207.4560968889,0.6666666666666666
1B9TMTSfg7UJywBe9Cfyn1xGyNhvzqb7i2,16,2.0788432800731123,33.261492481169796,6.348030401670223e-05,4,12,466153.9795786666,0.3076923076923077
1B9tPY6PMJthTpzYrGpgFXKoyBEykQvWRS,18,2.478090604316817,44.60563087770271,8.174227995854448e-05,8,10,412333.1560322941,0.7272727272727273
1BAqjLu3y3WDyuimjpwUbTdCmyZpXn4BYX,23,2.5781561937970023,59.29759245733105,0.00010893149275633003,10,13,320582.27650363644,0.7142857142857143
1BBDioeksjyem9kqi1radi3XBcUE8uGBvZ,1,1.330064508866104,1.330064508866104,0.0001887309210136,0,1,0.0,0.0
1BBWZFUgKYZLk3oMHsjebdHXQoDYZRx5G6,13,1.267194054763191,16.473522711921483,8.577339527220293e-05,4,9,415881.7668040834,0.4
1BCFtiAxj38oQG2gKU2rEm1YkuxqbESrsh,13,1.6883980750638288,21.949174975829774,0.00010189090242739505,3,10,542548.2456605,0.2727272727272727
1BDAjZCPZYVmRGTbK1aVeDdy1K9fzuYHBo,21,1.0219170136283953,21.460257286196303,0.00016304079175315624,4,17,308843.30768629996,0.2222222222222222
1BDECSRMxddL91y2XabmVqBijY2P5WisWB,1,0.9415600282210556,0.9415600282210556,4.1772002684801856e-05,0,1,0.0,0.0
1BDiLon5Q7mKcVXNUmfqBjU1QRqDNUkUJr,22,3.6067519928093534,79.34854384180578,8.573168556702795e-05,10,12,352147.690345,0.7692307692307693
1BDw9hPbWgnpPi31T6tj7fEsP39okGMFBX,14,2.7515534959898456,38.52174894385784,0.00012910439584872823,6,8,477076.2251808461,0.6666666666666666
1BFuqzB5bFd5WvmLT5hPKxNs2sBf3Q3R4J,18,4.23516024221974,76.23288435995532,8.998592109334897e-05,6,12,419886.1266090588,0.46153846153846156
1BGvKiEbYe5W4i5xdfizfSJnqts3WTzb46,13,3.225346868699922,41.92950929309898,0.00010998775309985115,5,8,580815.3233858334,0.5555555555555556
1BH6GNKqaqo6FRirBu1TEHKvqLnL1BVytk,16,1.7883246788974039,28.613194862358462,0.00014262826922518889,5,11,479761.54297939996,0.4166666666666667
1BHLAZAjVd17vuX5oMwFsQVnZcKZjgVhyL,26,1.7559662788299748,45.65512324957935,9.203361849666685e-05,10,16,290722.98946912005,0.5882352941176471
1BHsvPX8pqhA6J61aaLgxwKtnJjupAgGJE,16,3.781390486474582,60.50224778359331,0.00010135949344793987,5,11,451741.84089033335,0.4166666666666667
1BHuUXT6eX2RCHuhGGZZJJU4gKjipwZyFL,25,2.278671818056036,56.9667954514009,0.00010525849009594858,10,15,297260.874648375,0.625
1BJSQsvwi8cs9pBmmZGs9GsP9BFP6KTxNs,2,36.22764262678228,72.45528525356455,4.6220524387062745e-05,1,1,1632.327904,0.5
1BJkTVXwgJeWUYpVG3g1dVxPj7a1uAJYNG,23,2.410461439991577,55.44061311980627,0.00012691954456613063,10,13,331384.8020765909,0.7142857142857143
1BKw3EFzLZwYH9govhoZKPcRhkcdAspdZw,11,2.1001533525646097,23.101686878210707,0.00013657545213613756,6,5,747241.5700211,1.0
1BLNBjNEENAZ9KRtVyksunsiHxVYNoMjNo,17,2.247061571239034,38.20004671106358,9.360524180721262e-05,9,8,482343.6862185,1.0
1BMY8yxxbux1ZC1WLvy5GUfi5DiU7TfXR6,17,1.4575100169004587,24.777670287307796,9.61132693145296e-05,5,12,393801.30760162504,0.38461538461538464
1BNu5gAtE7vf44nJ8PTUEVMZb98XCKyFsJ,16,1.6797673448166144,26.87627751706583,9.937414749977437e-05,7,9,375236.43883773335,0.7
1BNv9aK9FDcRKzYr7qPr32265Tw5g5KRRD,1,0.6866797984200906,0.6866797984200906,7.909515183879958e-05,0,1,0.0,0.0
1BNvsyY4i52me2i9jnWRP7YVkt43MMhCnW,18,1.5289102990590389,27.5203853830627,0.00011259130916821053,9,9,448034.8091533529,0.9
1BPokLPszrHmCpQWc9tW1x4qxivdwsMUPv,21,1.9643299243795462,41.25092841197047,0.0001475286123228742,6,15,337940.61578535,0.375
1BR1BznZJHMA65reJt8WwD4qpUUtV3u1k,16,1.9293238914030784,30.869182262449254,9.786139730636712e-05,8,8,487222.4581059333,0.8888888888888888
1BR9ifgAiXXvWCh3DYk4Xt5c38hZNsexqe,19,1.8415496612760287,34.989443564244546,9.776044544432201e-05,9,10,394201.49931305554,0.8181818181818182
1BSN4SrRsmPUogpzxAZAUXFFJH1Dhq1cHz,15,2.052890065410465,30.79335098115698,9.098208128126011e-05,5,10,510322.35187642864,0.45454545454545453
1BSWs5wvRJk8HFrLs3RHE38QgC4fiFC6c2,25,1.345800069662476,33.6450017415619,0.00011774268599664016,4,21,256309.40406541666,0.18181818181818182
1BTTmdmDMt48dcJJxhj8bkCekqr39kojs7,22,1.769722114963684,38.93388652920105,0.00011732802379801807,11,11,350607.2049633333,0.9166666666666666
1BTbcGxdDEbcef4f82w38ucVj4DjHQmcsg,22,2.3365616342156574,51.40435595274447,6.816058064706665e-05,6,16,357124.17708657146,0.35294117647058826
1BTgWNTcxZSQWV3KnreAwzvDn8AYGRvomJ,23,2.332736282606206,53.652934499942745,9.933470821687674e-05,7,16,317785.2598413637,0.4117647058823529
1BUaZwULfPuidBRBFHLu33rdUFT67VGLAS,22,3.1226830336169002,68.6990267395718,7.941500371787107e-05,9,13,311486.2499018571,0.6428571428571429
1BUzfUjs7KPnenXyPkCpvMPsD81yTPfcnH,13,1.2097894870173769,15.727263331225899,7.633005401875859e-05,4,9,571214.0921766667,0.4
1BVmnKpr7SBMtvuNERgEB9nHqXXgHSmfWi,2,0.9998613137763103,1.9997226275526205,0.00010515451352084999,1,1,22294.109111,0.5
1BVrktJZnuqXd8qxTG33vDAukVzB9rCZK8,25,1.7074168688326374,42.68542172081594,0.00010963096067337064,7,18,320810.2881388333,0.3684210526315789
1BVttPzPLZbHdtbF1d9wcUcGxdyS5YbFYa,19,1.9671829578095992,37.376476198382385,0.00014076337130508845,8,11,399839.05970333336,0.6666666666666666
1BWk2Cm5tabkFoyxLPVEi6UrA7dPHKSEwZ,19,1.6351804497961882,31.068428546127574,0.00010822634833791543,4,15,391137.1618192222,0.25
1BYDCfxCRFFUnEMXy8WBRX2r32RukoQutU,23,2.030458812308357,46.700552683092205,8.18832152892039e-05,8,15,330740.7787526818,0.5
1BZF9nPdbnWjZa64nvwnmunTjJt12CisgB,17,1.313112586892569,22.322913977173673,0.00010428490488280662,8,9,421198.58444949996,0.8
1Baf1Hdkfiq3YFBGa1uSAsQMFgJbh3uNDF,20,2.4332308367239412,48.66461673447883,5.1610361766326946e-05,8,12,376522.9129547894,0.6153846153846154
1BbTfPXFo2agumdkQqqNoowFCszEQX51uu,21,2.19826638772223,46.16359414216683,4.5524544880179265e-05,5,16,355117.92633215,0.29411764705882354
1BeaEMAsBkSTMFzgUHPG2jffkct7AFe2ZH,18,1.5378594332995759,27.681469799392364,9.718245617996077e-05,6,12,435304.9367683529,0.46153846153846156
1Bee2wP9XhTiDHWnRPmrHr99zarRMnhftS,18,2.3871317802146974,42.968372043864555,0.00014885407474445238,5,13,373889.0245951765,0.35714285714285715
1BfTHQa8q2h2MtXM7cNiMpMPVAbfLGCbZb,16,2.7797512996830225,44.47602079492836,8.09086629155067e-05,7,9,497665.07989853335,0.7
1BgB82WWYvzFWBFBUNMRas49bzUtynM5fp,15,2.2269591984293227,33.40438797643984,9.955603985011416e-05,5,10,456557.05874078575,0.45454545454545453
1BgN2bTKMZExY77PTA79d69SRgbuZS3JGG,1,2.1347142574316913,2.1347142574316913,3.818346143214532e-05,1,0,0.0,1.0
1BgQENi7SWZLKGkKkhebkUEaKDE2YyDQMm,16,2.3648010920213567,37.83681747234171,9.790433858140806e-05,4,12,457283.85452313337,0.3076923076923077
1BispqmHMj8uZXVrQupTN6Gc9QeeK4ZFQq,21,2.3214191669212387,48.74980250534601,6.917424392292491e-05,10,11,307308.12428074994,0.8333333333333334
1BjG8FTqYncZabmjpot2j2xqQCsxs6xGWw,22,2.0648866401712076,45.427506083766566,8.784828522241699e-05,7,15,324397.63092461904,0.4375
1Bm21PCiiju7UUgTCq7FbMJ5K9jiSVvXPp,10,2.8219699762496555,28.219699762496553,0.00015354971096807096,5,5,775924.0357612222,0.8333333333333334
1Bp64wvsFsRMu3ywPDL8KFvuPpLKGCVSZH,19,2.5654508694018086,48.74356651863436,0.00010912266153706377,4,15,418550.19021727773,0.25
1BpnAB6kmLSaAzaTWHGzHyFLAad49yFJMo,15,3.3460908276379016,50.19136241456852,7.936089108951565e-05,6,9,477557.54232364293,0.6
1BrD76Sz5C3MdRJ8JXzA6q7NzeUUuvppks,23,2.1803700078683255,50.148510180971485,0.00010492106074817385,7,16,317501.8623446364,0.4117647058823529
1BrbKCQ3NidPT7BzXvb6g2fNTAqMa2556U,1,4.99999514674482,4.99999514674482,4.8532551798509165e-06,0,1,0.0,0.0
1BrjcCzdcDb6B4yLMFqHvvKbrAUp8xEXLj,17,2.5229811331452168,42.890679263468684,8.556397614513696e-05,8,9,419741.0883375625,0.8
1BsX4fKQXigiUZB5h2dUWa2Vjr7XicQsP7,27,2.2073406880039084,59.598198576105524,0.00010537473465222605,12,15,296378.99343546154,0.75
1BskgUqbG8WicRQUqgongpgnau5ny1xvro,22,1.8404357163211496,40.48958575906529,9.369064650441411e-05,4,18,348004.0559191429,0.21052631578947367
1BuciwgaQGeEc5YiSW9ipUB8DBHtLJAxPw,1,2.687915236363787,2.687915236363787,0.0001650300273501,0,1,0.0,0.0
1BuietXCnFpAyA2XGtUeKWvm6kWJrmK8yY,26,2.3042479344363516,59.910446295345146,8.229560770655397e-05,6,20,300421.9694776,0.2857142857142857
1Bve6WHJzBC8xqAazfNQTTSCP7n63XHqYh,19,1.9748485979374761,37.522123360812046,6.095347391112835e-05,8,11,356947.2837504444,0.6666666666666666
1Bvfhc9K4QJdLgXg2t88DaLW5KnR724PqV,21,2.3717503982961157,49.80675836421843,0.00011292238717027957,11,10,356481.19080670003,1.0
1BvvC9APbA4S18kuzavMmQxA2Ztn8mWYLw,24,2.270932535612406,54.50238085469775,0.00013443090588059056,11,13,323782.6562090435,0.7857142857142857
1Bw1m5RMmguYkLU6ckHdM4Ky5bkeJxKJWg,18,2.7652295263993536,49.77413147518836,9.047517051574824e-05,5,13,446123.6787140588,0.35714285714285715
1BwRmjRnYy7FjY3PWnVtm4YYd3vvZ7jyKb,17,2.487706020334737,42.29100234569053,9.47449077762109e-05,8,9,451497.85306125,0.8
1BwsD8V6fTySetoVKW9Mi2mdMkYuuDJUtr,1,1.070665286387637,1.070665286387637,2.823667710903153e-05,0,1,0.0,0.0
1Bx9sCQJEUVum5NgehBUj3WfdX81hxAak4,15,2.2613798568700703,33.92069785305105,0.00012721498851812402,8,7,534301.8628188571,1.0
1ByGRkhsqUF5bGLa3p578TJc8tUUN99oHp,15,1.6784695395203104,25.177043092804656,9.218869103081434e-05,3,12,488598.2349339286,0.23076923076923078
1ByyghPY6H9v4Qmkn5QRCYqgCBH3sE9LR4,1,4.999487075769281,4.999487075769281,0.0005129242307187,0,1,0.0,0.0
1BzpfazHLZM2j7W3L2fxLacGRnBfmnsQtU,13,2.9192695084026066,37.950503609233884,7.925971040037284e-05,6,7,492578.8150498333,0.75
1C1cPuVMg3A1QnLwaEgb5nscY1D57sHVbR,16,1.5564191709234345,24.902706734774952,8.878381304298971e-05,7,9,480246.5928820667,0.7
1C3eja53PhJmpYtgpPXfiKooB9YcKMXjw5,19,1.904919958321354,36.19347920810573,9.962465684802762e-05,3,16,404062.8210532778,0.17647058823529413
1C4F5775kmpjoFNnrnfpgYcVGzbeP96h1b,14,1.421689704046873,19.903655856656222,8.948895389245731e-05,2,12,513611.00713530777,0.15384615384615385
1C4XerZjg2vRMiQwPDuAv346cUQEpD22o9,18,2.324231660747292,41.836169893451256,8.469322002591383e-05,6,12,396669.4385995293,0.46153846153846156
1C5MzjTmrQnockKdM27kLxWTNqSvQsdu89,19,1.8392795367878463,34.94631119896908,0.00011977746764304014,2,17,383784.2440272778,0.1111111111111111
1C5Vb9kAN4MER8n6MysyEM7hptuj39KgSj,1,0.1,0.1,1.886590612530036e-05,1,0,0.0,1.0
1C7WRQEUxGMWjnApBHbQcYPkxTWmCthQtc,22,2.4126420107014552,53.078124235432014,0.0001576377454167571,10,12,365159.3928192381,0.7692307692307693
1C9F9Xkonf7QYaiKFUJzgqTx4zpTXAF3nW,21,2.8151083378281614,59.11727509439139,5.69541774578348e-05,13,8,366376.21944540006,1.4444444444444444
1CB4T8FFUR7pqxVxobPMMsVo9xQwLNerHA,13,1.6299252389166838,21.18902810591689,7.136988032708568e-05,4,9,553648.4154583333,0.4
1CBE3v9U11vCbQxQijHeG6YtyneUtQ6tbQ,11,2.0881684409742363,22.9698528507166,0.000175823363355131,5,6,570045.7219955,0.7142857142857143
1CBShAeVEYDMZhcQ5uiLrgpNDF9icsPSQ2,27,2.0705318755348068,55.90436063943978,0.00012231066054519153,10,17,292970.8523771923,0.5555555555555556
1CCt9HFDJHWwj6nauacyFAmQPwMU14n8oU,21,2.2817404119832685,47.91654865164864,8.13967063230959e-05,10,11,377471.0334064,0.8333333333333334
1CDjjHwkYE63KouvjeoBExZ1zMhgn7PHfN,22,2.9505851185448138,64.9128726079859,0.0001256858375083452,7,15,346889.82975042856,0.4375
1CE8Tdequb54S1HEbP8MsBkA8Qrr61nX3S,17,1.2509480578492065,21.26611698343651,9.686049583110338e-05,5,12,475791.73852749995,0.38461538461538464
1CELtLMEbMEsrPXwxnfCYKWKH2fDHf1KsT,22,2.86184808030073,62.96065776661605,0.00010216573537727442,9,13,330433.3332058572,0.6428571428571429
1CEWFKiwNAkEZSEqv5BaiCgPBahXkibT5H,15,2.606891485759284,39.10337228638926,0.00013314252055227633,6,9,498155.787811643,0.6
1CEhzD8oiMvQhbSHsCLvtxi69NmBmcoZQz,20,1.6029583668723084,32.05916733744617,0.00011492439009505049,10,10,400931.90551300003,0.9090909090909091
1CEiPQ21d1GyAGDcwTCjN1eMQRNsUibxZN,23,1.7975392890255546,41.343403647587756,8.271245091262499e-05,9,14,352856.1944203182,0.6
1CEsWSWwiKP2ZpUHNX7Qd8GK9LNWcLE997,20,1.9453286648817714,38.906573297635425,0.00010497454038522436,10,10,374450.0513738422,0.9090909090909091
1CGCuVzssgVrKbkwMRbx8vitbgG6XrkJRX,26,1.9152859118132044,49.79743370714331,0.00011071078084789676,8,18,243403.31259616002,0.42105263157894735
1CGxTirRQVxrntcoVMKRoVGxfBrcxMJ5fn,27,2.4299712423681603,65.60922354394033,0.0001073499811834438,14,13,277515.4228284231,1.0
1CK8UbmJPkGCc2yNqiZKhJfnLWCuTwYo4K,27,1.5398958422775613,41.57718774149416,0.00011421439550823794,9,18,295662.3931678462,0.47368421052631576
1CKUbKAcepF6Fb2xVFp7C7AEzHW4AVCEZ4,1,1.0,1.0,3.124091634788448e-05,1,0,0.0,1.0
1CKk8Hvt1kjVksdfdDmKcbXqho8TEa4fhL,19,3.070979605059263,58.348612496125995,6.703399192753709e-05,7,12,316361.3902326111,0.5384615384615384
1CLGfLVNJvPivTSnh4HJ12AQkvJwv34Sue,1,86.27742101564647,86.27742101564647,0.0001172325963507,0,1,0.0,0.0
1CM9MDRidNSWQqjGZ1KKNchBfwrDgaFxJz,17,1.59830502254873,27.17118538332841,9.023492455562092e-05,4,13,437224.37570649997,0.2857142857142857
1CMVEP8kiZJ4HZxKMUsm2ptWx1jTBT9Ubm,17,1.6767164028994286,28.504178849290287,8.320013694878939e-05,6,11,473481.94582900003,0.5
1CN14rHZHH6t8tjyQx7984GBSNv33HGD5E,21,2.0476399635002145,43.00043923350451,7.365474261939197e-05,5,16,348579.2534371499,0.29411764705882354
1CNhTUKTswtpNfntLrskpA4V8kpzyZ5zrv,16,2.828967206808319,45.2634753089331,7.36072173916991e-05,7,9,488870.4565294,0.7
1CPB3mYKmGLFq7Q1uUYuqph15WL1AeD32S,20,1.4524260248681264,29.048520497362528,0.00011961527742666684,7,13,408922.8181790526,0.5
1CR2EcnaiaDGcT2bhF552LznpMBpbkY5cH,20,1.9303593026491366,38.60718605298273,0.00010481837371591833,11,9,397064.9930438947,1.1
1CSc5AabUSnMb9gi9N2HgY1eu5D7PmYiSk,17,3.0014871681513946,51.025281858573706,8.948901778988157e-05,4,13,438031.03169656254,0.2857142857142857
1CSxFcZ7QQFw8TLCZDgB2QckQpLccsWjfq,26,1.562910730433952,40.63567899128275,0.00011177388245837179,7,19,292588.07413144,0.35
1CT76zpNmgPhgyZJYuoqa5K1ZSTS9bsPte,1,2.38172569482511,2.38172569482511,1.409313907295257e-05,0,1,0.0,0.0
1CU6cf4qymvwBFXDq2nY75ZqJZocEMifQ1,17,2.69403610340513,45.79861375788721,9.413865917848347e-05,4,13,455204.34955231246,0.2857142857142857
1CW4nagCxmQwAi19TmTujG4gtUoHKnMXoh,23,2.8518261649411696,65.5920017936469,0.00010901746568563437,9,14,329048.5844842273,0.6
1CWNfTxJCsH6eDMysN1aSuA1qsZSyQcaks,2,0.09989807300275261,0.19979614600550522,0.000190819063596,1,1,22351.453053,0.5
1CXQ6LMV2JNznPSp2puHLVMiGw5fHU1x4z,17,1.5160346947402585,25.772589810584396,4.1526717474911265e-05,4,13,418514.7839114375,0.2857142857142857
1CYVc7jRUmtzpajaBxnVuK5AScwt73E8hL,10,2.065037456193076,20.65037456193076,9.12021691154873e-05,1,9,798854.8314494445,0.1
1Ca5RFktWErPshBUBseL3ZnaAwUchYryxS,21,3.00122170852942,63.02565587911783,0.00010138195405266393,10,11,351382.2143265001,0.8333333333333334
1CazkHxtnbiFbeWMfT5MRoTRd41w2vfd2A,22,4.197818100140445,92.35199820308979,7.46504285086837e-05,8,14,352040.04473176197,0.5333333333333333
1Cc3RWAq1QknqC4UqSvcCuS8EM29drq3ux,19,2.502351094167299,47.544670789178674,0.00010735930786428029,6,13,367624.79243249993,0.42857142857142855
1CcHbgL6UXkXVpzv4jLjT1s7ReaK1PejUX,19,3.1701994667189966,60.23378986766093,8.940578506398908e-05,6,13,399231.9478695555,0.42857142857142855
1CdYE1YEZByieHjfqAfdskm6JmAXQ4gueb,2,0.9999902645423795,1.999980529084759,2.6555010971613228e-05,1,1,36308.447296,0.5
1CduF4mc9fYDmHhEnJcsCxJ1ZBtA3SMBaF,23,1.4623961040228857,33.63511039252637,0.00010930897391239949,7,16,318737.25045263633,0.4117647058823529
1CedgQ6EtwonWthw8HjREgPUv5dZrGmAgK,22,2.5295832516999335,55.65083153739854,8.480852425398897e-05,10,12,351225.1325773333,0.7692307692307693
1CfWXLAab9Zuws1B2GHtGEDFh95g7cVVsp,21,2.9700801430842856,62.37168300477,0.00011094794119935393,9,12,344350.7472313001,0.6923076923076923
1CfsHMeiZhjHv7ovzZu6NSXXcfR6rrgKQb,23,1.593719592056834,36.65555061730718,9.277115177404827e-05,10,13,319512.1042734545,0.7142857142857143
1CgNVCEoSmRD9ymBYi5A4GbepFGVPJF5aw,12,3.303425159286885,39.64110191144262,0.00011079526245408353,7,5,696780.1589621818,1.1666666666666667
1CgmBRhoHJDF6iJ2GBYv25NpebB4HNLx4o,11,5.215081774384356,57.36589951822792,0.00015989475175678968,3,8,665124.1285715001,0.3333333333333333
1ChCLuVp4jsDZTJ9WBvMieXWHReWGRgXFH,15,2.8441238849454646,42.66185827418197,8.437957383068199e-05,5,10,545163.422067,0.45454545454545453
1Cisd6L3XDvkLAn7rdfGcfS1Qt73Q6N8RF,17,2.4056570660727443,40.89617012323665,4.675873178878489e-05,8,9,355307.030823375,0.8
1CixuCsjzUdhZVXNcrJqG8CAGtRFpwJa1z,20,2.357032576452681,47.14065152905362,9.434385768167566e-05,6,14,347231.05179636844,0.4
1CjfPwwF32WDqb9G9Yo4cLDdZkdphWETXV,1,2.777570891319508,2.777570891319508,9.971718323053744e-06,0,1,0.0,0.0
1Cjhr9bcmNpBBMH7XDcGSTF1y6cAPSXJco,15,1.589147803173553,23.837217047603296,0.00011297108617777383,4,11,486702.67785385717,0.3333333333333333
1CjiJ4WxVrfXYTEDuvuvExazWHNbGMmbwu,14,2.787868877434577,39.03016428408408,0.00010412631531866892,6,8,497130.885119154,0.6666666666666666
1CkXoz6j2Wox4TeeyLeEJadjuQXWQTTEtC,24,1.9874775643119893,47.69946154348774,9.445823435157494e-05,6,18,325524.70349243475,0.3157894736842105
1CmccaBDVJmZFn4GHLQmRNL7k5r1YvCYcB,29,1.6312922205134281,47.30747439488942,9.463706476491887e-05,8,21,261332.39919717857,0.36363636363636365
1Cn3dNdzRPfJ3Kmef3GwrZaheezj5rt9eu,15,1.3953545671394225,20.93031850709134,8.693282492280066e-05,4,11,484062.00587528566,0.3333333333333333
1Cp5WjUw7UUtYxSY3isYQtXGNN6QHPXrpA,20,3.340902327161062,66.81804654322124,9.876256853384026e-05,10,10,360935.63614068425,0.9090909090909091
1Cp9afxHaMzVR9CWvNxDKhTKaMSVsxe2eq,1,0.10502814764069385,0.10502814764069385,3.5617556928298104e-05,0,1,0.0,0.0
1CpGzssCtcj76vKrhgE3jFATQgSuXhrY8Y,21,3.4171266884442586,71.75966045732943,6.846952098975745e-05,8,13,364386.06587379996,0.5714285714285714
1CrW2eMPpTFvmzNKEtqUrMAobT87f747cE,20,1.12455242192075,22.491048438414996,8.488839993661351e-05,7,13,370892.3536386316,0.5
1CrvZLEgUhsJx6mQkbax4CEYXZethb6eni,20,2.3534110713718674,47.06822142743735,7.517804301506768e-05,8,12,374473.78874284215,0.6153846153846154
1Crvwny64uWPNBmvrgHegoL9SukFbRe7Rk,15,2.0639854949564067,30.959782424346102,0.0001242108195529848,4,11,517676.3493057143,0.3333333333333333
1CseR8tezUTrHYhsquxSSbHVdEVfcHmSkb,1,2.1008748643025847,2.1008748643025847,7.016178577609016e-05,1,0,0.0,1.0
1CskAQfkdLd8ETsCjCp1HQsXyoH1ZHU5U1,8,2.4170901335742414,19.33672106859393,0.00010087746030902523,2,6,392548.18443842855,0.2857142857142857
1CtJyuZzpfAz9y5A2Z7zVobkesZeohHLNG,16,3.0112868660500585,48.180589856800935,0.00011898831374622329,6,10,501709.9709887333,0.5454545454545454
1CtUrehpjUbDEAnssPh4aoLQZswgiMZVY9,18,1.9398582097238177,34.91744777502872,8.423670604338485e-05,5,13,437684.9177127058,0.35714285714285715
1Cu4PXLR9BJz6oyVjWfd9Q2KwvPzqMCbhP,21,1.673391008442155,35.14121117728526,9.519434092376472e-05,4,17,369205.40762105,0.2222222222222222
1CuWd9rJdhmiomvYihWsRKYyBtxxfNRRMQ,28,2.544010364352702,71.23229020187566,7.124766973647203e-05,14,14,233236.5082895926,0.9333333333333333
1Cuiky4NwoVKPrECu373p6sh2gfdvvhMmh,24,2.1397581079225536,51.35419459014129,0.0001067369552972471,9,15,311168.0554774782,0.5625
1Cw3pQFHg7Dzc65fsCTmpEZSEHcyVALb2X,22,1.9228534320426975,42.30277550493935,0.0001095114778893395,7,15,342202.18197004765,0.4375
1CwDKKugiNz5cXLfwZmG22UgjMeNUTg6pp,2,0.09976253963986896,0.19952507927973792,0.0001892242006238,1,1,7635.877028,0.5
1CxX2BoxA8cJdoKpkY2vRytDfbWxK9uFqQ,19,3.074187552226084,58.409563492295604,0.0001274214865667307,4,15,407012.47396444436,0.25
1CxhtjUGfBUPcDSh9o87bzEXYkd2PwZLxc,14,1.414934650128547,19.809085101799656,9.200013983234132e-05,5,9,567641.6820520769,0.5
1Cy9H7hFstpYTA5Urey4MpjF4odW36q2WA,18,2.4756211336723113,44.561180406101606,0.00010412286528159455,6,12,415152.82336888235,0.46153846153846156
1CyraYqdU4QYVP63rdkkAs4F4YafTjHxQT,17,2.4661616467709915,41.924747995106856,0.00011443637507755076,4,13,370212.306068875,0.2857142857142857
1CzSwTDkjWEhruPNZefjeUkMzWC1ZenSAJ,25,1.8570216477864634,46.425541194661584,0.0001249984667547112,5,20,277124.720000125,0.23809523809523808
1D2QyuNFdKUYNjozKm3uVabBzxt8LsVcBC,1,5.367691408569043,5.367691408569043,0.0002141361150328,1,0,0.0,1.0
1D2gF4kAxVZLNazGE4tUqV7HDb2MHuMALp,17,1.8729305796940225,31.83981985479838,0.00010799942622467224,5,12,448777.8801176875,0.38461538461538464
1D2orQuV8igFVTXTX5fBxixedsg6DYEVQd,22,2.5578778238639,56.2733121250058,0.00011552470003161797,10,12,298498.01267038094,0.7692307692307693
1D3XtrUZaC8AGJyh7L97bWxiUKXgceFWMn,19,1.5821338609763016,30.06054335854973,7.596927546684366e-05,3,16,392410.38438299997,0.17647058823529413
1D3fEHrFoDjrzsyRKhmpoSfbGB6hrz7xAo,20,2.1576871414614986,43.15374282922998,7.408512768919868e-05,6,14,341714.93192778947,0.4
1D3hXSuX6oZ3cdaBurARDkG6GvFpyRPnYG,19,1.4406352471916464,27.372069696641283,0.00016815311491432945,8,11,375739.9542726667,0.6666666666666666
1D5w7K8CRMHEESu9WGRepYbVNqKLwXU3p4,18,2.655442996485691,47.797973936742444,9.437053239467154e-05,6,12,396242.96960870596,0.46153846153846156
1D7jz49Hjo9WT5GBAvhhYJgvnGpGe8tFTH,19,2.6703955825604213,50.737516068648006,9.522289830565785e-05,5,14,421164.4917683889,0.3333333333333333
1D7xgeeYnogzdkVh5JSasGFTaFcztAgdxk,23,1.3451373662875243,30.93815942461306,9.265334787408912e-05,6,17,331400.18231118185,0.3333333333333333
1D8cKHL9KEbboaJ7U3nRymthe4A5DxHEYc,12,2.281991067328254,27.38389280793905,7.166255561806365e-05,3,9,666549.0238225455,0.3
1DA7wZKC8e8Sgth83zW1PngRSDZhjSRNov,17,4.331225270895204,73.63082960521847,0.00014738519513223102,8,9,361060.54159306246,0.8
1DARTD5wNMiMfbptKW8ph73KHuvjE9drSX,26,1.9197562231795913,49.913661802669374,9.031169299698544e-05,7,19,303278.47604748,0.35
1DBXuG5hV4S4RwVUqt9NAawCLjFhHM61F,27,2.010259197822607,54.276998341210394,8.089195744212615e-05,8,19,284297.1114481154,0.4
1DBf5emUxaBqHHxt3rtho3SN2dKFFBMNxH,19,2.396296314120499,45.52962996828948,0.00015971263380950133,4,15,401423.3747413333,0.25
1DBg1YhEJ3La2BR8FuwVDWMefDZCfg5BqB,12,2.573761377918491,30.885136535021893,0.00014081391826424944,4,8,646296.2567644547,0.4444444444444444
1DC3LDi5PM9z9PqxQzZ1aDF4GsQ7Y1F447,22,2.7851873491159704,61.274121680551346,0.0001284949114944847,14,8,351300.9959493333,1.5555555555555556
1DCZJc1Yr2wa9yEn4s2zRvy38VXZAr5ZbQ,21,1.3818460243627129,29.01876651161697,0.00010166358117338742,3,18,364009.5833098,0.15789473684210525
1DDDZsaWwmgAW9KofLeKXByVtnu3CLMdYK,22,2.3148751820115057,50.92725400425312,9.076249117392983e-05,8,14,332200.8765165714,0.5333333333333333
1DDG7ixGwZXfMa6bT3JrnwzQ8ZqqQzhVfD,11,1.8438537254391498,20.282390979830648,0.00010452242933223656,3,8,646682.3643774999,0.3333333333333333
1DDP5zKJwFR1t3jyDVmsWtF5jwwucFto78,12,1.9206840159875,23.04820819185,0.00012060030306166646,7,5,412585.54830481816,1.1666666666666667
1DEGWmF7roVKkMD8QTbnvmxsQhXxZMh23N,20,3.1782138568036435,63.56427713607287,0.00012409525460361186,6,14,390322.90207763156,0.4
1DEk58tJ6X9dHgMbE7P3Ei5KzimoRTyKPe,1,0.7184813383420788,0.7184813383420788,1.0814490847198865e-05,0,1,0.0,0.0
1DEneKzRXLYup232QYjuFwF17japbZbGjy,22,2.864857597109766,63.02686713641485,8.32650498049551e-05,6,16,351628.76097566664,0.35294117647058826
1DEw1viA9NbXF9S24stgPSrfC6z2vRwCwv,28,2.353681010794347,65.90306830224172,8.42610119620347e-05,12,16,280518.19429659256,0.7058823529411765
1DFAkQ2kUMMzw3Nxd8o1bhLDhQzbyTtALo,21,2.53566412364468,53.24894659653828,0.0001076681651649507,6,15,368959.62406450004,0.375
1DFSe1Cxj3EgAcusytEVWtA596x6cnXkRi,11,2.2604168922156465,24.86458581437211,9.619361498816673e-05,2,9,735932.847173,0.2
1DGPkGzZAfafase8qmd3QHKbJXBxi7sg9L,2,13.478177150336705,26.95635430067341,6.905660461059226e-06,1,1,1256.930034,0.5
1DGmNRRVm9iM1quq7gmWXJrag4S5dguoQx,18,3.7704955286483486,67.86891951567027,0.0001021960807874388,4,14,358866.27541299997,0.26666666666666666
1DHGD42otN4PcGuh9j6xB2YQ6mZWoquCyh,17,1.7949464930702181,30.514090382193707,8.887834386961454e-05,4,13,383720.26813775,0.2857142857142857
1DHHGRCWkKfvYXsbFdCGeHR2AgmbT9ti7m,1,2.20687090556702,2.20687090556702,5.007655655705412e-05,0,1,0.0,0.0
1DHTVZKSujq3XtZn7A2qMdgodYgvSijQnJ,18,2.642426532554239,47.5636775859763,9.946330548125614e-05,6,12,412639.4240430589,0.46153846153846156
1DJZqor8es4rp98QgLEEe6gEisnq9ttvih,16,1.8510396402889784,29.616634244623654,0.00017767328350627671,3,13,466432.34714120004,0.21428571428571427
1DJwdGkbPRMByfCZ7fdNJZdmS8xvMNgBpP,18,2.3578922693951507,42.442060849112714,0.00014218207723905096,8,10,330364.111575,0.7272727272727273
1DKZi7x4QhvmJ9dzxYcjrZQ4csorJkiEPC,17,4.091509459432363,69.55566081035016,9.906215914836073e-05,9,8,420505.9800849375,1.0
1DL18HXZbr3U2oEFeER24YJ7jznA8S7McN,22,1.5398939721836735,33.87766738804082,7.652486640353121e-05,6,16,364827.66257590475,0.35294117647058826
1DLLbniqzTCgfiLpfmfAnLhk68SNbANUWY,23,1.8196292782343158,41.85147339938926,0.00011076120381305041,6,17,342634.9954243182,0.3333333333333333
1DM68SDcAaxusojTqQGpZFwaFWDsgG2NyZ,20,1.7501312506660116,35.002625013320234,8.07609906550139e-05,8,12,334095.6242534737,0.6153846153846154
1DMFKR6cMRcrJEJsfsEkqMSQpCPyE43ifg,18,1.7055004588641576,30.699008259554837,7.420760219793834e-05,2,16,445179.00824252935,0.11764705882352941
1DNe6BE5gqg2x49UZKjVKj6tip2pGvf6vq,22,1.394221949998933,30.67288289997653,7.573113927715822e-05,4,18,316335.1606046191,0.21052631578947367
1DNjdStieHj7VYmmmpBPZRLcWhzKXDXSpx,20,3.337872143874354,66.75744287748708,0.00010014889898253688,6,14,338129.2163373684,0.4
1DPNChk8gm6dPbHbBwZhwR3Umbv9ifWh4Q,1,5.076490189272623,5.076490189272623,0.0001248905164239,1,0,0.0,1.0
1DQJYQsH5kqycEZVF47HPxd24At9rXyQKF,17,1.5723267731409079,26.729555143395434,0.00010864456221535496,6,11,458182.958663375,0.5
1DQKxjCqK1CiFp8iAyc8Wc1RE2JM3jvto3,15,1.3981682685712102,20.972524028568152,8.380726130457427e-05,2,13,512674.45696264284,0.14285714285714285
1DQSBALoaashsHKxxb5XRgHi8WfW4ykqhM,2,14.135006715697841,28.270013431395682,6.707679590124596e-05,1,1,1043.008066,0.5
1DQnwHPdoWYaGueyJV15dW877dqPd4mShz,30,2.03613520621944,61.0840561865832,0.00011053832330579399,12,18,255037.24801048276,0.631578947368421
1DQrtd38McLFMnncW9PVevsniyQoezAEZQ,27,1.994487058613998,53.851150582577944,8.913540365818379e-05,9,18,276818.5274657692,0.47368421052631576
1DSvdXdBXUk5hP81JgGcxrjhWHLU8dHSnP,22,2.076326511537969,45.67918325383532,0.00012284262267428048,9,13,336024.3917662857,0.6428571428571429
1DTR9xh34XDf9bevj4ZjoofEL9owCraiHC,22,3.510357347918701,77.22786165421142,0.00013440851991357511,6,16,328314.64391195244,0.35294117647058826
1DUvqfjbsmg9dSrprsSu2Aj9DRZMH8eeWb,18,2.5608698251522957,46.09565685274132,0.00011879875654481397,10,8,434991.45409623533,1.1111111111111112
1DVsH5M9tBJQkhCbXtkvJ3L8tXcabm2fKD,29,2.6530821547748396,76.93938248847034,0.00011130249750545736,11,18,241062.19518967858,0.5789473684210527
1DWAB1yNBUPR4DeV8sqSgZFSHHeUKWtRkF,2,0.09988891430807482,0.19977782861614965,0.00012588151765575002,1,1,42840.868008,0.5
1DWnDXsGF2NoPdZvs66EAmSmUYfMT1V21m,2,10.648408106638716,21.29681621327743,2.3438446784535497e-05,1,1,730.128039,0.5
1DXmaUCBEZ2yJcKjM2qerXz1R5cwAm8qg1,20,3.6279480333919936,72.55896066783987,6.467967590217369e-05,5,15,316930.22570678947,0.3125
1DYEx8S6rT8d7EJafdw2z8t1fYHkfdL28e,15,1.137116862842347,17.056752942635203,0.00010369137178032925,4,11,449739.1524965,0.3333333333333333
1DZyqLmjgm3fQEGKgSdg8yMAV1QWuLETZW,18,1.307377887970751,23.53280198347352,0.0001031652985182328,2,16,432713.17632505886,0.11764705882352941
1DaVYmw7JGS774UUsSc4LHS7HT6JqP9qHe,16,1.5971350061776373,25.554160098842196,0.00010918144696375967,3,13,461448.0380726,0.21428571428571427
1DbEZM72UXwWfZEV7vXCKjZxAgLrKUoVdP,23,3.3380118942668906,76.77427356813848,0.00011300962459103987,6,17,340699.1563357727,0.3333333333333333
1DcKk8khhkbZW9vYdnMhptaxWokSzykqrY,21,1.7710949989453109,37.19299497785153,8.308846359719025e-05,10,11,376003.20276044996,0.8333333333333334
1Dcbjepx277WHgsUxFBYnm4Z96UoBwupbE,24,1.9502782456828083,46.8066778963874,0.00014219786607852784,11,13,299539.8218324783,0.7857142857142857
1Ddzqzc3WE6FD7YMsMpdqcvcHTzmjy7TCf,18,2.241206319974377,40.341713759538784,7.717607792074151e-05,3,15,384504.2236863529,0.1875
1De4jzipqbjeTX9nZJmJ99FCWoVvgUzxM7,18,2.3353833004374747,42.03689940787454,6.891460257777618e-05,7,11,425677.1353932941,0.5833333333333334
1DfexLmQwiovyWEiUDH1Xvest7GvtfQQsy,1,5.0,5.0,5.670426563723331e-05,1,0,0.0,1.0
1DfgyQH5V7pooFMmrpgj3eeHbSUVnWN4bf,16,2.7616254937797464,44.18600790047594,6.071012473167006e-05,5,11,510359.6033496,0.4166666666666667
1DgcEEUVJ7nWPaTPPWLjjcUo7o5ambZMVZ,2,10.35793111410061,20.71586222820122,6.598596835073042e-05,1,1,270.817413,0.5
1Dj1AnaN6aa1RbgYwYtWHNQjLeeFwbsq8t,24,3.054804097542851,73.31529834102842,0.0001035280859287527,9,15,308454.53947669565,0.5625
1Dj3rmAeLH9uLMcSJgo33AhQrXT1i1TcNT,20,2.50761891300911,50.1523782601822,6.918363591444311e-05,8,12,408810.402464579,0.6153846153846154
1DjqNyC8LiK96uc4gATu3rQoCHUDdtAg3b,2,4.9999506613932025,9.999901322786405,4.6328745544147313e-05,1,1,18401.044982,0.5
1DkEYpbh7p7R4gz1PDAVdJgssJm1BqRzFR,18,3.084281757669447,55.51707163805005,6.738382259399867e-05,6,12,415024.64290494117,0.46153846153846156
1DkNEM7BCT3NJjqvKxu2o4h9zUJou7mPZE,16,2.429977723887213,38.879643582195406,7.413393916873949e-05,8,8,458011.03868006665,0.8888888888888888
1DkNLBstaiF4CqRpV4nuz6eiRhQnGKZXdB,13,3.6881422571721836,47.945849343238386,9.34911818568882e-05,2,11,606465.9782989166,0.16666666666666666
1Dm7mCaX3Wre9s95Cfzek7KtRW3r1dxvdy,14,2.173462628295274,30.428476796133836,9.345444008328252e-05,8,6,542639.6031330769,1.1428571428571428
1DmfiYxz1m7Kz7ENJECGwjVZCjvxYChB2h,17,2.5395646673067107,43.172599344214085,0.0001369515883698751,6,11,479604.99531674996,0.5
1Dn2K7uVyMYnNDyKfE9XVVaGcp9rMb5Hb3,17,1.7443573798868284,29.654075458076083,0.00013769935913267677,4,13,442633.66654756246,0.2857142857142857
1Dn2mhidvQv83T271BjbjCLqbgeWi3Cqjf,25,1.6313532742288286,40.78383185572071,0.00010031381063475705,7,18,323336.4729624584,0.3684210526315789
1DnFuxkt1Jixcbky6U4jhC5xWu8P4GTtkM,25,2.061724704368631,51.54311760921577,0.00014649154063499516,8,17,295429.69512475,0.4444444444444444
1Dnft5ywowkyqa3zAFaqdAtRhYSBrzRjVu,1,0.5178724540672974,0.5178724540672974,0.0002663851628726,1,0,0.0,1.0
1Dnxjg1B12evb2MpVzmfzWnNzYc44JEdUf,17,2.195549872148609,37.324347826526356,0.00010091282462031107,6,11,384820.890295875,0.5
1DoCbWDGpUSZRP3iL1yLRp49MVq8bK6LNR,23,1.9743812320033463,45.41076833607696,0.00010363474464170045,9,14,333170.93790713645,0.6
1Doc4WHXQxkTtpfPKpdU9QZ6G9KZ8djLjr,23,2.265831956618885,52.11413500223435,0.00011320011747010836,8,15,326491.71991200006,0.5
1DpbJq8GZhxqze6JkoB13UEFPRMfEP5Mek,23,2.364081542916557,54.37387548708082,0.00012923013744162802,9,14,344494.95063509094,0.6
1DqPD3VJQsNUQCVBiMp41ShcT6v8J8JLen,15,1.6316893119635953,24.47533967945393,0.00013104680755451242,8,7,447785.2215042142,1.0
1Dqy79zmLK9bZTE2Bw7WNn8iWE2SNiFeET,13,1.9952455894424947,25.93819266275243,7.693793565797869e-05,4,9,599790.38805475,0.4
1DrgRguoEaUMGdTa4ejQRuB1nw8rHR8gUg,18,3.498713097624676,62.97683575724417,9.770234153610205e-05,7,11,410190.11765888234,0.5833333333333334
1DrwPN3WSbTpX24bs1f6S81cVkP7gtpMtq,18,1.9333715485734,34.8006878743212,0.00011629406327623493,8,10,436445.6999644118,0.7272727272727273
1DsHJL5JXLEFWucLZtGDNSP9qcseQTG1rF,1,0.5416495851709854,0.5416495851709854,0.0001515973373536,1,0,0.0,1.0
1Dtty2geBSNovZ5RJxxWaQ4zzQue5z7chm,15,2.2486160947294866,33.7292414209423,0.00013354513396737815,3,12,507666.71166728577,0.23076923076923078
1Du1KTFmvTT2PahwCKFZE1L1jahcNwJzrk,26,1.7431485478825803,45.32186224494709,7.399684716303375e-05,9,17,307731.24349216,0.5
1DvHmtq9Q2uFEQvkv7c3WNSq66kKZPjZi6,1,0.9097997816244507,0.9097997816244507,6.271101340834079e-05,1,0,0.0,1.0
1DwAy1C6wXy3jp3g97LCCmZeAVTCyv3Y3Z,20,1.6424036145241796,32.84807229048359,7.954146450426584e-05,9,11,304584.7148142632,0.75
1DwW5CdjM22ibBAP3u2DKBmFR9e2TGSNzq,25,1.8849278493380286,47.12319623345071,0.00011045871060878669,7,18,298367.47943516664,0.3684210526315789
1Dz4T5yiy3vWTFESKAsSPAsyhWZnbEY7vZ,13,1.790944367048882,23.282276771635466,0.000123693481965612,4,9,607434.492454,0.4
1DzUiD1E5A4eXHUafLuDe1CvAuMwZ95ecL,19,2.939857566566558,55.857293764764606,0.0001050911753594102,6,13,405214.05153466656,0.42857142857142855
1E1rwB92ToP2j49wPAWXK93jbRfddc52wJ,26,1.9463230044146687,50.60439811478138,0.00011008390385504869,8,18,286510.75267832,0.42105263157894735
1E21axDtuf4kPzMoroXPfADaXyz1BhJ6hr,14,1.4725179399109003,20.615251158752603,0.00010597181056749474,2,12,542342.6326268462,0.15384615384615385
1E33QS6BHL6of73bKyYqmvP7RSygZhdKWA,18,2.0789924331475174,37.42186379665531,0.0001293958370838396,3,15,433077.4765471765,0.1875
1E43jXPJasndfRo8ehRvWxdoA1HtaL77PW,26,2.6492646391552546,68.88088061803661,8.56869414652771e-05,11,15,263951.9265904,0.6875
1E4UqJh9TjcPcBynknjRdBRaD4odriaJN4,17,1.9323495208436772,32.84994185434251,7.170223812839064e-05,6,11,472044.3504053125,0.5
1E7A9UDCq9p9aGt8GF2ZLZ1YaKmgeWX5Jk,28,2.090304208930989,58.5285178500677,7.396222849880375e-05,5,23,262016.9436119259,0.20833333333333334
1E7b77Mg1AqKmavCKsGViz8cjPQLfSYtiL,23,4.3050091304536915,99.0152100004349,8.464251425418198e-05,10,13,259833.8490632273,0.7142857142857143
1E9RkiM9BpzQMv9Gd4hsZvzqNpWAxZSt97,18,1.55894515975018,28.06101287550324,8.788359175206968e-05,3,15,425166.9487291177,0.1875
1EAGG9GDC3voWLS7h2e2kgqXE2BRtnHZxB,23,2.6630257849671763,61.249593054245054,8.06961710904847e-05,7,16,259100.1978428636,0.4117647058823529
1EDiJSfKqTPvjkHJMQ5WPzT9gMKEb5iV8q,1,4.99998871370137,4.99998871370137,1.1286298630051248e-05,0,1,0.0,0.0
1EEp6t9kh6A8oQYkkWtHmtArwuTwMqFpWG,12,2.8927792869494424,34.71335144339331,6.05677854450907e-05,5,7,657342.9757583636,0.625
1EEphXtrgXRPeRXD4XbYHzBPHMYgfPyhWy,15,1.804143195001776,27.06214792502664,9.07054806018483e-05,5,10,534122.2937737143,0.45454545454545453
1EF8YMNUgr8FpkgYxMN1yTGysKs3RnpYwo,12,1.95440095252215,23.4528114302658,0.00012138655407865574,3,9,667037.4237724545,0.3
1EFJRmgPUSrUz4FxSkN5J3nC4oKtKKw9Z2,19,1.5378966815979218,29.220036950360512,6.640452803573411e-05,4,15,370060.1572408889,0.25
1EFZPELkB26PE7fESpRfT3tB9g6uLruaXK,20,1.4834353285881607,29.668706571763217,9.961444049064121e-05,8,12,403271.0353213684,0.6153846153846154
1EFdKFY5nXdQapqDiuH5Uj27ePN9n15AJf,23,1.6687950415508408,38.38228595566934,9.29830413982566e-05,8,15,319849.7399568181,0.5
1EGErUscoKnHpxuomanafmGTbmE1XEZgAk,2,4.9999369958022655,9.999873991604531,0.0001315635733274069,1,1,17216.645115,0.5
1EGZCBcC2iWbChzWV6fUHMHrrwM8T4Fsgp,14,1.5383113137243256,21.53635839214056,0.00013383707636903099,2,12,542938.138998923,0.15384615384615385
1EJARC6aBVNXr734Nn8LudGFix9Uy7UJfg,1,0.2387595770195012,0.2387595770195012,0.0002240409131827,0,1,0.0,0.0
1EJKbmqUB9vuZNgmXbXfa3UDBKAxi1PcV3,21,1.7355807312298046,36.4471953558259,0.00010300372887547282,4,17,332375.96348225,0.2222222222222222
1EJU6GDggTrixR66U38qiDyjLqpoczEnA4,23,2.0855376772506116,47.967366576764064,6.319227617574193e-05,6,17,342211.5758500001,0.3333333333333333
1EJqGTRYP4uRVNbPaY1Vmn75yFJH9ZHzKt,17,2.1058443047644473,35.7993531809956,0.00010287923931799362,8,9,449363.391226375,0.8
1EKfvpw6nKbtMfFgbZnUPmyZ6jPtHQz4yi,20,2.8379226096289663,56.75845219257933,0.00012400148631239099,10,10,389625.25654015795,0.9090909090909091
1EKy1M2KQDt2fQ5zCx8HUpWWyGgoCyrQ87,2,0.0997537208189853,0.1995074416379706,0.00012350121654165,1,1,13867.490734,0.5
1EMJGkjGqmSpHAJkvtXinKV9FfxPQfySho,23,2.9736798570857546,68.39463671297236,0.00010708309462795665,12,11,333667.151151909,1.0
1EMTb1F5dZEbe39ojuGYQ6zfKCVa3WSxjB,2,0.0999825501239056,0.1999651002478112,4.5405697060359144e-05,1,1,42387.96973,0.5
1EMnx9BaQHFxzY3Eb6JqVag1ukytc9vFvG,22,1.6075511369288158,35.36612501243395,7.980350857942298e-05,9,13,349029.34315890475,0.6428571428571429
1ENYRzAMYueRkHgJ21YXUq8Qr1MZsAQMwB,26,2.301078025387196,59.8280286600671,4.8434555567686044e-05,13,13,302167.56901108,0.9285714285714286
1ENmuXutMw3CNkcF388xxMgLk6PVosbLGB,16,2.570495065695149,41.127921051122385,9.775411792899072e-05,7,9,486373.27126566664,0.7
1EPu7TCi4nJhUtb5L6zJCWaSGnzBriEE2D,19,1.5962401927585634,30.328563662412705,7.798497710709203e-05,6,13,409048.16194105556,0.42857142857142855
1EQx8FDmYBY5RPf42658G2vJQ5fdGwh61P,18,1.4681205687491041,26.426170237483873,9.255308444993125e-05,2,16,361074.80720382347,0.11764705882352941
1ERDfSnXeSySb2viPJdUdANUe9zQRbnH4g,9,1.6888753062824593,15.199877756542133,9.243444525537168e-05,0,9,615911.7950425,0.0
1ERF6vbQ6Wb9bGtxCbqCfV4z58GUw1v3xw,18,2.0287801032163895,36.518041857895014,0.00010609101784611528,8,10,382257.7518702941,0.7272727272727273
1EUCZZZF4ci2cH4U1ahVVZTbHES3qs8QPo,20,1.6281858153126325,32.56371630625265,0.00014075411513837292,4,16,402664.68194405263,0.23529411764705882
1EUM3tViFe6BJ6Y1VUkGXjpzGZ2xjCan8c,23,2.65930323579731,61.16397442333813,9.498515289364917e-05,7,16,342932.89373068186,0.4117647058823529
1EVZfdj8kKD2yJHW1GbfdEB9vPEd5FpxxE,19,1.7054016931996925,32.402632170794156,0.00012959676791685423,10,9,421264.70705227775,1.0
1EWVT9wbUjrk9agFYjFo98HLNxbnSsd4Wy,18,3.4114535810830455,61.40616445949482,7.34813782388503e-05,6,12,455310.36735429417,0.46153846153846156
1EWnyTDag19yNTJ9QKaXsW3qH9ZchQdahK,1,1.0048950084509523,1.0048950084509523,0.0001245217056471,1,0,0.0,1.0
1Ea2rBGqDdhS3yHv5PJfho5BGYLRx9ztwd,20,2.1483558964087823,42.96711792817565,0.00011738539947206974,7,13,389144.73720184213,0.5
1Ed9qND2g1QDaHfm3bQSu3QwNFGx2ZUzMX,1,0.935985388775685,0.935985388775685,4.394769487671484e-05,1,0,0.0,1.0
1EgRcRAFnUXk1yZGJtYQTzaVvUHqNAQAFN,17,2.753587818011476,46.81099290619509,9.956639749974712e-05,8,9,464571.08570075,0.8
1Egs5Q1rKMhHfxUKPf6Ud1rvfxyxcdJs6M,13,1.552204644944093,20.178660384273208,5.5664355924164796e-05,6,7,508930.63940283336,0.75
1EhEcuHyiCyMLhTrMhPFA4XDz7nbM5TB4i,1,19.3359684081321,19.3359684081321,1.028540550934245e-05,1,0,0.0,1.0
1EhXcyE9dDLn38qxhpdPBF7svVStH5ohi4,18,1.5268449003892635,27.483208207006744,0.00010001216971548386,5,13,434823.60123170586,0.35714285714285715
1EiNo978Zc7h97X6CAepD5ZX3iyWzESHqV,20,1.638864113430555,32.7772822686111,8.836021316752461e-05,3,17,391759.37862705265,0.16666666666666666
1EickKhfNnswReWQrceiAW1GNfn8a1NPrH,1,4.999741501159,4.999741501159,9.966571507716258e-05,0,1,0.0,0.0
1EikCaUqtmQNyJHF8ix5kUctmChyYFbXpy,20,2.053519494906848,41.07038989813696,0.00010334496567585138,7,13,382370.98569631577,0.5
1Ej4D1FVjNCHupcmWEmsRWRFd6edWcyGZb,18,2.022991168604786,36.41384103488615,8.900805121649823e-05,9,9,413508.34910252935,0.9
1EjuqGHCT8C8UhvzrZ2TBndxDX78g8sSv9,1,5.0,5.0,1.3150830282812376e-05,1,0,0.0,1.0
1EkrvUjCM7u89UCoaVeejG5Vyd97w3J99L,19,1.2780240753862335,24.282457432338436,7.691828582249222e-05,2,17,413509.7720267778,0.1111111111111111
1EorggmvsQ69tTRS1e3x4uGFnmhkpNYzao,15,2.5061559817232113,37.59233972584817,0.00010051217355359051,3,12,517188.1940270714,0.23076923076923078
1EpfUz4oyWDevbDk2UwAjZ2batJq9ScbUg,19,1.704596968787968,32.38734240697139,8.199508682574503e-05,6,13,365999.8323442778,0.42857142857142855
1EqxHyyzDrwzUzcA1FFNrL4WYBftu9tFVV,17,1.5152745393244937,25.759667168516394,9.067883795492172e-05,4,13,436598.59031656245,0.2857142857142857
1EsHpjeevxzFMZbDZCinxrS15T9WT3myoW,21,2.340293286473462,49.1461590159427,0.00013217688599317327,9,12,355573.16521625,0.6923076923076923
1EsMweJvGBNU7DWh5twhNUGQ1pgwefs3Q4,15,2.4837402480900748,37.256103721351124,0.00010150966974776962,3,12,514157.3446104285,0.23076923076923078
1EsP1f4goZrQKa8UJUHABwphudFA4VD2uq,21,3.5888217652504695,75.36525707025986,7.385163145727073e-05,5,16,336765.84569124994,0.29411764705882354
1EsgGXFYAt9WXTMYSko7FqJSS3CFvFNFCX,1,0.22526410913500836,0.22526410913500836,4.249021441773636e-05,1,0,0.0,1.0
1EsnkLaM3DoNYuGYJHrJxevip8vyyd7Qbr,21,2.721984828240904,57.16168139305898,0.00011101026913526042,6,15,383502.88126815,0.375
1EtT9aHwhvaHeEM2wsdqU22Hp955eBFMFp,12,2.524001584706131,30.28801901647357,0.00012782566169698917,6,6,622553.7261342728,0.8571428571428571
1EvFENoYUYxFt22ZGFxQAZjuWwjypYCqxd,16,1.4875194458931142,23.800311134289828,9.794649421966431e-05,4,12,491358.4828636,0.3076923076923077
1Evfxn2inEREvwCHX7sB5h7Qzb3FYBxU6a,21,3.770664112480673,79.18394636209413,9.717013111823791e-05,3,18,374525.79356535,0.15789473684210525
1EwoZ1fqAQoQRbXP2CBnjUBTNJpfLto6Xk,20,1.7986917070212194,35.97383414042439,9.853652264884187e-05,6,14,380031.5082356842,0.4
1EyVt5cJ22CSAmAToZXLxYUQ3w3dpsKpVc,16,1.7443601174053438,27.9097618784855,0.00012116929583783568,6,10,496529.6689933333,0.5454545454545454
1Eyn1cJygUmKgnDPrSPQ6fr2qjCRQm8Qm7,22,1.512760002198808,33.28072004837377,7.750676207972251e-05,5,17,347533.01400738093,0.2777777777777778
1EzacVodLKkz9T7i3a6odZVQSNxWB2St1G,20,1.6123094358781895,32.24618871756379,9.02904252779531e-05,7,13,351861.2804071579,0.5
1EziCBxkjiBJoSdC1sS355ZErB8Nxganeb,17,1.7741265248766886,30.160150922903707,7.714676023620311e-05,3,14,396915.987640375,0.2
1EzkTKUsuyjqXJP8v7TKooGha6Z1i5iozc,20,1.704644838879021,34.09289677758042,9.367321993278121e-05,9,11,386825.0396216842,0.75
1EzkofXanR9FYNgoG8RLtqTRWxjMBe2Bwq,24,3.0660366993621064,73.58488078469055,9.124208857160618e-05,12,12,330425.55326873914,0.9230769230769231
1F2Jx2j77qrWC72e4khYrdaAhgWnUQohqq,2,0.09968987291807663,0.19937974583615325,0.000271169611528,1,1,42261.242887,0.5
1F2qt28U8Xf9MKRY4MtJqWQaZCyhxz84is,14,1.7226477473109747,24.117068462353647,0.00013444157989066585,7,7,580819.695388077,0.875
1F3CuM5ZFnRZ8CoEyFW5SLY1B1ZP6hz8qo,14,2.1024927117314474,29.43489796424026,0.00010208149778345123,7,7,459428.83886323083,0.875
1F3K9xC961Ee6JiAfLhvqRB8Tu2JjS41cp,20,2.3094273246529524,46.18854649305905,0.00011253872876261748,7,13,395860.2184577894,0.5
1F53Es8ufBnUS23rTMX2YFZqujsnKYRcdr,21,2.021671634130108,42.45510431673227,0.00010241114635503262,8,13,357829.2979126,0.5714285714285714
1F6dUVETBiN1N6kXXKRDZPmsP6pjQQt9eC,26,3.707990483232992,96.40775256405779,0.00010794969018678409,11,15,292983.55029104,0.6875
1F78tFZfkqdqGqVwwmQWbb2PyyjKCNjhrp,1,4.999449426095481,4.999449426095481,4.566833827748815e-05,0,1,0.0,0.0
1F7SJAkimUeNGn6QC1ngGmScvVFAuFLAw,14,2.537330298529554,35.522624179413754,8.221015367434145e-05,7,7,584865.7427755385,0.875
1F7rNJ8zJuhcbK2gzvpf8s6XB5w9rwM3sy,16,3.6385096640194825,58.21615462431172,0.0001045558339178193,7,9,463121.97241,0.7
1F8jnwWyiwyGNNS5PLgwaxPRHzdUmeTEcV,16,2.6437844182687575,42.30055069230012,9.013931082402326e-05,4,12,496650.8615707333,0.3076923076923077
1F9CHC3HfCMCMJFyyNUXQtaFHubWrjHr6u,1,5.0,5.0,3.795694087913948e-05,1,0,0.0,1.0
1F9S1HUUSMnRHavFpuVm3PUjfqpBteSoWA,21,1.7505963927016936,36.762524246735566,8.687319435262902e-05,6,15,369880.01558350003,0.375
1FAJcQft7P9jE88kbhZuVujjcZttaTP83k,36,2.0686423837941756,74.47112581659033,9.326261171743548e-05,1,35,107528.73593022858,0.027777777777777776
1FAYNydpHvbB4RzDti8vfgvAZEzV64en3H,12,2.2312512615789375,26.77501513894725,0.00011084027837085808,3,9,561630.1456402728,0.3
1FBW1vfCs6aJD6pq46UjHE9E43HmKnEQTp,18,1.883283870366933,33.899109666604794,9.288234404253777e-05,5,13,358539.269482,0.35714285714285715
1FBwhsgYPEcKU1wcyHEcAghDQMDQFcFPAv,1,2.0916158279391883,2.0916158279391883,5.17367247221216e-05,1,0,0.0,1.0
1FBywQbncJwu7DftvH2kpPg7Tvh1L4LGAy,6,1.674803022198588,10.048818133191528,7.249473143999867e-05,0,6,1225615.8668344,0.0
1FCUP81xJJEQ6PWEB4UgCkfHREcnC6NoLS,21,2.084065636443325,43.76537836530982,8.341180704636831e-05,7,14,367223.06323845003,0.4666666666666667
1FCe2aTaQkVuU36CVQajmYFXk34TQQ8Dsr,2,0.9998981435051233,1.9997962870102466,5.6227422469584796e-05,1,1,33354.10714,0.5
1FD2Sm5gBHNo1GfuUg9uzmZG5WWvhAuErx,18,2.019666033438557,36.35398860189403,0.00016233292903747963,4,14,313974.6707276471,0.26666666666666666
1FDWZ4qq4oDkkSUMVzChPHGKhq3gnQET2R,15,3.4659022169566334,51.9885332543495,7.377248473735281e-05,7,8,543650.0723776428,0.7777777777777778
1FDr9H29CmjkfNYanfd6YrK8txGZtz7RLE,1,4.5285213203994275,4.5285213203994275,5.628174898931493e-06,1,0,0.0,1.0
1FEAxQ8Xj8ZTntGTLznTAJhW7pzVRymibH,18,1.6327149768686477,29.38886958363566,9.495905532525487e-05,7,11,438876.7726032352,0.5833333333333334
1FEQj2nD8rZQaKjzuV3Mk5zJCpwLFcwDxh,11,1.9508095877396128,21.45890546513574,0.0001513939381288921,4,7,511757.28147050005,0.5
1FEhaN2ShD6aAruKMUu5PFuwgzhKjyMPq9,22,1.884692562415693,41.46323637314524,0.00010754456960618114,7,15,296160.33751095243,0.4375
1FFQYcYTwasRTNDnCHS196NTDLjJ4whCLs,29,1.8211287039792436,52.81273241539807,6.714590719590201e-05,8,21,271211.38545953576,0.36363636363636365
1FFUWC4nZo1RsTcPxHdb3CqLtW4cRUoh5c,17,1.4292667991380008,24.297535585346015,0.00012168916209809762,7,10,475523.317950375,0.6363636363636364
1FFtziayuf5axYpe8rX1Gd3R7wSYamTYJ8,22,1.8236223109037673,40.11969083988288,9.375032219975008e-05,12,10,315002.7121925238,1.0909090909090908
1FFw1ehNTsjfVdkjJM7MqDgUTZRRPHPDCa,13,1.443396049652543,18.76414864548306,0.00011894627761526884,5,8,518835.1262399999,0.5555555555555556
1FJ5E6jLmdxkCZqi9qS3JmqtPRYkc3uzkn,1,5.3985892214118,5.3985892214118,3.5695907580001226e-07,1,0,0.0,1.0
1FKByXg9q1BUMofMxN1DzCpyH1thdnZ14N,12,0.9366630337578923,11.239956405094707,0.00012282234700650615,1,11,564315.2552988182,0.08333333333333333
1FLWiCMJARs5A4pLsy2nMES6BRzjNykt2g,22,2.6074426912446103,57.36373920738142,0.00010594343209483567,4,18,329337.1317321428,0.21052631578947367
1FMgPkNVCJES6RioPzSYgmMNu62eNRnTVE,18,1.3875965342791583,24.97673761702485,6.755895034274704e-05,5,13,364388.72500582354,0.35714285714285715
1FNgkG925xJFJxW6qGWyxqKumRm9oacrUe,1,0.9586382853694767,0.9586382853694767,0.0001110947342619,1,0,0.0,1.0
1FPFgFUWdH4oWMcQ3CSE8LjazyJdoPrRTR,19,2.862107611322677,54.38004461513086,9.361708430419815e-05,8,11,396200.6185555556,0.6666666666666666
1FQiLMTcsmPbXEdx1QtJBkCaLpJxUfup86,20,2.800408473124029,56.00816946248057,0.00013066165447795514,9,11,365757.0413653684,0.75
1FQjhiBDr4BLjyBsTGzU3zgNwfVvhPaqJZ,17,1.6745442674306796,28.467252546321554,7.712944769490258e-05,5,12,416463.78763249994,0.38461538461538464
1FR66NUqyZYqRaDtg5DpxuRDTcRRqcTFQw,14,2.025700905524407,28.3598126773417,8.008725437075205e-05,7,7,534645.384382923,0.875
1FRNcH2aSANWbZWmRqWiEpKFCbduCPoLji,26,2.5948747236584238,67.46674281511902,0.00011883692723418642,8,18,293323.7850986,0.42105263157894735
1FS9qX79JBeJGXTfE9tetVNMjVjv9jeEe9,14,2.1074484643198512,29.504278500477916,0.00011039302703057786,6,8,569501.5211024615,0.6666666666666666
1FTfTYUAhFHVXjhzRX3cBgxQR6jLxzx1k9,24,1.4309516373186941,34.34283929564866,0.00011728289612586514,5,19,331585.78116386954,0.25
1FULWWRuQ6HgXqgPTZ1rPstomAzWHm3Bqk,16,1.6716817861688837,26.74690857870214,0.00015241862547283182,2,14,508304.07723926665,0.13333333333333333
1FVYzkFe1SRcCqtcbzUjHEhDEPydFivqnc,18,2.933018095595745,52.79432572072341,5.70072223105237e-05,5,13,413550.9416511764,0.35714285714285715
1FXLDx3smZZuSBg3kDxYiafGfDC6TVauYk,18,1.827390880112671,32.89303584202808,0.0001121444742053998,3,15,435990.4196317647,0.1875
1FYFY8wqaRmwwnDuDGu9t44qunLdaJMHiG,18,2.1691564306874103,39.04481575237338,0.0001270668278329921,5,13,429096.3299307647,0.35714285714285715
1FYRCVHwXTWGRxFwZjFNN3WKhh8ja5U6Yh,20,2.0319414164028915,40.638828328057826,0.00010811782384631316,7,13,376084.6507410526,0.5
1FaK373x7LHoYuiz9ecSrraALCNwTQwzhy,1,5.067467256826259,5.067467256826259,0.0001441236620774,1,0,0.0,1.0
1FbJEaQo62cTj6pBnWGRz2Cj4RL5pz2nT1,2,1.4340878752341952,2.8681757504683905,0.00014513736456585,1,1,1693.875191,0.5
1FbnuTdRxuFXp1PDa1HDmokHheocYkb4km,21,2.6409776004935472,55.46052961036449,9.888106981795287e-05,10,11,344681.1248673,0.8333333333333334
1FbxCAdEpW5vvJXLwQmMMfwbeVxXRkkgr9,12,1.166363554288749,13.996362651464986,8.439858143585423e-05,3,9,656616.8642276363,0.3
1FfrWXio4QfsyAvfKGm6VTsJZTZ7QrQ8eC,19,1.4424220753711763,27.40601943205235,9.536816093780219e-05,5,14,361959.80997522216,0.3333333333333333
1FgBZ1zi14aS1Knjp2GLtCALPXXRnQtPyR,12,1.642930265179105,19.715163182149258,0.00013640258400599053,2,10,663913.9122629999,0.18181818181818182
1FgPhWdoJ4pHYXfwwxx7Qbx8jX3b89uKYT,21,3.0440265675720632,63.924557919013324,9.032046149781924e-05,11,10,367934.1299557,1.0
1FiAsVKg9ixCasbsVbyfKbQyEfkgExa9i4,15,2.098561203279522,31.478418049192825,0.00010654449384806032,5,10,515305.24881442863,0.45454545454545453
1FiGN4bsbFo7pdq7PEcpuGdGqh4jgh2f2i,23,3.6126791965020293,83.09162151954668,6.907536354422738e-05,9,14,300202.77515022724,0.6
1FiWKP1FXY7pgq4zNYanSZcNNXqnz1RBHL,2,13.51654035851956,27.03308071703912,1.342124218192573e-05,1,1,586.704614,0.5
1FjNqq2yUgSGBsMH27UthTTT65rnvKzrVG,20,1.9291379949384304,38.58275989876861,0.00011344758983161814,7,13,351078.1993217895,0.5
1Fjio7vCEGrYYBher2w9KDK7hcg1vq6Pu5,26,2.2511071459993732,58.52878579598371,8.257547103077134e-05,10,16,272022.0844918,0.5882352941176471
1FjxvKH8g4EGWFFTr4xR7BPhEwaHGU6GhA,9,2.8361962132288157,25.525765919059342,8.576452481270275e-05,4,5,797568.6545616251,0.6666666666666666
1Fky2C7YcPDzgzsbCJNEraBd1rBpuZPQuR,24,3.0899715276426942,74.15931666342466,8.94991729770442e-05,9,15,319433.8649980435,0.5625
1Fm8QyYszcX4umBSTeMs2H6FHiDvZQdvc9,19,3.059361195096854,58.12786270684022,0.00010804065265350945,6,13,399835.1330869445,0.42857142857142855
1FnfbanZawBux7CZk9XnHsfa1LjS2BDiW1,18,1.9053940484891976,34.29709287280556,0.00010000469178029208,6,12,409639.73779158824,0.46153846153846156
1FofsGKd5YRFeKYNMatcBA5Gj2jpTUTGVh,15,2.216637634222935,33.249564513344026,0.00010085849157295758,8,7,434634.9782552142,1.0
1FrPfJStsQG398SYZxyM1TSTFH5pbuMJwY,23,1.598530249857695,36.766195746726986,0.00010070610171279447,8,15,288771.86583690904,0.5
1Frn8kmQjiaxENe4eXD3fYYuNuhV4ZtNge,17,1.4323040170739032,24.349168290256355,0.00010227490533195417,4,13,432789.8663986875,0.2857142857142857
1FrqNiz39NuaD9whPFpZVuw6wHppuroMhp,16,2.897035403434027,46.35256645494443,0.00011149755341097498,7,9,488873.92371286656,0.7
1Fs7iTabAAZen25UcWZ6eEKNd3P8kJ2aSA,21,2.127384672373824,44.6750781198503,8.817666430131614e-05,8,13,329485.39915455005,0.5714285714285714
1FsARceCSVkq8irqehwKu6Cjg8h2up9e3r,19,2.995334101311195,56.91134792491271,8.730950398090521e-05,8,11,397277.6171659444,0.6666666666666666
1FsSAsa7YcdkdfLedvpG8TKiwYBAs2svg9,18,1.6746827396697772,30.14428931405599,0.00015005369250346737,5,13,408446.21596541174,0.35714285714285715
1FsTW79Sw7RCaSA5PJp9EmGwAJfdpUGfHU,21,2.318732084713936,48.69337377899266,0.00010207193610923344,4,17,378334.3379056,0.2222222222222222
1FsjRWzkJ85BAvtfFr6aSvWphpV1fAFaBq,11,1.7024775500350287,18.727253050385315,0.00015608162828645972,4,7,549190.7774280001,0.5
1FthMmMG8i3CadScqZXe3pWs34KwQLDrP,1,4.530282796422022,4.530282796422022,6.779105316746949e-05,1,0,0.0,1.0
1FtqB3qYEJhCC2wXSKbZt2LcZmucouLufD,16,1.4258284587843246,22.813255340549194,0.00010844979411037405,4,12,471389.4934732,0.3076923076923077
1FvMrmDwoSHtG4s89jxaLYUjtSsDNgs9kA,18,2.8403864065957705,51.126955318723866,0.00014783081805462317,7,11,402532.906575,0.5833333333333334
1FvpEHKVgipnq9toi51dYT9LURpPLqLcda,13,3.127255861086434,40.65432619412364,9.933640600332507e-05,6,7,602472.3043163334,0.75
1FwNUXdivf7uYK4fvN5s1rdm7AHWZs9NKk,26,2.5327784082260036,65.8522386138761,0.0001096122001278078,10,16,298980.4675104,0.5882352941176471
1FxGC2TpHrWWZwLQxLZBfqWr2peYbFmgs2,19,1.2471783413745126,23.696388486115737,7.294453860108722e-05,3,16,401597.9694742222,0.17647058823529413
1FyvopZsrTmKiLEsob15doMQ29ES13zSEt,12,1.9498541035594703,23.398249242713643,0.0001026936139243662,4,8,667134.7487833635,0.4444444444444444
1FzK1dDu9oHUMvaVBqwKyKgVXSfdMqpSKn,17,2.267196314554844,38.54233734743235,0.00010499882270131785,5,12,408484.608631375,0.38461538461538464
1G1RfRdLpfUrmr7khFedupZ9inQrjvR9yU,18,1.9249321193535813,34.648778148364464,8.822663151717248e-05,6,12,445257.97739864705,0.46153846153846156
1G1is8csiw4fSNRNXbi8aff9TGV2KGakTG,20,1.1747915235330673,23.495830470661346,0.00010359703552573058,1,19,339231.79099063156,0.05
1G2hha7FHxm1t9tCpiofJ8tpHr2qBMNHQN,16,1.3051586379045352,20.882538206472564,0.00011597857431246277,2,14,490562.565541,0.13333333333333333
1G3U8fShMsTAszELhpY4J3FobKXWTwtMc6,30,1.9279038730939568,57.837116192818705,7.69471482336387e-05,6,24,244835.90561913795,0.24
1G4czrnt2XZt74xn1u7xyipQnaQN77Fjfw,12,2.212358939075759,26.54830726890911,0.00010925953780405229,5,7,579086.6722677273,0.625
1G4hUnKzDbtXw2CNpRpwUXpcH4LzjMz8HV,11,2.154907405405437,23.703981459459804,7.498498103249333e-05,6,5,760283.3415827,1.0
1G5YjcHwDLHxkuyLAzCbzM6pxTfhWsYwMn,20,2.146284029628915,42.925680592578296,0.0001451019182956466,6,14,382671.699468421,0.4
1G5bEShaEFPwej2tw7ZKHZSdNW5du9F4kL,2,4.999845863114696,9.999691726229392,7.322633686888722e-06,1,1,17674.880799,0.5
1G8kZtVSVtsP1GgkTrWhDWrTaY7gVwrmzE,12,1.880040268470619,22.560483221647427,7.496322902207909e-05,5,7,665385.8114547273,0.625
1G9CRmBufrtFxtWBWB4et3UtwfmWWfud53,23,2.2546449860348083,51.856834678800595,9.426664618080206e-05,8,15,306248.33689063636,0.5
1GALRm86Bdo8vmGeuWzFJ21h845wnSPHFu,18,2.309185928698618,41.56534671657512,0.00011852948985129916,5,13,401125.2221262353,0.35714285714285715
1GAQbPKkhMCGNDWkgE7isKREqFh3Tgp6HH,13,1.5235404473546577,19.80602581561055,4.2231431926674476e-05,4,9,615142.5246243334,0.4
1GC3RcAvURvYv3sjMbqZBnZfkz4ywYznjS,18,2.434820563857757,43.826770149439625,0.0001075975673002553,5,13,423762.0397895294,0.35714285714285715
1GCKXtdKHAkfvNQRr6JUS5aw5X2gT1UWvc,1,0.1,0.1,0.0003010743230103,1,0,0.0,1.0
1GCSoMoMHFyMngRjd5kNMVtAfFbQLCpuF6,28,1.7768977403163628,49.75313672885816,7.939478783770372e-05,9,19,275000.25327359256,0.45
1GDAmrXUJ9WEeTqdkVvGAEsdVJk9BAFKkU,22,2.964642299506315,65.22213058913893,0.00011144724619993802,7,15,329015.42183261906,0.4375
1GDoYLqgnacWKoSto3vaCEYrFg8z4jxnK1,25,1.637951963600072,40.9487990900018,0.00010818253631600982,2,23,307687.1249279583,0.08333333333333333
1GEhwgXap2qESEX27zXPwRPB12w5iqmhS,23,2.4707870911966943,56.82810309752397,0.00010500403706915925,7,16,343420.2819160454,0.4117647058823529
1GF8uYwJvsGfCUBt1dWv8wPykRvrPWAG5D,21,1.158701569151533,24.332732952182194,7.999493835447903e-05,6,15,368449.08457345,0.375
1GGbZJkfnoswNUkHoEuoRUoYEL1Cv3M3sr,21,2.6815847914686053,56.313280620840715,8.318577420092978e-05,11,10,319372.72860850004,1.0
1GHNokc2nndfGJVa6m4PE4rz9B6Fnyb33Q,21,1.41336116847824,29.680584538043036,8.733815273490131e-05,4,17,368126.80099935003,0.2222222222222222
1GHSaWhqbNbTiMSY6P2x3bqTM5CWxJFYJr,15,3.3489327201312564,50.233990801968844,0.00010678527014801189,6,9,474635.96349600004,0.6
1GHyPi4EZFGjTrjAUnj9QQrHFK1uwfxqrs,19,2.2498976667115054,42.7480556675186,8.062473889373796e-05,6,13,407951.14157583326,0.42857142857142855
1GKWfcgA7dTowWzWybTW6fSGoQJUnpsjHY,21,2.004017156606142,42.08436028872898,9.673678648966876e-05,9,12,314198.23096335004,0.6923076923076923
1GKdkrEeUSfkwqHmEcKdZ9Vj4R4BkyJrUs,13,3.5505020042993363,46.15652605589137,6.029288672770485e-05,5,8,531828.1345233333,0.5555555555555556
1GMcmtbaiCPRSBwRgJbeUiD4NnDxvX9pyR,16,1.2505014959553673,20.008023935285877,9.710359636366514e-05,3,13,437320.50963673333,0.21428571428571427
1GNe45fAVAMgZ6wuAsVJk2gVNx2fPzJqRP,32,1.6408555596093,52.5073779074976,8.83756167530089e-05,11,21,227877.60061251617,0.5
1GPztEGDqkx877nekBPVffqJaPbWouogX,16,2.643677551604309,42.29884082566895,9.534661084065581e-05,6,10,437379.11867853336,0.5454545454545454
1GQ6LuyJ6uMDv1MamqxGrJFhHyLsEjRsV7,18,1.7432536802107876,31.37856624379418,7.021152556081036e-05,8,10,440482.93825629406,0.7272727272727273
1GQEfRrHoYnEUFTfyGz7iueYJEfCXzSXZr,22,2.1755044570029938,47.86109805406586,7.478379117121648e-05,6,16,337335.4896656191,0.35294117647058826
1GQPeccvakntBvmKabNf54QCwLmzgXbBBy,25,2.0697589399823944,51.74397349955986,0.00011659402473008959,6,19,314188.02363024995,0.3
1GQcHQUxzDBT3NwtWxHxQrNYg8zCene98g,1,1.0341111006742831,1.0341111006742831,2.504283359609279e-05,1,0,0.0,1.0
1GR1BHrzM4bRGBDhbGerzKg7uG2kPXiaCf,2,0.09999093268542182,0.19998186537084364,1.058423509531308e-05,1,1,42786.170598,0.5
1GR9ERa37512rEzMqJ7fd1nLEWFt9L2S2Z,20,2.7104584703968575,54.20916940793715,6.852666927951586e-05,8,12,376553.22762289474,0.6153846153846154
1GRVofxj5rckR14iVCj3CrhV41BJJKDwMx,14,3.306530354011288,46.29142495615803,0.00013769263667808332,8,6,482779.91867984616,1.1428571428571428
1GSmCheM4GPmNdmQmCtmwjm5TyKB8VnTb2,29,2.696837502635194,78.20828757642062,0.0001275523447088845,10,19,242560.66072864286,0.5
1GUB2oi5qeaqYQRVVkwSpa96VNhGVvgYrq,19,1.4555087533298927,27.65466631326796,7.384853640646738e-05,2,17,383716.005686,0.1111111111111111
1GUG2JxoaEQshBQK5oumpHrGJpG7eSr4bC,11,2.046689210362565,22.513581313988215,0.00012131438480268226,5,6,585270.3046517001,0.7142857142857143
1GUSdq2oG8L1wTqcTjfM6dPtT1qVyFojtU,18,2.8902127875306274,52.023830175551296,8.260976201796199e-05,6,12,432456.87655935297,0.46153846153846156
1GWoAeVvmmi4pgqNxPStdwGwBa1iRpWBcF,17,1.9021994177804458,32.33739010226758,0.00010214550269384692,7,10,384158.898266875,0.6363636363636364
1GX4kXzNZjbnPvC9HV6SogZh9eaW8oKryD,22,2.618434243674631,57.605553360841874,9.722111743865376e-05,9,13,305712.1796220952,0.6428571428571429
1GXUbKkhhSnndfyduhFqWvpZ9ZFv1222d4,16,3.219055872398105,51.50489395836968,7.78927282740887e-05,2,14,501398.18871106673,0.13333333333333333
1GXUnH7jgtEgiTS6jFr6v8C5m8xpdBoeyW,15,2.1884281643650985,32.826422465476476,5.912714072711918e-05,7,8,486555.040544,0.7777777777777778
1GYepHZN2q1RFQC7nBnoyrnuV5gXs8HyNM,1,0.26563585542930074,0.26563585542930074,3.374814518158589e-05,1,0,0.0,1.0
1GZtni4VxVAgpgXruKksxUL6jXcsMsvUHJ,1,4.999675787697349,4.999675787697349,0.0001919172987126,0,1,0.0,0.0
1GbSTtZSLw74Dni9LyVmKrVoY7z8TXY87z,1,1.916848881288232,1.916848881288232,0.0001106720782716,0,1,0.0,0.0
1GbeQRW2EatUAGipbQKTrTeciW7rgwwjF8,24,1.5558624510358188,37.34069882485965,9.024154137347238e-05,7,17,312439.498331087,0.3888888888888889
1GcoGdqcNx1KWriEHaMf9fRD7pdc1XAz9u,9,1.2945973638343335,11.651376274509001,6.678085898626505e-05,1,8,803809.003052625,0.1111111111111111
1GdqVrxa4inX6J6pWE1CWSSwUsz8jc9Lw9,2,0.0999646205787653,0.1999292411575306,4.4103237982400504e-05,1,1,43066.80214,0.5
1GeRritee8tKCsm2ht2pMUfziqnAP3K1oj,17,2.677792866065332,45.522478723110645,0.00013112818159068153,3,14,390520.03456249996,0.2
1GefNJSafZN7sZukYfuibVnCAwgRCwbcEe,16,1.725630305827107,27.61008489323371,0.00012819369664574578,6,10,335204.3509151333,0.5454545454545454
1GgEf6vuQNxdoFm8psdWRCmXLrpZoQPpmf,19,1.5487248516866188,29.425772182045755,0.00014523972586162376,8,11,425468.48354461114,0.6666666666666666
1GgnhPvL281f96RP5E4SEUW8cESBkjKMZg,16,2.801919626052026,44.83071401683242,0.00011633775910525657,5,11,487290.2716971334,0.4166666666666667
1GhEf2Li5FSbu1FtbALBDER1uZ3AWAcN33,16,2.5664475553370756,41.06316088539321,9.116603106422022e-05,7,9,485461.91111786664,0.7
1Ghn4PtpxfivnkkdyYDssxA4HCEVLZUDn2,22,1.863410052839702,40.99502116247344,9.633988082220993e-05,6,16,312639.9849899524,0.35294117647058826
1Gi2jYGpTcjySQ1q7uAgnNNvbJEKU7HYmx,13,2.238212706180186,29.09676518034242,7.305879262121129e-05,6,7,474627.05007891677,0.75
1GiS1dRGAch4YrusbzkVkCPEfUQqmESNNq,17,1.1623411207129788,19.75979905212064,0.00014070948909543124,5,12,477067.9987075625,0.38461538461538464
1GkdZ38iH98tHRWeUyKqpyY2EV27ytf5tv,9,1.6667288777189222,15.0005598994703,0.0001090267213872255,3,6,666401.189252375,0.42857142857142855
1GoD2brx6GhyAFeqVGSYwJSym92LaXqAEM,27,1.6658206395814286,44.97715726869857,9.32121941515514e-05,4,23,284069.63030361535,0.16666666666666666
1GoLSJkEQovcqUn5R6ifE8PGHikZywG79p,10,1.102566453538423,11.02566453538423,0.0001041132140854565,4,6,632677.5279864445,0.5714285714285714
1GpfidoYwB2f9iiHRBiWrYeiVQV5Xasrja,1,26.203661877956502,26.203661877956502,1.9460417757858468e-05,0,1,0.0,0.0
1Gqs3EzzKJBMeLF98JkGRRXCkcDya2vfob,15,3.7159683684413523,55.739525526620284,0.00010313224682895826,10,5,447724.7912193571,1.6666666666666667
1GrSLvr1cqwx8Q5Y6avYEQgmtjheRKdaqt,17,1.9716926646688908,33.51877529937114,0.00012889673236235772,6,11,426658.3850171875,0.5
1GsfL5ncrUgbQXAxCNMmjKHqChavD2UJdW,19,2.9858548238791225,56.73124165370333,0.00010134962237489936,7,12,369057.8360688333,0.5384615384615384
1GsrrhztViSbxNnwMDM9bZxyYSWmRWdcEK,19,2.4351378791668843,46.267619704170805,9.29553496761247e-05,5,14,420860.3143743889,0.3333333333333333
1GuhCiDPBWUmWktx54abs3LA7BUw7BEG7o,16,1.4135337751237245,22.61654040197959,0.0001037647840174081,6,10,407433.58773200004,0.5454545454545454
1GvJzQj6YjBMs5BwpuFCBqeR9FBrVSirzD,19,2.2354695806901765,42.473922033113354,9.718553075339405e-05,8,11,406008.07847638894,0.6666666666666666
1GvihCQrDnqz272YXJBHdM29Xge5n3GFbp,15,1.7468526428403275,26.202789642604913,6.851086616651107e-05,6,9,486483.783901,0.6
1Gx2Q87uYpQSGaKUgssL34U6nS4Urs8zxz,25,1.8800026109786834,47.00006527446708,8.082381507061068e-05,7,18,311665.664703625,0.3684210526315789
1GxTUrGPRRbVEzVWX5amQtizpA3jL4vJ6f,14,2.7868881542140467,39.01643415899665,0.00010509822236182205,3,11,558620.686534,0.25
1Gy1J292Zd1ihdtkq2zdBVU2VvKwPVc6pr,18,2.699104065213372,48.5838731738407,9.379083935863894e-05,5,13,370060.79947935295,0.35714285714285715
1GyJRX997wkpZvLX8AqKf2epcHoS6aPnUr,20,3.203733697578521,64.07467395157042,8.468851318378958e-05,7,13,377459.45189284213,0.5
1GzrMNYDH7FqXpWMatwEuLXg2bgjGoHiab,1,0.10365714463714014,0.10365714463714014,3.3303935766010445e-05,1,0,0.0,1.0
1H1VUYC8K2Si7KqWfCrcg5c22Tj598XWe1,14,1.4853646820638267,20.795105548893574,0.00010243993154968383,5,9,501981.50552692305,0.5
1H1qXnUkde9hhuUzDMNJyg4Ez7NJjaa4s9,23,2.468719038026056,56.7805378745993,0.00012831468643161238,9,14,337664.03421427275,0.6
1H2iafuFva3dGKYWqPMbk2Uw17HdYrHQR5,18,2.327896513686916,41.90213724636449,0.00010061292667359518,8,10,438817.2852004706,0.7272727272727273
1H4GFB6ztvpGdstXQNw8Rp9mZUrZXztycL,16,3.4333260869319475,54.93321739091116,0.00011486847902539701,6,10,337053.57204493333,0.5454545454545454
1H4aaviyhKvVzDXhRY3qx9ECcvoyJQryWT,26,1.9513359699479338,50.73473521864628,0.00010272352944062418,7,19,272607.86513672,0.35
1H5D4gk2GEC4jiQQbYySkqW6maX9hhibTJ,16,2.317047772133341,37.072764354133454,8.553339947237519e-05,5,11,457116.46597440005,0.4166666666666667
1H6SdtPmpH5Vg7hoXcTzpePPK5oH3DzfHe,1,0.1,0.1,4.241762193923863e-05,1,0,0.0,1.0
1H8ZoFaPEyrjTc5hKy62Gi3NWUEcepaooZ,19,2.138944614881378,40.63994768274618,8.95660065049926e-05,5,14,417283.5210132223,0.3333333333333333
1H9JvGnEpvcmqCoToWWJPU8KHRgyNbwjCg,19,2.1188198515195884,40.25757717887218,9.627263462405947e-05,7,12,401931.2696330555,0.5384615384615384
1H9q1yFYZmtzGaNLhzgz11SYs5VjTCquH3,16,2.683023130652437,42.92837009043899,0.00010690098881864785,9,7,456888.1258827333,1.125
1HAq12YMCNpVP8D9rcZqCRR66jCvmkogRo,9,1.5773704259166426,14.196333833249783,5.7449247960002464e-05,3,6,711612.5523015,0.42857142857142855
1HAscMy5H6xQQaVk5sF4GDAHutinGd8iX1,25,2.556616792297671,63.91541980744178,0.00010543335314062215,9,16,302443.98573400005,0.5294117647058824
1HBfPPB17tBngsrUQpsnDrKpr92HJ6TQef,16,2.5901104155456527,41.44176664873044,0.0001235021130563699,3,13,437740.58856886666,0.21428571428571427
1HCFZWdkrdNKNzGohGhjzn1mmt7GPgZ3pY,24,1.7936906390862486,43.048575338069966,9.661954138123347e-05,8,16,326345.73664804344,0.47058823529411764
1HCtky58GmjN9ZZyq7x3mE1xokpGBiZhM5,19,1.4143427486946312,26.87251222519799,7.078472933327446e-05,5,14,404950.6534203889,0.3333333333333333
1HD9c4VJx8p6va3BwjS3wqwKSj81xn43up,23,2.8740001397635204,66.10200321456097,9.337241342656803e-05,6,17,334719.65583431826,0.3333333333333333
1HDW1wRihCN3wpgjbLADWn2BAYJ2vktV3g,9,2.141044137556497,19.26939723800847,8.1958242599749e-05,3,6,922267.101934,0.42857142857142855
1HE2AQig6uZwmTNvNL329aTvmSowDib9NX,2,6.2823614264915095,12.564722852983019,0.00025905187907506285,1,1,129.806979,0.5
1HEJCiBEnoujqpcmQjQ1U4Pz1DYD8m47At,21,2.921556295961703,61.35268221519576,9.424517624072803e-05,9,12,356917.2118568,0.6923076923076923
1HEYyMjTBaFckHURGqNDeU79qCYCA6CMpS,16,1.706253275072903,27.300052401166447,0.00010496197620090332,4,12,460164.66401193326,0.3076923076923077
1HF7AHojt58cTva5PmGyuZeajHQybtzmEi,33,2.4341983504004236,80.32854556321398,0.0001271306274982929,11,22,230933.918652125,0.4782608695652174
1HGY6A4RGPUapffmxxPYftvDc8mwYXxLVc,1,10.930384676640827,10.930384676640827,0.0002932272680701,0,1,0.0,0.0
1HGdrqMKB7FAN6AZpN7wFpJeSXPqM3b4Lv,21,2.0480432193396445,43.00890760613254,0.00010931303421426834,9,12,305425.91206839995,0.6923076923076923
1HJ4GbUnuBeHazYxwsPBCT3rh6Ut1nFn4Q,22,2.287059092067802,50.315300025491645,9.833383835105994e-05,9,13,344849.5402639048,0.6428571428571429
1HKNSpGf4AuqXiLvRSgtX3V4DV27JRj1KQ,20,1.8629471573027836,37.25894314605567,9.623094744331181e-05,12,8,342477.73629015795,1.3333333333333333
1HLVrSUPcKHEBsj5thWb4tUrXKEv8SfTpy,1,0.1,0.1,0.0001582356052507,1,0,0.0,1.0
1HM4pp6UVNou3ddb6T9urpch9xSNyJAsor,12,1.8370939910655695,22.045127892786834,7.577145741754025e-05,6,6,604811.5457714546,0.8571428571428571
1HMJpkxbpfqtFEdNQGwYGMaPWcZFPVMYoY,2,4.999855812141451,9.999711624282902,7.706844265195184e-05,1,1,13401.16577,0.5
1HQMGbFa6mgKDZ33A8BMTLQkRZkgLYeH8d,20,1.5181146071401357,30.362292142802715,0.0001255703100205489,7,13,380066.92599047365,0.5
1HQQrvg3sinnQMKVBSTcpUbiLDK4dbtyHc,1,0.9702491340220608,0.9702491340220608,0.0001045063886058,1,0,0.0,1.0
1HQhMoZBhRByEomYraSbSMRCDzGgHEizW7,18,2.449092511892967,44.083665214073406,0.00011600844734256079,5,13,422664.688414647,0.35714285714285715
1HQjPQ2HCCLnVQruVyXQU8ZxUBr1e3cCEd,20,1.9278574963580155,38.55714992716031,8.254262556617826e-05,7,13,371267.9839162105,0.5
1HQsfcDPP1nnJqWstTzxqiQboFAWNFH4V6,24,2.1858354269830262,52.460050247592626,0.00011374390907570646,7,17,333361.17300773907,0.3888888888888889
1HRvqRvxJtm9gmcfDdrFbV4wUsbr2zg2gA,1,5.0,5.0,0.0003666117068301,1,0,0.0,1.0
1HV7mWyP7ekbSq24HmqSV5G6pdut7GCDwP,24,1.6829956266837165,40.391895040409196,8.027989260020315e-05,10,14,325060.7824755652,0.6666666666666666
1HVZdYQCKtiWqMey4Ni1wz6yv5Ysh6Hsv3,14,1.8964762227358773,26.550667118302282,0.00011854843241908848,4,10,501504.42103084613,0.36363636363636365
1HVgYmpmNfUYRAsiuTm8jfj4GRFy648snt,13,1.2453070676819062,16.18899187986478,0.00010951333206297989,3,10,572798.4494104167,0.2727272727272727
1HVzXxjX9YpF6g75Y6Tbyfy9yE76NHg37p,37,2.061333821581675,76.26935139852198,7.03231423805523e-05,13,24,199380.33778441662,0.52
1HWdAiH8tEFaNTZ5RJwm59edHavLAEzxbU,13,2.3073522069780332,29.99557869071443,8.739175915316584e-05,3,10,573540.39242825,0.2727272727272727
1HXCi7GXPTKRvNAmPrhskNXpY62DQCuW2C,16,2.3759216399371974,38.01474623899516,7.894170956505705e-05,6,10,481345.62604666664,0.5454545454545454
1HXz1AzGMpKPebNDLPnXqTavsdnn6CagaE,21,2.049323369785268,43.03579076549063,0.00010812915643150362,5,16,338219.73852635,0.29411764705882354
1HYqqSfVtwDGENq5xQ6P4dMgmqdsHuw4ea,13,1.6420097047151954,21.34612616129754,0.00014923252135330383,3,10,615659.6047160834,0.2727272727272727
1HZmaFRfRDukBXSwV3xEFFbBAiXuVStKF2,14,1.5768014105216852,22.075219747303592,0.00011792080035168129,2,12,561303.4118296923,0.15384615384615385
1HaZ2fqiErtD8QN8oB9iPgJgq1tp7BXEHt,28,1.905729590170461,53.36042852477291,0.00011542248634632238,7,21,255896.10265307408,0.3181818181818182
1HamvW4WfYu5RBLqHtfjnPcMJNpQAZ7J2q,14,2.202842869895126,30.839800178531767,0.00012137761221630407,5,9,579184.9480107693,0.5
1HbM5uyC3Rq48XqTBqiUjjfz5Yfzn8vyHk,15,3.323731871203255,49.85597806804882,7.143042914460885e-05,8,7,488206.9484835714,1.0
1HbVQbbPGw8pZn5RxacQQEgspEGF6SCgBu,18,2.1153575902738613,38.0764366249295,8.977521817504043e-05,3,15,443661.62285888236,0.1875
1HcaNfEiH59rnYD7qDetCMrtDhnQZWma4W,20,2.90015923464437,58.0031846928874,9.056017109234578e-05,8,12,372606.44002078945,0.6153846153846154
1Hd9h2Mf7wNdXL9fK3mv839ziQJn6oEA7K,17,2.424829732579119,41.222105453845025,9.425954212026881e-05,5,12,414898.89092731255,0.38461538461538464
1HdYkFYnKxSTj8FpLANKRyk7CS5wysdye6,26,2.628160929440888,68.33218416546309,9.0670449773608e-05,8,18,283246.66548156,0.42105263157894735
1Hdang63WMqnSx1yn9rRrvp1JRChzAYz97,18,2.511897858274759,45.21416144894566,8.895148801034578e-05,8,10,424723.10050829407,0.7272727272727273
1HfRpbavqs76DpSdrrHcHZVJrM2jDMXsbr,2,0.9997826608886438,1.9995653217772875,0.0001278032681376318,1,1,22296.05707,0.5
1HgpAx5348jVT353RRM7XPnTNNBjtC7Rv3,26,1.9984250793452984,51.95905206297776,9.00305711258531e-05,9,17,233476.740099,0.5
1HhL9pFFeavMCYnFtyQBk4o2AoU7SfraPy,1,5.306003411213725,5.306003411213725,0.0001896039651343,1,0,0.0,1.0
1HhRwsfTvP7Pr2SCTcummaB1g1eugGdocp,18,2.1176577796080527,38.11784003294495,0.00010966975335617647,9,9,389101.12083441176,0.9
1HhpEsrbk95uP1Xhnx9DBJQGAcLTEq77s4,1,0.0680012026183337,0.0680012026183337,0.0002226614635904,0,1,0.0,0.0
1HiKErTRiqapfKwTNYQPVyv3rCSgMMtcdo,23,2.0599490769194526,47.37882876914741,9.798115818998414e-05,5,18,323432.5099655455,0.2631578947368421
1HidxNuGQs1uSaXiNUt8fKonKXtW8wVifi,2,0.09987113107005358,0.19974226214010715,7.332448300515465e-05,1,1,27542.461768,0.5
1HmLbMB2GbMn845nv8rWCGq2manRm1pxFu,23,2.3452410270166735,53.94054362138349,9.931311542047673e-05,7,16,286032.6124675,0.4117647058823529
1HpD8XAtoK9nxZT4ZX2oJH1kwopj9NqzVe,23,2.4564137798213173,56.497516935890296,0.00013535999385932482,9,14,320088.01947172725,0.6
1HqFbxnx9gZBHEUnhuKv3bj1NvU6ufajtF,1,0.5124541351164332,0.5124541351164332,7.795821186445026e-05,1,0,0.0,1.0
1HqvsiZGjBNg3Q3JCz8Ws7hmh2QX3kyzDJ,23,2.11592859728212,48.66635773748876,0.00010283186802230213,4,19,345373.36840781814,0.2
1Hti8S3VWwupkbv4X7XXTSx3CgdSSoQNg3,1,0.96722882261918,0.96722882261918,0.0001596069538645,1,0,0.0,1.0
1HtuHzvvRPi9YjQ1zKX6Py9F66LKKuwqQV,20,1.209786313194829,24.19572626389658,7.165479674848533e-05,2,18,375295.7899189473,0.10526315789473684
1HtyoyDNdzncFkpycpFwnLzJvbirkiDjdJ,13,1.4748674017675254,19.17327622297783,4.6540298060875275e-05,3,10,639817.9319694999,0.2727272727272727
1HvEFZQq9uyLzBZLqw5h47oxRHhKnnWWeo,1,5.0,5.0,4.7283574433663886e-05,1,0,0.0,1.0
1HwHzVPzh1NAu5f5A6NZwqrX7c8evfmKax,23,2.307343788264614,53.06890713008612,9.273329991593732e-05,6,17,341176.44272686366,0.3333333333333333
1Hxq6nSruCYkXFjVTpo1x94W1tXDwhv1er,24,1.5468824167329636,37.125178001591124,7.408570787406514e-05,5,19,308434.2138085218,0.25
1HxvBRC1Mh2Zo64VENNeWdzijmpSBeYPZu,26,2.2918742374211236,59.58873017294921,7.929266104932043e-05,8,18,289373.09314843995,0.42105263157894735
1HzCTgxfU5n6YH6XK5MdMakibfvYhiCequ,16,3.3730522634842335,53.968836215747736,7.97709363780033e-05,6,10,379947.0044584001,0.5454545454545454
1HzYwa3bJ67RDGGYiSkbZetuQJ8ruqSH5r,23,3.284789077973577,75.55014879339227,0.00014361975084869734,12,11,337991.7250167273,1.0
1HzxbDcozWNzuiYXvvGkdD7iGyM1qyM5pe,17,1.7451061260950957,29.666804143616627,0.00011651403601751021,6,11,442394.75347837503,0.5
1J27AWp37pzCnUn7L4T1y9Mkv2FHd3t9Qj,17,2.417256789137583,41.09336541533891,8.259090453541785e-05,7,10,363764.302377125,0.6363636363636364
1J2RnHEvRdSc7k2n66XmWPVX2EJXYRW51T,19,2.317604608006128,44.03448755211643,0.00011372973584406871,8,11,360869.99664250005,0.6666666666666666
1J2sT2jxWyoHgca9Pk7AxMU264ZV4Qo8Fq,23,2.0991650089315685,48.280795205426074,6.689711111224037e-05,8,15,327045.64673181815,0.5
1J2wYv1aFp2KZTcueL8gvTWr3jTPWTjJEu,22,1.7217942669332038,37.87947387253048,9.866132450969977e-05,9,13,284274.75196219044,0.6428571428571429
1J37QpcGD5Mz2BRecNDj6c9CzfWrwHRdUW,21,2.778117472696579,58.34046692662816,0.00012673922003772188,9,12,355872.94802164997,0.6923076923076923
1J3G7KnR7KMsEdjWxKHjnRNcKYhA19hWkk,19,1.4744951679398999,28.015408190858096,0.0001692049634854275,5,14,401065.8043948334,0.3333333333333333
1J3XwAjzbgQXXVhtXuLXbg3WiuyKw6DJoF,21,2.7539072825120705,57.832052932753484,9.744343807058183e-05,5,16,361058.32249724993,0.29411764705882354
1J3oRHX3WH3DMBVvTn19vp1KkMMpgRtQRr,28,3.1235212852370773,87.45859598663816,0.00011040508840075366,10,18,275095.60257525934,0.5263157894736842
1J3seTqHWYhuPmcmsw5qPxF8SmFda7epGq,14,2.101948700462689,29.427281806477644,0.00019822237368311875,6,8,468263.69147061533,0.6666666666666666
1J4XeJQqxQ448YDsj7uLWt53d1Zo7nEiP,18,1.7502356059421948,31.504240906959506,8.431583014939978e-05,2,16,362550.4032037058,0.11764705882352941
1J4qHptjp5Py2zdqK8T4cgDWXK52u6B3e9,24,2.81853570709117,67.64485697018807,0.00010909243947582111,8,16,302174.7460746956,0.47058823529411764
1J6BRT4VRdXoELB2uMyT4XQ3ReY5bZtyRT,22,2.6842283227989303,59.053023101576464,0.0001121292234415644,10,12,305814.6488564762,0.7692307692307693
1J6gEMryRfpy7P7YH8mzAEpoGj5WjdKiZk,14,2.5446768798264428,35.6254763175702,0.00012176023443204614,8,6,527114.8195914616,1.1428571428571428
1J6rD3F9C8RsfEbKzY2qAEfaKUpHo8QU18,23,1.840648348644848,42.3349120188315,8.507768661267953e-05,7,16,315812.25806009094,0.4117647058823529
1J8M9vxfVvDgayzk4rMDYAdFHNwUZ7oSEE,20,1.5794090698021859,31.588181396043716,0.00011935345470342321,3,17,371204.78553973685,0.16666666666666666
1J8oVj59q46SyHDimd2w8XeNJoyBnkroVd,20,2.2289144758317327,44.578289516634655,0.00010194705010829951,7,13,404679.32433015783,0.5
1J931P1CMGdKebgkqxFcghBfqVtWh8SAyS,24,2.074915698482959,49.79797676359101,0.000101151686626969,11,13,280946.4995486087,0.7857142857142857
1JC3Q1q1esoo8bzySZ24v1SvMTth272nA8,25,1.6908201201253872,42.27050300313468,0.0001039726153623121,2,23,280825.3870601666,0.08333333333333333
1JCeKrbVqtJd5N3LLpLLoKkX8TYqVyxDQC,18,2.693682387321446,48.486282971786025,0.00010631170012620921,5,13,397853.31980182347,0.35714285714285715
1JE5oSof96gYXgP53VjWQKBhkWmws47L21,1,1.996469989140218,1.996469989140218,4.201860801828868e-05,1,0,0.0,1.0
1JEMX1gXsXm7fJ2uLCDzk5hibMwZmDQXDP,1,1.9255654612695055,1.9255654612695055,3.5937910843178786e-05,0,1,0.0,0.0
1JH5v52CuWLHF7PV7W6jUjPDwDH34TZ9qh,20,2.22475690358101,44.495138071620204,0.00010475093686688271,9,11,401042.066404842,0.75
1JHXpCYBAdmPyr1BTggQYVRLTKBarLnRaw,24,2.2214478380991793,53.3147481143803,0.00010895282255183067,7,17,323996.8464738261,0.3888888888888889
1JHdE43prbMdCBDnQdWvRdA6K16o7bGpMB,14,1.4882936758009353,20.836111461213093,0.00013968663418575025,4,10,591235.6893098463,0.36363636363636365
1JJNXSBa7BdAFBm9WG4uy8a2bokEEALdVk,25,1.7752457951584555,44.381144878961386,0.00011114504623840737,10,15,305674.42615516664,0.625
1JJb466YoANiHPTFt9ff2zRiLvLiSsqsVu,1,1.0,1.0,0.0001484272663604,1,0,0.0,1.0
1JPKAtQBdZvMHu8mx5JErfn4T6RZx6PjHq,21,2.5392986185868636,53.325270990324135,6.711644099814834e-05,8,13,353236.2063647,0.5714285714285714
1JPPcWQpA14J6Y1YQ6PkGZ5HxXbMR1UNQC,22,2.597390763859321,57.14259680490506,0.00012364709633903083,10,12,352863.2546529048,0.7692307692307693
1JPQGGF1i6KLaXp7BMLQx9ysnCk3BKNHmg,18,2.640426412683973,47.52767542831151,0.00016434620756293665,7,11,343433.4080575294,0.5833333333333334
1JPQaaXaQhLvs7oUpRYqChUhCpDLcR6wUd,24,2.448010846275834,58.75226031062001,6.184165466677819e-05,6,18,316159.84481417394,0.3157894736842105
1JPyeKHZQ6YRBiaCuX66QNvd41By9Jg6px,1,0.22851069309251862,0.22851069309251862,0.0002312629953148,1,0,0.0,1.0
1JQa4d2gGVLu3KQaCMqx7ckHZ45ck6AdLx,24,2.120420569425542,50.89009366621301,9.506686666271933e-05,5,19,336839.03003278264,0.25
1JRGSgPMku6Fz8rHdVfQqqpHcmvsY5Q8ph,1,0.04102580345656109,0.04102580345656109,0.0001015438081181,0,1,0.0,0.0
1JSzRoytUcMTWsAsXJxiRJtCtdcUFivkXt,23,2.932461824958758,67.44662197405144,9.708648591052732e-05,9,14,316482.9396551363,0.6
1JTf2RapfHnDB3fpwZfeyxWncNxYMts215,19,1.9828470807422713,37.674094534103155,9.064356833487233e-05,4,15,417880.0287812778,0.25
1JTkrXCXJBwhgGFxjxHt3AkUQCQvAseyRL,1,0.9164715339524228,0.9164715339524228,0.000229294730364,0,1,0.0,0.0
1JUPJCC2H6x2UJySAVwAtYe2wrxhNu133x,18,2.446260654017627,44.032691772317285,8.374096105140393e-05,5,13,434426.8071305883,0.35714285714285715
1JV3yikFeQJwsghFPtAiQXAfdXCJpwtE16,16,2.9077110126666157,46.52337620266585,0.00011930386838426378,6,10,391892.22737000004,0.5454545454545454
1JV7x8raCAWK2k1zUJwhupjSfs1MxHkQLj,1,2.18871899819028,2.18871899819028,0.00012277389172,1,0,0.0,1.0
1JVSmSvVPxjFr1uTNNSQoZ9E5nf1eRL8fP,21,2.137023476610127,44.87749300881267,0.00013329238018268804,6,15,329519.81889384997,0.375
1JWAurtiouyjVQ7ZMuJnBRMKoETxMRe5ws,19,1.4055050548712362,26.70459604255349,6.639489795181276e-05,3,16,399809.7799270556,0.17647058823529413
1JYLqMaH8Be9wu6JjG1xLiNzpVTEgpnFfi,1,0.6125365496651001,0.6125365496651001,9.25527675631221e-05,0,1,0.0,0.0
1JZFGk2Ea8tHK5yppKMPzUuWs3eNMTPKwv,23,1.6766093921173328,38.56201601869866,0.00011594015592528706,5,18,318625.8565654091,0.2631578947368421
1JbXXgzkH5YrjG7nFZxUdrj7SGRREtqaE5,1,1.8094407499305583,1.8094407499305583,4.474400500618614e-05,0,1,0.0,0.0
1JcaToQYbmN5cAxvVweebPV1Hu28tRx8f6,20,1.997055467527042,39.94110935054084,9.109871638655049e-05,3,17,336131.28166400007,0.16666666666666666
1JdPxBqaK6whvvsUehwQ8YaySF2p7bCeBr,16,2.139493054209952,34.23188886735923,0.0001316002343815967,6,10,348199.7395159334,0.5454545454545454
1JeRYTuXgorkCY8Rw2FTzs4RxMfY7eiyyr,19,1.9592137973445252,37.22506214954598,9.1144011286349e-05,6,13,383544.5395485556,0.42857142857142855
1Jf4vJhpfVafkB6qG75xbQUfBH5iSu6NcQ,10,2.223049425374787,22.23049425374787,0.0001554583938954322,6,4,784464.389991111,1.2
1JfUfSSz7J5og9smbkRg7QcPt7PC29u3aE,18,2.3572384487039972,42.43029207667195,8.896052375312186e-05,5,13,368058.8053045295,0.35714285714285715
1JfZXuJ8NMUL14fB1MdYMYB5nHsdJj7hLr,1,0.512526340102514,0.512526340102514,4.212519704168888e-05,1,0,0.0,1.0
1Jh6oC2smpjXAJW8BDfBiy9SzLdLb6QHwr,18,1.808135177294721,32.54643319130498,9.93754658868856e-05,4,14,417731.5219872353,0.26666666666666666
1Jifop4camUm2Sr29VTDKi7b7hqrJuDiSp,1,0.6356546051579894,0.6356546051579894,5.866072058563145e-05,0,1,0.0,0.0
1Jj62Zus6q3nEF4NX5ZdioBRNMQiSHmJSg,18,1.6949416085245952,30.50894895344271,5.515099261736692e-05,5,13,441728.4607152942,0.35714285714285715
1JjKQFhMrjkooAokT3j2JbQw46csjvqtRn,19,2.683617259396262,50.98872792852898,0.00010973016227093547,6,13,404737.62629911106,0.42857142857142855
1JkNcAkVLfdgLSgV713uDVeaKfr9ESdbLq,11,2.222932649962773,24.452259149590503,0.00011085316913186307,4,7,690515.8474449001,0.5
1JkTCBbAr9k1hQU3dbY9bYimYUxyVSLjBC,17,2.3374785723890463,39.73713573061379,7.500113521195326e-05,5,12,376621.7625181875,0.38461538461538464
1Jn5yinmdmaUTuKK7j2wj6x9cNAfshrnFq,19,1.3214160365732386,25.106904694891533,9.352553580018754e-05,6,13,268059.11309622217,0.42857142857142855
1Jn9KiMwSWH1zvL8rD8pwjhDUwd4QmDiZW,24,3.073473380805661,73.76336113933587,7.628080568763193e-05,4,20,326194.0958866522,0.19047619047619047
1JpLeGLXEvmKkNziRBkvnT5Nj4srrAnYET,17,2.4344799432968367,41.38615903604622,7.87431503270412e-05,7,10,389137.6704593125,0.6363636363636364
1Jpvh4KoDeDvQQxTwWXz1XZUnnRXGbkghb,12,2.271014945836171,27.252179350034048,8.051659722319001e-05,2,10,558824.8367245455,0.18181818181818182
1JrsQiUoU3iGKHjmk5LQwpgq1jLRNmbYrj,14,1.9436128297812145,27.210579616937004,0.00014662475979600596,5,9,562318.7343133845,0.5
1JteSyi3cDKoM1xViYiFtdqVLZs44nXX3X,14,2.781542585719875,38.941596200078244,8.952080971496672e-05,5,9,576171.6779619231,0.5
1JubdekdU9jsDHvEmLcwLpXdH1JXYb3EKq,22,2.1112563353265617,46.44763937718436,0.00011416764078950862,6,16,336652.17905842856,0.35294117647058826
1Jvr4iJVDWo7sHNtSKcbNsGCunGQRnaV99,11,1.1336904477646732,12.470594925411406,9.436103770104178e-05,2,9,582058.7378737,0.2
1JvyiBn9qaknmoswhu9qPUszdz7ef85Rra,25,2.436557389947982,60.913934748699546,9.352031175912333e-05,8,17,316926.1903016667,0.4444444444444444
1JwCT77SyYirqkcw4qSRSEDhZGUGCgUY9E,17,2.979719685564741,50.6552346546006,0.00014979065157153944,6,11,428083.0186798125,0.5
1JxUXi18vL6eBFrrXrdWkEag2B6Bo7qAjg,21,2.861514903802995,60.091812979862894,8.268112531711127e-05,8,13,324149.73995025,0.5714285714285714
1JxWWgAvmVMijGdjuYFdPXvVvthjzz8P5h,26,2.3279335698064996,60.52627281496899,8.060816900265588e-05,13,13,266653.11196896,0.9285714285714286
1JxpfBgyhDEMDq81WZX68AtoLxkjQsTGaq,19,2.6569525370812626,50.48209820454399,0.00010926616562991593,6,13,385830.95291172224,0.42857142857142855
1Jyjk1EGCrdvCgesMc1F6kyjEsnAYg9j9i,18,1.983750076842988,35.707501383173785,9.992116375041708e-05,5,13,442990.28236970585,0.35714285714285715
1JzEia9t295fZAMhKJYKu4HhApfbA1jxMa,15,1.6643145971714792,24.964718957572188,9.229661527298994e-05,3,12,459924.4163375714,0.23076923076923078
1JzLCysNyGCsxRewhDfJ3DgtvS4bWEzP3W,1,0.5174109664157687,0.5174109664157687,5.01683901178434e-05,1,0,0.0,1.0
1Jzkq3PVCQ9LZLW4KKL6hKeHgBZ9Kzk1RE,17,1.8496518547657812,31.44408153101828,9.77890003513954e-05,4,13,470723.36281674996,0.2857142857142857
1K17CrrxDozm7ZYDDEjMaq9pdyKvH8JcjY,22,1.7562423615999316,38.6373319551985,0.00019377583237328004,5,17,352939.8279231428,0.2777777777777778
1K3Zm95HXpkLD6XNLt3YmoSqeMvfAEfuPN,26,3.3101019832557927,86.06265156465061,7.400337919802334e-05,8,18,270326.77030679997,0.42105263157894735
1K5Xc3QgQmDCUG4ScpQHhVzehbodePgivH,16,2.0648854381485697,33.038167010377116,0.00010294683091023715,7,9,377363.4505071333,0.7
1K6aiuTQz7qGKhSo8pqchjzDaBc9Gwc8RZ,20,1.437855004728104,28.75710009456208,0.00012001102099807417,4,16,370795.7455571579,0.23529411764705882
1K76WLuB1rSWRtYawdck6dDgoBCTE6bNye,25,2.5651232390480776,64.12808097620194,8.944588240095174e-05,6,19,301443.8603258334,0.3
1K8cqr4acR9thF8NqdQDiKxgu3VywX4ctd,1,1.3057135795482737,1.3057135795482737,4.410093591150915e-05,0,1,0.0,0.0
1K9XyyJMfv89v1hwqSGYuwr8Yea21Y7dUo,13,2.038696476000808,26.503054188010505,8.662107481333185e-05,8,5,589505.4829876666,1.3333333333333333
1KAdmeVs23V2DYXL4em2oayoY4mEMicwtd,1,0.10606813572533896,0.10606813572533896,0.000305483407213,1,0,0.0,1.0
1KBdHYRkeDdVdexavEBUwUjwXNvbbh1AY7,24,4.286116375638242,102.86679301531781,9.82915270296211e-05,9,15,308363.4893981304,0.5625
1KByfFRF1nsrK9fKC8WWZHZDXKx6kDaY7N,15,2.413620529112885,36.204307936693276,9.286059512486233e-05,8,7,523855.70296649996,1.0
1KCABnetZRHx9Lv49P4GrBKvWP5N9JacXX,17,2.507384620489348,42.625538548318914,9.208687611360596e-05,7,10,396842.4796718125,0.6363636363636364
1KDrAvgbJVzoaXYxvA3V4BYNEtmgNU6jVD,16,1.6134256636506605,25.81481061841057,6.429528786739035e-05,6,10,478434.6180204667,0.5454545454545454
1KE23Gawxqnw6XkBMhXqGGBEMGERctJwZX,16,1.9866969111119235,31.787150577790776,0.00013043511986574985,5,11,421858.44755860005,0.4166666666666667
1KEbnVEp7m7gvi8p5SboJ3T65QsnRGXy4h,17,1.383396694093511,23.517743799589688,7.74219051429941e-05,6,11,449635.02434325,0.5
1KErkeDcJTdaXScM9qw8gDEXmdC8gds7g6,25,2.875813610746533,71.89534026866332,0.00011052111817332808,11,14,297517.502273625,0.7333333333333333
1KGHND33XSYfnNpvRRKNHt7nKLiqQx2dAT,16,2.0992923467497286,33.58867754799566,5.237247296331485e-05,6,10,502248.3810396,0.5454545454545454
1KHpUoABgWVgs8sGjzUZuEWWJRcwj8juDR,1,1.891438046561088,1.891438046561088,1.496554646390041e-06,1,0,0.0,1.0
1KJBKzaf6Abixq9CUNjYcK6gqBJLTa5KRV,20,2.3318278211552337,46.63655642310467,0.00013353059936467923,9,11,393434.3682597895,0.75
1KKowfewKzF1hRrpZXJ4neawYURym4Dr1Y,17,3.6081914983306174,61.3392554716205,7.823228720404534e-05,9,8,380746.8748530625,1.0
1KLX7id88FJN6PhTieeTUdJSEJgpcb2JPG,1,1.011207569504963,1.011207569504963,1.5055250950915178e-05,1,0,0.0,1.0
1KNUvttPjMFqsUHm8FWDYzprb4cNMX5Us4,14,1.8965895134203021,26.55225318788423,0.00010369289641813408,8,6,568577.2134023077,1.1428571428571428
1KNWiyFcbm383FfjfcZhBecnbDv31pQTjx,17,2.3954002640472694,40.72180448880358,9.240104086614689e-05,6,11,423192.1909248125,0.5
1KPJZhGZX1s6TzKY4eGgPg9neZ42HDqHe4,22,2.994190994265813,65.87220187384789,8.501164010935215e-05,7,15,312752.74501147616,0.4375
1KPnHa7CVFXCRfphLDRmLmjqyGGNfdUSyo,20,1.918192301490004,38.36384602980008,0.00013015639912975939,5,15,406033.75643663155,0.3125
1KPwPMtCxGa2QmjYc8FiM6ky15pdT4u2to,16,2.540542980930929,40.64868769489486,0.00012282167621197756,8,8,479921.7329776,0.8888888888888888
1KPxbtKFEajFyAmdnxUogY1xAb5qjtL4mT,13,2.4139339559864093,31.38114142782332,9.473698541703314e-05,3,10,517852.33209166676,0.2727272727272727
1KRHXGMRCXhHJusep5WhSH4SwZvmRioX1B,16,2.3574236162127127,37.7187778594034,0.00010615790045944957,6,10,369596.8192135334,0.5454545454545454
1KRpnyAxUHZoG9W21yM7WAg96AVP9RR3w5,2,6.886448473527485,13.77289694705497,6.111877923578666e-05,1,1,235.187183,0.5
1KTqYp5po5RmVNqe4L72gSMUUPFQHrGtpQ,13,1.8859736096364839,24.51765692527429,0.00012401755441042927,3,10,537834.2778298333,0.2727272727272727
1KUH4JWCDFUggT2XTbuGx6ducZa9tjSeWq,30,2.776788615631219,83.30365846893658,0.00012274658855333025,13,17,263678.138396,0.7222222222222222
1KUybV8pNRoimaMMd3ZSqWCXLjcGf91ZS5,1,0.1,0.1,8.718050750045277e-05,1,0,0.0,1.0
1KVbjqqBEVB7PYW45tvCab1xyTchkvLUP6,14,2.0282847135489113,28.395985989684757,6.571313075196538e-05,6,8,518183.71641792305,0.6666666666666666
1KY827vTJQzZdXBXSk28LyMW3fkEJdqD6Z,20,2.0074546493546066,40.14909298709213,6.961311020285768e-05,5,15,347079.7603030526,0.3125
1KYFpFr4DviFrHatRN1RYRzbx2CPB6c4UW,2,25.674984192371998,51.349968384743995,0.00013804667562160002,1,1,700.429729,0.5
1KaA5EYUWoH9b4RgYGjQhxvRgBo75ToG1P,2,0.09968255813253843,0.19936511626507686,4.968309890110575e-05,1,1,13645.486358,0.5
1Kaz2A7Fm1Rz4ziWw9w2iP1xnQTP8zf6g5,22,1.9264712043135603,42.38236649489833,0.00011980303905241544,4,18,319239.4417415238,0.21052631578947367
1Kc75GyEHvgYbkBiMHHj6WuLr5FYUVLqDQ,23,2.685417457881384,61.76460153127183,0.00010837620152276344,6,17,342087.1312348182,0.3333333333333333
1KdXhJYX2CZqvh9StK3STJ7wBoXvdnJac,2,0.9999479721284054,1.9998959442568107,2.8053858494768517e-05,1,1,36563.096745,0.5
1KdZWKuPDwcMT7mRL32uNHYH5wvo6zC99a,16,2.8328861291298,45.3261780660768,0.00011878043917681994,6,10,426646.09385360003,0.5454545454545454
1KeTRgVTK9aPSoZHTv68x2rWUtn3bn2Wns,20,2.7396038490957486,54.792076981914974,7.230793212613967e-05,5,15,352219.85973889474,0.3125
1KevqdPny51iZRWrdF2bPJ2QZNx3oMTajo,32,1.4552805928364885,46.56897897076763,0.00010760960838746606,13,19,241933.81155138713,0.65
1KeztVviKo6dHEPW2UeESJ264hX1Cy4Lfi,5,2.8680443241989115,14.340221620994559,7.974279018926562e-05,0,5,168288.000149,0.0
1KfMng65fASERWFan38GfwamQXDJYCo4vL,1,1.2599482977776568,1.2599482977776568,3.442613340917466e-05,0,1,0.0,0.0
1KfkdR9MpqqrVzbBuMPHmRfR2Y21UEpbx1,2,0.09947248512256066,0.1989449702451213,2.64602425726577e-05,1,1,7176.734914,0.5
1Km2io4jMbJTZVeCjPJS5ruo3TtKfzr5G,21,2.7135720283258484,56.985012594842814,7.899032320471947e-05,6,15,378990.3068322,0.375
1Km7pTS6EujFsrzhPasg1KN42pTFJEW9zC,22,2.2183747860777854,48.804245293711276,9.566670933081441e-05,12,10,345783.39520800003,1.0909090909090908
1Km8A5TVNLLH6dQ7LWmSSK3aFs9HCwiBbG,8,1.1031769010464647,8.825415208371718,0.00016842453054446516,1,7,926154.672703,0.125
1KmKbJnHY1VJoAZh5RoauZokaAexi1gLn6,1,1.1953136921424843,1.1953136921424843,6.025433939184631e-06,0,1,0.0,0.0
1Kn8npREQpEdHnmwzZK1jqKCwVERL2RFgu,22,1.7184129926482035,37.805085838260474,0.00012185143133311427,4,18,308089.0093610001,0.21052631578947367
1KnCmYVVtnq9icdH1XBEDDqYxF9z56MANM,20,2.0042243014623753,40.08448602924751,0.00010162675856029892,4,16,361605.3591788421,0.23529411764705882
1KoPoGwvTVe4BYJH89m1UQXXPnJ8z7AafF,17,2.4852557169051117,42.2493471873869,0.00011621075018288909,10,7,347401.06505275,1.25
1KoekCDkHWVtFCEJ9wG8t2Hb6StbR4ajSq,24,1.6554619433705458,39.731086640893096,0.00010840945958432184,7,17,302359.52657165215,0.3888888888888889
1Kq5E2xF1BRVjvvKtdLtNbunT213xSgUa2,21,2.101377858721118,44.12893503314348,9.454785091850417e-05,6,15,330695.0509912,0.375
1KqcEaqeMzBZcgsMxF5bAHsPWxzfT8z34a,22,2.366475446203834,52.06245981648435,0.00014067531066825617,8,14,297785.44769828574,0.5333333333333333
1Kqou6458gXaUAHJ3VUw9aQGCd1YZ4uHx,12,1.3813435756347954,16.576122907617545,5.205783217106154e-05,2,10,309370.3440569091,0.18181818181818182
1KrU9jzP7VaK5YrKkYr7FDYVkKhAgevtY,2,0.9999831945650515,1.999966389130103,8.947647458182045e-05,1,1,36801.565426,0.5
1KuXrtjMy744gaG8ZiAjuJjfmdxcje9yZE,22,3.1592538764692817,69.5035852823242,6.721188504270009e-05,8,14,365184.984859,0.5333333333333333
1Kv5V2eP59bsqZ5YozEJ74Z6CxDDR2GYjk,18,1.1951316046519687,21.512368883735437,9.112771466129016e-05,6,12,420888.8781618235,0.46153846153846156
1Kw8Kd6sDEe1o2SpnGsJ1T1kpcqAjBtTLh,1,0.9886541360887849,0.9886541360887849,0.0002459910239307,1,0,0.0,1.0
1Kwcd1pRE2fANJ3yBKva3iPFx9mG9qjZa9,20,2.4172404835404446,48.34480967080889,9.147765088268239e-05,6,14,325306.973597,0.4
1KxWCPcTvBiT2uvjJbjq7KRhboD5w39ncW,16,2.0594817486304806,32.95170797808769,9.729315308377393e-05,6,10,454620.4773542667,0.5454545454545454
1KxZGpJa38CPzbJm4RuHFaUwd35Ldd7tyW,18,1.3903849141680216,25.02692845502439,9.957687823285437e-05,3,15,410322.4482712353,0.1875
1KyAVbcLkFPEWF75DSjtWbmvv315a9nyhN,12,2.342012024376679,28.104144292520147,8.610625012715578e-05,4,8,635376.4760198182,0.4444444444444444
1KyEeqgT6ZH7vQFfRC2kaadGK7qtqa1Lrq,21,1.8181753675434116,38.18168271841164,9.531044501878493e-05,7,14,359048.5843275,0.4666666666666667
1KyHRHDVevioQ5bPWX1hUKCDq7Qp1kYGw7,21,2.1144533841631103,44.40352106742532,9.031760920934733e-05,5,16,340926.73945304996,0.29411764705882354
1Kyh6XYbdnWr8CTScLonweWNEhtbcootS3,18,2.01936168475287,36.34851032555166,0.00011038541659354019,5,13,432694.5769943529,0.35714285714285715
1L1YumFUhdkNQeooEYrm2TSFByzYhfp8yd,11,1.7575675753872197,19.333243329259417,0.00011119765969021326,6,5,723771.3404574001,1.0
1L1yYijLH95U36mnTGg4mfQGUWPtQ3mtPP,22,2.0509835732115507,45.12163861065412,8.3279099843121e-05,5,17,358517.30365828564,0.2777777777777778
1L2K7Ts5pD3JqeT8Qup92Nq6Tz1xH4ARag,17,1.9370074192276572,32.92912612687017,8.405689892581898e-05,5,12,451718.831744875,0.38461538461538464
1L3PKamegDuBkLx5J2Bk8vrDjMoARudfCE,18,2.5334765317967816,45.60257757234207,8.36701855359509e-05,8,10,393324.8414824706,0.7272727272727273
1L3nfaQLQ4SuQ8DRSmUUjGa3CvBRiPLk1,14,3.8384479756876835,53.73827165962757,9.64492336771248e-05,3,11,518598.13004253845,0.25
1L4XJN4XrJev3wdd37kwNMEJc52WC12dzS,15,3.1018843402376124,46.52826510356419,0.00010953783456118144,5,10,499395.72265121434,0.45454545454545453
1L5GJJetbYBKyXWWkCJYDKdtcfYwcbuK8w,1,0.4578055891416977,0.4578055891416977,0.0001583714999176,1,0,0.0,1.0
1L5Qdbwqhvok7heGJ8huUUyXfYM1yXPCY1,2,4.999962043059121,9.999924086118241,3.150209886712666e-05,1,1,13730.882618,0.5
1L5bExbbFHc379UUAAibsSyyQvsAzz59T4,21,2.2834265516293377,47.951957584216096,7.634674592978902e-05,10,11,370612.5460467,0.8333333333333334
1L6QcxnoKf4W3i3uyjLEuSuUWpXd7VDSbk,28,2.4592784385904785,68.8597962805334,0.00011696482025511283,9,19,273409.6240694444,0.45
1L6rV5pg3vnpxHhFbdM6Twu8aFP9rtnypS,16,2.7002764574801934,43.204423319683094,8.483722542565911e-05,6,10,506689.19237986667,0.5454545454545454
1L7cD8WHEmj4V1Z9W1pwrfRCLBHqAVcKwj,22,1.4726212039697886,32.39766648733535,0.00015893339912055355,6,16,314718.9651441428,0.35294117647058826
1L7gRA5gCMk5hBRPxDN21mjpjR8CFcqirc,22,2.013732113270867,44.30210649195907,0.00011145642351364219,9,13,367994.862985619,0.6428571428571429
1L7w5F4r1WR1a6GpzQa31zJhsU5ip3BVdT,15,1.9109101445319807,28.66365216797971,0.0001664062153449315,4,11,428371.34182607144,0.3333333333333333
1L81ACfFDM4WPprTaWkJSpJxcHCUEHj7TL,14,2.1447860492485984,30.02700468948038,0.0001467910675807068,3,11,516745.1221375385,0.25
1L8WQfHZzznd7vVYbzZ6Yv5DwnvYLxBZGB,22,2.0533115503104096,45.172854106829014,7.800324713944738e-05,7,15,352387.5365716667,0.4375
1L8WkoAXCRznG57CVrfqBBazDULjJ1xjgT,24,1.515340069887068,36.368161677289635,8.666916792279181e-05,7,17,334649.0536003043,0.3888888888888889
1L8nypo8YcKwbUTpVEbaHFA3c83t5RZbZy,17,3.8976764945938,66.2605004080946,0.00011508938185252129,9,8,444606.750834,1.0
1LAFXKxQYq8j71gJXj2R7w8KcHS4m5Ling,22,1.8341241871321154,40.35073211690654,8.419737108628904e-05,9,13,357535.8908924286,0.6428571428571429
1LAHXxjmENm6q9eDtSu16J3ueB8HYW73mi,20,3.1525306578305194,63.05061315661039,0.00012103284330400427,6,14,395325.8744227369,0.4
1LBvWVX48UzwL3ckJVRzjtfec1LB6yLZCu,18,3.130536622808426,56.349659210551664,8.487228073218336e-05,5,13,449766.71692358825,0.35714285714285715
1LCjGwjn5JRZoc4tC6PfHz7JwNN88F9kCA,20,2.577545580757257,51.55091161514515,9.336492663937619e-05,10,10,379583.12098010525,0.9090909090909091
1LCpuPC9Y9zNHHAF5ywArTwNhC6iiYgsTZ,14,1.967346988448661,27.542857838281254,6.718479957736863e-05,7,7,499447.2099058461,0.875
1LCz5ZVsBKQhfSBUL4k16cvMXdNPwYrhSE,15,1.1177147219663253,16.765720829494878,0.00014090142182944483,3,12,535653.514070643,0.23076923076923078
1LEmL3tmVU5tcnZC41W7SoVmCe5Mm3jAtr,17,1.8369565906057157,31.228262040297167,6.671919200115378e-05,6,11,469880.8689899375,0.5
1LFGMWKsWajRDxut9XGwYY43co1nPQLT14,1,0.16939620383620435,0.16939620383620435,2.398678955287989e-05,0,1,0.0,0.0
1LFJrLfkaDmq3UboQLtnb8U83Jrc4AnWxH,10,1.334413148094108,13.34413148094108,6.627969486186781e-05,2,8,644573.4226389999,0.2222222222222222
1LG1yPmSN6UFR47BgzQbmWT8Nnp8w6xCGC,18,2.211679367516156,39.810228615290804,0.00013357203043578382,7,11,417779.7533935882,0.5833333333333334
1LJRz6s2HgE4r9kTLn7a3b4ihQbnSSdTuL,20,2.2982887780322634,45.96577556064527,9.078293089979601e-05,4,16,374508.7548992632,0.23529411764705882
1LKTtWqSgmYYiv5KmFbA5piLnY35ygkyUZ,11,2.555978546629787,28.115764012927656,0.00010370321611832444,7,4,749278.1220943,1.4
1LMDi8UKMe4h1D8f1b46gMK13recu8sU3e,18,2.453905740133623,44.17030332240522,0.00014527684787480025,7,11,399707.0688308235,0.5833333333333334
1LP9FZ2cqsNwifkNR5ZCZCFoNfap2srsNh,1,5.0,5.0,1.1286298630051248e-05,1,0,0.0,1.0
1LPQrjn7ytuCHGLAHSsn4m6JNxw4xKUqi1,17,2.6139338975684936,44.43687625866439,8.183642482960511e-05,9,8,312023.1940776875,1.0
1LPUrcqQLcwiQRqVqJwrQi4588yB3Gy6Ja,21,1.2997982982442313,27.29576426312886,8.914474933151794e-05,6,15,378686.6236941,0.375
1LPW1pFuougFvaTXwHxHM8ozVwx2sQYV9y,18,1.509526384344377,27.171474918198783,0.0001330994363323433,2,16,422077.0220815293,0.11764705882352941
1LPoGJxvBBv21i2vpZjwQVUFM6K5SMoakF,25,2.401719119267987,60.04297798169968,9.438182317452386e-05,9,16,285929.64494175,0.5294117647058824
1LQyMFqzmVxqv7ssG8TW8XWP534CqD6Tv2,2,0.9999196949893331,1.9998393899786662,1.1502698927818873e-05,1,1,22610.631722,0.5
1LR5Zq51nvCwt4Crquk4fBWi47YKVcCLoc,23,2.008632571345617,46.19854914094919,0.00010047462987118284,9,14,340906.05810854543,0.6
1LRC1NbzyZhAFMdV9vQkBaL8D8pE2E16Zz,2,11.51823568505916,23.03647137011832,2.5084569821978623e-05,1,1,841.846679,0.5
1LRueLxL4QRaDnJBfDWdd59dnSZo9VXMX3,17,1.950027150674831,33.15046156147213,0.00013627589422340888,5,12,427460.6775896875,0.38461538461538464
1LShjJYP3QKrtyUgQ9DyG3gXnhocDidpbg,13,1.7280257015765565,22.464334120495234,0.00013612759937156276,3,10,565557.8473090833,0.2727272727272727
1LUEuP8vPyaDR7XcXLyYM6mCEsNxzRw7W9,13,1.285260079141779,16.708381028843128,0.00015226626034187338,5,8,564540.1058809999,0.5555555555555556
1LUXRHSwq7NohwQEApcKDkxWuzywTJayiE,18,3.428901195323464,61.72022151582235,9.481159815801921e-05,10,8,413398.5487494706,1.1111111111111112
1LUaqq1x26oxA6En3daFKmrPCfMNPGWimC,24,1.7350926788234,41.6422242917616,7.455302663760017e-05,7,17,309841.0460679565,0.3888888888888889
1LUkK6hTQaZdSKBsquTzG7q49ruqabBCSo,21,1.9928215316358953,41.8492521643538,0.00010937749309656585,9,12,374308.41499765,0.6923076923076923
1LUpVFEz6nt8e7TjaEparmztTSaN9mhTg8,16,2.7725707276937013,44.36113164309922,0.00011212874529061576,9,7,501180.5070953333,1.125
1LVqMbo7FCu7vc2mJ6HRosUM4ezZkjd1Jp,18,3.3207616527008392,59.773709748615104,9.729931916193438e-05,8,10,417388.37766658823,0.7272727272727273
1LW74Y2FXAc7VPzFeVH8dFiHmF1BLpofeu,10,2.3198182280933834,23.198182280933835,8.378986356092242e-05,4,6,804141.3378291111,0.5714285714285714
1LWffp8uehxBaH3qqEC39uAkGavzkgyTuA,18,1.784201006288581,32.11561811319446,0.00011055548627473036,5,13,405694.3546144706,0.35714285714285715
1LXgTUdUEC91p1b4y61GexSCasASQBnzxR,1,1.8468353172683205,1.8468353172683205,0.0001831044811967,1,0,0.0,1.0
1LYKusJfF9d7eY8o2ijmpjcr5V6nJ26oqP,18,2.5776417506133362,46.39755151104005,0.00011718945795551961,8,10,431123.2768974706,0.7272727272727273
1LYZmVaAbZuBVyB42ZFcanLW1mKk8dvxMZ,16,4.164719979818449,66.63551967709519,8.021228839085488e-05,11,5,366435.3696978667,1.8333333333333333
1LZEiV3k2TzYEvRonFWvJT7jJyLwRZm8Cz,14,1.579162584241692,22.10827617938369,5.3714241634568516e-05,4,10,573626.5049534616,0.36363636363636365
1La9sBhKTLnmBdbn38vUdgdCtRFQ5wDGhP,1,1.0227652292351124,1.0227652292351124,5.047613734958607e-05,1,0,0.0,1.0
1LbEirTK1hRAsmpEqRo54kbQxUakZqhPAV,18,3.4232582530768165,61.6186485553827,0.00013319753052555263,8,10,421792.6265188235,0.7272727272727273
1Lc2hdipeN81J6EZofq8XRQoMifssmTCFS,17,2.5137865343690398,42.734371084273675,0.00011530538800567996,6,11,427054.0551299375,0.5
1Le5cLbpWtMnkmv38gXgj8DWcVT419jgw5,16,1.3277643414344045,21.24422946295047,0.00012137076522003599,5,11,457731.7118327999,0.4166666666666667
1LeEQSgR2EoHypRMKJ7RkZHj8rijSjvjAi,2,26.954065703478186,53.90813140695637,0.00010956261199804269,1,1,425.242338,0.5
1LePcpWJHzqKr4QbwW7SRuP5FWwm6Vpe7t,16,2.3143238442772662,37.02918150843626,8.71010965920792e-05,4,12,398409.76776046667,0.3076923076923077
1LeZBTM94oGon2FWJ3VS4rMUkNzm9xxg2y,2,0.9997867764352495,1.999573552870499,9.163613018357631e-05,1,1,35239.495718,0.5
1LenGVRi88W3jMfw2XJYQYUBNy2gHVdv4v,1,0.9996367216948256,0.9996367216948256,2.0859109628386316e-05,0,1,0.0,0.0
1Let1GkqE5fU7tjZh16Cf21GmM9vdXPDhJ,23,2.716540684130488,62.48043573500122,8.397855928919668e-05,5,18,304002.21397854545,0.2631578947368421
1LgpG5GxMhDaBjYqrwg62AQK4uBSCs51j7,17,1.857774239769617,31.582162076083492,7.972714174377167e-05,4,13,437808.3180118125,0.2857142857142857
1Lhk529X7kdHcBNG6tLMDiUMDPRbs8dBi2,21,2.3833850070628793,50.05108514832047,9.729974844020878e-05,7,14,340574.59864255006,0.4666666666666667
1LhuGh8KjH72vzX6f6Y7jBMJaTRRQEE2Ev,19,2.2101069069433676,41.99203123192399,0.00012565315367739965,4,15,379252.2491505,0.25
1LiXSQyDN6GBJr4PC6i8Ubd7J5ppqskf81,17,2.296892390993981,39.047170646897676,9.97630576664445e-05,5,12,421720.7787548125,0.38461538461538464
1LjSJ3XwJe7EsGRGcDP49nekStvvQAaybq,2,4.999722101994696,9.999444203989391,0.00011273175255018638,1,1,17360.472388,0.5
1Lm2XkKe9YbJakoqGJAxnzzbjk62BeGGxo,19,1.9200742957110075,36.48141161850914,8.89713798010977e-05,9,10,421327.8789311666,0.8181818181818182
1Lm8P4pW5pFCJzWewY5tYF1vhJFzecAgVZ,16,2.20666385695055,35.3066217112088,0.00011496914705700079,3,13,501043.11136006674,0.21428571428571427
1LmJ3z6FmFu5W9MFmEmAhvGqgCdZ8XQbiY,20,2.5230201964848873,50.46040392969775,8.532798116304761e-05,5,15,395018.6778060527,0.3125
1LmN9fh4LCDT4z6gENPewNn2W7pTU4pLG4,23,2.3341772769490046,53.6860773698271,7.125353595769434e-05,8,15,334379.6167790909,0.5
1LmZJHopQ2iWXK349idWDniK5ntNjsT4Zs,1,2.1464809335809925,2.1464809335809925,4.4076665824462e-05,1,0,0.0,1.0
1LmcRaJ4fezKxBWRe3fmbQ6hBPEzZ7k7Yv,2,4.904475464483364,9.808950928966729,4.278702838137302e-05,1,1,929.672138,0.5
1Lmkn5CZyCpQ1JeFgfcTHuyw5ZSTCiJBis,17,3.4355687595921314,58.40466891306623,9.597050426904786e-05,2,15,398958.51365081244,0.125
1LoyqN5SHXbxKaEjpg4dUSo2KyYKVhzDoK,13,1.973044914117983,25.64958388353378,0.00012893886621770777,7,6,559403.2252055,1.0
1LpdkqGFyvYgjonLf4JcfnTQULrfaFzkaJ,22,1.894808138898159,41.6857790557595,0.00010445407077695705,6,16,298843.6093047619,0.35294117647058826
1LpqeRXgMf3zvVNgTVeP8RmEiwuSBk6k9n,27,3.3874875070642463,91.46216269073464,8.833377859033028e-05,9,18,268786.8161985,0.47368421052631576
1LqSUKY26aK96frkW9QVDXWq4aDfdkkK33,13,1.4368071761260974,18.678493289639267,9.461414615238506e-05,7,6,577298.1844118333,1.0
1Lqw3GjBymz7Ry5RC9hDqizXoVmi3XejWi,15,1.255595262463437,18.833928936951555,0.00013288183083828785,2,13,426278.43892585713,0.14285714285714285
1LrYRERxuxXSeRRMkDV5ahGKTheWFoyaiy,20,1.9592046159248795,39.18409231849759,0.00013039229169540747,7,13,358669.0743949474,0.5
1LrbSQXdCRXq4NiUBrygsBrKPcbEa2uuMK,18,1.8705746318051082,33.67034337249195,9.856451254332338e-05,4,14,417919.9628808235,0.26666666666666666
1LrceX6Tnv11WRfpgDaRV3CBxHQitA6DdN,16,2.244693712249891,35.915099395998254,6.151745115377002e-05,5,11,500802.157773,0.4166666666666667
1Ls8RATySWUCdNcZY9XFmMPoKgHQ5at8LL,14,3.163672644148066,44.29141701807293,7.105219611205399e-05,7,7,581637.9462861539,0.875
1LsTWk2paT6ZWwx1SLTXEVSNayQeVRc5cD,18,1.989417273122507,35.80951091620513,8.24870717927991e-05,6,12,381308.3632162353,0.46153846153846156
1LsoUhRkpLAhY1kHa15FKxnNmgYYF1zfx4,10,1.277517297829641,12.77517297829641,6.575023606958033e-05,3,7,461656.6645182222,0.375
1LtRJ4DMPPpHAZeSHiBRpUPwWkvJc5kfLc,21,2.407209941261422,50.551408766489864,9.530885338614851e-05,6,15,362735.55966090003,0.375
1LtnReyCEvXxsBZDqYQVGpub9HmbCAHCT4,11,2.849038592783056,31.33942452061362,6.845065051151553e-05,4,7,531710.3941119,0.5
1LttSU7skXrX9GTPSNkRXMFthRX4qMvyMX,18,2.588160545576572,46.586889820378296,0.00013329206697322373,7,11,431611.0652177059,0.5833333333333334
1LuyBxxEu4on8xwXZ6BaG5e6scPF3NzjMG,19,1.5875953075007196,30.164310842513675,8.188798695752388e-05,7,12,356714.1770279444,0.5384615384615384
1LvwnThHyTEdAEMYmHcsmDyxWnTG3AVkjY,18,1.6827790668753158,30.290023203755684,0.00012865537542447854,6,12,367078.0372574706,0.46153846153846156
1LysM2zSrYjkXYLmGreBeLB6izqF9oQNsj,20,2.431642877204124,48.63285754408248,0.00011087136282325171,6,14,385597.44086173683,0.4
1M1avLkssumDRGS7X4LhYUoU3xD2g1Tcgt,22,2.022602396808451,44.49725272978592,8.788492954239605e-05,4,18,353265.05844380957,0.21052631578947367
1M1hddqzharzPnoUxBhCnatpPPGtS6Wrn,27,1.9977686406900088,53.93975329863024,8.433246008671419e-05,9,18,283164.35047323076,0.47368421052631576
1M261k8WkftfToqn1o4g6EYLTuASd2XdiY,1,2.0633559992717974,2.0633559992717974,8.93357484077182e-06,1,0,0.0,1.0
1M4MAmAqjjfei1eH29Uvq5NYqjhY1VXLPx,20,2.5667918615172267,51.33583723034453,7.523251517370146e-05,6,14,398645.22814021056,0.4
1M4nRSBvBCmL2VKgX78TxRKXy7cNTZVunX,23,2.2071907947697507,50.76538827970426,9.792040768462083e-05,7,16,333934.4244858636,0.4117647058823529
1M54dkFuekuTqGsqVnGNBDtzPbpgXYABcN,1,16.8035058793738,16.8035058793738,2.067034472270008e-05,1,0,0.0,1.0
1M7MmM49uM8iPnMQtrpg3WewHRr3BWqTud,17,2.3379270418241025,39.74475971100974,0.00010480429915246976,2,15,444875.42496162496,0.125
1M7YS84Qg5rnU9q1cE9qxdp9ELhxoDCh3u,2,0.09961604235327769,0.19923208470655537,0.00011529878703280356,1,1,13765.708923,0.5
1M8ehaeu71ofhxxkcsgH23LqEwHengj3Ws,21,2.3724406201666723,49.82125302350012,0.00010317673523173533,7,14,373758.81997410004,0.4666666666666667
1M8wHbXFeFGBz9ZRDmr9QD9Zs5dGdBNFYn,16,2.12782725231303,34.04523603700848,8.572425104682833e-05,6,10,377374.9097282,0.5454545454545454
1M95vdWT3cHJvNc1nQtZSTTzrHLAgqP48f,22,2.475029006895063,54.45063815169138,7.891833489806319e-05,6,16,328354.81993299996,0.35294117647058826
1MBMMVvSbD5fGRDBUjRAqATLKY3EoQs55P,2,6.984798060404086,13.969596120808172,0.00010765432743691585,1,1,1440.131299,0.5
1MDkwYRUszxMcffyzyWWD9c6tMH5xgFQYh,20,3.2398951732100203,64.7979034642004,0.0001005909314818977,6,14,382570.79332247365,0.4
1MEqvHhuYsFeeG5TQVLEXAM2Z8dUHqHnos,1,0.535173073322326,0.535173073322326,0.0001407185931487,1,0,0.0,1.0
1MFVh1m951JgQxXEVunosxZWjsM1Zo2YKh,21,2.6087143301373663,54.7830009328847,6.368242794530605e-05,11,10,322788.44191184995,1.0
1MGtFgojmsGcKHv7WPxWTC3m3Apr8LWfju,14,1.487291625436523,20.82208275611132,7.839303806752645e-05,2,12,491844.402105,0.15384615384615385
1MH5KTZgRkt3Mb3LJVFyVdBXrYrd8eBZxz,11,1.5738951496250935,17.31284664587603,6.288115087498638e-05,2,9,746372.3860203,0.2
1MJaP5uDtsE1ECqnv3GhdLPZ3p2FYTV7ba,16,3.136415238140877,50.182643810254035,9.968129135401396e-05,7,9,515888.2696768666,0.7
1MKxFRiQsCcpA1opA1LHQT3JfA2wi9yazj,1,4.999930668194306,4.999930668194306,6.933180569392349e-05,0,1,0.0,0.0
1MKzTxFNWMyXEQm5Mw7yPNZPkqogx5QmTU,14,1.7598409901254068,24.637773861755697,9.66006735303825e-05,4,10,439819.2103701538,0.36363636363636365
1MLW6zSeKeUBk6wcZCQB9DbiWM2NuaQUvN,14,2.4700840696633968,34.581176975287555,0.00011288446027125322,6,8,425625.6994110769,0.6666666666666666
1MNfGaqPca3HdBFmeDZc4WEVn3TNsj8Gdz,26,2.5358887148554112,65.9331065862407,0.0001165576790836814,10,16,268522.28646832,0.5882352941176471
1MNr5effwnUSNphUCFnNZJMjuh3EuViMro,1,4.782137733919198,4.782137733919198,6.69677236315066e-05,1,0,0.0,1.0
1MSAZGYtMULhYMB7k76gm2szutphNYVFBg,21,3.0849267451901774,64.78346164899372,8.729193291631277e-05,4,17,349601.3264546,0.2222222222222222
1MU1geLoKtXYFcQbUj3yJStkWNAuTfSwcB,16,2.076678011981717,33.226848191707475,0.00010619667431313212,7,9,436226.0004871999,0.7
1MVV5rY1hF3se7kGa1UbFDXhFSiy6J4Frt,17,3.432615731725561,58.354467439334535,0.00015768475715695492,9,8,474728.7075358125,1.0
1MXdd3r6eKe4JY4RwAA5WPohvY2T7Ao1b1,17,3.014984269916381,51.25473258857848,9.802236108330118e-05,6,11,441468.21483774995,0.5
1MY3gFheeEXAT3f9rccmP9sXwoxvX2Evji,1,4.99948076271698,4.99948076271698,0.0001526255761891,0,1,0.0,0.0
1MZDSDKsXWYCwq6284riYFnAm3z3NEwLSt,26,1.8918438851244008,49.18794101323442,9.02006402610396e-05,7,19,304237.4463808,0.35
1MZDovuzvowb3RkVpZUx4aRWdEJJbwtdWD,22,2.679469676773152,58.948332889009336,7.821629852919062e-05,7,15,341807.4160778095,0.4375
1MZFwmeQSg5YQ5gvnNLvkzpvU81RUpsugD,17,1.9037627621398168,32.363966956376885,0.00014328074551414992,5,12,436570.3063,0.38461538461538464
1MZfLMJuYmmSbPp3jAHQkcy7cJAJfZ8Kru,1,0.1,0.1,3.537942123470737e-05,1,0,0.0,1.0
1MZnQrQh5ByVWsJgYVBaVuXcahAK4FJCix,16,2.362640838060283,37.802253408964525,7.314476262895261e-05,5,11,488017.9308262,0.4166666666666667
1Ma5t9yGbdHWbguCQF2KUYbxhaYXvQLA9B,14,2.750954876163093,38.5133682662833,8.949514546804665e-05,7,7,505315.80334600003,0.875
1Maw9NYkkMGjoie557gAF2S3HjaqYbAoso,22,1.9359850444234192,42.591670977315225,8.657959995237185e-05,10,12,331508.4447162857,0.7692307692307693
1McJR3z3HgWiJSseMKVUv2bvpYjNCpoyuv,25,4.26021793964936,106.50544849123399,8.35962994356164e-05,7,18,311078.7104189167,0.3684210526315789
1Mev32kjfpn9c1aD4SDdHy1CwWeQCyptkp,16,1.3178093741485077,21.084949986376124,0.0001537088202791337,2,14,395417.55357053335,0.13333333333333333
1MfjSQG73FsDBo9e8uoaFznAe8wL2zNQup,1,0.09218748152276007,0.09218748152276007,1.6275944886057393e-05,1,0,0.0,1.0
1MjJEZMW7kPZrC2b48qL3amZzK6weS18en,21,1.776837409384758,37.31358559707992,7.326833878038819e-05,5,16,386976.60709395004,0.29411764705882354
1MkE5BNzmrRiUesbPsrrSdeXWytN2NNhc,15,1.831331139692375,27.469967095385627,0.00013046867705941842,8,7,506881.01071671426,1.0
1MmsECMs4Za6A3vGoeXMcsQC8yraf1y7AP,18,3.0554560054318647,54.99820809777356,0.00010931470052486668,8,10,436857.80245135294,0.7272727272727273
1MnRARFovK4EAon5j48Kuye7ntRHfvps4v,28,2.9968508175040673,83.91182289011388,0.00011619573214000137,7,21,266358.4136367778,0.3181818181818182
1Mo5DsqeP7djPsUrUXibbpg7uAyQijJ4KV,23,1.0248326122156513,23.57115008095998,0.0001412007512658849,7,16,327375.0259654999,0.4117647058823529
1MqUBrxbBR3tdKkFUBUnZGoWrDJ7xZkH83,1,4.999995633264739,4.999995633264739,4.366735261532588e-06,0,1,0.0,0.0
1MrBcJyU5Q2kZRdYSHupHbyfDekg3ZwbhK,1,5.0,5.0,3.46587375640841e-05,1,0,0.0,1.0
1MrFD2rx5KnkNnGKst2LCoyrp3dU3CGGUC,22,2.567053558058831,56.47517827729428,0.00010205906756467076,6,16,342453.9899573333,0.35294117647058826
1MsK77cyLsXjabcihQB4PKz3azddCczT8c,23,1.690562882402427,38.88294629525582,0.00011480233238302844,4,19,332258.9352050909,0.2
1MsKeeYURSW1B26ZG6zyPqsRAncq3akVXU,15,1.4333758613012149,21.500637919518223,0.00010160836661698537,4,11,471943.7625096428,0.3333333333333333
1MsqzuQV8qfTghak2vxQuVvq3K9rRNyjeo,21,1.9491145008328254,40.931404517489334,0.0001279223955196483,11,10,337196.23226680007,1.0
1Mu6P7wwPR6K9mkJxDrKiYxy8Uy8WzgbMh,20,2.16742593554638,43.3485187109276,9.581481581440656e-05,2,18,375993.3602042631,0.10526315789473684
1MuKwHA492S27V9GVtA9p7f7Z6U6Z79tSd,13,1.5248330245393287,19.822829319011273,0.0001352010055397048,5,8,505609.3303709167,0.5555555555555556
1MuZ9eoEiec1wfA79686y9ZHiYybvF28Ao,16,1.854022750042053,29.664364000672848,9.280179396318339e-05,3,13,479358.30060660007,0.21428571428571427
1MupoK9nJ8cvoTBwsdzhyNrcgxGjnFTQAH,20,1.8384135747623964,36.76827149524793,9.053818653595379e-05,4,16,384607.08998284215,0.23529411764705882
1Mvr1WnznpgjqeSSsc35iUGvm8ue41NxFC,22,1.7700160638627749,38.940353404981046,9.195333801112468e-05,8,14,334236.60465019057,0.5333333333333333
1Mw5qxqiRQu1he85b596dQka35cwPxW4hF,16,2.6833863283822996,42.934181254116794,0.00010502483678503488,4,12,485409.21785646665,0.3076923076923077
1My8qWmcsuwFDjLVTzhFgUjoXiJmTmfLiW,2,2.9027493987035933,5.8054987974071866,7.911689512762494e-05,1,1,1483.970869,0.5
1MycmGhNGSLRANs5ZiWCqo1iVRaDo8gaer,23,1.6814013150860152,38.67223024697835,0.00010929532912348815,7,16,352118.4714073636,0.4117647058823529
1N136xfnewVZ1UjuzddgprEJjhf42CQryc,23,1.7968062074905615,41.32654277228291,8.199474337650159e-05,6,17,338546.3811703637,0.3333333333333333
1N1LGfRzimkizGBdRjs5NTLKFP5dRbnJx1,2,7.956020916706669,15.912041833413339,1.3957659881296846e-05,1,1,503.256357,0.5
1N39hpTRmApyD9aVxDUh8ofoZqgSS4apnG,2,32.55464840671158,65.10929681342316,7.071196768792699e-05,1,1,754.017944,0.5
1N3dXhxFr4aSso4jF8m5X9v66M5KU5hF2b,18,1.4960187637832938,26.92833774809929,0.00010065016772368198,4,14,389519.613343353,0.26666666666666666
1N5FNsPxxV8dtzn9apzgdDz2ioFkuZA9S5,24,1.9414136541405977,46.59392769937435,9.243729449016387e-05,9,15,315791.17249556526,0.5625
1N5KRgvD3PstZC3dSCGZFjWob8ZiUuzyX5,17,1.9203104882547757,32.645278300331185,9.297592124646774e-05,10,7,441600.18754537497,1.25
1N63edySEg4yBnLSqtTC72QCoxF5d7W6F6,21,2.312102796923468,48.55415873539283,0.00010448393314542468,9,12,313957.08215609996,0.6923076923076923
1N7V1xodrWagAVBevX1BTb1Gt3cxABdfo7,20,2.797397702376176,55.94795404752352,8.437890423003405e-05,7,13,392979.04491484206,0.5
1N8WRqt6BGcm28CPmXY3VMeh2RjCUm2aZ3,11,3.8565494561212232,42.422044017333455,6.541368355592185e-05,4,7,692526.6418964,0.5
1N98VKk7z4DXn449VGeTksSYWfJEUw7VPj,1,16.949346878401148,16.949346878401148,0.0001746339146016,1,0,0.0,1.0
1NBHB8Xv724c9VAnvEzrGSjnS6SZ6kY71,11,1.1139662337728582,12.25362857150144,0.00010976745947965455,3,8,714611.9557924999,0.3333333333333333
1NBNZAJ9ojau45CW2HWvHX2EQfJgHxaEpf,14,1.4138665520516993,19.79413172872379,0.00010378347686136536,5,9,560168.6205393077,0.5
1NBYD667oG5TdLgdv8t9YvkuRmxZHBV26,10,2.541907800612254,25.41907800612254,4.266544466430976e-05,7,3,716063.4693201111,1.75
1NCFM8bjNvVSTrcUy4oXaYKdLhzz5xWrrS,2,5.751808771638733,11.503617543277466,0.0001736770809137,1,1,1573.576264,0.5
1NCZ4F1pK1GxMCTueCWdFmq7a2jfdQEoTq,2,25.905909277984858,51.811818555969715,7.848847752330982e-05,1,1,625.088755,0.5
1NCmMk77QBvNJFgnPngpvshxsiDefK762W,18,2.1921906329774266,39.459431393593675,9.7381962764881e-05,3,15,429239.98689152946,0.1875
1NDk8hMbZeGQpAs3TJCUiVcx9449urrkKZ,24,1.8059577349193388,43.34298563806413,7.690155788564155e-05,5,19,323532.8887488261,0.25
1NE8YqqgGAqhroJkRpta3pyVEE4hidKAPV,18,2.1807303872830093,39.25314697109417,0.00013577128088024728,4,14,424746.55980447057,0.26666666666666666
1NFWL2kWbdLwNpCdqyduVWAKjbfm5d7SYH,16,2.2899895977830886,36.63983356452942,0.00010519674687523213,7,9,455810.12060133327,0.7
1NFbVP1TsKPDPyDL42US6U47UqyKXno7zx,20,2.935145025163159,58.70290050326318,0.00012254960449170084,6,14,385309.58942321053,0.4
1NFtNZ95GwSvnKWKT4nMoZXChSQi8BP4Ws,1,0.1,0.1,0.0001148083488108,1,0,0.0,1.0
1NGR2W8d3r2DqDGgFXXJ5tRuaQGkCc7ini,14,1.8374140274908672,25.72379638487214,0.00010429648172760502,4,10,509214.1307504615,0.36363636363636365
1NGtbjapmNe9Zfy1yUhmhFaDcJZiQHigC1,13,2.0438754228564204,26.570380497133467,0.00012023277055747054,6,7,627760.5281695001,0.75
1NMEoLiy6VMbskNSV3u2PwmdW2X48jySSg,19,2.039604248344151,38.75248071853887,9.252659791872907e-05,8,11,367791.1444293333,0.6666666666666666
1NMGb43fZfHxCTWDy3SHu7ecoCRo6YbAM,1,0.4537129031794399,0.4537129031794399,7.809794962320182e-05,1,0,0.0,1.0
1NMbfeb5NoaeAAg316LoRzSZuahqxPkMtJ,1,0.6477263724449793,0.6477263724449793,1.2631038251320204e-05,0,1,0.0,0.0
1NPoBhJfE8bY2i373W5DKEn4t7raZFKeYK,17,1.735534990055132,29.504094830937245,6.129453074158484e-05,6,11,453233.9612748125,0.5
1NPuHHBmfhHPajNjN82NtAm5r3YUz9EDxn,15,3.348674215524139,50.23011323286208,9.15998485208421e-05,4,11,444169.46340107144,0.3333333333333333
1NQGmLPJBaW7Prni3c6VXjcsimLPikPVgp,20,2.8160658221049863,56.32131644209973,0.00011959543389184256,8,12,371960.3821868421,0.6153846153846154
1NQKZx1474gT1MhWLPYseKQGfhvwTn7VkV,14,1.8981609134398538,26.574252788157953,6.92802948231969e-05,4,10,564394.1851764616,0.36363636363636365
1NRfMDuoUyrysfEVvr3ueyaoBzeXzgxJTW,12,2.924782118243838,35.09738541892605,0.00018435091141091292,8,4,667203.3579565455,1.6
1NS8Aj35Mz1ySEs9w7bwi1ASsVDyNN4zFv,20,1.7749272656681174,35.49854531336235,7.253667194181276e-05,5,15,388191.72692873684,0.3125
1NSYt4FX6vDRAnpXQdTgfnPn8yBP2cnrML,15,2.869613638687244,43.044204580308666,9.084037970383853e-05,6,9,547305.825847143,0.6
1NTHJH9XwTFHVzGBdAVQrPpPqTgQeWr8jC,20,1.9255348619877277,38.510697239754556,9.913826697905076e-05,7,13,373662.6227877895,0.5
1NTUbvYgxW3dQgsuUtq9Z5Bsj1KHhnbq34,24,2.3766224297624263,57.038938314298235,9.627431924990721e-05,7,17,313026.0138859565,0.3888888888888889
1NUb3kkKBURPHWc2uDP7Qh8tH6nPsKG2NF,21,4.8551860924644,101.95890794175241,0.00012207905159952092,13,8,301614.2817671999,1.4444444444444444
1NUjFySEF29tZsVY6Bn631EgC7owcwwHfk,2,23.509871267480868,47.019742534961736,8.344324003922392e-05,1,1,454.060982,0.5
1NVETCCsBozPgRS5Kx4jn65EjD5rVuNJio,14,1.6591164786204475,23.227630700686266,9.135912043547454e-05,2,12,494220.41256869235,0.15384615384615385
1NVn3Cnwf9eno7rYpRSm36RxuHQWR4SuyY,16,2.01008894459527,32.16142311352432,0.00010433890829929593,5,11,473666.42066119995,0.4166666666666667
1NVpth4xuzGhPgHVaST474XzFXxy9Pznd6,22,3.0300047242553494,66.66010393361769,8.817233319433857e-05,10,12,320980.45995438093,0.7692307692307693
1NW7aSog315EnYPrxjeaQ7YxjUw7CuXpxE,20,2.8530569791668876,57.061139583337756,0.00012214432805199573,8,12,305646.18166357896,0.6153846153846154
1NWJQBQQNqBy9i8vgdfhe5YhqHQZC4kYap,21,1.5797259742950123,33.17424546019526,0.00010145915953784426,9,12,271986.65022300003,0.6923076923076923
1NXzK6NQsq3Ex4TdQ3p4WmLwhRvAQDhqeh,18,2.1502897933792156,38.70521628082588,5.8282361773020905e-05,7,11,431002.45190411765,0.5833333333333334
1NaVxSCjMSdZpZmFuVWU8VF3DSskJwRWWR,25,2.1975398121459677,54.93849530364919,7.868812364734287e-05,11,14,278513.0850382917,0.7333333333333333
1NaaiXxdaY1kCMP396aGxy9fGwmsF9V2Xn,2,7.623245492634486,15.246490985268972,1.8459832297170823e-05,1,1,1473.300034,0.5
1NawQGs2auAmrhjMS9pFn3ELg6bc3Xc6uA,22,3.103947216175344,68.28683875585757,0.00011321729051766144,8,14,329233.59942076186,0.5333333333333333
1Nca9Q174yNCaDEHEwM1uShXaxdVbKYw4L,16,1.786279473648427,28.580471578374834,0.00010386672473799582,5,11,485487.84378573333,0.4166666666666667
1Ncsx9MWL3S3w37FmziRDot9aVTajw5rox,17,2.0231559095923055,34.39365046306919,0.0001397486623339653,6,11,417661.4590834375,0.5
1NdPefBfhTKvsHmoPTLtncNqMXhxe5e4iD,30,2.650217822074976,79.50653466224928,0.0001033230246305238,8,22,252168.76201375865,0.34782608695652173
1NfToseySEWHQ6HNs9FdRyZEmbRbLgSsXv,16,1.7813062130666417,28.500899409066268,0.00011392736362615703,4,12,459843.45050000004,0.3076923076923077
1NiWg24VpLfFdH5GzmeWinQbJ5VdaVsjrD,21,2.204479842191397,46.29407668601934,6.459715470782253e-05,7,14,316054.56779705,0.4666666666666667
1NjXkoRc7YRdmVGUU97FV1GVoJreg34CFc,17,1.7135699092858927,29.130688457860177,9.704430481888857e-05,9,8,421184.4836259375,1.0
1NjhT2oEZJWKxaCoaLmkTKi3nD4iu7UGYR,21,2.0205572601799666,42.431702463779295,0.0001158094239880503,7,14,355492.22725475,0.4666666666666667
1NkYdmxt4mnDgJPEi6yoGiikgtrQwffY8t,19,2.362403672124059,44.885669770357126,0.00010095471465039389,6,13,387631.2082504445,0.42857142857142855
1NkztRn4DrrdzdNAik1Gy1w4DvSFB9tJM2,24,1.8398452888230985,44.156286931754366,0.00010726770605929076,5,19,323480.5951833044,0.25
1NoGRYLPUfpTnq4mSPNMvtaM4eCye4qPK1,19,2.015549504570591,38.29544058684123,0.00011712569741453004,5,14,398907.91226916667,0.3333333333333333
1NoSbYTqLUaZ6TxaXDSULFSGLtYUExeuDc,20,2.3110854686312896,46.22170937262579,6.51551787069492e-05,6,14,308159.199736579,0.4
1Nqj9Jhogn6MLQUbPNKJrqFDg5cW92ZXpP,18,1.562343706503973,28.122186717071514,0.00010020059836429387,7,11,438207.52333788236,0.5833333333333334
1Nr46ExrmX5LGfXsk4Ndb7pAEkPgcD7mZt,24,1.8605799477307914,44.653918745538995,8.987394965475323e-05,4,20,278694.07153373916,0.19047619047619047
1NuX3p9j8tPepzPny4tAHpzRgdFEzu9LpA,2,8.066408115934259,16.132816231868517,3.580392332880156e-05,1,1,1588.898842,0.5
1NuXVQ4qugLH54tqEogybbpWCZ2zURv2KZ,14,3.515909499788954,49.222732997045355,7.167129626892365e-05,7,7,496237.75721446157,0.875
1Nv6RxYEHmEywhjw3pZi63JogRc1AuL8Hr,2,0.9994178264049403,1.9988356528098805,0.00010425920014144054,1,1,12183.55225,0.5
1NvhdxTtRDbvJkZwt2HhKAgVU33unfjdbY,16,2.6162741513676506,41.86038642188241,9.787044594689136e-05,8,8,514930.35921300005,0.8888888888888888
1NyGaPbyAkfiRaBTEpmELqDARNGpmzyzJQ,23,1.8783988657177273,43.203173911507726,8.803335132849481e-05,10,13,317405.3691809091,0.7142857142857143
1Nyj47EL32BfV8fddyVcfENTVPQoMQwvn5,15,1.954825024530075,29.322375367951125,9.246979613984667e-05,11,4,501598.19429685705,2.2
1NytS3hgczwGJwp7RVLVeVrKY5EvdqmNjo,2,4.999827638381529,9.999655276763058,0.00013490471497517537,1,1,19030.049368,0.5
1NyvjHYKLuyeE1cN4J6bRks9i4fC4X1pQ3,19,2.3744047122049583,45.11368953189421,7.929752876390454e-05,5,14,385570.2890582222,0.3333333333333333
1Nz1gtkxeiZPDSQe3VQ2hvh3Gmr5Q8Urze,1,1.1899922519567658,1.1899922519567658,0.0001771676659972,0,1,0.0,0.0
1P169CQ8BBdPY9NsJZWoFfR7Um4izc9pPt,13,2.3430133651818434,30.459173747363966,7.611870252171702e-05,7,6,471550.13337750005,1.0
1P18f7r6mwmUEFr9Ru471DJFgwdJxYaP4b,18,2.5332033106686347,45.59765959203543,0.00011397961596910447,8,10,448644.01928647055,0.7272727272727273
1P1iwQALcqreyHphpUgSaYpFmXfqFQ7YLA,25,3.049604918476843,76.24012296192107,9.910317421401736e-05,11,14,310017.2684507083,0.7333333333333333
1P1wuqRUam8dk4Cfijsg6EeJ8Vtox8dJhg,19,1.2162115251258665,23.108018977391463,4.882717119530927e-05,4,15,393435.3160503889,0.25
1P33kBeZtUXYoU28ZbzhVZW8RRbexNa5ed,13,3.12168770832519,40.58194020822747,9.419207457517489e-05,4,9,545985.65188025,0.4
1P3g4nXdh3rr4TLGnG5PdegVEm7xE45kdG,21,1.270511038117533,26.680731800468195,0.00016178647833821048,3,18,369849.95953999995,0.15789473684210525
1P3ytb53MveqoJBhzgwiNGCaorZwBSDxRy,1,5.0,5.0,4.993298010902702e-05,1,0,0.0,1.0
1P4BwvKVGuSfanHrMbk9zhauo3Sd1upJgb,23,1.5481600315237447,35.60768072504613,7.59742195822778e-05,7,16,305935.0503438182,0.4117647058823529
1P5i9149hGXsQ8cvxYE9HSe924rsLt9RkP,24,3.4279248035209977,82.27019528450394,0.00011590596483137236,6,18,316858.65760539134,0.3157894736842105
1P5iiWe4YrAyy6V3xs5fsZxN6ZKjeEfjmK,25,2.1451232421687974,53.62808105421993,0.00010748453061563858,12,13,289268.2643154166,0.8571428571428571
1P6cL9zjYP7LZKWQXWXbktiM5q1RKKWawq,17,2.673970576879274,45.45749980694765,0.00010762301127075814,7,10,414215.625675,0.6363636363636364
1P6hSvuPuMATnYxX9GvUWvKSwebpn8N6NL,23,3.1682698756784724,72.87020714060486,0.00013093562452157916,10,13,344630.8374270909,0.7142857142857143
1P6jnUmKxhNdRo81P7XTdXHeGfYW3XUutL,1,0.25151976503055384,0.25151976503055384,1.4440620026034672e-06,1,0,0.0,1.0
1P8FBaFHMQoTQB7MfmpMoxH4516Ck9ganW,16,3.2584454348861387,52.13512695817822,0.00010433058311644967,5,11,485933.6098911999,0.4166666666666667
1P8ReqSj1oohojUQzXX1bteMgSkPq9nMnR,21,2.135321296846808,44.84174723378297,0.00012911461540559844,3,18,310949.94948155,0.15789473684210525
1P8TprJBPS9mFei4P9RKoZSi362DqM71ZS,15,1.7707785395172975,26.56167809275946,0.0001433667668393705,6,9,513497.1183122142,0.6
1PAZBAAsKKHSFHZ259WArvFZqP24xBQfi4,2,12.246359076652219,24.492718153304438,4.756064455673733e-05,1,1,1320.316484,0.5
1PAoKRNJ27sLXcP8NKvLa2jHhQ8ELPaShA,19,3.24818503531001,61.715515670890184,0.0001058610182278257,9,10,416071.899524,0.8181818181818182
1PAx1wmGprWbQVu9uS6YQeVa4M55tnW8ER,24,3.8644406871328987,92.74657649118957,0.00011246337484429118,9,15,319964.72394356516,0.5625
1PBbMU93WzJkwEhFnFbAjagYU2HQn1ZPJy,16,1.6624231490954529,26.598770385527246,9.51604116066805e-05,5,11,515346.09055273334,0.4166666666666667
1PCaDZQpabkKrsLrm1Rx8ybCHKpdvxdZMx,26,2.1890937153077434,56.916436598001326,0.0001096912132513633,10,16,303582.26300608,0.5882352941176471
1PCzKHoCNoBGDNq7dRBJt3comLJ6TN7yy,26,3.0448480542206324,79.16604940973644,0.00010597059905014889,7,19,257378.1593394,0.35
1PDYMsY43fReW1Pzi2B3F4ua1sjDHG7P3Z,19,2.904986363718679,55.1947409106549,6.11296320629207e-05,2,17,395550.64206049993,0.1111111111111111
1PEbV54XeS7y8T5riyhTM6gNSU7nbKwZdK,13,1.780949826489144,23.15234774435887,0.00015952663761365667,6,7,391726.9130196667,0.75
1PEyxKuo2DdxTEmZ8nse7BgRqrbF2BF4XV,32,2.280004707727866,72.96015064729171,0.00011423162127448814,10,22,240994.86683600006,0.43478260869565216
1PFfpWFKnBYaUjGgrS7yGXyC36hnAnNmJn,20,2.4578774773240624,49.15754954648125,7.964771146601627e-05,9,11,384189.8033817895,0.75
1PGKX2cTWnka9rLoSj56eKA75yvKa3jRFi,2,16.557466084407213,33.11493216881443,0.00010936742525655456,1,1,879.338218,0.5
1PGNMfFCkbfS8sXuaLnBKP2CpHL1QgR4WF,14,1.7515003277434835,24.52100458840877,7.63898218797775e-05,1,13,488990.01744646166,0.07142857142857142
1PGuwEWeDATiNPK5PF1PpWARv6wiq4sNBf,17,2.5880424663573134,43.99672192807433,0.00010467871955693212,7,10,468357.4761190001,0.6363636363636364
1PHN65gEAnJVrubmaSFGazbZSd6RVMuTHa,1,0.1,0.1,0.0001019269972473,1,0,0.0,1.0
1PJAbGteHXMfnZjdKYqTn8kghJsa5zWEVr,23,2.574308993152498,59.20910684250745,0.00010542136606544608,8,15,297836.7070184091,0.5
1PJT8vJrMtz8bWaoqw5Eb1xdpt1KaiJEGE,18,2.1962349288892247,39.532228720006046,0.00013584085431351796,6,12,405338.08716182347,0.46153846153846156
1PJXycpcFitnMkQh9U1EabsuzDRAzm2TQD,17,2.3732636054160556,40.34548129207295,0.00010880624047594536,8,9,434561.887851375,0.8
1PKYBsrRdrTXyJwa1d79Xg5g7eiksQAncX,2,4.9991579139927955,9.998315827985591,0.00022609540832255,1,1,32634.882103,0.5
1PKjir2aUjvKrVbMyzWZWMsK4aLSYuhAj3,20,2.2946786843028595,45.89357368605719,8.904564793947104e-05,5,15,348616.26697826316,0.3125
1PMzakt5isEs5mMySNEUvcjJxpsXjnYe8P,21,1.9649677683634348,41.26432313563213,0.00011636735708895216,5,16,352935.2875976,0.29411764705882354
1PNRuyJ3xDq1C1V9qRgZSLD97ZVR7HcSmB,20,1.7281394610280276,34.56278922056055,0.00014438405712168995,9,11,392739.3917220526,0.75
1PPffRDueMU479tJ8MNEL3yH7Ym4DRapN2,1,0.4501276314339601,0.4501276314339601,1.3823298948453269e-05,1,0,0.0,1.0
1PRFvACGkSpki2EFisBaX5s8hM2xvbpZWe,22,1.9611491599238073,43.14528151832376,0.00010258517667243094,6,16,337789.13381,0.35294117647058826
1PRfPf9HComzjMVJSHYFRcfBQP6XQBJyCg,22,2.73748565837067,60.224684484154736,6.308448024764017e-05,9,13,317011.5648074762,0.6428571428571429
1PS36KneeTnJGk4wqBTXHcDuizzfYAi5vZ,18,2.984473579022894,53.72052442241209,6.950833529776606e-05,6,12,438806.4828302941,0.46153846153846156
1PS5dFs9srNXmhXgwd7N7ByoxjhGFGNRFx,17,1.7615167021777274,29.945783937021364,8.564179483304151e-05,2,15,442446.00756443746,0.125
1PSmtsE4UbyiQW2gDvS1dS7BFjYcFGrzEd,16,1.4292283534725203,22.867653655560325,9.417590561180636e-05,5,11,380179.5441730001,0.4166666666666667
1PUA8jQw7XNv2ZHW2WE63xqNyWBEPhQ44p,2,0.0999600059511309,0.1999200119022618,9.490138103935552e-05,1,1,22027.853904,0.5
1PUYHQ9o1WVkZtRYVdYmg4i2PiucjkeQGD,29,2.673342840820687,77.52694238379993,9.439690523789785e-05,8,21,274441.33207778574,0.36363636363636365
1PXXG22R8qcj514hVaxqqcsVjR4nYZTSZz,13,1.6496877499629288,21.445940749518073,0.00014770490577839225,4,9,562439.3720929166,0.4
1PYKw3e2YCgCsr1bGSz2Xp3aBM2ykC7pxb,21,1.8229738190977376,38.28245020105249,0.00010853240617138308,5,16,354567.8562391,0.29411764705882354
1PZjFu1kd5pe4mCMi2BYDYVjQgj52udWWV,21,2.3380074939497018,49.09815737294374,0.000126982409835662,3,18,279441.779779,0.15789473684210525
1PZpuC8NXFwkMgzEpwgUxEJty1hirDdFzu,29,2.054182918565467,59.57130463839855,9.21377177342079e-05,8,21,270874.4997674643,0.36363636363636365
1PaAaJ6F5txbsAoCXVSJ7kvt7XdrwZwwU3,17,2.308727662494226,39.24837026240184,0.00012804588205348543,8,9,363830.78964900004,0.8
1PaLBhg9JyBubFy6evZbk7iwZLWdvagwio,21,2.5164856632608936,52.84619892847877,7.835592872643093e-05,6,15,365108.90089675004,0.375
1PcZsY9bbjfK77ikSVdD2uWBYtsBFM88vg,13,2.1713884766002742,28.228050195803565,7.966292441177254e-05,5,8,512871.03862641664,0.5555555555555556
1Pd18LoEtWRxgrqm3jyE8qUW23xjzWzizV,19,2.0664624443175597,39.26278644203363,8.524690787102332e-05,8,11,393534.1536025,0.6666666666666666
1Pd9cAZpiEqGHE6TMrPbDmf9qbjseoG8bB,20,2.3405758794713307,46.811517589426614,8.670023939365923e-05,10,10,271637.8512947895,0.9090909090909091
1PecGUNXrVek2Y8Rf3X8Pc53vyzbwTfuLa,18,1.5533629927319077,27.960533869174338,0.00011662693978833883,5,13,380401.55114941177,0.35714285714285715
1PgfbNj1wGHEYynjUTfYvydKXjNP3PJi1m,14,1.9510216695371876,27.314303373520627,8.03075966590121e-05,6,8,457990.81619807694,0.6666666666666666
1PgyFf4VZBTDpmCMKfqJBHvA2GgAcYZ4jL,17,2.1717495580666273,36.919742487132666,0.00010513401734881736,3,14,468665.87073468755,0.2
1PhDKTf5sA4KQZUSLspTfny2oTwRakSZJs,12,1.1164269608792716,13.397123530551259,0.00012314445199662657,5,7,499218.44874609093,0.625
1PhyXqeMTi1erwB7vjSpi6kwAk6ZojfKH3,20,2.9288293875598477,58.57658775119695,8.44505612753556e-05,9,11,396143.16565731587,0.75
1Pito9oH9sAqthWajNGKhEQo3oUBVQJp3z,16,2.076505443620235,33.22408709792376,0.00010505911288890387,3,13,394693.0051008,0.21428571428571427
1PjxpX4eHwhxtEKFjkMiJweNbjK3EDFf3y,33,1.9087242062850038,62.987898807405124,0.00011922306256091082,10,23,236730.838395,0.4166666666666667
1PnbEgPLCzhd4GmcU8pZsX3srG4MtqEyQZ,15,3.4538860060168575,51.80829009025286,0.00012408564820647964,6,9,473957.87367442856,0.6
1PoDzBi2v4NRmUnY7k9q8HQegLkvsMPzkT,15,1.7658321872130527,26.48748280819579,7.521522446273066e-05,4,11,485398.5661960715,0.3333333333333333
1PoGHezaKEjQ1wuCwvZGTKQ6mTQoobQjFk,2,0.09909345904341747,0.19818691808683495,0.00022251250230896508,1,1,27483.768577,0.5
1Pp2dZN4AecnrUupcpYtCZbEmBYAiwn9St,21,1.0859586411692712,22.805131464554695,8.288135336591217e-05,6,15,385513.30611,0.375
1Pp2hhHRiXSZPvroJZt3m6pyDcpkHCsJMz,2,0.09988682215691579,0.19977364431383157,9.465168212366872e-06,1,1,13684.365411,0.5
1PpLgHB3tji6rCJEfV9Y6aAPpvQ77JJKnL,20,2.4988702426280134,49.97740485256027,7.709371029217015e-05,7,13,393027.4422794737,0.5
1PpSzLqCkZ2UNuYTc5ghC5qgVSKcUvQzhv,16,4.3055893221985215,68.88942915517634,6.775919386237223e-05,7,9,451731.3968590666,0.7
1PpUNYiz5iqAs8pLtbD3tTArWJnWUqGGsU,20,3.257993654533366,65.15987309066732,8.788380691918829e-05,6,14,399349.18497926317,0.4
1PqHZuCHBnckneUDhoQMJvheo8CXvxNg4o,1,0.49906755878206155,0.49906755878206155,1.4255035557609328e-05,1,0,0.0,1.0
1PqgrqXgDgedDTZbd11jv2ddsyR7dDu3AS,13,1.958094229950918,25.455224989361934,0.00011416837915078688,7,6,552200.8642218334,1.0
1PriECaPcYXjGuvAXuHgJuLywmgouZAUDR,15,1.9660683581788492,29.49102537268274,0.00011171053991902995,6,9,520109.2680223571,0.6
1Pro4f57eCx3Atp4iLE5zwEvYDbMTPHmuP,14,1.6435249119538382,23.009348767353735,0.00011165722958783046,4,10,444168.0263676154,0.36363636363636365
1PsxvRwto7VXJrDbDd35An8moSqdj3qARN,2,5.2644337404989985,10.528867480997997,4.507953216515557e-05,1,1,611.068926,0.5
1Puq5dTsZp659EG1tvYLSwFSMXLXyheptP,20,1.8815132988233372,37.630265976466745,9.290936936057963e-05,4,16,321534.3028108421,0.23529411764705882
1PuwCjoMZR33YCW5AKiMsR3jbEN669NGz2,21,2.7896482984589728,58.58261426763843,0.00010211129172689302,8,13,365407.12577105,0.5714285714285714
1PvghpBPYkQp6U9f3G79CqgPGvdUnaENUR,12,4.876465980400508,58.5175917648061,4.180319443521027e-05,6,6,470533.4499553636,0.8571428571428571
1PvrNNKKG7goY349P8GVfA3wq4dyVVSLJR,16,1.4701779869481202,23.522847791169923,6.36482870104303e-05,6,10,454654.2370161332,0.5454545454545454
1PvyaMPcTovzVZevFF5qyd2cLNzHAwiyu7,20,2.3122335441046373,46.24467088209275,0.00010067997073301147,7,13,330270.15306694736,0.5
1PwrspztDQ4TtEX1ikDopYAPRRSr9s7Hp2,22,2.0485600383019817,45.0683208426436,8.250298379682577e-05,5,17,327255.1732783333,0.2777777777777778
1PxfxgRaxopAX8xiMt3aaGAHQERtDFfRH8,14,2.3500132569093055,32.900185596730275,5.8216461122173045e-05,9,5,486038.5890239232,1.5
1Pz4NVaUShTkStkCSWVHxXEzxm3uKZSirx,19,2.199500218722731,41.79050415573189,7.926974118065887e-05,6,13,429801.60715822224,0.42857142857142855
1Pz4dXHn8nBB2NozTt9oDfGEFaHcVo6ghE,18,2.1486105312162316,38.67498956189217,0.0001341567533987133,7,11,437228.7608241765,0.5833333333333334
1PzB7pVkvdXxc23y2w3VKr291SCuiLhB7a,19,1.7554039682471057,33.352675396695005,0.00010483672602660213,5,14,379343.4807600556,0.3333333333333333
1Q1wpDjnMwp53mrVdzCevmJLiiTdWPN9Tn,19,2.6338522544704723,50.04319283493897,0.00011210128826076391,8,11,405359.0319284445,0.6666666666666666
1Q5LJx7mG93p3Htu1QfyRHnSyXxFisWJfp,12,2.710728513245655,32.52874215894786,0.00010788196910550708,5,7,643822.7782605453,0.625
1Q5hJfqu9Vt5muNFPwquRHuAKZskjUJy9E,1,0.9997123200367012,0.9997123200367012,4.930932646694593e-05,0,1,0.0,0.0
1Q634NpmPZjGWrPB1TdJ2cVkzVGEvf5Vwy,1,0.1,0.1,9.067314578186913e-06,1,0,0.0,1.0
1Q69o7VTb5yz5VAhV5L4o8JdaDPtgoLpa,1,0.12167267991806914,0.12167267991806914,2.022817941598783e-06,0,1,0.0,0.0
1Q6B8EiuPVWAYets5SA5PwU7svwCX45noj,19,3.5918406397613274,68.24497215546522,8.262847202446217e-05,9,10,370639.2949294445,0.8181818181818182
1Q71AK6nrD7bgfvupGSCgNuxgEtsSymnDn,10,2.9988426178764467,29.988426178764467,7.701865418963157e-05,5,5,713715.7022905556,0.8333333333333334
1Q9vYXoMbQ2jt89Hsa83ddvM36zDvWDNDk,20,1.6492874705367826,32.98574941073565,6.025823710698726e-05,7,13,367445.4911178421,0.5
1QAXJLEcATQqGTio7uf4E6LybLV1dzS7f4,13,2.630362983883498,34.194718790485474,0.00012806538215221896,3,10,533576.5688025,0.2727272727272727
1QCRVm9HoorSskcXVmcLqHptBrbDrt5UHi,16,2.158807761034697,34.54092417655515,0.00011987845905094182,4,12,434672.2140456667,0.3076923076923077
1QDT5HFYmyP9FJfGXFteHpv4p1ZUz9ezyU,16,1.3355386749829081,21.36861879972653,9.881429466402119e-05,9,7,365244.20875546674,1.125
1QDaj949XX6wgKRPu5kMqGqAMdH1H2Y9VR,30,1.768445630066804,53.053368902004124,0.00010324315332149893,9,21,260040.95453086204,0.4090909090909091
1QDawm2rSg8bGaJiFihMpEQDQhvZLhkw9H,2,12.873570875788314,25.747141751576628,0.00013630253700325,1,1,609.254379,0.5
1QDwieRw7v7XnBYefkUBnaTUArBXsQLJcL,21,2.2103197742811935,46.41671525990506,0.00011990615106243036,7,14,359599.6588033,0.4666666666666667
1QGAN1FzMuc1a8ifDGCnQpLpsPU9Hzitkm,17,1.8698762919121137,31.787896962505933,9.497371370468021e-05,1,16,389596.87927012495,0.058823529411764705
1QHPHSN5prz3gHdbi8usrnX7kDu3z8yg7c,20,1.7956897147830957,35.913794295661916,0.00010920578218568892,6,14,354424.2417907368,0.4
1QHtFPx2eg4b87YPyQYz1LP1wTQS7ryiL2,18,2.2652819705252694,40.77507546945485,9.158525119959846e-05,7,11,309891.74898388237,0.5833333333333334
1QLBxTvCPLnau7pHUAT12Szd2HvEnQxRZS,19,3.0710644544861863,58.35022463523754,0.00010908008877872677,9,10,390798.17482077784,0.8181818181818182
1RQbuSvcMaUTP6HdyFCnvWPWbxQycmeid,20,1.6900023338997303,33.80004667799461,0.00010213446329755468,8,12,369111.76236584206,0.6153846153846154
1SBUmCW5uA6TB9pcZsb2D6n6uTNZPBTX2,26,2.1745600390307915,56.53856101480058,9.989710731060425e-05,13,13,282602.05693472,0.9285714285714286
1V64GGcZKP7JAWyR6jyqCQ1wzj1p5JLbr,9,1.8068531172481537,16.261678055233382,0.00014774685959425377,2,7,715062.866798625,0.25
1VNugCnCmQmQxgkmvbzePvNsvjJXCiqcv,21,2.2693550916115006,47.65645692384152,0.00010410346703658301,6,15,352539.17193245,0.375
1WXSNxwC6unhs3sD1yFSbvF5jxzr1p5N8,16,1.172353683926978,18.757658942831647,9.831614792798911e-05,6,10,485064.9186680667,0.5454545454545454
1WtogZYqik3oWx9XQKSx7KZgTvuvpYn8x,20,1.5326717790938642,30.653435581877282,7.157378717578215e-05,9,11,361311.35219784215,0.75
1X2hz8n5edkfWwGHqrV3we5tVXd6jcWVU,17,2.9466795433007578,50.093552236112885,9.616283277278482e-05,7,10,430546.602801875,0.6363636363636364
1XPSmAsRyu89BDJfMy2vCQ8nsQYnvqS1F,16,2.453184709034244,39.250955344547904,7.400512820664058e-05,7,9,472639.0089863334,0.7
1YPWhzRqigN2MEEH5ZA9quViS1by9SVsf,20,1.8966888615709894,37.93377723141979,9.165873902337794e-05,7,13,396027.37342542113,0.5
1ZRWjrYmkGR8x6VMrRZjEgnxvTW9MvyPt,18,2.436822227059997,43.86280008707994,6.929599455115929e-05,11,7,325933.361909647,1.375
1ZrJ4tvtUevn1ndwsrUbPHCXEpUuBmFHY,13,1.41924882947982,18.45023478323766,0.00011323142477490546,2,11,497458.4365786666,0.16666666666666666
1akg4QGJ2eEkip9N8gbv1rCQC2wUcYJes,13,2.7461801036357887,35.70034134726525,0.00012959259139872883,6,7,628887.24967825,0.75
1bZ3bea2SbGUMRLSwSnGJkkWvxKnC3QsC,19,2.8330872001906506,53.82865680362236,0.00013528453171584459,8,11,385614.1724165555,0.6666666666666666
1bdH1o2Fc4PAN75RoS879N51MfQLqccj8,30,2.1140641016133355,63.42192304840007,5.853336578006392e-05,9,21,246722.52227141376,0.4090909090909091
1cMvNX5GmC36mmTpvoJ6L4Fn25BnMJ7Ah,20,2.0829492364944615,41.658984729889234,8.804523198153918e-05,4,16,383666.37379299995,0.23529411764705882
1cfhqCpkRWQrGdnNFHikXVoC2gMqdky5U,14,1.6211230874306055,22.695723224028477,8.208676747207393e-05,3,11,536003.131093,0.25
1criTiq2TdBwZpF5JpupFvbs5TVUaMLBJ,16,1.9607056019403746,31.371289631045993,7.11945113214729e-05,6,10,481005.9767235333,0.5454545454545454
1gEHXKSi3ExKYuFNsf3FsqWaEUa1KsxU3,18,1.4990595850866013,26.983072531558825,0.0001292944860927924,6,12,403823.7036231765,0.46153846153846156
1icuqAK7kCEeqkE8yXFVPJmRdEuyhkkes,20,3.5013531809807916,70.02706361961583,0.0001250007939361747,7,13,375774.18859184213,0.5
1kQ62U8UUXqvMj8z51Vo46skJwyWUqk9M,18,2.140807732685138,38.53453918833248,9.276583446981344e-05,10,8,349813.69496329414,1.1111111111111112
1m4HSQKuEp9oMEeDxynHUiyvwodxGCETZ,16,2.036009983876839,32.576159742029425,7.275118689392537e-05,6,10,497746.61036199995,0.5454545454545454
1ov7yFw6rua75UzjJEKh8doVVauVmYfGC,15,1.8744440578910284,28.116660868365425,8.314438036082052e-05,4,11,504090.5804850714,0.3333333333333333
1ovDdgrty4W8wcqqHgv9b4c4S1Des7Gxs,11,1.610930331683364,17.720233648517006,0.0001591048107784837,3,8,692924.1737293999,0.3333333333333333
1pZhPxoRTq5qqC729UChpxERfQj6k2PZU,9,5.57541819823152,50.17876378408368,0.00010042092062143399,4,5,744312.5281843749,0.6666666666666666
1qiJDduiAonvZpGuptKy6rewWQS6t7SBY,22,2.065516142766797,45.44135514086954,0.00012495087475156077,8,14,347858.0329631905,0.5333333333333333
1qxYNisy4vKjtV8ZGo1r9W39z2qy4EWzZ,18,2.9130152999698122,52.43427539945662,8.356093708670468e-05,7,11,315555.1790047647,0.5833333333333334
1r9otnBQQJXJ4B87QrpKGvUwT7u9eX6Jp,13,1.269278292274903,16.50061779957374,0.00012183748919102744,6,7,557233.7959664167,0.75
1s1VnVNuCGg92bvJqgefyR7uK5vDzWhum,20,2.10909384987312,42.181876997462396,0.00011240415530907656,6,14,386343.25238721055,0.4
1s9SvFb8KgUGH2gEnbw6W4ZYG361HVVGZ,23,2.2050479169548245,50.71610208996096,8.747194102091294e-05,14,9,339301.0594053182,1.4
1s9f24d7spokyLwX83z88vqNC2kybGHus,19,2.3531489119231743,44.70982932654031,0.00010814672369130957,6,13,371227.9908176667,0.42857142857142855
1sfHhaBX1Xu3tzouyDoUYzYBWYXRFBh5J,19,1.3131411293565713,24.949681457774854,7.537963425530561e-05,6,13,411417.81442861113,0.42857142857142855
1txDspnZArF31LCCiq8JYjba6MmBjG3FN,18,2.196846366173241,39.543234591118335,8.537395848272469e-05,4,14,377663.09573341184,0.26666666666666666
1u7fLFep68ZxM3romddYQ92Q8SM97HbNV,18,1.1105968653819327,19.990743576874788,0.0001606444104374187,2,16,330846.8134830588,0.11764705882352941
1udGUunS7QRmy4aL4MdYCiX994KrD5eV4,21,3.6340063922825436,76.31413423793342,9.791187376903905e-05,5,16,335922.47341235,0.29411764705882354
1v1jMGBWmy2DhBecvpsRyNcQFae68xQb3,27,1.9082019827411245,51.52145353401036,0.00010688251569261186,6,21,271716.15662030765,0.2727272727272727
1w4khPHgDudBLsj77CENKDnjvg8JuFWbZ,18,3.114018356673279,56.05233042011903,0.0001078049342204372,5,13,438814.7185968236,0.35714285714285715
1wo8mjNdrMkU9dcdejJY4uiXkuN7VJywE,18,2.965988558521472,53.3877940533865,0.00011518353303599497,9,9,439336.25463970593,0.9
1wyzVYtnPbKnGW9eY46Esxxe1ne9pJNwq,15,4.0917844021180505,61.37676603177076,9.61152248437674e-05,6,9,485883.068523,0.6
1xArNmPF7a9iTEErPCRnApTBynPrpbMVq,23,2.251006473300536,51.77314888591233,0.00010161052733768101,10,13,338138.15793659096,0.7142857142857143
1xMFdqg5uwiQUtp5fiJUQtvfk5ZXwv6UK,19,1.4601829503436945,27.743476056530195,0.00011379622764989955,6,13,423933.5554052778,0.42857142857142855
1xgUsZ8Bme4vseYMw1dayaoCZTux9vRJP,16,1.936891165168439,30.990258642695025,5.6229211618083144e-05,7,9,445545.59529106674,0.7
1yHoMaggKVcZa55HhEfNMKhau4Ay4iAxv,16,1.6053444635886664,25.685511417418663,0.00010470041732708519,8,8,471031.92090359994,0.8888888888888888
1zLNu5dnz6t3AqPRJjMp8cFbrNgpPRw1d,24,2.556097124350995,61.34633098442388,8.076394759331625e-05,9,15,320397.83479569573,0.5625
31jA8mH2kvfcKjamoXGqgDDPyin8Er1cZJ,2,22.415887767109286,44.83177553421857,8.949590704565845e-05,1,1,295.611143,0.5
31k5Sdr7LPCKdMFQpGX8ShzBcc2zZPeJV8,1,37.23541797276255,37.23541797276255,0.0001449355326126,0,1,0.0,0.0
31msZVdZbxVfDFJW5wpoeG5WeKnnvswC3V,2,6.213011944119399,12.426023888238799,0.00010493739372962094,1,1,761.23502,0.5
31naScfzmecnQp8fcrb3B6d9t8EgbRtWPC,2,0.9997598113013093,1.9995196226026186,0.0001428889788595,1,1,35353.385763,0.5
31pQ968Y8sVTiLwisUFf6WBSxdkFHWXXJ9,30,2.019203610115983,60.5761083034795,9.48183287735583e-05,13,17,243082.19989765517,0.7222222222222222
31paem2oBHNZDvUSCbGgQGG6ifjJcsBCUP,18,2.513772630338415,45.24790734609147,0.00011670790640534205,4,14,417851.1121936471,0.26666666666666666
31ra59epRDscabf8Jasrfi13qvX6QkfNm9,27,1.8736450429666183,50.588416160098696,9.659042732829399e-05,8,19,265301.1583830384,0.4
31rj821ZJUogyK7Rg93Hj8JN9aTfxDj3tJ,9,0.710649870045795,6.395848830412156,7.038834304201292e-05,4,5,859666.78948675,0.6666666666666666
31wXvyQiJcSKrodskLHCVZbc1h7xNYYFnV,2,29.278774866730267,58.55754973346053,0.00013519079129323022,1,1,440.5438,0.5
31wpwpfwMqA4ZZEcTzAFFgJY4viN9pLZVB,17,3.2117142355286,54.5991420039862,4.875341924940818e-05,2,15,427689.78365700005,0.125
31wtHyEnViDudSTZdq2W6DrFTDza6YYJVY,21,1.5079987645311792,31.667974055154765,4.619803938214973e-05,5,16,373319.80562375,0.29411764705882354
31xT3V2PFnYJ3e1duCYsh6id56UTPUCBMg,20,1.5011201017645759,30.022402035291517,7.476523565957677e-05,4,16,352889.9820523158,0.23529411764705882
31xY4baegCDRm6D1HwhLW7GCfWdmmv5LzL,27,2.1015357815123044,56.74146610083221,9.380971777784551e-05,8,19,260392.91994230772,0.4
321z45QgWiJK3hi7Xs8kPoXmFY3jNjmaAD,1,0.1090386418155524,0.1090386418155524,8.2078758424329e-05,1,0,0.0,1.0
323WfbovMzueZDHpYnkruAQQkUkezfJzZP,1,0.09971801640359715,0.09971801640359715,1.2768591421819376e-05,0,1,0.0,0.0
323dBqUFk615YjWNPtbFjG7Wkb3sMVWmY2,15,1.4848470943283556,22.272706414925334,9.837474038619176e-05,7,8,381485.51922821434,0.7777777777777778
323mJCEaNejoTxXPJauEw7KUipYyWLPTN8,1,0.4610568745310933,0.4610568745310933,0.0001462979495733,0,1,0.0,0.0
324vf72TavixdX8FwK3zJa1QT2aLkKNq4s,13,1.8002023441451653,23.40263047388715,9.153817473842478e-05,3,10,546223.3356692501,0.2727272727272727
32622cJvrCU56rLx1CU3MS4JZ7rSDspUVD,17,1.5323732977368194,26.05034606152593,0.00010659002018674821,3,14,454800.249003875,0.2
328g6pPD4iQwM5wdBS2GN9nV5wDWCtui1r,23,2.0137117845886867,46.3153710455398,0.00014389023398237612,5,18,339176.0300172728,0.2631578947368421
329HKHU51efQHJqkZxRYzqb7Qq86ZEy37A,18,1.9439916070246888,34.9918489264444,0.00010087090215987656,5,13,356249.66230252944,0.35714285714285715
32AEbkJtyvhzDENq13M75sGi1gEjfd3jWU,1,0.08070913022014159,0.08070913022014159,8.407764849958099e-06,0,1,0.0,0.0
32ALiG4aZX7ToXwC5Y5dW2xi394C5tm1M9,1,0.2691632915285028,0.2691632915285028,4.456581686296948e-05,1,0,0.0,1.0
32BSsmpST1DsUW1hsBpranyo1XsNRkVBeF,28,2.648067585180947,74.14589238506652,0.00010154622025496636,8,20,281952.1322517778,0.38095238095238093
32CUvdd1E2gWjUcrUwvGoepBo9Z1AC4EXR,24,2.012881830480478,48.30916393153147,8.682646101819116e-05,11,13,303723.24667334784,0.7857142857142857
32DbVVHp73UpwBJS9PWp18QYECSdAkZMK5,19,3.407490066336598,64.74231126039537,0.00011569548477709162,8,11,416494.72829294443,0.6666666666666666
32DxCBeAfXPBP2c5HoVYvtwXXdbA8ruvzw,2,7.409742483486011,14.819484966972022,8.962473736298013e-05,1,1,1663.727362,0.5
32FeHBqHULC41Pu6wLDfSqpzFQECyYEGML,15,1.7071109339592918,25.606664009389377,8.20020243707168e-05,6,9,530190.5408575714,0.6
32G4gQu7CwD9c4FG83eR9bM6Ev6zUwLH5A,23,1.981057586449173,45.56432448833098,0.00014282178727610285,5,18,337010.19073690916,0.2631578947368421
32HqR4KT73cALq4gPZBXLjNNmS7yUaB8u8,17,2.6435979479639706,44.9411651153875,0.00015071317969613465,7,10,432090.31046143745,0.6363636363636364
32JgXcvRyhSqbPDG1S1LwuFkfcwewHHjbb,17,2.1746552084097415,36.9691385429656,0.00010034149790356969,3,14,440636.119428375,0.2
32Q7JG3uPRM9VZ8RnmrBAjgPSVHTyZeHbq,14,2.537775447911185,35.52885627075659,9.847867829844317e-05,4,10,475122.1707680001,0.36363636363636365
32RrLdbaPxRR82zGZhVi85c6UAGtqq2kKc,14,3.613926851824688,50.59497592554563,7.415957934359769e-05,3,11,528034.7718935384,0.25
32S2p3A2mHL1Q8KD4UygX5orcreu9u4QzJ,1,0.10249949688723503,0.10249949688723503,7.889536494862358e-06,1,0,0.0,1.0
32UF4ZpMnrAximKChyLVSjziMUtBSZSVch,23,2.2849307069709086,52.553406260330895,8.002591246391516e-05,5,18,264127.54788536363,0.2631578947368421
32XnwoaMjQdnww3a9XuRXW5Ha45c9iHE5B,22,1.7320640091222992,38.10540820069058,0.00012254325683121433,8,14,324161.5294063334,0.5333333333333333
32ZZdQWp1TgpjDgpGMa87H7SxT17wTfPhK,18,0.9047535351474632,16.285563632654338,0.00011354731392633763,3,15,442404.2556052941,0.1875
32ayMFjJwtYCkpPnCm2uXEDn5DFLqcAEAt,20,1.32600102226347,26.5200204452694,0.00012618576231439996,4,16,383011.4783126842,0.23529411764705882
32dqgCvg6TNMKWyMRFbLNujkA9madXeHj3,18,2.019027827001038,36.342500886018684,7.240488476722805e-05,5,13,392343.2702774706,0.35714285714285715
32dyyMbLKoDs5RqF2mg4uFzYoGUZzYnzXo,17,2.4106506753235304,40.98106148050002,8.307167656683236e-05,6,11,418644.64267050003,0.5
32e4PRsgcTbA6JSotL6DtYMkkQ5dqRVbDo,18,2.044800971408953,36.80641748536115,8.234681465756637e-05,5,13,447354.45862576464,0.35714285714285715
32e8Rrf3BACypKyTEU3QgYqcvzXQsfXEkp,28,2.781590203731401,77.88452570447923,9.802736474427377e-05,11,17,282758.8952367037,0.6111111111111112
32enAeiZ1LV7NW5r5CJBVPGSzTGQGttDA9,17,2.1180634516362047,36.00707867781548,0.00011730086383694432,8,9,423094.75224668754,0.8
32fwD14jUfQtNaqQBB1YHnbdeRCdUKJbc1,16,2.404529773000353,38.47247636800565,7.640947703824572e-05,7,9,404132.39922880003,0.7
32hZNoBLvwLkHzDkrRY5vj5dz5Wsh3Wd5P,21,2.4642352645777637,51.748940556133036,9.59820135455595e-05,12,9,345290.25553604995,1.2
32k1ezeGU1zWRzJMKEMFmfhNXAurDvGd5p,23,1.6370897798927782,37.6530649375339,9.396561967717874e-05,8,15,303651.3499080001,0.5
32k314CBV7jejkfJp2Z12SKG72YyXgs3xu,26,3.159027156856742,82.13470607827529,0.00010550104405899477,8,18,297398.61982184,0.42105263157894735
32kFdxUrWJSSWT3eTT3dsmUsDv4z7T7KUp,23,1.8484710690241846,42.514834587556244,6.699886666562898e-05,8,15,338046.58801313635,0.5
32tsYm5redfYKeVk8dPGheie2eG4pxQj7K,1,0.7397018408978095,0.7397018408978095,3.6546326070893856e-05,0,1,0.0,0.0
32x6ArB14J3mcMUGRHiLa3vg6EMkUxFXJm,16,1.5248393542381826,24.397429667810922,8.356132359212263e-05,8,8,476727.1887084667,0.8888888888888888
32ySngxdWpgXw5XLpGqtN7SVSUm8o6yhHJ,1,0.09776731610857298,0.09776731610857298,5.973095728452567e-05,1,0,0.0,1.0
32z2iET6ZsiEh5rdyxdFf6HJZcSxUxKfRE,2,2.1934544126619246,4.386908825323849,8.495565792628995e-05,1,1,563.308112,0.5
32zRYmG9kU33grKwFS47t87ePbPhfHk5Ja,14,1.768119195271881,24.753668733806336,0.00015085641762414473,5,9,495424.6810531538,0.5
331a2kw3t42Zmtxy7HRktT2YW12hrxxp6q,2,4.999938067937075,9.99987613587415,3.690438277181263e-05,1,1,18507.392674,0.5
333YwkBFXdrfD9b5JkVbVP6qk6mbjuZnvK,17,2.4352384404603202,41.39905348782544,0.00012130322954214488,6,11,368580.6754225,0.5
336FV5uDB9VtCVikfYg4ers2kAMxdHSRyR,20,2.0032593673144072,40.06518734628815,9.722869772471238e-05,5,15,398726.9136215264,0.3125
338M72EvpZNuCU6siPp7iwYwW7kPpm4ypk,1,1.8048487181060653,1.8048487181060653,7.508115030152948e-05,1,0,0.0,1.0
3398ZpKWMfRXf8sa1tZrY9DW7wiWRzRg27,20,1.7477565393125907,34.955130786251814,6.529562303883559e-05,3,17,400675.9496063685,0.16666666666666666
339QAqgx5s5r9HHntDW2zacyCAKZS7xFkg,22,2.578921638631478,56.73627604989252,9.341145830610913e-05,7,15,314772.25749766664,0.4375
33DqagZBDxSGjnN4pkkgF1mQPnUyTYz8e3,13,1.876258133804389,24.391355739457058,0.0001800769312969727,5,8,523087.3189235001,0.5555555555555556
33DsaHs9NB8gavPmNn8NXMVgTHhEDsqkbT,18,2.250762974892444,40.51373354806399,8.362263932069948e-05,3,15,405537.8644271765,0.1875
33Dw1udURSHbMEH6R9kV7h4SD7zx8zj8PF,25,1.820252563148906,45.506314078722646,7.582823392971904e-05,9,16,302370.64906183333,0.5294117647058824
33EbkysyaxfvrbVi1Bbnrg2yjFQpb88DtZ,21,2.531294903167015,53.15719296650731,6.65825252653661e-05,8,13,342912.77336304996,0.5714285714285714
33FNoJ1T59aw75HfhVqJzZJU5iXch8yXMr,21,1.9816614171741953,41.6148897606581,0.00011948650195958199,6,15,364145.60621949995,0.375
33H84B5LmnerfAASjYmo9NHGV7D3Jx3XxM,1,39.87032635733463,39.87032635733463,6.562168311932615e-05,1,0,0.0,1.0
33N8N4ZehWETK67xkpnKXAwz5XV8v69fAQ,20,2.6137769675065683,52.27553935013137,0.00011142401186350142,13,7,373484.31048231584,1.625
33NU887pWRZejVwydmccnGL72mtJhF1wBC,17,2.417559388498174,41.09850960446896,0.00012504235474951943,6,11,449783.751006125,0.5
33QR8Nk1LFUKfU5kYjPTnTpBrPedbksguZ,1,1.1293906454828426,1.1293906454828426,1.2818858335063998e-05,0,1,0.0,0.0
33QgPcso5iUogMzWFhB4ph7y9bkfbcGUkG,16,1.229305328667437,19.66888525867899,9.491230583525362e-05,4,12,498794.5556347334,0.3076923076923077
33QsyshvLm1wqXLJDtrf4Dt4nJjNycfMwe,22,2.1441972689442994,47.17233991677459,0.00010869607463152328,9,13,309966.30398266664,0.6428571428571429
33TVoxSbDYXFjAm64Zac5K5einfx37yUyX,21,1.5506065795894988,32.56273817137947,0.00010634460730464238,9,12,373882.96396449994,0.6923076923076923
33Tx1246GTqXPChBDEUgnZkEstZbCAMZ7v,1,0.16037672307127132,0.16037672307127132,0.0001364225107451,0,1,0.0,0.0
33VKQ1Wjy5LjyagXpvrRPXc4HQc96o28tb,21,2.9889281928511315,62.767492049873766,0.0001228196955185401,10,11,380658.16960255004,0.8333333333333334
33VagvEvBhRcBefi6htdfssqutnVvdM2e1,27,2.0748727230761608,56.021563523056344,8.130235915191161e-05,11,16,276288.7207355384,0.6470588235294118
33VmFyGTBeEpezWs2xbksqTvddSkhMXHji,14,1.6602595427279103,23.243633598190744,8.025319856952028e-05,6,8,455013.93242069235,0.6666666666666666
33YD7x5d3DfTs8cZkn5ZCKpiQZkVDYoTZs,2,14.920776226717022,29.841552453434044,2.6981234578011717e-05,1,1,908.428201,0.5
33a2FVegGdCi1VwefxTKiMQasGX8KJ3nCS,20,2.216790978123581,44.33581956247161,0.00012077694364407733,9,11,401740.91229147365,0.75
33bY9tBW12bPz8fAqDpq9XbrvxxRs97trG,18,2.068769058402159,37.23784305123887,7.239152612257763e-05,6,12,445150.69979035296,0.46153846153846156
33cSvZg7Ty5U1iwVZeRk8kL349Yx5uEP8E,20,2.033323740473715,40.6664748094743,9.532247089987154e-05,7,13,401995.679289,0.5
33dBjmD1nSeLXnggFNG3xLzAGPtHxn8owM,2,0.09961836187280783,0.19923672374561566,0.00020907423674629998,1,1,36237.045934,0.5
33eSCQXYqTHPH7kAs88d3vaez8C7wBAKU9,18,1.8088628631389017,32.55953153650023,9.033347834156013e-05,8,10,434374.1449957059,0.7272727272727273
33gLgqWhErNPe5mBN5ucbxtf7PKZhDHnQZ,14,3.3606372647089193,47.04892170592487,8.964048143582338e-05,7,7,463356.8840791539,0.875
33heg19DiLBrhNfVBkzvqGBMTHZhY8H6Wt,2,4.999852936496947,9.999705872993895,0.0001389490026522,1,1,13850.445333,0.5
33iXYLQtcXWFGqGzHcsBoXoSpCRJ9K2HL8,18,4.174173651523919,75.13512572743055,0.00011726488105213947,5,13,411331.8276817058,0.35714285714285715
33jH5kdWwupByYreUTCBD2J4B3mGYggrVN,18,2.0641457630058677,37.15462373410562,0.0001153107046404905,6,12,409533.2253188235,0.46153846153846156
33mHC27ocr6xvUsvaeYgppEAdDdXViuE3d,11,1.932944530914493,21.262389840059424,0.0001440217268662024,3,8,608646.2166466,0.3333333333333333
33mKgfAS8zxohGxNgo5jG74nR1Ck8a5jXv,21,1.7159359537091923,36.03465502789304,0.00012071344889414897,8,13,366934.0680167,0.5714285714285714
33nxrhCNR5mfVxb56tBWQf7WaM7m1H87uV,13,1.577766958687648,20.510970462939422,0.0001312108753979297,8,5,488465.1923121666,1.3333333333333333
33p7HGVVuTbfgNUggYi9qNVJY3GQeDFPDS,19,4.2276148911482565,80.32468293181687,6.418111654706041e-05,10,9,369858.28564666666,1.0
33pKsg4DPi6DqtVNm6cg7mDJpnZ9p6WTCu,26,4.488236859528493,116.69415834774082,8.432486488453766e-05,7,19,300014.56865140004,0.35
33pS2xheSi5cPmRQp8yK6eYQF28dVZdfbp,22,2.4131365521289805,53.08900414683757,0.00012598420497290022,8,14,310224.1187911429,0.5333333333333333
33q94gmMhRp8V9hKeBczzh8h6oaXPHVYik,17,5.0157305656019435,85.26741961523304,0.00010048016772698325,7,10,435746.001436375,0.6363636363636364
33svb4L1D98WHFn8JvubxmfjJWRGwa5YWx,27,2.755262022264581,74.39207460114369,8.112869642453566e-05,8,19,269919.48366234615,0.4
33tuTUjShd8QmXLF9UnPXPtGpZFSQAsgQY,25,2.455884602788406,61.39711506971015,9.568676649957271e-05,6,19,297817.236251,0.3
33u4SrXToXzMo9Rpwc8SwuqDryYQwcMX6k,19,2.3993201666495527,45.5870831663415,9.137936617937257e-05,8,11,379200.3902533333,0.6666666666666666
33uDgTJQMEzwZPXeAfJKMBZsDPduyS9qBs,21,3.0817473749225646,64.71669487337385,0.00010942495264070214,10,11,351604.03420055,0.8333333333333334
33unpGuFzmER93tBY2jrcf8ietD7uvU9cN,20,1.979823705723523,39.59647411447046,0.00013148222137413158,6,14,357706.19532963156,0.4
33zTKT8iRKDyMSGKtv8NYF8z6VmEoxmfDX,24,2.4288950126537556,58.29348030369013,9.597580488187838e-05,12,12,319905.942604913,0.9230769230769231
33ztSLcWkVy6LDpDmxVsAYFps6nbHLZJ2r,15,1.7902915724503974,26.854373586755962,0.00014176043953875717,6,9,528861.6585648571,0.6
341A4KABh3dSbVa7rVVy41FUwN9YEnUKKG,19,2.3848158159626407,45.31150050329017,9.271558929902814e-05,6,13,392476.4488713334,0.42857142857142855
344KVNYS5GJgR2BZwVXSWQZW3TfVHGQhvy,14,2.734974653636172,38.28964515090641,6.468786175591627e-05,5,9,516244.0456812307,0.5
345GX2QgS3Ju5cccpEU1bEb67BeGciL7oY,16,2.1308622993444355,34.09379678951097,9.1598890528127e-05,10,6,449202.1961828667,1.4285714285714286
346BiJAD1WLf1vvebCaFFF17PDpmQVakrV,27,3.050925443808739,82.37498698283595,0.00010370339230414444,11,16,282995.35632796155,0.6470588235294118
3479rHWSG1kE7CAPvsHSWT5p2EeN43trZ8,14,1.864066233853843,26.096927273953803,7.249760548707254e-05,4,10,594687.4214663076,0.36363636363636365
34A7A76SLUBfpWwZme1nopAaTyNDakHFP5,18,2.0048977571674675,36.08815962901441,7.052109341026876e-05,8,10,405716.0705924118,0.7272727272727273
34BGu2tMRnCZwny82MADtQP2yWoBmGoJBt,18,2.4652766502976733,44.37497970535812,0.00013848079398369147,6,12,443091.42617347057,0.46153846153846156
34BXqHT1vDUjYDQdkRYbtH6hV3XTcyqcV9,13,3.336824583018289,43.37871957923776,0.0001116193551924702,4,9,578589.1213289167,0.4
34D5rfAUgbLKtt4FFN2GtBDZyYWptGnkKN,19,2.0347103547018546,38.65949673933524,8.337503920616552e-05,4,15,401115.396911,0.25
34DTdxxhVBLPV98Pdeuij8aRjLFA4Ffj8Y,22,3.503222452868437,77.07089396310562,0.00014399117807926845,6,16,327802.519852,0.35294117647058826
34DiUKXDhFFTWhH9B7FVYYiKCadurNBhZK,28,1.8148164348457076,50.81486017567981,8.583440149428677e-05,10,18,276527.6340274815,0.5263157894736842
34F49JZeGaVkgL6eRVr4z1DACj346H4PNo,16,1.9281332134779197,30.850131415646715,0.00014228405560975463,3,13,435700.77125733346,0.21428571428571427
34HFQwBRuaqa99uSHF2rVFkGnRABqcX4jm,26,3.2945840569488385,85.6591854806698,7.784095431936069e-05,8,18,280021.81952564,0.42105263157894735
34LYSjGq3w9sRnTjYSYqZYa6xy7vZfdoRU,19,2.025663987519803,38.48761576287626,0.00010781177556951311,6,13,346086.7622122222,0.42857142857142855
34NB2Leym6AWYVsD9yBYk4Z15AocYhNZ5U,14,3.037562184310663,42.525870580349284,5.900140044610465e-05,6,8,512179.7527986153,0.6666666666666666
34NCh93KbohBpkLr9gtMp1Ev6wTD3hjNua,10,1.934133484262721,19.34133484262721,0.00011608412286993633,4,6,592367.0866165557,0.5714285714285714
34NGa6CBGwDEuCPaTHQDnZQcoDWQ4VA4kf,1,0.1367855095680727,0.1367855095680727,8.739347569140731e-05,0,1,0.0,0.0
34NSXxKMDEMwD1nuAdhz3uC4ZMAwhqLuXc,13,2.455864942957184,31.92624425844339,0.00017027991915478333,5,8,551879.7889093333,0.5555555555555556
34NkQG7sHGpZL39yhkFfm2MRgB3vaN4Hsn,13,2.5000812697948502,32.501056507333054,7.442992144352905e-05,3,10,593218.1029684166,0.2727272727272727
34QNGKvkoW9XxDts4jBHuZjbsQqpCQq4E7,16,1.7656969499267345,28.251151198827753,7.095587425401807e-05,4,12,446606.8431450667,0.3076923076923077
34RRioraoXEX9nkQ7KAUAVBnPekSPPbqGf,1,0.27573055161686033,0.27573055161686033,7.726831515398626e-05,0,1,0.0,0.0
34SyNVEBNwwtDCLbNp5MKeaNADHh96f65Z,18,2.398482498386151,43.17268497095072,9.283648859454689e-05,9,9,389254.4046145882,0.9
34TJbE5cW4mbDxxgxswFLCapQpPEXVt4v2,19,2.0681679917590183,39.29519184342135,8.42951645547886e-05,4,15,382834.65498111106,0.25
34V51QCzFYnwcLnBCs7BHB4FLsRzURRPK8,17,1.8203449181007045,30.945863607711978,0.00011644413527324837,6,11,443680.280973,0.5
34bq23r2bkL6xTuswacbqdZTkduTwTK8Mf,12,2.572737590173498,30.872851082081976,8.159970630664764e-05,2,10,634209.746554,0.18181818181818182
34jaD6PzdYBEjLBWKJEvjpeM8SqLkL3MyQ,20,2.220928510448186,44.41857020896372,0.00014039826003184644,5,15,360791.0991400526,0.3125
34mqYN9xruwH4NZpVThTP4QXz9XstGiKDM,18,3.4905435953624933,62.82978471652488,0.00014133083734087394,8,10,390261.05894323526,0.7272727272727273
34nKMmBS2BM3q7ZhmjkvrUYjREpkhCVssj,17,2.7566818449256676,46.86359136373635,4.3317544430706855e-05,7,10,447904.358018625,0.6363636363636364
34pZnn5hme7oen7Sh2C2D3AsE1u4BzdHGT,16,3.159240054151764,50.547840866428224,9.857077035735623e-05,8,8,465212.3901414001,0.8888888888888888
34qojKzBxoHaWGA1XED4WQ8DxtR1vd9GSj,13,1.4568448073604967,18.938982495686457,0.00012393323913599354,1,12,575552.7010223332,0.07692307692307693
34rkZRmAZxAGPHUXTQpquHBVEiNqMjg5Bm,17,1.434601238174951,24.38822104897417,9.048124624335516e-05,6,11,473237.6392305,0.5
34tuyk31Fv6igr4RUJ2VzEpaMy98cfAeGj,1,0.2551228007617942,0.2551228007617942,4.915436890249634e-07,0,1,0.0,0.0
34v6REenA8RETmMB7ehV6SwZ4GzLW2Cogq,26,1.87472666029878,48.74289316776828,0.00011494770626360265,6,20,244397.97583828002,0.2857142857142857
34wpjEfH1HefXs1QTYY8H2ST6gy2fia2PE,22,1.707244794168004,37.55938547169609,0.00012727797002501132,10,12,336227.9134280477,0.7692307692307693
34ytUxmX65Kd7BwUSvfSSgWD7H8hwgH3wH,17,1.6610097908838102,28.237166445024773,5.333572331120977e-05,6,11,463213.49480356247,0.5
34z7cQEAy9N3CYqn4VhnVutdqRc6tfXa8C,20,2.2957899145772496,45.915798291544995,9.589915122679636e-05,8,12,377836.9453418947,0.6153846153846154
3528vxhKBu9ZwySqwKDKXnwZp2k6aFfvny,16,1.8973069704565397,30.356911527304636,0.000101328697794847,7,9,477976.5668324,0.7
352LJMyqpgdXVSV7kJ1AcHXGxJ5cAVxxr3,16,2.16623619801,34.65977916816,0.00011067727062379503,5,11,433118.31230939995,0.4166666666666667
354PiF4QoKvMkiShqC4UqN6ooNNmbZRSyX,19,2.1692538388107243,41.215822937403765,0.0001336002879103601,5,14,401479.9469880556,0.3333333333333333
357QQmybLYiLNmAHMHBtNyK5RQ6PVJ9bVm,13,3.3061777416331823,42.98031064123137,0.00014175875035617871,6,7,499999.6446093333,0.75
357yDG7dzHgm5ZiBvsmPw4Q7ZxcECzE344,17,1.7402093584310434,29.58355909332774,9.171230916705305e-05,3,14,478723.95227412507,0.2
358DTMhKniHRQeNnhMDKoKDAzS8HiyqDES,21,2.3571600299769546,49.500360629516045,0.00010841846366565228,8,13,345578.55242585,0.5714285714285714
358uceVD7CbSZmi4NYADLrSByv67WmVgdJ,25,1.5965290182107292,39.91322545526823,0.00011583873918091732,7,18,308706.971803,0.3684210526315789
35Ax8QDREvmb7PiWQPL4tEYQMniEAipTje,15,2.0821112731509643,31.231669097264465,7.184689367930306e-05,6,9,506526.830339,0.6
35BRBMgLDqcrBfPpsswAep6zodDq3qbKDT,19,1.7401101518000688,33.062092884201306,6.81949039795792e-05,5,14,425599.3183931667,0.3333333333333333
35BaPvWuDm2eG1hhWj6rMq9m3VPYa1CP9F,1,5.0,5.0,6.763220861759192e-06,1,0,0.0,1.0
35D4SPZ5Nxb9TeAKKrYWc6Ccwk8MJ2vnZ6,21,1.7223180284219926,36.168678596861845,0.00014049604850845506,8,13,351079.56923955,0.5714285714285714
35DMicnYmwHdC97mgFBuxetVW9HpsU61mW,31,1.7354376844926915,53.798568219273434,0.00010893671711512468,7,24,241488.73567926668,0.28
35EQgtkviSXD86i7FNjCx73uPP1cqJLjaE,2,3.8923817820780453,7.784763564156091,2.0007699908424383e-05,1,1,483.469762,0.5
35G6hBvMT4y4FrxFYxPzzHgsz6wu8ZF2tN,1,0.10974172864059704,0.10974172864059704,1.6053998132644784e-06,1,0,0.0,1.0
35GXrua3PFBeGktbKMuVshAA3onoNjRmPC,20,3.333924124860947,66.67848249721894,8.299153427370803e-05,7,13,345872.78780789475,0.5
35HpaVDcenS29U45vzD3sbCW4yva2zbyq6,24,2.068182167272377,49.63637201453705,0.00011566661158551086,8,16,299044.24809991306,0.47058823529411764
35HtC2vLhm45zTLJfuZ7MMiCnKins2o7D5,21,2.815641818070759,59.12847817948594,0.00012426402261567224,9,12,351753.52210505004,0.6923076923076923
35KbFDppLookt2vnYQc8v7x6s1fAwyfZYo,17,1.652680540839805,28.095569194276685,0.00010144816022226184,4,13,463326.4183681875,0.2857142857142857
35LbbytK5rV7JHNW2RNQiYpwzSdFkf7DiG,1,0.2788332162750475,0.2788332162750475,3.9665419504627495e-05,0,1,0.0,0.0
35MM9ZBcKb7u6yBKC4wpCgH87dpw1MG18s,20,3.466847421833409,69.33694843666818,9.957713739259602e-05,6,14,390868.78851657896,0.4
35MmZeudFVA1nKmxrbT2RwLjN9WoJY67G5,29,2.014547665300515,58.42188229371493,0.00011815657062565583,13,16,265800.7497198571,0.7647058823529411
35Q6z7Fu2CYZyBSCmJ3dtrCXHfwYc1mXia,13,2.000424304315428,26.005515956100567,7.641267202992372e-05,4,9,529518.4749525833,0.4
35T1enfdKYXgR88akok69tAx6Y3G1ERqpS,17,1.8363221169492254,31.217475988136833,0.00010005835362270621,6,11,472235.019661125,0.5
35YyVDs9GU7ZtVXPom2Ar1vV4fJgV3cGVL,16,1.9810219206555295,31.696350730488472,0.00012589487257512908,7,9,446400.3186594667,0.7
35dh3fX8wjQyZiJTNcSEbV5XsQWJ9RRE18,15,1.953776035164691,29.306640527470364,0.00012736535725765426,6,9,535216.7882089285,0.6
35fTHKUhZstBmriFk73dmZiCkh1AnE66ah,1,1.0203676169800893,1.0203676169800893,0.0002774597124344,1,0,0.0,1.0
35fonCEDRqTvfGcCaRYAzuJrcgobQ6GgkS,15,2.161899065927607,32.428485988914105,0.0001463712381597245,6,9,500183.3482807857,0.6
35g4LJfVQXqdNupaMCSLZamqQNPCNSaEwW,16,2.7897044366752635,44.635270986804215,0.00012841279822821343,4,12,427900.0549503333,0.3076923076923077
35hTEQeTx9NjDZ4bcAHd5XDwQrLDK8Q4WP,19,2.743701695867404,52.13033222148067,0.00011466181255770342,6,13,407950.5984529444,0.42857142857142855
35jrXkBTFRg56NcJncLvEXx21qERi5WRtx,18,2.2462768510193536,40.43298331834836,0.00010731686487618498,6,12,438934.4185437647,0.46153846153846156
35kkNPrxfTMHWU6Qo7x7hvX43uqgDTBDBC,26,2.6674806018943684,69.35449564925358,0.00013617424163928316,13,13,303554.51382399997,0.9285714285714286
35mScGeBbQLUqVETyD9wC66vMBPGLr3gv7,16,3.6130958432593436,57.8095334921495,0.00010505672076049094,5,11,493961.21656553325,0.4166666666666667
35nBWhgWooPDoohCq2GBStLkyK5mptsW3G,21,2.2168015946569293,46.55283348779551,9.35801138397151e-05,7,14,335477.430429,0.4666666666666667
35qkbx9tMb3qUwFWdS6FTYTfhNE9AmKXYg,1,0.544207707902494,0.544207707902494,1.313130722987648e-05,1,0,0.0,1.0
35rvcuKjmaV33FmCLg5bkKfmnjUnwcBXia,19,2.132243125776038,40.51261938974472,9.96888072140429e-05,8,11,390183.13645738893,0.6666666666666666
35u8eif8uA3xzVhHctrane5M53FYU5JuFb,1,0.09662310185121659,0.09662310185121659,3.8069416400937634e-05,1,0,0.0,1.0
35uXJV691Bg2KUm9x4nzahGUToxzvz99mJ,17,2.013931424361679,34.236834214148544,9.866269639562161e-05,5,12,431131.565257625,0.38461538461538464
35vbGYrdi21N1fpubreUyovx6pfYArbTVd,15,2.2103840929072858,33.15576139360929,0.00013674370727340598,6,9,510594.34090735717,0.6
35xhMi6fRJcp5En3Saf7ZMUUhLmiBdoP44,1,0.2299330110774944,0.2299330110774944,0.0003213053142694,1,0,0.0,1.0
35zMFxmypRpkse6cjCY7tUayh3GzAYN9kV,18,1.6369501146164978,29.46510206309696,0.00011258176582255674,6,12,402225.9449428235,0.46153846153846156
364WtGFqx4VG1naUTtWetMBCzhcGidV8rz,14,1.0953368898607885,15.33471645805104,0.000161426933743025,4,10,518162.33456184616,0.36363636363636365
364YH5D7Modaru5x9cW5R4EkotjfGkf8Cq,14,2.605866143378038,36.482126007292536,6.3378944972065e-05,7,7,450928.3005393846,0.875
367Aqp1YfwZ5QbH17A7ohHpwJpzoxz3cFB,22,1.7624489153127791,38.77387613688114,8.099586360733086e-05,6,16,307288.470166381,0.35294117647058826
36FCm88z2uAJ5b8zLQoPMLm1pBJxyjBApv,19,2.6306503715566585,49.98235705957651,8.278943138696185e-05,7,12,414153.25813166675,0.5384615384615384
36FYXdhcjFhreaEuCKo4MT1JvNB2a6PBjS,16,1.8757493319230147,30.011989310768236,0.00016659147783965451,5,11,434786.08067826665,0.4166666666666667
36Jxmhcs5btMv9ZaySCwL8oYtbjbsZh3Zs,19,1.8364256690461551,34.89208771187695,9.216718622961445e-05,5,14,343492.5176580555,0.3333333333333333
36K6nukrUB2ixuKh3AsfA9a6PTb4icSpE4,16,2.31655110473206,37.06481767571296,0.00013597544777408456,5,11,418731.4137839333,0.4166666666666667
36KXdbzpPYjrD3od7qpnC59pqrWgYNgAG4,14,1.6835784769234123,23.570098676927774,7.492966720944411e-05,5,9,551637.2312258462,0.5
36NJSBXnMPBVVz5wx5Lk1KLhGdH4qMCjzo,11,1.2940579408291677,14.234637349120845,8.327761727304341e-05,6,5,627161.035152,1.0
36Q87HKhKGan9QwKWpyoFTaQYMjfL747eD,2,0.09974344530726219,0.19948689061452438,0.0001006927585039327,1,1,36386.401806,0.5
36QEYeJJ9ejzJgy2Vj4doKnMttkNUrQL31,17,1.5323787172205792,26.050438192749844,0.00010069975614080376,6,11,377128.6282490625,0.5
36QMDovWKnkow8UTabhFoRCbQBuT9QNUyi,1,0.1,0.1,1.7449876094402247e-05,1,0,0.0,1.0
36Rgi5qmLXAxmz1Q8sbVm7yZnFGk4o6Kd1,17,1.9432879384177275,33.03589495310137,6.629994358647851e-05,5,12,476598.1952014375,0.38461538461538464
36TKbBKaJSRpEH5ExACW61AJ7VbPPukivD,24,1.7975796345003225,43.14191122800774,0.00010612546851141656,7,17,312807.37721508695,0.3888888888888889
36TWTtfhatfmaym7744KFREsf2ZmQagJ9i,1,0.42482883592849624,0.42482883592849624,0.0001155871534292,0,1,0.0,0.0
36UUwqZJNvNacCzuHbh2UjPSKsaHo1sDMz,19,2.0853401393714917,39.62146264805834,0.00013242925148804,8,11,384592.04172427783,0.6666666666666666
36XbWxU1Vqtz58xkp8fw5eb7q2QR19nfbm,21,1.8148977097236352,38.11285190419634,0.00012302102904198714,3,18,354322.1472334,0.15789473684210525
36Y4XJxxfj4qKgzcG7kJABCgezRobtvwvQ,23,2.0566186460166618,47.30222885838322,0.00010242736150590404,7,16,344834.95722690906,0.4117647058823529
36YKMtAsjtnpRqq6iwPX64ud3oxHVYNvRc,1,0.45857601506245044,0.45857601506245044,0.0001025655620485,1,0,0.0,1.0
36aFT4FnUNMXECgSwD7ubswWpYmq7SVzZy,19,2.2049109929354778,41.89330886577408,9.134347406544575e-05,7,12,333552.5220766111,0.5384615384615384
36d5SnaYmo5VpWm9StKEhUxQXbAvmKfdGM,19,1.9400549985718751,36.86104497286563,8.167435993001501e-05,6,13,356874.81029538886,0.42857142857142855
36dmvHQd5oQexhCCLjHQrmBtMMb1giT7Qg,2,24.72298818556088,49.44597637112176,7.458782268011161e-05,1,1,952.931824,0.5
36doLKjCsPzdP5gY8Ss79aLjhwho1V79oE,13,2.4337108698472365,31.638241308014077,8.02788475770688e-05,4,9,435422.1170118333,0.4
36eAFyYCkoGJypi3b3KwwiPJZ9U8Q4xsH1,17,2.0372958532739225,34.634029505656684,7.226638915144939e-05,8,9,414432.46485956246,0.8
36eb8BYQzHdvGTxmT1xYPqnCxSAvW2ZcHX,29,2.847832112041194,82.58713124919463,0.00010253260447031977,13,16,233455.2255428928,0.7647058823529411
36fGgTjj47gie2LE7AHvnsgDjuws8xPur7,15,1.8377669800236605,27.56650470035491,5.8350606726040166e-05,5,10,501255.337818,0.45454545454545453
36g4uWp9bF12d5AWZPBHzZfQqvWKBtKVbT,18,1.84702487793406,33.24644780281308,0.00010998535290644706,5,13,390133.4093183529,0.35714285714285715
36iFome7Wu6xgrPM7FUmqdz2ZwrqAdtMhz,17,1.7350936550534741,29.49659213590906,8.80144444574099e-05,3,14,369946.459679625,0.2
36iGsrs8Bg3EPd9rBLpvkKoPHyWH1YCu7Q,22,2.604475139423269,57.29845306731191,8.915551863425075e-05,5,17,352032.6241817619,0.2777777777777778
36iYCdcvLcjhBMRBLkHoRz6PFtQsGW48vd,23,2.2603211649405877,51.98738679363351,0.00011163298087474989,11,12,316050.08547181817,0.8461538461538461
36kSTVMvzq7Dk7c6CBiJq3wSYXUby4uYkF,1,1.8811805142916542,1.8811805142916542,0.0001911461850658,1,0,0.0,1.0
36miNdp6uFNXpM7F36ADBdKeUSaugU3i3Q,20,1.996569785800324,39.93139571600648,0.00011974950157281562,7,13,339415.23780605267,0.5
36oZD5k4gxLPt5DDAzx628KWaHM1c8q2NG,17,1.5872206493036451,26.982751038161968,8.276529655406379e-05,3,14,342472.82479718747,0.2
36obF57QHJpwtBDRo1E6VQoNjFdowSjztL,20,1.805043218967338,36.10086437934676,0.00013315648726892632,9,11,354139.7347674737,0.75
36oe8eDyKUJroYBCd3Dk3Csrq92WcthCXM,21,2.087911796589189,43.84614772837297,0.00010644122651867294,12,9,373713.0819914,1.2
36oqe6mzsZxY1dzRx5BUrwRxAp7zHZXUDL,17,2.0357422590212555,34.60761840336134,0.00010677038691894118,6,11,440982.1598671875,0.5
36pLFcWqwHJC3poDWmsJtMaoqmh66PKxJ4,10,1.6387110005014556,16.387110005014556,5.162912329231895e-05,4,6,578435.8335568889,0.5714285714285714
36qRYMnTh6bHvSPAj7Ws4yE5Jwb6P7MMqU,13,3.119444494028386,40.552778422369016,0.00011931414438201793,4,9,454869.2970935,0.4
36qe1vB3Bx8pYwHx5iLwBDb3QkHxvUXeTL,25,2.1652329604886806,54.13082401221702,7.505511365686103e-05,7,18,310590.68129954167,0.3684210526315789
36qxiBtBiJbTnTFNeBz2iQqPRfRBVSrrMH,2,0.09992867625056291,0.19985735250112582,2.9038919211169277e-05,1,1,14003.704307,0.5
36tguh8qfRrHKSY8nUYR6PNZkZpfzgmp86,27,1.919798603636905,51.83456229819644,8.191287875440797e-05,7,20,274738.33812103845,0.3333333333333333
36vFNifF6EozFUvSGncZm32WgHsEsvgwNv,24,2.4438099638893065,58.65143913334336,9.563761950285539e-05,7,17,300057.85651643487,0.3888888888888889
36wfWk3zK85qsx1uk3RqspizXaCfnns8RD,18,2.5412423382481792,45.742362088467225,0.00011311120599583445,6,12,400765.84777317644,0.46153846153846156
36x5V3LSV3PjmQ94sWfDsz25t7Zg4pwmvG,19,1.5839906218717932,30.095821815564072,6.979334792551903e-05,3,16,418275.0856395556,0.17647058823529413
36xu6PVSU8wv6NTqogo1HokM4nBZttnuim,18,1.879786921111511,33.8361645800072,8.036239876948057e-05,3,15,409913.57940794114,0.1875
372r4aPkgSC3CiHj4dSg7ErmuA1wkcyruE,29,1.2263554816906916,35.56430896903006,0.00010029538161468414,9,20,251716.08936285714,0.42857142857142855
373HavDeViRvxg45BKqbmR18VMST1M2u26,10,3.611200109879249,36.11200109879249,7.884070714222346e-05,5,5,792962.1433162221,0.8333333333333334
375My18G64BbqRhPbYA8wMDLu1fDRbfRxs,26,1.722586597381715,44.78725153192459,7.689638560957913e-05,13,13,309130.60619703995,0.9285714285714286
378C5AZHMiACcNFsYMExJtGuSxy3aFjQLR,22,1.7001216337650682,37.4026759428315,0.00011058888126688663,5,17,355645.6002061429,0.2777777777777778
3798MBA47GU6WStCsmm67jYrdGAjgvnJA8,20,2.778897436195789,55.57794872391578,6.50426662525967e-05,7,13,352262.75249694736,0.5
379jUJ7rJbKMi8ZPFokzTn4XvVQug6cbPq,13,3.309264658525229,43.02044056082798,0.0001196176036429256,7,6,612336.3706287501,1.0
37AQmwXo5a9WtjwLrK4No4AcwoNe1QDuDY,20,2.4265398887551064,48.53079777510213,0.00010326160289861642,7,13,371373.3766226842,0.5
37DKMSdwbL1LTpsAhXWXKnpmsmtRVMjnAe,22,1.5903613673082282,34.98795008078102,8.11041925846217e-05,8,14,328223.6875121905,0.5333333333333333
37DwkUW4kxqCD8TvKnA2T2MuqBak2mn6a7,29,3.2781281639257656,95.0657167538472,8.979302612962747e-05,10,19,241534.12855385712,0.5
37E9GE59rBjDxerajZn81YZWrkJ2dDa67P,26,2.240951165119022,58.264730293094566,0.00011769374709142525,11,15,300114.45241668,0.6875
37GhNNDGzB9b8vVELwRkP9avtQL9PPtdrD,20,1.4497143172655451,28.9942863453109,0.00012604370993829443,3,17,388160.1205078421,0.16666666666666666
37Jg3bJPFhN4JhjPC6qYwZyJwRDDWeuEqE,18,2.69491812592814,48.50852626670652,7.99026202464805e-05,10,8,452928.3214382941,1.1111111111111112
37Nnri5C4TMBs6mJ3rXCiixwSuNsNBwoP8,24,2.5890493675822914,62.137184821975,0.00016143679739525266,10,14,328761.67375665216,0.6666666666666666
37QFtvWq1w7cAB9huwuXN6EaEKkEmpGm5N,13,2.4113824308012215,31.34797160041588,8.742481073080373e-05,3,10,497462.87065750005,0.2727272727272727
37RfXKDr5JE8kjg3WzCZHyFrc94eLnHVFQ,10,1.9500177084182628,19.500177084182628,0.00012568157565606832,1,9,789494.7942946666,0.1
37S69L6kwvvujG97deEWzQAwgHgBagweqH,25,1.789216908094692,44.7304227023673,7.541385060397262e-05,10,15,315932.12065341667,0.625
37SN1LK3KfidrxPdKJnbxXuFgtdQnJwKf5,23,2.3290163222303804,53.56737541129875,0.0001137118069030155,9,14,333236.71052954544,0.6
37TpcUdAjQtoTxzf8xLyEfe5CB8pcorGsZ,20,2.0296203872909206,40.59240774581841,9.281328802125394e-05,4,16,341508.86815952626,0.23529411764705882
37UAsKCLUhCpb552r4QCmuSTfm5eXjhNyr,17,1.720548003451784,29.24931605868033,8.657290235551186e-05,6,11,411875.92295537505,0.5
37UQEZhyatx8n5npNhccAv2fhaDtaNoj8p,2,13.465983851285369,26.931967702570738,0.00012232943027425,1,1,1293.680735,0.5
37V8CuZAapwKQhRwKy3jLXy26enPASDBmo,19,1.4453861379302781,27.462336620675284,9.093443316324423e-05,7,12,410944.5231146667,0.5384615384615384
37X93oqwaKRmxv3PiGKfmY4R4GYBFkDukR,14,3.933604383831077,55.07046137363508,7.626495881179769e-05,6,8,485621.0077199231,0.6666666666666666
37ZdMpUoXnoP57egtmHP2xR8tzBHNkLWHu,17,2.158220036499237,36.68974062048703,7.519799221122504e-05,4,13,422506.65769525,0.2857142857142857
37g4xmQV9DxMrigFHB8monwMZzVhBAFFKd,23,3.636093909489137,83.63015991825016,8.891258312553788e-05,8,15,320551.5236938182,0.5
37hv9a6bsn85zHFXCgW96MXphjj7LXQYzA,13,2.2848851794308707,29.70350733260132,0.00010566942283001671,4,9,578910.4925400832,0.4
37jrezSuRnE6rZ33NWnxcQKd8kp2REyXYX,13,2.439832293545803,31.717819816095442,8.219463830857096e-05,6,7,506408.62414466665,0.75
37kjgDXwyaYH3mGppu3TZkNjMa3e8YGD6R,11,0.8834118763541355,9.717530639895491,9.71171009257118e-05,3,8,519949.7808086,0.3333333333333333
37n6kzgQtpDpNcEhgwCv7mfu8tijJ6SUKr,25,2.6270640413471376,65.67660103367844,8.98658572824137e-05,11,14,310578.0388120833,0.7333333333333333
37nAZ5F7m3e3oLv8FxHoPFRiLaGC7cGneS,14,1.3795239123047816,19.31333477226694,0.00013348940813123284,5,9,553068.670178,0.5
37nHJbg3JWGVn2hHdFAwh8EFeMYnfUKT1D,17,3.1770206274199624,54.00935066613936,0.00010293627270843394,7,10,417309.15375125,0.6363636363636364
37nvrBw7Ao9TbuqXCJJh4UXptKqKHtre7H,15,3.118682297995694,46.78023446993541,8.002659759032252e-05,5,10,451320.6786644286,0.45454545454545453
37sJW5xeu2F1wUBF6JfCqbA69HvrfUVzSw,13,1.5463915697636759,20.103090406927787,6.468199512369686e-05,3,10,591407.3930477499,0.2727272727272727
37tba2piPQWJiQxoqQfuaePwNKKJDTCDxn,15,1.4490369530400797,21.735554295601197,6.616181466589363e-05,3,12,513621.1875063572,0.23076923076923078
37wjcf413YfMLGa9ckd1KWmMSTKWRFYLy2,12,1.9000791704936135,22.80095004592336,0.00011840503730466363,5,7,545593.4075584547,0.625
37xQfBbetRUPUQEduXDTHtmPzwa66BxNEV,21,3.548232795480362,74.5128887050876,9.437893269691354e-05,9,12,355866.2127007,0.6923076923076923
37yhPqja4XmNVhPXCVa2gMzBc55aV6znPe,1,0.25199799421158936,0.25199799421158936,9.512478619051444e-05,1,0,0.0,1.0
381k8fr2NXUvacxUSxZBJgWTtP81poc3JV,13,2.3730905637575943,30.850177328848726,0.00014862169344045047,4,9,519023.1139726666,0.4
3834ENk5e5EK147w4PVs3mHNqNgz4yTFXN,20,2.748877352205878,54.977547044117564,0.00010317881505503645,9,11,365966.57630689477,0.75
389donNsw9JEgQehMRpwpct98sxrpxJDWN,2,0.999933073987034,1.999866147974068,4.0152505333441675e-05,1,1,36777.665564,0.5
38ACATkzW8zyxgcrjdnnccfsxFgyaRcyZj,21,1.9389764962098894,40.71850642040768,8.377417562153611e-05,6,15,376040.84090865,0.375
38B9PrPCuSH7Hv9YgFBt3qqNBDQ2kSTfYW,1,0.315366189013838,0.315366189013838,4.54791031198714e-05,0,1,0.0,0.0
38Beh7rDh6ejLntcLuLDZat6GGijHuZMqZ,11,1.83515231202368,20.18667543226048,4.732972500417027e-05,5,6,611149.6078896,0.7142857142857143
38Bw6aXojumCg9vT7LqmpUU85onyoMvr7X,24,3.7075546721404993,88.98131213137198,8.631609836063534e-05,7,17,323111.72884726094,0.3888888888888889
38CcVxpQ95WnFMcbc7JCsRScr2yZtbiMTx,18,1.7051850962356894,30.69333173224241,9.656469987601381e-05,4,14,424892.234670647,0.26666666666666666
38EWiuXi9FXbYFnBqrGi1NPCA1z6JHpXU4,18,2.563309296861731,46.13956734351116,0.00011508443485714512,7,11,433117.8871585882,0.5833333333333334
38G7YRVzEyPh273T1G7D7kx4qAMfjDpQRE,18,2.0112869527896793,36.203165150214225,8.474865606839587e-05,8,10,445427.70898023533,0.7272727272727273
38Hv9Rc78n3k9Nm8teLbD7ruuqQoonLCnL,19,1.9070589416359147,36.23411989108238,0.00011042404776117265,6,13,388405.78588316665,0.42857142857142855
38J7g1WkEupUBXPkWYFTJMfYzUYoBnLhBr,1,0.9119512702292212,0.9119512702292212,0.0001976931578136,1,0,0.0,1.0
38KH4QbZa5ucBNnpLpMxYkZZ5GjevApt94,27,2.0009457001727817,54.0255339046651,0.00010349780989212318,11,16,274877.8588805385,0.6470588235294118
38KqinAS5QGKeEwPaY2tusv3HmisC9a2Pe,26,1.8281221766708111,47.53117659344109,0.00013397507271177705,4,22,290314.14097284,0.17391304347826086
38L5t43kEVoCz3tQ6sZtYL1FRLceNHnftV,33,1.5442975739321845,50.96181993976209,8.530240850344234e-05,10,23,233121.35447290627,0.4166666666666667
38Lqzi4uXir2Uu5E1LJSFh6ebhFfy7q956,22,1.5237422744150748,33.522330037131645,6.39102971391789e-05,7,15,322082.4315229048,0.4375
38NAuJLPzT4suG7q8KhNH2Jnz71MTPU3yP,19,1.6720642286776823,31.769220344875965,8.361058039245841e-05,3,16,417530.89347155555,0.17647058823529413
38PfwXvusyXT9oNZXy3r6FhXdsC9SSY8e3,23,2.47362769934138,56.89343708485174,0.00012158557248572496,7,16,305108.18851440906,0.4117647058823529
38QNJq22ZE26rzmR92SArVfsjF93rXBKYx,19,1.975018347091477,37.52534859473806,0.00010493141122627984,6,13,338645.69403388887,0.42857142857142855
38R39NT4t2pTU5nMHpeMUeBLhpu2sqSXj7,2,0.09974823696468839,0.19949647392937678,0.00020662334908755,1,1,13455.493187,0.5
38RGHham9aoXDi2u8nZ3tqDmEimESeR1MH,19,2.617362144812337,49.72988075143441,8.898727295652967e-05,8,11,379579.5607697778,0.6666666666666666
38RzLaHsQa92NSkYuETupoxRTQ9DjFgRrD,11,3.8602602008191123,42.46286220901023,0.0001183541037938033,3,8,694015.7778008,0.3333333333333333
38SDeoRREEHiyRRmtx2ccqhqUtRJriq7Q1,12,2.3647032938434185,28.376439526121022,8.192189226931597e-05,3,9,551224.7815898182,0.3
38SXAbzi43GCaTPMafoZD4FY21oXhBKNux,23,2.277936407091221,52.392537363098086,0.0001011766373403987,9,14,346799.27399095456,0.6
38TT5qFpx1fHc4XcEjMB5ifinQGd6ugNeq,14,1.3906431733347195,19.469004426686073,6.307303146295707e-05,0,14,473467.3998054616,0.0
38TiN5hw3xaDe89xa9RKiEL4fQ4W4uGGRW,2,0.9998966129908778,1.9997932259817557,2.13806667592419e-05,1,1,35328.287622,0.5
38TnY7qNpaY89QcirLo6i1pJVEQvkeH2Nf,21,2.0295421626194963,42.62038541500942,0.00010567864010537163,9,12,353382.2593173,0.6923076923076923
38XhJZqstMVunxwqmfpXsd8nMRRp8qzsq5,18,2.476382904404117,44.5748922792741,0.00011687090541694031,7,11,427473.82531435293,0.5833333333333334
38Y4HCAqbTZi952y8MaWqCL2WHyRXxdLka,2,6.577478825912082,13.154957651824164,0.0002477916572299,1,1,829.558648,0.5
38YSVHACq613AoRvZugZnLHojxEJaUQj4f,7,1.259683504901645,8.817784534311516,0.00015665031076775134,1,6,901905.6472408334,0.14285714285714285
38cRni6ARC5suYXH9Z9FGzvD65GQghLocp,1,0.46028141599789246,0.46028141599789246,0.0001211899531054,1,0,0.0,1.0
38fEWZ6UjR1x8reknRvCZceFR6p9GhSWyN,19,2.719253640464015,51.665819168816284,9.668589161284005e-05,8,11,304554.5172512778,0.6666666666666666
38fU9mWnXZ3SqUBDrottnpPGE3W5KZmDaK,11,1.9528896054298015,21.481785659727816,9.278574207802556e-05,3,8,544086.2988471,0.3333333333333333
38ggqKspZ2Zu46zEgZkfh7wy1p4EFEDM75,18,2.236064161925503,40.24915491465905,0.00013338305205700394,5,13,433198.07671864703,0.35714285714285715
38i3PAKzCH2syCN2BL1eHtMjtS46ho1CFm,17,1.31621556739548,22.375664645723162,0.00011047829397140062,3,14,431235.393942,0.2
38jDcd6gDnguqjqpu48rgSPo2euwb2uBi3,13,2.93470753464318,38.151197950361336,9.191562645887683e-05,6,7,389394.0409131667,0.75
38jfsUNf8Qeb7w7jjfQFFPxge9fqRmNnb3,21,2.424978925188984,50.92455742896866,0.00011096104459558742,7,14,369483.2889055,0.4666666666666667
38jmisJqSNiVbwsDhhnmmCNRPkubnY8Paz,23,2.1453042429943086,49.3419975888691,8.728498034307237e-05,4,19,302215.23234295455,0.2
38kNdgAqVxBsTNxQrUUguWgRSD9Qbat4nf,17,1.4426558774118672,24.52514991600174,7.08282231579474e-05,4,13,478323.9466579375,0.2857142857142857
38m8Rsh6xQdjiMrP8zTaaqfPJ26Dzg7JJN,14,1.8205031777881955,25.487044489034737,0.00010555178465669148,2,12,495908.39383384614,0.15384615384615385
38mXvkLLVNypHKNYxDRCVVeuTS917QpZ5Z,21,2.112457752539478,44.36161280332903,0.00011363770473301603,6,15,374505.13126835,0.375
38n7PxRxQr7BCzmfGsCx5AVk2nK35JNzGM,2,0.9999939914013407,1.9999879828026814,5.6573065837335274e-05,1,1,36717.422377,0.5
38pwgW43P5TfsmeDqNtSmHtYE5xeeahMwf,22,2.0523783545346777,45.152323799762904,7.067276738890653e-05,6,16,357468.4077362857,0.35294117647058826
38rXTSK9yrYbh467TH14TswcfBWYLdtCi9,17,1.5943778272739055,27.104423063656395,0.00011738998943764317,4,13,453911.6984085,0.2857142857142857
38rdYMnbfYD5s73ddK8xj8bTGpEvBhVQvB,20,2.1632115682793756,43.26423136558751,0.00010266712802093154,4,16,328948.2631064737,0.23529411764705882
38re9bpnSULMQ3YAkEGwQUsDJedWHVbmV4,2,1.571207181761513,3.142414363523026,5.933903993882614e-05,1,1,943.216735,0.5
38rhX1bYiM49atX6x1MZ3fsR58dJ8r21U1,2,8.244916100720737,16.489832201441473,1.53786715662014e-05,1,1,875.418102,0.5
38vdqEHFWYojxbEtr35QBWMVBKcuudE5C6,17,1.9900790036853475,33.83134306265091,0.00012611672892203922,5,12,449474.8898663125,0.38461538461538464
38wBCzzha7cz9bya8EpuJpHmjGJ5g1K1rN,1,2.986126612225966,2.986126612225966,9.755108946528536e-05,0,1,0.0,0.0
38wQE1Bsru3jBqyoThegqLE7AdE3JGPcb4,19,2.9939211083174713,56.88450105803196,8.928243934702082e-05,8,11,413319.11736944446,0.6666666666666666
38wzJRM5aVCr9xq3qY7rf7KwgSXqvi3X5p,16,1.8174408181663235,29.079053090661176,9.267798745841605e-05,2,14,481625.2557720667,0.13333333333333333
38y7c1vXXwiXHPjRwzmg6sskuvRCC91tQe,16,1.8688885617263495,29.902216987621593,9.803700970050533e-05,5,11,306466.58698466665,0.4166666666666667
38ywQMoy1pLVC9wmLtZR4PrXRrJBa5EGr1,22,1.9351469431488868,42.57323274927551,8.149491033680034e-05,7,15,341747.73177633336,0.4375
394Fdun5t6GnBTNAgNq5aovzW52JznA7pR,2,2.3212092286201735,4.642418457240347,0.00013610966320155,1,1,1467.328613,0.5
3991Awqjv1SYwvQTLTNc84gx1uPpZG5ERB,11,1.5492939133612702,17.042233046973973,0.00017797287646142577,3,8,386775.8211598,0.3333333333333333
39A4wuXkDgHjgKPEcyhyeF3BLPz5sC3SRM,22,1.8786411525223627,41.33010535549198,0.00013700779444332178,7,15,360436.47770223813,0.4375
39BLJod5qQET9hSJaAB2KMWZNs92qCqmFj,25,3.077692905279846,76.94232263199615,0.00011265896129757426,10,15,289237.12229775003,0.625
39CHuuSHjj42rpSrG7vV6wCsNxiBaWTy1b,22,2.0407236952336585,44.89592129514049,0.00011727631163177539,3,19,311994.9557794286,0.15
39CPczjHJM4fQLCd8cpunYQBeupezcDCn3,1,1.0884847787282652,1.0884847787282652,6.713209954085713e-05,1,0,0.0,1.0
39DWNDgLChTzJ82HcLA63ENFxm3fUCPYvj,20,2.570630998155787,51.41261996311574,9.850894811323659e-05,6,14,311682.2816859473,0.4
39DYxo5pNwNkFLMWmuLUuqN3VGyAgAykoF,20,2.048961191647005,40.97922383294011,9.868496138124702e-05,6,14,363471.69156152627,0.4
39DwZ48j9Dm4YNpWxEzUgv23JqFNhkngFW,19,1.7735343599158444,33.697152838401045,6.932909405557985e-05,3,16,369522.9437185556,0.17647058823529413
39FYF2niA7BhnqtAveL676STGBjaTHaFfb,24,2.46365808054836,59.12779393316064,0.00011343532959525787,11,13,311236.91769504343,0.7857142857142857
39G6vusKoRgxQmVxJZbLxnGVNGudC1FuDk,16,2.9971264684046823,47.95402349447492,9.211421547643733e-05,7,9,438042.9660606667,0.7
39G84t1cMmvTcdsXs2ejbnFM4aBA42xPiA,2,0.9999712401468213,1.9999424802936425,9.500989803346259e-05,1,1,36771.968269,0.5
39GKF1R2Tt7JzQQ9q6f15Bu1PomTG3CmLZ,17,2.5164806742123194,42.78017146160943,0.00012192557146031548,8,9,415825.875292375,0.8
39H7mdk8t6Z8XxihM6XTCXVVWJQWDGZCFH,17,1.4298577357317672,24.30758150744004,7.376743652147389e-05,3,14,467050.0281168125,0.2
39JeFgWbw4Sr5Km282y4qgFfDhfNuuJuff,27,2.215149368181119,59.80903294089022,0.00012356979086961068,10,17,291238.22457680776,0.5555555555555556
39Lym9guDA6C3TiVesyvHKB2asRvNsuJGw,13,1.9856220291355002,25.813086378761504,0.00010565425075408232,6,7,580457.3871775834,0.75
39P5muTYkQy6rj6MWbZbZ69Ft61BHqETsq,18,1.7947588818300417,32.30565987294075,6.0634367674852596e-05,4,14,416399.49075170583,0.26666666666666666
39P92t8nAYB9UUt7qJ1rfqiM221A5dXK8R,22,1.4798276565550095,32.556208444210206,7.531455411393985e-05,7,15,330907.72251376195,0.4375
39Q4HpWCnvdiRcvFYTLSXsHeK85SVsFW2M,2,0.09983076978194505,0.1996615395638901,6.0005022098289214e-05,1,1,27240.26188,0.5
39QWA2DcguRzGhWBpTjNrwcH9BALny8vbZ,1,1.2102732596970405,1.2102732596970405,9.001792626484071e-05,0,1,0.0,0.0
39QcJuPJNxbtKDkBTAZpQuQphigUpWqZmP,18,1.9382182813471576,34.88792906424884,9.539526989520104e-05,10,8,443429.2160672941,1.1111111111111112
39RL98EjDqcDxzYa11Egrc5cnGYrHtVNLx,24,2.113089066178342,50.7141375882802,6.955519775830765e-05,5,19,290986.69823826087,0.25
39SYyVu1Ak7i1L5bTSemwxojSLK6dkfuAE,23,2.3803768887403174,54.7486684410273,6.92917142054911e-05,9,14,295984.4495912273,0.6
39V6UHQ2mRK57e69xPC4H2jJddmLC7KLZK,18,1.9869267250328642,35.764681050591555,0.00015105949602617008,3,15,414931.89774835296,0.1875
39ajZRvNMr4JCyEk9c4ZAM8cYCkzNohV4n,26,2.221756107041436,57.76565878307733,0.00011019003661956182,8,18,263016.31990748,0.42105263157894735
39bzwN2Ts9fgZwZ679dELAX7DTx8wd3qB6,21,1.7975088167336157,37.74768515140593,6.0851535673963266e-05,8,13,383058.8883621,0.5714285714285714
39cxgLAsVjTyA2GFETxPrsCmTc1g1k3dRE,15,2.2454107678279276,33.681161517418914,0.00013200094506467963,7,8,460198.4429149286,0.7777777777777778
39dxm7AZaCEE16whk5zfczXuQiRc7ZwCoj,19,1.7167167607918266,32.617618455044706,0.00010117812340101052,8,11,386288.84600950003,0.6666666666666666
39f67MGWAaDJJqfC1JAczrs2CiqFQYTwCJ,12,2.9701294674919985,35.64155360990398,7.099521455795615e-05,5,7,574793.8801551817,0.625
39hd5rXfaB5C3pM4tdbSYux6Yc3JWGeuYN,1,0.09288617656735798,0.09288617656735798,0.0001262948001034,0,1,0.0,0.0
39jHCnFM89tPaLWNrkWZUJskBDEM7bR6mM,1,15.991469749781768,15.991469749781768,2.823667710903153e-05,1,0,0.0,1.0
39jVAjgtHThi8NL2XicgxavMn8ZPjNgrgv,20,2.489015314106145,49.78030628212289,0.00017947958409942098,4,16,362101.42749010527,0.23529411764705882
39myMzTvxVEXtLMza6je38FmZws5CcD3RN,21,1.9734886984928366,41.44326266834957,8.606370187595874e-05,9,12,363826.74424955004,0.6923076923076923
39qov49xr8WRLVqoavPeDo99ixC5rGMnNs,23,1.3440633298568625,30.913456586707838,6.108551996911447e-05,6,17,295763.3457924091,0.3333333333333333
39qqiSCBBVxefeQbFyXzqsy2xeNREfX3Fw,19,2.2961168624587116,43.62622038671552,0.00010006670401199676,6,13,396225.1800137222,0.42857142857142855
39rS7fWHpoNyEgGdUPVL4iAe7WqCDWNd5t,22,2.7887834109927683,61.353235041840904,9.605806700681663e-05,11,11,312908.3300490952,0.9166666666666666
39rTrCiTtoqG7Qg72KctAs6xNrJxUW7hgR,20,2.998851350438234,59.977027008764686,0.00011645489107430617,5,15,400835.0061680526,0.3125
39sYHZjiT6ScJXfKYhkAPXneYSwwoSDZ1x,18,2.5835826641130244,46.50448795403444,6.977609856431695e-05,8,10,444867.8048097059,0.7272727272727273
39saStD6Mdr4LVRNp1BSxEgSc1PWpCmwpw,15,2.079601690884803,31.194025363272047,7.643492390152971e-05,5,10,533553.7378454286,0.45454545454545453
39upCACopHcXrftiXLviVxkfuaxtrB5zFJ,20,1.6561207359924839,33.12241471984968,0.00012720247461839337,6,14,370315.10695568426,0.4
39vgwxFqca7gzUtScpQg5znCNEaLaYUKYN,1,1.0462741955444468,1.0462741955444468,4.786191692690055e-05,1,0,0.0,1.0
39zHmCAWjYhkDHKYU3znTCUbTuVCSCNoqk,17,1.4652560103570316,24.909352176069536,7.343728259697491e-05,6,11,422626.18359487504,0.5
3A1TVXLFeC4jk7R6qGhGeYV59c3kuFhQGA,16,2.358154650966913,37.73047441547061,0.00015706992619622762,3,13,439110.18306780007,0.21428571428571427
3A2mHHXA9roRKeQaZCEXzSxf98iHDBPXZN,2,23.102646660681216,46.20529332136243,0.00011478431765054979,1,1,1571.834486,0.5
3A3RW5EsWYaPk2QH5KM7uSPcygwYZPPLir,13,1.4722454081092253,19.13919030541993,8.213447180167331e-05,2,11,579679.888857,0.16666666666666666
3A3onFMNduTLmr9YxSCL1HSMS7KJ57jxiT,17,2.0669852285074146,35.13874888462605,0.0001246692164354031,7,10,460997.85349625,0.6363636363636364
3AAuv1MfC8ChrTaL3oVgh7fExuhSQC8yTW,22,1.6922836603829992,37.23024052842598,6.992916773692042e-05,6,16,346007.8135457619,0.35294117647058826
3AAuy2SAh1S3VVX9T1kRrr9p8BDwHTkNyJ,21,1.564751536366762,32.859782263702,6.370356971848296e-05,4,17,352706.63988095,0.2222222222222222
3AC195bx9mqPmxGeHXKiu8YnQw2gLzC9er,24,1.4119145276337097,33.885948663209035,0.00012126068187370163,5,19,323551.3903673044,0.25
3ACdJnAjyv4SRgJEbCxNTqK9hnC8yfx53j,1,3.562546897283715,3.562546897283715,7.796420289169051e-05,0,1,0.0,0.0
3AD7HGAB2LzTXitwAj1g4wBtGNerbFArxF,17,2.13839027505137,36.35263467587329,0.00015758111643373866,6,11,407320.92828693753,0.5
3ADzjSuukSAPBRM9ZY3hocVWWzyD7rDpkH,2,4.999983577638874,9.999967155277748,5.966099289186802e-05,1,1,18714.166889,0.5
3AEXEzf35mstZFWyPKcCzEkny8csZ95X3g,19,2.439887391478622,46.357860438093816,0.00012285539162318278,8,11,423497.251525,0.6666666666666666
3AMET86qmweTc6Pexb3RRo7q17HE74vbN8,19,1.6506992454921212,31.363285664350304,0.0001475445693435599,3,16,386038.9576584445,0.17647058823529413
3AMV9KShgYnNVLE2e3ERm6HPckVkYp1R79,18,2.732837675531676,49.19107815957017,8.147191925078234e-05,9,9,380412.9730762353,0.9
3ANgTXPczU2DHjtCRGL7nCRLiLVhgXfpNs,21,2.702712175265631,56.75695568057825,0.00011597011800083144,8,13,374152.58860855,0.5714285714285714
3AQQkXiVeg7UXbN3PAoRZ8VMGGPioryhYt,16,3.0260126438080492,48.41620230092879,7.503184247271208e-05,8,8,488199.2372601333,0.8888888888888888
3ARKR8b3viDW9Vba1buCgCv7ndJKFntoRY,2,4.9998866763342384,9.999773352668477,3.381342260895794e-05,1,1,16734.169919,0.5
3ARQ46hDbJiqPzitXrgfwCDkWz5g4vYSF8,11,1.820232316302519,20.022555479327707,0.0001249728347517383,4,7,696405.3846953,0.5
3ARY5ComZxX2s1YDUGTwsAMQD2ornF1Je3,17,2.6212767161717214,44.561704174919264,0.00014187789025987065,3,14,477877.41351106256,0.2
3ARZro7TmoSZYpXjjC9UFL3TZgHYL83wD6,19,1.2444142220448808,23.643870218852737,0.00010107285278298641,6,13,406429.9360850555,0.42857142857142855
3AS4NurAGrBH4JG1KB6DoojxfCYBy21csf,1,0.12760889143194912,0.12760889143194912,0.0001459245262997,0,1,0.0,0.0
3ASGHURfoNgGVNDMKPnqpPxSZ5gx7D51T4,22,1.6819759852030762,37.003471674467676,0.000137584026544574,7,15,331826.6676023809,0.4375
3ATav4kkaqWTwLn45DHvJ3MWcx2UjGabLB,1,1.9060586105321822,1.9060586105321822,1.3818733159596088e-05,1,0,0.0,1.0
3AUQJZY9Cs88fwL3X3rC9bZSo3Fb8qUCak,21,3.020558056780044,63.431719192380925,9.985039501465795e-05,3,18,363678.51760805,0.15789473684210525
3AUxYFTQ4TyZkFNLPMfcHpvKN2Ce1mDwHZ,22,3.3807760538896634,74.3770731855726,0.00010123465658002535,7,15,341821.0184400476,0.4375
3AV1X84Sujap1VXi96h1QXnXxUsaQ1LaqX,1,0.09957064435365816,0.09957064435365816,5.881015987017588e-06,1,0,0.0,1.0
3AWTeZ5SpstRHT5a5rHRx9Xpa11D7XrfB2,15,2.450625634991029,36.75938452486544,9.024452373019573e-05,6,9,537356.1290809285,0.6
3AXMhEgApJNLF6ksdqxooY246wzQQSVy9S,25,2.253716196240586,56.342904906014645,0.00010711422148183204,11,14,310612.393497125,0.7333333333333333
3AYKRZknXiw3h4jhFNcioQtAWDxY216a1K,17,1.909656527540437,32.46416096818743,0.0001004087855351388,5,12,447361.2427415,0.38461538461538464
3AZktTFKDeZFEhSkurmg1BbU7T5wAggWto,24,1.6892436454940745,40.54184749185779,0.0001027217988242573,8,16,312041.3820953478,0.47058823529411764
3AaRcL8cgb37Mo1Sju7uUH7t3wmJTZ5Htf,12,1.7397278481947753,20.876734178337305,8.909760714169601e-05,2,10,619362.6160765456,0.18181818181818182
3Aba4e6UFp89p42DHajLoD8CFV7p2XUeGx,1,3.1619588142316806,3.1619588142316806,4.769704376793936e-05,0,1,0.0,0.0
3AbkdXxSsST7g7Sc2Fw5ehtWqxWDbAMz4j,24,1.7042409711385107,40.90178330732426,9.623759595239994e-05,8,16,324268.3186126087,0.47058823529411764
3Abr4MHLmSSsAgpLDYgUwzuzUxtZk93hV5,23,2.5418312636919107,58.46211906491395,0.00012923345074801053,9,14,329858.08698186366,0.6
3Adc7XLL6gRBSig6hemZvoAFeRyRnsNzq6,20,1.9930784310470635,39.86156862094127,0.00012274707337435177,6,14,395414.9979150001,0.4
3AiPc3xMXmdun1Pro8itXxZi3duoVFo3RX,15,1.6253499829503169,24.38024974425475,9.699803997957337e-05,9,6,531818.7827705715,1.2857142857142858
3AnFC1ee8jsJ8c1RYt7kDB1GMuQudhV3Fg,1,0.21378349386217546,0.21378349386217546,2.1111740654978576e-05,0,1,0.0,0.0
3AntKcaTo41bM76gb5CBSFk8BSycs1Kx2m,17,1.79537346728511,30.52134894384687,9.11815257271865e-05,3,14,467146.062389875,0.2
3AoynyBA7inrEeTzm9QzdXFYYVQFNdcvVw,1,0.2716555106032297,0.2716555106032297,4.369126152146955e-05,1,0,0.0,1.0
3AuHYx19uLLLqvMp9DfF9GTAUZzs4ZJEPn,1,1.9507345073643039,1.9507345073643039,7.562058264314112e-05,1,0,0.0,1.0
3AuXfAdtfD49xmg2TkpBN6AR4bkdQP2rGU,23,1.6887817995149768,38.84198138884447,8.611328952046414e-05,7,16,341064.82197668176,0.4117647058823529
3AvvH4gXrqYBfKm11P6yNDNXdVUYzBUt4o,16,2.2286457767282633,35.65833242765221,7.390085451119869e-05,6,10,419320.0041493333,0.5454545454545454
3AzEiHUMFhnVEwrk4kPPEVFgCZJe7n7nVn,22,1.2330511023838602,27.127124252444926,0.00011881815637877564,6,16,322018.6407027619,0.35294117647058826
3B4jAzL26vhQYz7NMBKixf28w21T7CT3Wj,2,0.9999954838136158,1.9999909676272316,5.682377829083041e-05,1,1,36603.557145,0.5
3B4vfFwKnq1Upbx2L7ujNRgWANGkYmJCuA,17,2.550711619071026,43.36209752420744,9.077226881934685e-05,5,12,459618.6730671875,0.38461538461538464
3B5G3j3jEPCNNkfQc8FPL5XdAPX1xK4J5H,23,2.3336212724462366,53.67328926626344,8.594963354904007e-05,5,18,337547.37557595456,0.2631578947368421
3B7JLdpCHhcoGTdQgx7DrauVrx7VpdVdZP,22,1.9325049761773512,42.515109475901724,0.00010953906600276132,7,15,352353.384804,0.4375
3B87WrifmSDN9r2BzumGkCbvhyJVbtGPaW,27,1.327647155468203,35.84647319764148,9.214882082991576e-05,15,12,264182.51887080766,1.1538461538461537
3B9GXgVw3sHFgTUGHFNpCxfrVBWbofJoUk,23,2.092933364213187,48.1374673769033,9.682814569559384e-05,9,14,350193.52697849995,0.6
3BA7XJVKCatcZjmRmkFZ12dJ7mD6w5Pg5z,2,0.09993318313717195,0.1998663662743439,1.597042955911306e-05,1,1,36440.295193,0.5
3BC5C5wi2XevU8dGHe8SzWbqXfYk9vPNTd,26,2.1510494961855353,55.92728690082392,0.00013857541496697178,7,19,283617.83605516003,0.35
3BCZuLCpXmgYuKuMPa7Vphna8ouNafpqBf,18,2.6976911827061674,48.558441288711016,0.000105705552343605,4,14,431075.60890435294,0.26666666666666666
3BEBiWvvCm12A5rxqkxzrGnQtHid8GjBhW,2,2.781375752767084,5.562751505534168,0.00012634558728169475,1,1,988.773384,0.5
3BEoDss188rXW22vseDBZafgnThgHRn1YV,21,2.6991492430253308,56.68213410353194,7.812821563245198e-05,1,20,338034.9248959,0.047619047619047616
3BHxB8kTKuNFQR9Xv3casDSPWhh5bJerBa,22,2.775664426137077,61.0646173750157,0.00010219422502840291,12,10,320146.14260023815,1.0909090909090908
3BKUM5MaY4RBXu8469XBJJzMBfqH21QYLb,21,1.739410885015385,36.527628585323086,0.00013152150408180107,5,16,312140.24821655,0.29411764705882354
3BKrivocroMaAdQGchx2DiWMSuavh1UPr6,16,1.7466821577366411,27.94691452378626,0.00010177639375875929,8,8,471448.1966128667,0.8888888888888888
3BLKj8KcHdzom1KN4uYzeojY9nXwWFBfcS,2,0.09947566760989959,0.19895133521979919,0.00013787592106381764,1,1,27726.71695,0.5
3BNsGRMVykB173b752RgH6hRabbACtyPak,17,3.486968791841652,59.278469461308084,9.891102557391246e-05,6,11,451665.715908625,0.5
3BQGGdYATrD8ZzrJ86ZZ6eVyJiLz3w3aZL,22,1.9637887563083176,43.20335263878299,7.407789774820518e-05,10,12,362845.15008595237,0.7692307692307693
3BRYc6WPpT741tHuK8wNJvy2XkcDTSwZoR,17,2.0574476710784317,34.976610408333336,0.00010689391622285008,8,9,377929.488084,0.8
3BUaqtsLpKeh9cGPfkzh852kAqSm28UE67,24,2.263899958197041,54.33359899672899,8.041285589679153e-05,7,17,309695.4931802609,0.3888888888888889
3BVqaAoX8DVACcmLxLEDB81ECUYE7nmKvQ,21,2.113772524829191,44.38922302141302,7.767465398290364e-05,6,15,371277.25848669995,0.375
3BWKumSoC2MKJ39PfajBAwJbbNbpvNHTra,16,2.146916821947461,34.35066915115937,9.689070265363638e-05,5,11,492880.5562967999,0.4166666666666667
3BYXRjJ64ZH9Zgw55PGnY55ecgNCktqp8B,18,4.728971400243097,85.12148520437574,0.00011165651632911262,6,12,407855.8589703529,0.46153846153846156
3BZVZxMpie7gAzZjTfuCr1LrcBXKXVtMRq,20,1.8337700305907028,36.675400611814055,9.69293506952833e-05,8,12,357730.7721073158,0.6153846153846154
3BZvBEHvRrjE2GmGcTPodiSegdtw5oSaFH,22,2.346641435241508,51.62611157531318,0.00010012212074536787,7,15,346722.32553023816,0.4375
3BaDRkyafomsm3ybqCUtbmnLkEkhCpGBrL,22,2.7266868108540736,59.98710983878962,0.00013052760183245436,10,12,352760.9588215238,0.7692307692307693
3Bfb34CGhH1T3RDLwsPkz2faG53oXpqHxQ,25,1.880169302999494,47.00423257498735,9.967715462901385e-05,12,13,281077.38569716667,0.8571428571428571
3Bg9USBk4KCCPrEucxGY5W5X1GYZv4rYXb,16,1.746861502659325,27.9497840425492,0.00010148843418666315,4,12,446405.0477648667,0.3076923076923077
3BgLhDammeeswvQC3teLpF3jZvn3tVbhW5,14,2.1961869668798797,30.74661753631832,9.474982458731783e-05,7,7,525347.1051604616,0.875
3Bibva4TBZUrSHy6Rphon4Vm7jcNQcYgGm,1,0.3182112515547933,0.3182112515547933,2.9459011735232175e-05,0,1,0.0,0.0
3Bj1ESAg9RyLD8Mna5meM3j2W72qSQx6rN,1,4.848397175610681,4.848397175610681,3.224745895546099e-05,1,0,0.0,1.0
3BjcZYG2EXhLiGGPSuTQ7nQq3sL5CRUbWu,1,4.9999234344373855,4.9999234344373855,6.980234175272598e-05,0,1,0.0,0.0
3BkcNdfg35hvnQ6ih5vG3Ke7gXS8mjGVVo,15,2.565515451378703,38.482731770680545,9.453124370582873e-05,6,9,522972.6985306429,0.6
3BnK7RCMUa3RFYjKPd26H2ta159VBV4E2X,13,2.5212166728879213,32.775816747542976,8.186327661261953e-05,3,10,583672.6151785,0.2727272727272727
3BoPu8ynA1dFvtN5DtmTaqME3TLEVUpqZa,19,1.3886882165884715,26.385076115180958,0.00010262841724704801,5,14,415320.5779841111,0.3333333333333333
3BohuXBLXCcz17k7VwKRbbbKNVpUFQQqBv,23,1.454357715335762,33.45022745272253,9.362569491740243e-05,9,14,327393.82899390906,0.6
3BsXgaRkPjoRQHRhfz3yeKukkU9zN9cNzH,17,1.3561592918859304,23.054707962060817,7.534894891226435e-05,6,11,439404.5828828125,0.5
3BtxnoifxUX4HTMyiM3nEUpWE9u7FEjkmW,17,1.9682030539378312,33.45945191694313,6.50844222433499e-05,1,16,428012.99778412504,0.058823529411764705
3C6BM9968n4WGpzUznrxB9ZtdJ7YCYxjHu,22,1.5910263519227044,35.002579742299496,7.555534913345137e-05,6,16,338287.05437680957,0.35294117647058826
3C8gwcCZKddzfxAttErCKxZ2vUA8aSg1Yi,19,1.9679866589359933,37.39174651978387,7.853570539864904e-05,6,13,364894.79402133333,0.42857142857142855
3C98kS7gczc32CuRjQZZoYDn96d8yhPVUe,22,3.1643161403528963,69.61495508776372,8.730082748414369e-05,4,18,322970.5143619524,0.21052631578947367
3CATshukcsmHgZqy5iMyBE6gq5goweZYJr,25,1.5761226640492232,39.40306660123058,9.261145686331617e-05,7,18,272012.94487658335,0.3684210526315789
3CAtdfuzyWi4GHVwuHEcFMQu5xmV39Maoa,23,2.7405207923424246,63.03197822387577,8.866923914241213e-05,1,22,149209.65837586366,0.043478260869565216
3CBK9kmXayuJnzLkUXSa9Qtqe6JY1DeXTX,1,1.1080047654673608,1.1080047654673608,2.3611921542338876e-05,0,1,0.0,0.0
3CBL27zzFUPo9KtcqKqJqCu5TSdGsx1XHk,19,1.5565835544775481,29.575087535073415,7.204627443422393e-05,5,14,376101.7409066667,0.3333333333333333
3CBcaLWFevfC1rqppo877JNWyiSgG8oPsf,25,2.2093333546314553,55.23333386578638,6.228590249956864e-05,9,16,265381.83622445835,0.5294117647058824
3CCS72cuYbpibx1DBCAdGoS1NyCAQMyGft,1,0.26324729657354395,0.26324729657354395,2.963698857843304e-05,1,0,0.0,1.0
3CCWv4XPcZ5UNm4y1pyYFi8uurdiYdpTW2,17,2.1895287509578703,37.22198876628379,9.673712739396737e-05,4,13,448814.318388375,0.2857142857142857
3CChcPC3Jp5BMRPNUiqbo34ADPie2k3BZ2,14,1.7351916595367098,24.292683233513937,5.993158932448833e-05,5,9,514256.14174346154,0.5
3CDixmYSWBsi95Prkr6NbEkpEKjjNZaFpU,23,2.1337418473785514,49.07606248970668,0.0001625128763595605,10,13,309040.4802466363,0.7142857142857143
3CFW8VS2RSqLURhdKf72p63JCQ6YXtjyeR,26,1.660877989378802,43.18282772384885,0.00010439796507479448,9,17,282320.46449667995,0.5
3CHXqEaBFTJWeC6cZkvq2BHcH9LxPgPDQt,13,2.532922846195463,32.92799700054102,8.332052067174061e-05,5,8,638923.9325854167,0.5555555555555556
3CJkw7HT8thLYPPKWs7oHHKk3geYKQfsGG,21,2.2428681220249396,47.100230562523734,6.28504369252395e-05,7,14,373043.23304135,0.4666666666666667
3CKRMp3z8hKGRxTASq9gGfBTbMJshG9WhE,1,0.09369003095786475,0.09369003095786475,3.4856120892458214e-05,1,0,0.0,1.0
3CMoCdLthFK2KY4t4SrzaM2vhYAcaZzbLg,25,2.442843234963347,61.07108087408368,0.00011610565636700034,6,19,303778.99432983337,0.3
3CNzZ6XQXg8ZrKtq2Lj8grBZK2G7UGBU7m,23,1.5320912292959559,35.23809827380698,0.00011522885852737083,10,13,342794.207966,0.7142857142857143
3CPEdyJJjA1yr3dDqrRbxkq1bV2UmA56jS,23,2.5016886802613922,57.53883964601202,0.00012005330777016742,7,16,338341.83538172726,0.4117647058823529
3CV7LzwPWk2srnQ3A3QKvwMmYJKubRhxb5,20,2.177739948625481,43.55479897250962,5.762227629390275e-05,5,15,407983.22255415795,0.3125
3CWnJLt9cipkxMj1s9AaEE24vL9YbFtNVp,32,2.359095396969738,75.49105270303161,0.00010991223032003008,12,20,233178.20830351615,0.5714285714285714
3CXKjp415t7Qq3KXxsdvgvNMAfu2AA9a7b,22,1.666082735123017,36.653820172706375,6.993856033798397e-05,5,17,296534.63255776186,0.2777777777777778
3CauLRycfcS8Nt3rRajqEbZBaAXPH23cci,25,2.3616142399113063,59.04035599778266,0.00010586468777709926,8,17,288551.3835028333,0.4444444444444444
3CbDs4s9Eogg43WdbvY5PXukUxwoVRALwx,16,2.3139252316022474,37.02280370563596,9.048216643713983e-05,5,11,472365.4145644,0.4166666666666667
3CchgBVfi1gfa1d2SZcViYs88w85Ndvjzb,2,7.888530261000562,15.777060522001124,1.5084168213204803e-05,1,1,966.142424,0.5
3CfLeVbJV2YqhFdBFHY61ZwmxjfcEs33gf,16,1.604678015664047,25.674848250624752,7.778026372063586e-05,4,12,492105.48561513337,0.3076923076923077
3CfaeD2Ma44YLAajQQJ1n5G8u8N9m3ADur,21,3.282776322582793,68.93830277423865,9.364587101133523e-05,6,15,361721.03040424996,0.375
3ChfT4vVRm1rSrghuzPixAFmSqrktTkYCe,15,2.898862537183775,43.48293805775663,0.00011485754559529997,7,8,526229.3332454284,0.7777777777777778
3CkHme4HMxh1vQu1TsuDjzkWFYkrhiWzL3,1,0.9344308746394409,0.9344308746394409,6.737989891005545e-05,1,0,0.0,1.0
3CmcNVwYmTfq8z4Rzh4sWkXNZQfBD57uS5,18,3.0840191532021373,55.51234475763847,8.786106132508835e-05,3,15,414845.8728992941,0.1875
3Cp8j5yqL4CBuc4XV5N4Am3XUnHwYVWRPZ,14,2.846042210981153,39.844590953736144,6.241115966884845e-05,5,9,567806.0244214615,0.5
3CsFG86GdKct2m2adG7UaJHhxFftx4yfm9,16,1.8854114126929762,30.16658260308762,8.863938837043389e-05,8,8,484993.2182808666,0.8888888888888888
3Cte5WUNADcb9HNdPErJNd9MAvZ2f1eGNh,17,1.370973734825772,23.306553492038123,0.00013042286124973304,5,12,478474.072337875,0.38461538461538464
3CtypJ2p7Ag2VtJjddHTPBhyBhhMK3JcBm,18,1.0928179651585985,19.670723372854773,0.00010537928610191018,3,15,366738.55878411763,0.1875
3Cu4RAMfxuSwe5yijE4i8TZMWkhk9pYYEK,18,2.334347223827919,42.01825002890254,0.0001357458674124096,5,13,405444.9241457647,0.35714285714285715
3CunuTxkh2nqK4zBSRDiTTfgniaXzmC8bD,14,2.4489660387921637,34.28552454309029,6.360134291657569e-05,3,11,530554.1420968461,0.25
3CvEVbarPg2PL32Au2DL7cT9ST2vupjtzv,16,2.0624268931549627,32.998830290479404,7.541665854718496e-05,3,13,499365.43008533336,0.21428571428571427
3CvU16rWchEqbQGHWw6u6CBPUBz1oz4dfu,17,2.8562100356670412,48.5555706063397,9.353428171923525e-05,7,10,458229.2860549375,0.6363636363636364
3CvaiQr46ovincUJip8Dwhvkj6N2UKXVGo,1,0.9887627632308427,0.9887627632308427,2.308021456698263e-05,1,0,0.0,1.0
3CwyyvSH9rANfvcyvQor6pkmmJDyJaEhE8,24,1.3535950388707656,32.486280932898374,0.00010727743111480532,8,16,327630.1004024347,0.47058823529411764
3CxqVkfKiYSGR6vSahvuQ7zgUG3Bhe3Fci,1,5.0,5.0,4.919224343927989e-05,1,0,0.0,1.0
3D1ibJVZei9RU7B3LJgkdiARXiBREFg5HY,2,0.9994283281688339,1.9988566563376677,8.926178025864053e-05,1,1,32647.803956,0.5
3D2FvEB1o718jo11c1j9Tp9xM2LZmtBnXi,18,2.069835584710575,37.25704052479035,0.0001174613599569397,1,17,441676.4189435294,0.05555555555555555
3D2cZhMSErZoNYKur3GHq7DzecpnHf8HcU,23,2.1650125298200256,49.795288185860585,8.659856770159081e-05,7,16,327963.6657037272,0.4117647058823529
3D2hPnaf2Z7Fse1wGKHtDF9s2WFydiDLeF,11,1.7501483486874683,19.25163183556215,7.553794576787377e-05,5,6,715988.498836,0.7142857142857143
3D46gr8neUR1T8YtLpXgkWLoGECftwU7KD,14,1.0226755605992737,14.31745784838983,8.064599954087883e-05,6,8,554118.1069673077,0.6666666666666666
3D5vdZmdMPVBkVWxF5dF9s19yt6EJ1GVAW,2,0.9999438922830105,1.999887784566021,0.00032227656363705134,1,1,22539.196773,0.5
3D83CfgQoxSjSkjCKKXpceCTUGJM2Xb4Rn,19,1.7041511919811305,32.37887264764148,6.91201833709583e-05,9,10,400188.62633488886,0.8181818181818182
3D9EdMTugBxnLEvus6zNQXrF1hpBWvfJ6f,18,1.864407774094233,33.559339933696194,5.743345819171274e-05,5,13,421322.64941488235,0.35714285714285715
3DBPRKFUViHeMLsRrVRUL4a9iK2gbokaFt,22,2.2236566685965333,48.92044670912374,4.506677430003098e-05,9,13,321118.5823512857,0.6428571428571429
3DEYpQrdpaMm3psvKzK96XdjPrataVFjFu,20,2.324672136355768,46.493442727115365,0.00011697640712351632,6,14,338278.5001785264,0.4
3DFS8rAVoUAr4CjgazGgjsCdHz983W3uh1,1,0.4629976307574011,0.4629976307574011,8.543946745774696e-05,0,1,0.0,0.0
3DFSorcXWgNpGmhjfi9G1bfFtDZuQVvCDH,14,2.1124249794868892,29.57394971281645,0.00014195479767245342,4,10,497727.7067315384,0.36363636363636365
3DJbXuacGHejZ4TfGJLoRQird5jdmWSped,20,2.174992495873947,43.49984991747893,0.00012320074394601743,8,12,375720.8972547895,0.6153846153846154
3DLpTbm8Uuf6r6QXHbqzrWE7jsrH1g1z7s,27,2.449157490001878,66.12725223005071,7.385905772968629e-05,14,13,290040.7404493077,1.0
3DMWewmT5GzKbZCRbBo26biw1QP69okVgr,20,2.021222381721785,40.4244476344357,6.691597292812457e-05,7,13,350696.13611331576,0.5
3DMiMmTDnpApLdgzDw5jSRfyax38A6d4Lk,14,2.4154403321609186,33.81616465025286,7.561624986810246e-05,5,9,536961.9490490769,0.5
3DNBdWZcmcrRtgH6sVBKarGpUwB1aeTuHK,18,1.480213656055834,26.643845809005015,9.403472770649873e-05,7,11,389162.30918776477,0.5833333333333334
3DNoVDGSNpFg1nFPuSN9foLNcw4wimE5ZT,16,1.5529972513869172,24.847956022190676,0.00011160637591232608,5,11,371568.0422237333,0.4166666666666667
3DQZjuVuyAAKjztfW7X3U6dykDWmn3fQvT,18,1.6492451924510683,29.68641346411923,9.707565962987577e-05,4,14,451409.416688353,0.26666666666666666
3DQsEnmvYfa45ytcyF87yaFBFrYZiiV32N,2,0.9997406001025687,1.9994812002051374,1.8602425545445486e-05,1,1,33331.844142,0.5
3DRoioU9DZPWioPhMB4oFLvnSnhbCQtHos,26,1.7691780681657965,45.99862977231071,8.966775467375627e-05,8,18,297761.11442044,0.42105263157894735
3DUCiRHgv7S52Mc7psp7vWxT5BRjmMEtyp,13,0.9754361663024393,12.680670161931712,8.444480506485756e-05,5,8,546175.4053175835,0.5555555555555556
3DV7Y1ndSMGrihxAUbEhbxm8VxTyAwy7g7,18,1.856223262557693,33.412018726038475,9.381109992593473e-05,5,13,412751.11882782355,0.35714285714285715
3DX9fY9RCnEHLVCvmJSgVpvDT3jjAJCqZN,14,2.3581835313862713,33.0145694394078,0.0001596457505380811,4,10,449618.9757098462,0.36363636363636365
3DZPkneEcJ1gBNFqcE3b6rCUxenxhnouZm,16,3.193100063381695,51.08960101410712,9.727410331178959e-05,6,10,470699.73969706666,0.5454545454545454
3DZv3oBiiHmxMYDLVggffBSn8qpA4mdWg8,27,1.8824632920827418,50.82650888623403,9.006363062158424e-05,5,22,297212.74932834617,0.21739130434782608
3Dbp6qeahNnLNwwdqGJN4aGYzTEByimUtE,14,2.400613900234181,33.60859460327853,0.00012656364810751923,5,9,565958.8981186923,0.5
3Df3biGgYb8A8fGsiCexWYsUzpNpGpeDaf,26,1.5701163217417937,40.823024365286635,9.993621182821937e-05,8,18,307875.44355028,0.42105263157894735
3DfDkPc8Pejq9hZcFTPvzCoScKsePjDJ5i,21,1.939912511465951,40.73816274078497,8.874079304215065e-05,5,16,365666.34723179997,0.29411764705882354
3DgTadGz11eXbZ9S8bnsV2yEtL1DoqfvqB,13,3.128560464569695,40.671286039406034,9.098840028234368e-05,4,9,426349.9200849167,0.4
3DhNFE7ZdpvWGBaPDXphicfH2U6FjobxzC,30,1.832524633873543,54.97573901620629,0.00012137305553651325,11,19,234979.89817896555,0.55
3DiSSVUR8fw8Sw41eWXxa8qNZxRUS9NxdR,2,0.09980741802731401,0.19961483605462801,3.2060163916251166e-05,1,1,7402.758205,0.5
3DiWh7HQagYvFFKiZjh3ScACpc3Q2EfrA5,23,1.419479745499389,32.64803414648595,0.00012070518005685322,4,19,292123.291678,0.2
3DjJ57m3h1MGsuBX6eMrKdHZXppfjGaAFh,20,1.9364361145034448,38.728722290068895,0.00011657632250579352,6,14,314857.7747041053,0.4
3DkARd8zU5c48npezVCJ3NDcwihLjFW8m4,16,1.5680550045906827,25.088880073450923,0.00011509204966864175,2,14,438384.37987026665,0.13333333333333333
3Do3MvTdAmH4ExCtBjgPdmpiSYxoEtTQtc,19,2.1585621585203416,41.01268101188649,0.00011314672565789811,12,7,410211.8273290555,1.5
3DodLq7NBLBVV5RxHi42dzFtoukyCEAJZS,13,3.4136174055572512,44.377026272244265,7.470896953898935e-05,7,6,548299.0725525834,1.0
3Dq9nowePwL8otkZwFK9Sb2Zj8pARTxLpW,9,2.9543478737506943,26.58913086375625,8.639511217243599e-05,4,5,893210.812051625,0.6666666666666666
3DqsLDo15g1jRQBtgpTzKCDpFbwsXvvVAE,25,2.0101287559589927,50.253218898974815,8.642937098088029e-05,5,20,272772.7104794583,0.23809523809523808
3DsaVM7PPsg8oe9UtJKaAwp2F5iJS9825D,1,0.2508450347566295,0.2508450347566295,7.110527061193563e-05,1,0,0.0,1.0
3DtCkgN4Bg5WoiwgxsRqW1vr7x7oojTWfp,13,1.4852350546352935,19.308055710258817,7.591638581519305e-05,5,8,513956.0399802501,0.5555555555555556
3DuHYksoH9QJ95pkpDt6RrcFjXovBfh1ny,16,1.9088940826516891,30.542305322427026,0.00010889753809789653,3,13,449540.48425720003,0.21428571428571427
3Duh1ARawmjzU3f93JAVPyokJbnfwALy4W,20,2.9577244497760073,59.15448899552015,9.165872764402676e-05,7,13,367224.0949397368,0.5
3DxL9eyc8oCjmcJZPsGZkbv7X85Dt4VRkR,15,1.726234500295863,25.893517504437945,9.344917071016575e-05,5,10,433442.9316706429,0.45454545454545453
3DxPwZ2rn5w6iTdMcw9k4wPcFKFLmgkhYp,2,0.9993034190011312,1.9986068380022624,0.00042141619672815,1,1,34749.773727,0.5
3E1E7KoWgSxBTiDB32z1SF3WwEPijsknbR,19,3.366476872106683,63.963060570026975,7.94883364041326e-05,5,14,383869.07604866667,0.3333333333333333
3E1nZswHQD4VLh1tf8KrSFw6EVkGW3APsj,25,2.3415145225561793,58.53786306390448,0.00014130204997696592,10,15,317284.6193380417,0.625
3E5KDo4yd1TUscwv5rh8BiopT78QinjbZL,29,2.70642130303911,78.48621778813418,0.000130321638827483,13,16,263841.75361985713,0.7647058823529411
3E5VgG7x3cPdTxVrHbkyrkp1AYj4fWaKsU,19,1.5051846531136746,28.598508409159816,0.00015293506502269514,7,12,423444.09660438885,0.5384615384615384
3E8d7KxVDqvSWxFCMo8CvEQg81k8C4DxQv,24,1.3032266737833238,31.27744017079977,9.444549943583002e-05,7,17,304235.6428029565,0.3888888888888889
3E9KbuWggHyEFRv7redqbaYjteEAWuRPgX,14,2.3320772625091313,32.64908167512784,6.89838551357221e-05,4,10,544454.5937509999,0.36363636363636365
3E9XUwwgAJTqq8HDtzgG6gbBkpYyb5Phcs,15,1.5943271563535986,23.914907345303977,0.00011130236272875265,4,11,551784.875337643,0.3333333333333333
3E9sznN42NadxTmvoemn9iEABKoWFzwxAJ,12,2.5028317635097688,30.033981162117225,8.407341119324252e-05,3,9,637697.6670492727,0.3
3EAACjvb45owsmkjP6G8bXqH1Xo5HhbLaJ,1,0.09450124310268265,0.09450124310268265,0.0001877331027453,1,0,0.0,1.0
3EBnpKfsXgqgbALyaYZUpSWPSmLGXKP3rg,22,2.4633504482359436,54.19370986119076,7.983036848295391e-05,5,17,337855.3644386667,0.2777777777777778
3EC58yXfCF92gyQL4CsKTV8yVaaabW16t8,22,3.7888616824622843,83.35495701417025,0.0001006577701960242,5,17,347177.42306047626,0.2777777777777778
3ECe5ynDLrRUexRsDR8vU28b4J7341mChU,20,2.6855812183105034,53.71162436621007,0.00010900902596028409,6,14,345239.4323002632,0.4
3ECzhM3jRBDgrJQB3BpBo4wrDGspAhY46h,12,1.947038337356533,23.364460048278396,8.851784451385673e-05,0,12,439834.5591236364,0.0
3EDg7NVzNRdgEKCv5W84aHuMvNFVV4bSZT,17,1.9874154836564641,33.78606322215989,0.00011679188634357525,4,13,469645.00683137495,0.2857142857142857
3EEKJHxXY5iZbRRZXuqfNitp7KfiXQpjtT,18,3.353188540091353,60.35739372164435,0.00011567221000186174,10,8,413096.60484770586,1.1111111111111112
3EKmS8QG7HoVPkRKAvvaukZV7jmU7LyprF,2,2.316830841086309,4.633661682172618,2.8927749675739594e-05,1,1,1097.018236,0.5
3ELstEQeH6q75afZbdJsoe1o6nBBWR3znN,18,2.49853811920941,44.97368614576938,0.00011140245103964704,5,13,427614.72117000003,0.35714285714285715
3EMfz5eoLpfCB5dqQu8wQXQB3zFqgKnyFE,17,2.498409460592042,42.472960830064714,7.043610984531535e-05,3,14,457728.3760165625,0.2
3EP8Xhq5LsQnDLSPcfmTJKAEwTyq669Uyy,19,1.9541108515546257,37.12810617953789,8.514381482744053e-05,7,12,356335.8889139445,0.5384615384615384
3EPebaXn9crrxFdFvb64rWZ4u89Rj3E55C,15,1.2036279622137103,18.054419433205656,9.944498962484405e-05,5,10,492972.9392005001,0.45454545454545453
3EQiCtEPon1XrFYYjtFAk7G7VhjccXzNfy,15,3.029071205462141,45.43606808193212,5.142775942829765e-05,6,9,526206.6109132143,0.6
3ESyirjUVsgTMc8YYnNMP8fih2CaHt5uYh,11,1.412452417749546,15.536976595245006,0.00011688024287408394,3,8,716463.3156234,0.3333333333333333
3ETPWcrnGtTyqUdYTx8ZjkK4fyW8mZNxJj,17,2.9258802067715144,49.73996351511575,0.00015549545867391137,8,9,423220.8673920625,0.8
3EV6gF3g1V5PSrQ3CXq8yRYNjZDSMmLyED,19,2.4885899146189145,47.28320837775937,5.845146225856234e-05,5,14,396776.2702131667,0.3333333333333333
3EWRwiuzDo2VySuL3Bn4Bzxy7i9XW4NFRz,16,1.2321592223018558,19.714547556829693,9.021949954096436e-05,5,11,344398.32260813325,0.4166666666666667
3EWi8jjyBCtiijyjSX6GvgXZ3tkvdUfubJ,27,3.269745720997951,88.28313446694467,8.072486790344893e-05,15,12,279087.21496880776,1.1538461538461537
3EXxcWK1RthoJtS1dqp8QsaRh6nrTwHrFS,13,0.6964967920868441,9.054458297128974,0.00012872946963280414,2,11,513750.32820975006,0.16666666666666666
3EXxtHcQnCRHjr3soR3XRJzCoDhiVuzQkm,21,3.4088452410946637,71.58575006298794,7.443384567365228e-05,6,15,372773.67896265007,0.375
3EYhtcd83WuCNe6aWPVkvgkYjHhHgzLZrv,27,1.797795176216859,48.54046975785519,8.921812077017663e-05,11,16,284747.10799626925,0.6470588235294118
3EZNPwdTnxAp4662Xe3XhnwveZKU9NCfNk,14,1.7313038892920434,24.238254450088608,8.22646110608174e-05,5,9,439818.94845961535,0.5
3EZcLrPchr9GZRC25hBahbPwyQqNjP5Lad,17,2.115819753052066,35.968935801885124,9.603071417700618e-05,6,11,479746.25587556243,0.5
3EZx2Q3aZDCmDbe45CNeLeQwvnXKwkqv71,12,3.012599645613195,36.151195747358344,6.606402138648747e-05,3,9,648054.7483185455,0.3
3EczGkdGWpeSBH9VcnDmrKiUys1PTmbvrw,13,1.8487386402738721,24.033602323560338,0.00011330620358642818,5,8,523924.30755175,0.5555555555555556
3Ee1XKqW4NiDWBiss2wQT8imf3NkDcJ5EA,18,2.353948758117904,42.371077646122274,0.0001224830714329148,7,11,407565.3243164706,0.5833333333333334
3EerSSgu19gzKYYmP7v8BYk8TyzMtU8RBR,13,1.4437004502868591,18.768105853729168,0.00016153955154950947,5,8,518352.14976383327,0.5555555555555556
3EftjpJ8dA28uEhr3o8iwp8BzoYcHbQtzC,17,1.3914640721754756,23.654889226983087,0.00010458728601657878,5,12,449557.6275063125,0.38461538461538464
3EhuSMkPTjG1mW6kzmLfGfunu1Zf9eturb,19,2.3594107916408795,44.82880504117671,7.39001700751258e-05,5,14,375995.9824955,0.3333333333333333
3EiJLkGmat5bhTfb2cSwARb6aSTPf4bFtN,29,2.286685011515257,66.31386533394246,7.181900364221554e-05,11,18,277530.1821715714,0.5789473684210527
3Eikd6YibFCQjw6U4a6PqhcNbUtM62EW9z,29,3.54481160657254,102.79953659060365,8.578457488576688e-05,10,19,256628.53665117855,0.5
3Ej8X2YyHFUCfwGKUL5jR3tSEXgFPL9hjg,24,2.7444053321751767,65.86572797220424,0.00010367810758182224,8,16,308817.726021,0.47058823529411764
3Env9GAcrHiViSLK8dYT3WKSZBcN2Tvk1P,16,1.7010686537390465,27.217098459824744,0.00010770813418211092,7,9,365587.280619,0.7
3EoMXtD9om1brumqLVQVDZfw3tVC17N25c,1,0.4782689486868179,0.4782689486868179,1.903787069612913e-06,0,1,0.0,0.0
3EqYY5vyF83Jy8rwmgGnoRStC7n7caRiuK,19,2.202588723414383,41.849185744873274,0.00010993712013189197,4,15,351934.6287665556,0.25
3Er796VMTRpPmiaqhPtd5X2SYvSKffGDSr,19,1.6563178870412631,31.470039853783998,0.00014382746783645495,8,11,389968.29003611114,0.6666666666666666
3EsE3jsWS3x96vbKP1EvH4jka1BqzdbFgP,22,1.6851781727704116,37.07391980094906,0.00010430592633686041,8,14,338433.23251671426,0.5333333333333333
3EsMRuR6kmRMbUAx89wkQ8UQ7Nxf8RU7yV,15,1.8232012957873838,27.348019436810755,0.00011999541739915595,5,10,433181.26588928566,0.45454545454545453
3EtYLYFqwDEuzHA63pKWYp5ePUXAVMA6U8,14,2.173450047428368,30.42830066399715,8.477604626836249e-05,7,7,550146.5223396154,0.875
3Etqs7YtfbNmJTuh8FbgWpEbUUvJQBMLCQ,16,2.757530713782422,44.12049142051875,9.031555131375704e-05,3,13,440178.1799768667,0.21428571428571427
3Ew2Cudrt6HUAxSPnCAfnEj6Gyh9LT1FgH,24,1.6201868743541497,38.88448498449959,0.00010189462108231298,11,13,330029.3400486087,0.7857142857142857
3EwSJuB5hoFT1wakC6KfdxVAippAaSMKJe,23,3.594360047210265,82.6702810858361,7.10742003983963e-05,10,13,340821.3926385909,0.7142857142857143
3EweuRWNrHnz9hFkWjuFWmQjf5Pb1Bzer5,16,1.6338601799203984,26.141762878726375,9.470757267090874e-05,8,8,482511.0528336666,0.8888888888888888
3Ez655b3o5Vxk2jR4iawCVXCCAG13SboLH,22,2.5995816688523177,57.19079671475099,0.0001068418785665771,8,14,352603.52599695243,0.5333333333333333
3F1Jr5hTcLCNehKwDsFUX1v2rdSkES4JAm,23,1.6755446676841714,38.53752735673594,0.00010575252979665026,8,15,306892.8833599546,0.5
3F1h617isuATp9yT7abL9nPyvw4Whggsay,25,2.2962376996322265,57.40594249080566,8.78545705806698e-05,11,14,280260.64829075,0.7333333333333333
3F2wM21Eo2e3gvQFM5p2NZVrH3EWs42qNf,16,1.9028189597076282,30.44510335532205,0.00018331458924844177,6,10,494214.4822622,0.5454545454545454
3F5NGHgoJzYu6ckZ18PWSwnCBYm2nMo7ZK,19,1.8364801372204969,34.89312260718944,9.417666776179637e-05,3,16,335252.0374050556,0.17647058823529413
3F5ZmDKk9QkXuXeEVeWsayGACNLizAXdEr,22,1.9927800598614027,43.84116131695086,0.00011055215028184916,7,15,327879.9122039048,0.4375
3F6TZ3x649LiquxZv7Vp7XkBsGbVRZv7QX,20,2.796047633845837,55.920952676916734,0.000117254125059777,12,8,393440.0192535263,1.3333333333333333
3F7ZUujFZSu1ge5GuhU4Xs2Kp1BATrqsAA,1,0.26460539326771326,0.26460539326771326,3.829706865466116e-05,1,0,0.0,1.0
3F8xdCB3aEBUnKQ2BJ8waz756fcj2vxyu9,22,1.4633915110726683,32.1946132435987,9.114517698934978e-05,8,14,331384.47882371425,0.5333333333333333
3FAeywYpU7pGqvKLim4AAAqKTDL7gLs2ao,16,0.9977744777341611,15.964391643746577,0.00010789932560496717,2,14,476447.33796486654,0.13333333333333333
3FBHRGcN18Rv2VE9TUC99Co3tXxjACkQpa,17,3.0518615652393852,51.88164660906955,0.00010713651663610164,9,8,460503.54873425,1.0
3FBKESCU9GaSd45mzejuguPKMLTKUrHo4V,20,2.2208061312625915,44.41612262525183,0.00015028699332346262,7,13,395410.82057694736,0.5
3FCva75sTxeZcDGMP7VnKCBCandUTRMCGP,17,1.5236236599352022,25.901602218898436,8.432673529033093e-05,2,15,465087.853918,0.125
3FDAGkLi3HmgA3cNEGNrveXZNg8gPawXKs,21,3.2122578093127623,67.457413995568,9.430644524385714e-05,8,13,365580.7011851,0.5714285714285714
3FEg4kETnmgyFWWzWodwJGd2WEtRuYxpmp,21,2.396447096077858,50.32538901763501,6.022990243949412e-05,6,15,329631.5197563,0.375
3FFhVtCfcRa7agKwHC6x7rLoLzLv8h5P7d,1,5.0,5.0,0.0003905673549114,1,0,0.0,1.0
3FHzi9KSqu73ueLbkWyS4PKJrKoamQ85pw,17,2.4331511118147477,41.36356890085071,0.00011062831367444658,4,13,470969.3326235,0.2857142857142857
3FLBks5q8C2QeiNqkqci8MHgujHT6VtXQE,14,2.682278517366179,37.551899243126506,0.00011403765636874085,5,9,544447.407926077,0.5
3FMVJbWoD3MvqDbU5dRZ1Rqi4CoXJMBveS,10,3.7367847792686035,37.367847792686035,0.00011281749933786099,3,7,552991.506797778,0.375
3FNTKWHhEf25n7qTmbeG1UgBFXcNKqePZ8,2,7.5221617394060605,15.044323478812121,3.6088961208143344e-05,1,1,1354.220552,0.5
3FNzxSRGCiN4N1xb194dKjzLaKnVa7sNyx,21,2.008364799494467,42.175660789383805,9.012416890510265e-05,5,16,367766.10491839994,0.29411764705882354
3FPKoYR2GQz1wbkVJgEw7coPRcRpzX12Qo,18,1.6301182914753904,29.34212924655703,0.00011752229699767781,5,13,430843.25724535296,0.35714285714285715
3FPmGsSTWzhWRMvX1i8V1RmhGNLDsdtaJp,11,2.9515191919959305,32.466711111955235,0.00011105953350623636,4,7,580966.7197010999,0.5
3FQCmMh6PzhVRUbL3Bp3DgvwGcdFgcjfPD,18,3.262680147766068,58.728242659789224,9.976984629188279e-05,7,11,437308.0033962941,0.5833333333333334
3FQLos1cbpnFmZh4BSywKpPhQ8y9fp4tif,19,2.2645263362564703,43.02600038887294,8.476717973311909e-05,4,15,352043.5283843889,0.25
3FT1S1UqurHMjMCJ4ux7NwGzVDzKgnGNve,14,1.9628487959038587,27.47988314265402,7.647631851014246e-05,6,8,530861.9216271539,0.6666666666666666
3FVGAeSQh17cqpxnCZz1oAFc33aKP62YZf,17,1.1407416268373738,19.392607656235356,0.00012926955398424305,3,14,433816.97548493755,0.2
3FVLWfy47sWADgFccYC9g6yykq8QPVRHEN,13,2.4532373241297227,31.892085213686396,8.704614316162618e-05,4,9,637423.0918279167,0.4
3FXYDyhA3aEHB95cJ1e35vAsgqnuXyxjbV,19,3.240338513029089,61.56643174755269,6.250151697491956e-05,7,12,384112.58628522215,0.5384615384615384
3FZmyUpsGYdkfnvNLXM4WuUeBF8CX4LPHK,30,1.4539559949375402,43.618679848126206,8.749650049792424e-05,10,20,245206.78314900002,0.47619047619047616
3FakD1jnimxKrqbzVMPFBg8KU7CbeRNgnD,20,1.7113006958243742,34.22601391648748,9.1257969224928e-05,4,16,325383.25559578947,0.23529411764705882
3FbNPYHgHtnQDrvna86tbtwDRur9Lq44G4,20,2.519223711444882,50.38447422889764,6.0590977087587056e-05,8,12,332301.5798741053,0.6153846153846154
3FehYDSLMy7b3gCkdTHyNHjkuNdxWojUoT,1,4.999961212832008,4.999961212832008,3.878716799216066e-05,0,1,0.0,0.0
3FiU6shpHmSj1idX3k68LVYzFeRL3aq4W5,25,1.9665605773465356,49.16401443366339,6.122656086861953e-05,8,17,317282.13489495835,0.4444444444444444
3Fjc8WCXzKXPG9qKiuQntZ7erFbZkdfGSV,1,2.090709924836523,2.090709924836523,4.633991747356047e-05,0,1,0.0,0.0
3FjkU6HYzSkhuHJjjAKpinPTcV9u4uQnaW,20,2.049391998376593,40.98783996753186,8.291818348183084e-05,5,15,386711.90395157895,0.3125
3FmK2pVT9x7jWEdVpc2GtcJ9SeZHMbMcki,2,27.75685527338773,55.51371054677546,0.00012181661169178497,1,1,1531.274982,0.5
3FmKgzXefyiZjMXWF5AQBggAWHzrDMmJcg,2,0.9998659175002045,1.999731835000409,7.172037565008352e-05,1,1,34434.246719,0.5
3Fn7Fy8uQaaL3dfN4z4MmMAZUtyZySDGHa,18,2.3891926029979156,43.00546685396248,9.397083558574405e-05,6,12,416876.24507288233,0.46153846153846156
3FnYi8RV4omTi4SHCAk5gVD6JzcHa8hkcs,25,2.5251007973617665,63.127519934044166,0.00012972323552633026,10,15,308080.14738404163,0.625
3FntvAYb29sEu5w3fmnJif4krURoygLgCE,23,3.729772137051725,85.78475915218968,0.00015031717539813877,9,14,345234.8648722273,0.6
3FpXNruhCkichn13dtGhWWgF9Bh2WaeigF,18,1.7651340322290296,31.772412580122534,5.2718925949385925e-05,5,13,437225.8368060588,0.35714285714285715
3FqfFwDSTe6fQKcym5Uq4SjA483D6vdo7r,21,1.7366954341854857,36.4706041178952,8.27000898787382e-05,6,15,328827.531109,0.375
3Fr3ixqV4wXeL17eXdroE3SuBJULfKpttN,14,1.9396663804760226,27.155329326664315,0.00011905899934939294,2,12,427869.4589694615,0.15384615384615385
3Fst8n5tZ95z51uNWZN1zj9uHgUXgrW5jW,22,2.5937711135861483,57.06296449889526,9.852532797004558e-05,7,15,339318.02393861907,0.4375
3FtWdvxyxxFGXFgQnhfrfZDf2fJTshKmBc,19,1.8424108598312559,35.00580633679386,5.7380153897641826e-05,7,12,399314.688828,0.5384615384615384
3FuUZnD7Mv5MMnrczvWmiiNyp5staFarTh,19,1.7633278484799944,33.503229121119894,7.430835407363106e-05,8,11,391244.25586455554,0.6666666666666666
3FukkFtVUqXp14BVLfZr6wVyuLc7bQpc1Y,13,2.0783549734409794,27.01861465473273,0.00011691545940286845,5,8,501142.9375569166,0.5555555555555556
3FvvhUY1y8YZYAztDM3RsVFYzQuicQjHu6,17,3.9556100385090134,67.24537065465323,9.794937483770991e-05,5,12,424253.1426438125,0.38461538461538464
3FwfGDPgLvcuKRNF8Nr1uGHDBuLvxtGHKg,19,2.0850632635989363,39.61620200837979,0.00011737446515409564,5,14,403014.90510505554,0.3333333333333333
3Fwq4eve5GF9iLoawyL5b9We1TP6H6VDki,21,1.7252366118380014,36.22996884859803,0.00012735758889796732,9,12,377526.76838190004,0.6923076923076923
3FxbbmrkSijWY5t6fXthXJwwGnsmXNPjp8,15,1.4606848414632916,21.910272621949375,5.937712593044343e-05,2,13,490290.3971838572,0.14285714285714285
3FzrFq88X2HijsECVMZcUDqtxc2UobD71Y,19,1.84704407740822,35.09383747075618,0.00011083624732754387,7,12,393804.92488961114,0.5384615384615384
3G13yGgTfXDBuRzFMHmWuqN7ZoZzFsEG7z,19,2.376307980231489,45.149851624398295,0.00012053990060728991,5,14,400791.87943061115,0.3333333333333333
3G2HEXEiQTcmuaz1ycREVruxx1Kr5Wf6DN,20,1.5972509919380848,31.945019838761695,7.983521528438854e-05,5,15,309723.9819721052,0.3125
3G46kAtzboiqsGoQVVK5pqPzAncWd5H1YG,22,2.146639026293207,47.226058578450555,7.668423819221283e-05,10,12,289090.79083028575,0.7692307692307693
3G8UAgaZHXrqmbQFWFf1fn8H5gYhKnTEu4,20,1.6859039393881314,33.71807878776263,0.00010506329774701805,4,16,343649.1148950527,0.23529411764705882
3G9P5oBHAbbC2MtBRAVeDAy25ZbNDmmMsQ,25,2.485310761919199,62.13276904797998,0.00010409220655111949,12,13,289331.99944658333,0.8571428571428571
3GAtbeiRoZKC5BYbRk3UVB7DLSvX7g8gbd,25,1.6873812523324514,42.184531308311286,0.00010580240256123382,6,19,302969.0766924583,0.3
3GBUQEtS7EQmUsp4qQmQHe5vpictH66Jm7,19,0.996007529888171,18.92414306787525,8.540944597903735e-05,3,16,346264.0946081111,0.17647058823529413
3GCQbBXbFnwJqreB7MsesSzFsdd44coBQt,1,5.0,5.0,2.110009146526064e-05,1,0,0.0,1.0
3GDyS4PQoC6eJ7WJD9McDMoP7EYgqnTTk1,20,1.9553869538258737,39.107739076517475,0.00010148854503476263,9,11,373332.4369715789,0.75
3GHqR23dF5yo15CZhogcVFP5P48CgWAX1Y,2,12.307600908129508,24.615201816259017,4.645507445079387e-05,1,1,555.731728,0.5
3GL8HJKkmRYnBqMZGFpKhdUyyQuQQLRjhJ,19,1.9214195824849238,36.50697206721355,6.258922670403149e-05,9,10,411070.55191950005,0.8181818181818182
3GLU23J7BqmVtUg6aUaok6zsFvv17EVq56,19,2.445632773169344,46.46702269021753,7.217978600114507e-05,4,15,358355.9748841666,0.25
3GMMBMpfC1qk7VMkRydDHerY3PsD8me2ho,17,2.5189495450063277,42.82214226510757,0.00010884682264849947,8,9,475814.3046610625,0.8
3GQ6SnYVzC16b6FyXWPCNFasHscxJtZWty,20,2.361039896186297,47.22079792372594,8.99568239208651e-05,6,14,348837.1786246842,0.4
3GQbwY8QFkHh5sURECKYyksJu4TAgEABCC,16,1.8725423215536385,29.960677144858217,6.7854296233898e-05,3,13,424833.8178653333,0.21428571428571427
3GQcdYhmreE4PnDPScUvpE15PhAa479vgy,19,1.5134640163798607,28.75581631121735,8.140442736850966e-05,5,14,391080.61533355556,0.3333333333333333
3GR2obkjC1onF4tBotqnZEQUzSGr7UXMgy,20,1.686002969045012,33.72005938090024,7.57474783469834e-05,6,14,396445.32145336847,0.4
3GT8Rbvaf79MmGcUK5xYhcrh4Gckju67Pg,19,2.1941266346904,41.688406059117604,0.00013967401169041974,6,13,276927.19010083337,0.42857142857142855
3GV5QBAooxvBkyRq6M3zS4y7nodzW4GxfD,16,1.9063519227643877,30.501630764230203,8.475880038662309e-05,5,11,456625.63828206673,0.4166666666666667
3GVQ53Bsaq7mnsVuXyifJzHZjPo1yMHSXG,25,1.6337418984623973,40.84354746155993,9.67770033048457e-05,5,20,295719.84436983336,0.23809523809523808
3GWMCHuxG6aAp18dSXacUyVKKfh4wXh5gt,19,2.2671789438281853,43.07639993273552,7.230471789562715e-05,4,15,391380.8278767778,0.25
3GZHUpZpAvJph8ciRSoyupcDaTcgkhjDsr,18,2.637698906814616,47.47858032266309,8.795242843250361e-05,9,9,412148.6431205294,0.9
3Gb421BY6vhN9Tbx9RiyBMNEwjbPLyUfcy,22,1.650206463233905,36.30454219114591,0.00010749181419908525,4,18,339883.71249771427,0.21052631578947367
3Gd3JxShorgzxKcxEZVKmVC1LeWAqgr56n,14,2.6322199389848495,36.85107914578789,8.389634233473337e-05,5,9,541997.7524784615,0.5
3GeBysAYQvQxTyLFWrYS2DWpJNLHSYsVJT,19,1.4880067563573243,28.27212837078916,7.018076063099045e-05,4,15,377705.78246188886,0.25
3GgWjERjDGVYxsMXefatunpmn3brzFdFBR,21,1.3783969072976938,28.94633505325157,0.00011481336531466826,5,16,356892.23999655,0.29411764705882354
3GhGm7CJhbieUP7wkrzgJLCeHY4kZAPY8p,1,0.1,0.1,0.0001858906027609,1,0,0.0,1.0
3GiqmbB1a32bjo1VcBBJyce2a4973ur1d1,23,1.872688737221366,43.07184095609142,9.035795861178964e-05,9,14,302614.19264586363,0.6
3GkfZJ1QXWUXkhhPdBo6RaHLphKyPoezkv,23,2.8634525540150078,65.85940874234518,0.00010102130661118671,6,17,327457.1215609091,0.3333333333333333
3GoJK57oApJL5EzNKs6trzVqQLzVwuYw2F,2,8.607466905626183,17.214933811252365,8.169180581052143e-05,1,1,1335.129511,0.5
3GqY8tRmuFEDYgHqGBSwE9ZXNLBvRUTAcq,18,2.2932597306180638,41.27867515112515,8.529277668990462e-05,8,10,391820.2252355294,0.7272727272727273
3GqhytgWay8ftLgtRtznXFHhLruRZLnBjb,27,2.1900143188322425,59.13038660847055,9.116094402101335e-05,9,18,230897.53319407694,0.47368421052631576
3GsZyxMqn1QgY6V4jb5AWdWJu1naUiLUzN,1,0.16417677753743834,0.16417677753743834,5.143576251540895e-05,0,1,0.0,0.0
3GtcFbmbGTtRTDSeUkSnEjy14B9GUhjK7P,22,2.653761855137557,58.38276081302625,7.68632582964831e-05,13,9,344959.3822563809,1.3
3Gv85TSNrsyRvwioxsFd6w2ETyx1UdZRAc,16,1.4451244335448616,23.121990936717786,7.770972389269e-05,3,13,480526.2028452667,0.21428571428571427
3GxKYjqbTJMEY57jwgoqT2HMnysD9nEmTN,14,1.2434394003582947,17.408151605016126,8.683348712031293e-05,4,10,594360.2832605385,0.36363636363636365
3H12xpxfUnxgQ86SF6zaMaX91pd9xyxKHw,12,1.8190388001005748,21.828465601206897,0.00010499263920625032,5,7,596693.8553140908,0.625
3H13r4MuH7Dyj7rTCNTUZBaeuki3xAhFDF,1,0.552826491520268,0.552826491520268,1.574300623478259e-05,0,1,0.0,0.0
3H1KGpAA1eRdDvBfy7iGWquswoPS2Xj3eY,14,2.24093448452036,31.37308278328504,0.00012446528910675444,3,11,563785.0254728461,0.25
3H25EHwRmKoyqDrJwmJ5Am6FgT23Qj5geG,1,1.58806867911552,1.58806867911552,4.158963144252322e-05,0,1,0.0,0.0
3H31rfQfcjwPYkDA25qCBq5HdsWPQ5C1Py,1,0.4285369007712265,0.4285369007712265,3.3746947421793055e-05,0,1,0.0,0.0
3H3sPsx8PGN8JFm6vjC84VWcZX74BuLhd1,20,2.3638356796001228,47.27671359200246,9.26702228356672e-05,7,13,397929.48091310525,0.5
3H5i2Cg2eWvctabu9cxiM2xspmcHxrBnZy,21,2.1441835077485925,45.02785366272044,0.00013594970833710816,6,15,332388.879083,0.375
3H6KQNbgtHizf8DUs5KT4uAXpgywHQ2ime,18,1.644949841608223,29.609097148948017,9.544222934535302e-05,5,13,454785.5952669412,0.35714285714285715
3H6tyEyraF6EsnLPKbXL7tRbt1BL7dwHx5,26,2.8144714568308986,73.17625787760336,0.00010757018263123713,8,18,301453.96460692,0.42105263157894735
3H894hz2vf9g5fGmhFeVVzU6yy5WLMrUDn,11,1.8107601364826946,19.91836150130964,0.00014573927327368966,0,11,577377.9570016001,0.0
3H8SqtZQSWvJXYk5dH1VEcPqtLYccwxZ2m,16,3.260826196519186,52.17321914430698,9.830949010625897e-05,4,12,466021.11992419994,0.3076923076923077
3HAucapL2Q8GFT37XWJcgccapp9raPTqKv,2,0.09987339790662257,0.19974679581324514,6.736187070860519e-06,1,1,7449.449737,0.5
3HBXrXZfAg1rsho3ng545h2EAMTdMKEhn7,2,15.251708403923027,30.503416807846055,4.03236309912015e-05,1,1,1226.65303,0.5
3HBgTPChYemUSFdeXW7Ly5mhYdK8v4MWjU,21,1.8369459210792647,38.57586434266456,7.443918364090395e-05,2,19,369368.61447269993,0.1
3HBqcJbDvR1oZo8vMqwRyj5GMxHKvN2LbJ,23,3.7103293858353683,85.33757587421347,8.270452682358046e-05,11,12,342209.4860487727,0.8461538461538461
3HD7pePMxGYM8DjotLUigQZfX4kKwRCTyw,18,1.676673327177228,30.180119889190106,0.00011824468551397987,7,11,418781.3041274118,0.5833333333333334
3HEhP3n1e2CBV7KgXNUheuZopSxHjyAXqD,18,1.802460652144244,32.44429173859639,9.65750245182947e-05,5,13,390241.46346005885,0.35714285714285715
3HGZo3yVo9nV62C9ciVc6qw6jwpq8Bo2bF,17,2.550588696481228,43.36000784018088,7.48095057843967e-05,5,12,454910.767464375,0.38461538461538464
3HHpmXK1ubARkKpQ7NRcZvF4DtAFkT5wBZ,18,2.4499321593393057,44.0987788681075,9.719061931017337e-05,6,12,443458.036475,0.46153846153846156
3HKJd2Ky3nBmwEkBNWwBRNVUsFVFLNtxdD,17,2.3768342336888253,40.40618197271003,0.000107656319154888,7,10,454479.54170287505,0.6363636363636364
3HKPvbnRVkJATLSnBuhAyLYgtunDn3LKLN,1,0.28126213269412575,0.28126213269412575,0.0001129660850873,0,1,0.0,0.0
3HLAx6TYVQwutF8SvcAkqN1Ao4rx8fres1,14,2.553323110589015,35.74652354824621,0.00014322015809002463,6,8,525418.8408743846,0.6666666666666666
3HLMjHtCXoa4EXZkngVFZrNDCdQLeXP3ZK,2,4.999841166874077,9.999682333748154,5.2180977847818165e-05,1,1,32128.31105,0.5
3HNXEciCrYP4YT2KWEqxDcEjAAa6ztbYiZ,16,1.7444204401556238,27.91072704248998,0.000155343414360979,7,9,398704.0463950668,0.7
3HPdqFBWRLM5Bacoc48QBTVST53a514X9R,25,1.550141118450617,38.753527961265426,0.0001137049657171858,10,15,278541.762449875,0.625
3HQ5AVJPFu1LBFEfY4J4MeaWMQkTNWgRHL,15,2.0633659918367226,30.95048987755084,8.735574073054749e-05,4,11,548453.5309366428,0.3333333333333333
3HQGoHa2YRuRtHnhQ9QTXtygJEQDrBKW1C,13,2.6708143268336313,34.72058624883721,0.00011867700464131239,6,7,548046.17378775,0.75
3HWEn5Y1L87Ebd2Q2D4HMG11CMwNyb6QDs,28,1.9742783236494719,55.27979306218521,9.628872262133495e-05,12,16,247994.860849037,0.7058823529411765
3HX1wcSnAv8cJ8Heuzei8xuzvREgsnDhU3,19,2.3515225030882023,44.678927558675845,0.0001341902671335674,6,13,357769.3769918889,0.42857142857142855
3HaWvbGuFPEDxHuokB1uu6JzHj7TBcGNcN,23,2.6177596573870745,60.20847211990271,0.00010961256984634513,8,15,306940.4130570455,0.5
3HchawqbZj9gvypqExEWRarSLJqYyUuncd,19,2.980223514240346,56.62424677056657,0.00012581044745674824,9,10,412123.21131822217,0.8181818181818182
3HeKJesiz6MBLq5zWUcNM1ZSmDBq4xN9U1,17,2.5040889215172313,42.56951166579293,6.586163161354724e-05,5,12,480785.91141349997,0.38461538461538464
3HfzKeF3EHZ7FGo7j9XsraAN69QeEiyHGm,21,1.9101141742526602,40.11239765930586,6.884663290599906e-05,4,17,336845.0201138501,0.2222222222222222
3HmMeNBc3tT5pxU2zZ4JerUz3ALnvBnVn1,22,2.2414570069582265,49.312054153080986,9.46757460513503e-05,9,13,337862.65133419045,0.6428571428571429
3HqW9gkZ5ASKqKgNJ5ew4NPaU8WZRDt9a6,22,1.4944301632900077,32.87746359238017,0.00011721666630309734,3,19,342509.63796566665,0.15
3HrBd2PYFb34RyyBGKQEpuRyuy6D5uNrbx,17,1.4985143893383333,25.474744618751664,0.00013363090903303177,6,11,439783.84595474997,0.5
3Hx8Wx7hBrUjLxW6dAiWPGbRwvJXuirtrf,14,1.8086733221769458,25.32142651047724,0.0001079374705046199,6,8,536982.0876289231,0.6666666666666666
3HyEdbTdmq9WRH49v3W8retVCcYKWNG9xR,20,1.773115857671333,35.46231715342666,0.00011591828554639357,6,14,368042.3191499474,0.4
3HyVv1w7Y1AbaymLG6mbEoX7WdErg316SB,15,2.488300126451134,37.32450189676701,0.0001247949818019956,6,9,486317.3325940714,0.6
3HzM8yYe12gDwWweGSJ7hTUtbnuVY9f9jH,1,0.2786679953267705,0.2786679953267705,0.0002120578282746,0,1,0.0,0.0
3HznGmSd1NnjFiATDnFhBwURoCJhcBDi4K,1,0.9998020761285088,0.9998020761285088,3.036820221902796e-05,0,1,0.0,0.0
3J12ePzDRkn8f124kBv3VvKiZVu2r9zMPw,20,1.624858508691768,32.49717017383536,9.297812120233262e-05,5,15,369769.1239943158,0.3125
3J1E77FRM5QTy3oNWDYQJh99dE1NCiCBoN,13,2.171142949070483,28.22485833791628,6.828261394789672e-05,7,6,619225.6737551667,1.0
3J3kwuN9U4WqLAdoTSLwJBY5o9yr3uw1Uz,22,1.3358558504501188,29.388828709902615,0.00014320668344468344,7,15,365424.9243915238,0.4375
3J45B8Hb7C2vSQPRBPyWzb8KWF4k7BAKFg,18,1.6282916947458521,29.30925050542534,0.00013084666257825295,5,13,419824.777485647,0.35714285714285715
3J8ZfvMJBgo2XiXrqVyEkEevQxnh5JYFrJ,1,0.2705300802521389,0.2705300802521389,4.07717294830488e-05,1,0,0.0,1.0
3J9r8JtgNSUaCNhgHq2c6Bnef4182xY8pC,19,2.2333316678597464,42.43330168933518,6.046778659618834e-05,5,14,336592.8355206111,0.3333333333333333
3J9z1nwXfKFMJqds25KpUBGEJwNchp548a,1,0.5458936947776406,0.5458936947776406,4.826086280595537e-05,1,0,0.0,1.0
3JAQAgi4QKrqTbv36ha3sqnpgJpFdfrwQo,16,1.12929243186207,18.06867890979312,0.00013674986329322199,2,14,462604.59463606676,0.13333333333333333
3JCe9RP26SuvfUmrncqTBychwYExaCwuSf,21,2.4693791797664018,51.85696277509444,0.00014309943773502514,7,14,339970.52097310004,0.4666666666666667
3JFwDNSnxJDMvq3MtmTNPFpBzw9s6LB3cf,21,3.615221093980188,75.91964297358395,5.9234159915539025e-05,9,12,363359.40110405005,0.6923076923076923
3JGpWG5nFM7UhBxsCkMkMA9Aym2xMvJfpE,26,1.7129528430571883,44.5367739194869,9.239085392370902e-05,7,19,287475.91194120003,0.35
3JLfAkJy7XrndiLvoPEU52XDWvh4bZpcaX,19,1.8083060802434983,34.35781552462647,0.00010740438584731478,7,12,366914.51027916675,0.5384615384615384
3JQFdqbZgfi9zESrpE85K4RcxSzgmiKQVJ,19,1.4556252922169113,27.656880552121315,7.588049257896908e-05,8,11,409509.17349077784,0.6666666666666666
3JRUvBj5fsQ52zYDaCyi4ofq1vFZtQhX4B,22,2.4902336794815025,54.78514094859306,0.00011939642352300363,8,14,323839.33394395246,0.5333333333333333
3JSZLFEBAL9ByUaq42dWhCiubpS62x1XkK,1,5.0,5.0,3.533847353826357e-05,1,0,0.0,1.0
3JTLuRpk4aMc31bQxmmNppxDwehd8GMWeq,2,20.814356835802105,41.62871367160421,7.049612209833694e-05,1,1,1473.091081,0.5
3JXmnA32Ys8maTUEmvW4LQFEzc8EdvfqFR,11,2.1349999042450034,23.484998946695036,7.785568397773093e-05,3,8,768368.9023978,0.3333333333333333
3Jb899zjeKCfN6ZQSDtjocsCfpcTPsqKYT,19,2.0056839398385558,38.10799485693256,4.8953288448774574e-05,3,16,430161.81710994453,0.17647058823529413
3JdS8NDwLHwcP4U8sfqjnwqihnPxsAHAd2,17,3.061331269082974,52.042631574410564,8.671168823345916e-05,6,11,464613.5820201875,0.5
3JecDg1q3jhmNW5965kufUeFYNdyButeB8,21,3.1382106424696357,65.90242349186235,0.00010025085887866065,12,9,361580.3950361,1.2
3JeiApRtRTDS82uu8mBxGYBrHYW2TReSMd,16,1.574998693431424,25.199979094902783,6.386325828125068e-05,3,13,493619.72075220005,0.21428571428571427
3JgBVC1WWm6N9gFApEDXnGzb62Wmppmuvi,31,1.463382000997709,45.364842030928976,8.598215257775993e-05,11,20,239563.3623707333,0.5238095238095238
3JgSq8gpaNJyCdAGVxRDJmsj62QmS9RCwB,13,1.7363539278308953,22.572601061801638,7.477934256821853e-05,3,10,577964.3413026667,0.2727272727272727
3JmKSguxm5bpvqdQVLAt2Kxg8UT3fbxT5q,16,2.440830615075626,39.05328984121002,6.952180320663571e-05,9,7,463323.40410940006,1.125
3JmjbeKjo5UobH7GEfVKXiEKJZp8aBvJyV,15,1.8747326960782045,28.120990441173067,0.00011966325028842686,7,8,490794.1075553571,0.7777777777777778
3JnDAxayZtqspXDigTsaT5NH9oc5fmYtZt,25,1.9568710672248781,48.92177668062195,8.428671039700928e-05,10,15,309356.26763075,0.625
3JnHeHiFFqEJdbgy6jsWXdZeMYUpNAMxkq,1,0.09101029233766979,0.09101029233766979,0.0001398318341484,1,0,0.0,1.0
3JnNaHbyndrMmDr6mLu3QEf86etj46rVvk,1,1.3593326321537897,1.3593326321537897,0.0002961396996313,0,1,0.0,0.0
3JoDFE7jXoZFkerAueFWjFsujWQrXwg2CG,21,1.3075659538733766,27.45888503134091,0.00010252080746254741,5,16,312915.80597185006,0.29411764705882354
3JpWnXnSEHs4SkBvf6S82VMLuTiujhjLfP,22,2.0937016065047005,46.06143534310341,0.00012118382086754566,6,16,313645.7400537619,0.35294117647058826
3JpkambptVrArV4dcnjJByoLGnrVTZdBtZ,20,1.7201970853281003,34.40394170656201,9.079793961944154e-05,5,15,389850.9346697369,0.3125
3Js8vHLjAYffzVJUwfLGKAw9tgq4P1wieN,16,2.5575379827625504,40.920607724200806,0.0001682017718155046,8,8,448549.62306913326,0.8888888888888888
3JtsVCSmNgS4iYgiLMYEi1VUf4jmAQ8Xui,1,0.2518472709006046,0.2518472709006046,4.414838657407937e-05,1,0,0.0,1.0
3JvDJYRusW19fivNkyzenKbaLpyww7bsZk,16,2.215429558659593,35.44687293855349,6.439079386511926e-05,4,12,474992.91753999994,0.3076923076923077
3K11YbDH6waoYJHMcot5HWE8BaXmwxbW5d,17,2.5059560406066046,42.60125269031228,0.00015856897105156502,6,11,442810.32649468747,0.5
3K1LXyo45hpo75easBEq6G3qRnxxGZgKLW,14,1.5558529007325075,21.781940610255106,0.00011481312308592997,4,10,497372.7733576924,0.36363636363636365
3K3HRbnD79Csh6hK2QBhc3UwnnewdiR5rE,19,2.038042032754964,38.722798622344314,0.00011594730363737932,7,12,383025.3315016667,0.5384615384615384
3K41ZAAuMD4eiHvpvKMiVupZxZopKTq7zc,2,0.09984336160417377,0.19968672320834754,0.0001919788233611,1,1,42537.239338,0.5
3K4cyNTToK1vxFsaMKa1Cwof4HczY8Kq3Y,2,1.6120881255426387,3.2241762510852774,5.348721078768031e-05,1,1,1140.190771,0.5
3K9t4hpW52QbG15uGGKrEsZzYoVRt8Qd5L,1,0.10364544934210414,0.10364544934210414,7.572940139115892e-05,1,0,0.0,1.0
3KB8LqRHMuFt5hxu4gVEQepbKxBxTaqu2q,18,1.8340657489392709,33.013183480906875,8.042353629940616e-05,7,11,365994.9964651765,0.5833333333333334
3KBBAqDori6yBPPwPRQ6wxfWEu5wTEsZqF,2,9.5059623829548,19.0119247659096,0.0001804778347301664,1,1,444.48651,0.5
3KBfoUPKM8RMFwdsNXN4pYUWDSpumLsiP2,1,4.999928553998882,4.999928553998882,7.144600111771315e-05,0,1,0.0,0.0
3KCNS1svJKWSRinvLxCzGpXGN66MK7yAtL,15,1.606317206379823,24.094758095697344,9.690404668291688e-05,3,12,439042.1259384285,0.23076923076923078
3KDk9zAZD8ZEF2jNDxhrerVBtSSvyzKWhV,13,1.6337798102736811,21.239137533557855,9.580314671592533e-05,6,7,562526.5799757501,0.75
3KEo2MR2KZs1K7ck2y6ync775CrTLFXRYk,19,1.2281158055101804,23.33420030469343,9.717384564993499e-05,7,12,399457.6794476667,0.5384615384615384
3KEqARJU6jbuJoLRh1e6yQP2fJ2dHagXvP,1,0.09318358677921619,0.09318358677921619,9.168427339016151e-05,1,0,0.0,1.0
3KFY8WPDA7mC55qkwTwjd8F9dZUWo1S5he,10,1.8971354432683367,18.971354432683366,0.00010460572049711915,7,3,699997.9080421111,1.75
3KGCQbQFVg9a9asXn8vHzJiucc7LQke3Ss,18,2.080139244447415,37.442506400053475,8.031006588507972e-05,8,10,414862.30380770593,0.7272727272727273
3KGLNGsE6wJtytLE2RUVrDHACdrzgVurrJ,16,2.3819041480947103,38.110466369515365,9.612216079398772e-05,6,10,488992.1264666666,0.5454545454545454
3KLpR82WiG8JX4omJ3ZT5Ngs4NLP859LkS,17,2.531656781466937,43.038165284937925,0.0001029123164864242,6,11,455346.4752799375,0.5
3KMriK4HuH6EufyBm9bZiU6w3HS8p9WfFS,15,1.6540998917820475,24.811498376730714,4.574597247003339e-05,3,12,498362.6318916429,0.23076923076923078
3KPX1vbpS9mRyEGURXPccJKgWMvMhzNjwf,18,2.455776222834971,44.20397201102948,8.89649570022063e-05,5,13,432382.07680300006,0.35714285714285715
3KRPg9k4DpwLgcAWeafBibFnDjCsxNyt9u,17,1.5534519932272302,26.408683884862914,0.00010865296916841713,7,10,301747.58356100006,0.6363636363636364
3KS7BQYSctNTPAMZrQQJ5CLLptwTUBBKgi,17,3.769889038120857,64.08811364805457,0.00012087719751420019,9,8,475299.18125406245,1.0
3KVHdaeVNv2qmJY89NmC1GedrDsRW99G8f,14,0.7488334358909421,10.483668102473189,0.00014847284931015958,2,12,415592.61835230765,0.15384615384615385
3KX4fzXsghRVb37Rxxe7mvwoJpm5VZiVNR,18,2.504512378479016,45.08122281262229,9.406453412483692e-05,8,10,407661.30260041176,0.7272727272727273
3KYsc9kDPKnHFMhfCDj8dNPDWu7KozRind,10,3.386757084506282,33.86757084506282,8.704292449084318e-05,5,5,823994.5386322222,0.8333333333333334
3KZ2Zudm842SPXzBzgQTEzfG1dZZ6GLNaB,16,2.3590837994333778,37.745340790934044,7.053972468172843e-05,4,12,446192.53415160003,0.3076923076923077
3KbPPt56zfQjopaQGzEBvf8uTDqu9Ns7CG,19,2.03440791863601,38.65375045408418,6.811910866229218e-05,8,11,417537.27574938885,0.6666666666666666
3KbfjNTaqmL4z9SuDqfKbyKxgnpuJfvFEh,20,1.6583469864909268,33.16693972981854,9.871150736158961e-05,6,14,406709.85754684213,0.4
3KiHA7xTcaEHEtcxK1kurahYKnKjxDJkeR,25,2.114573375872977,52.86433439682442,8.749810646756409e-05,6,19,304355.38043854164,0.3
3Kkgw2Rz7Aq7kfConfEohwuJnzX2zXPjNC,19,3.4900119626985564,66.31022729127257,7.824136465670022e-05,6,13,408153.29986566666,0.42857142857142855
3KpssiUWZwAAp7h4htMQd93bcj9shBbRY6,19,1.6165820434849676,30.715058826214385,0.00010579331941703585,5,14,407946.67746116663,0.3333333333333333
3KqAak4VrSoxf7aXoiNxxwwBc1L8D81TWV,1,0.5627975273184957,0.5627975273184957,5.930046616074785e-05,0,1,0.0,0.0
3KtRrJKkG8Jm3QuKmePFvB961yKrvhShVM,1,0.9250093541090507,0.9250093541090507,7.970331988205611e-05,1,0,0.0,1.0
3Kv4PrkoSaHwAKQHqHg1h3gqKcMmFKyn8u,18,2.376743759727762,42.781387675099715,8.761633107979336e-05,5,13,432848.6905780588,0.35714285714285715
3KvtSdnWCuTCAFST68dEs5kVrCT2ed8DYX,24,2.6614039468315025,63.87369472395606,0.00014360950005608023,6,18,323663.3564039565,0.3157894736842105
3KwGLhxbAQfPuNee8zrh61dFeK7SkbEDA2,22,1.605643894170221,35.32416567174486,0.00010726826977047167,5,17,361384.5472212857,0.2777777777777778
3KxJaViyjnLvaJbDDqYaJV67wXbE7KYScx,18,1.8124585536093312,32.62425396496796,0.00014185159218190797,5,13,386720.1473072353,0.35714285714285715
3L2xj3giATSP5hgC9vKHheFzZWJkuJfdUy,24,2.3907289301561074,57.37749432374658,0.00010642726825687807,8,16,333149.5902060869,0.47058823529411764
3L4JdSBKMxAqM3LZwxYhhVaGANzwfaWe2w,14,1.7536502594674737,24.55110363254463,9.505888607241884e-05,4,10,558086.7836377693,0.36363636363636365
3L6XZhbiSrjopUox7wjSgU6fmRrqKmJPca,22,3.3028395570819074,72.66247025580196,9.144431118757712e-05,10,12,316919.4379698572,0.7692307692307693
3L6jEUEynwscLvF14RYbMP9f6x7DUiw9FT,18,3.243014862779559,58.374267530032064,0.00014129330043294525,8,10,434688.61986088235,0.7272727272727273
3L8ZLsrtbwaivHdntF7xDFSoCkVeynefeg,23,1.663810894949533,38.267650583839256,0.0001205429014314838,5,18,328872.3873629091,0.2631578947368421
3L8tvFvH3YKs4DG5e6VDJfxqHocE49jD1j,12,2.7667958921856273,33.20155070622753,7.703095055690532e-05,4,8,518293.8489607273,0.4444444444444444
3L9UVUZVu4FGdSAnvspQH3mM9ydtnV9s7H,13,3.2768355661155115,42.59886235950165,0.00011001472002153771,7,6,609187.0928314999,1.0
3L9msdSEjgtKVwHhq2hWFh27a9suAz2a6j,22,1.6067543209940565,35.34859506186924,7.549580955111546e-05,6,16,353925.72497285716,0.35294117647058826
3LEKnD7Ycj4TiAkkB8QcFKsqXi6zyWt3DK,15,3.2995923316078923,49.49388497411839,0.00012024522316625407,5,10,409224.6454380714,0.45454545454545453
3LEepbcvygCouSm3fBsF1KFnu32AmEvdf7,1,4.999926191234456,4.999926191234456,1.1876702618414569e-05,0,1,0.0,0.0
3LFuiSwn9ESB3K7n9iGUhxhpggQQe9HRzH,23,1.675232972363825,38.53035836436798,0.00012456883117166844,5,18,329374.7596476364,0.2631578947368421
3LHLgtYtyW3ieDUVSggPPnEPfxWyea9WQ5,1,0.09998037723931953,0.09998037723931953,1.962276068047308e-05,0,1,0.0,0.0
3LLxE7MGfKs85CQ7Pq8gENpYyG2F7uqh1D,17,3.9335182119823457,66.86980960369988,0.00010466859123540454,7,10,399524.5600608125,0.6363636363636364
3LTWtk6qgnHtXXaTGdz7KjZYikHNDx2xd8,1,0.1,0.1,0.0001160563504536,1,0,0.0,1.0
3LU5A3AsQA2C6CegKLz2oWjSWUsc1ictCZ,1,1.0,1.0,1.809749298024309e-07,1,0,0.0,1.0
3LUSbT935V8ZGJZU4y1zA95J1WQgVwtgGM,1,0.45389842721720003,0.45389842721720003,6.066832690478242e-05,1,0,0.0,1.0
3LVKi1WtqpuHR1bTUkfjcf4pFvw3HCnCes,18,2.7341565304012403,49.214817547222324,7.895275191396562e-05,5,13,409249.913294,0.35714285714285715
3LWsSBkgJY2B2TCXN43t6Yf4QpgXjyRU6A,18,2.0330393131207294,36.594707636173126,9.21441474675289e-05,6,12,426431.6568964706,0.46153846153846156
3LXLHZDUoHz6Sj69y7suQ7CQfPBbwv7AdX,17,1.5345579175854152,26.087484598952056,0.0001196326770530157,3,14,395875.8332066875,0.2
3LYc6JXVdLbZL4c3VTYSVsP61WCJwmEFKb,20,1.9419476159414288,38.838952318828575,8.616397782558628e-05,5,15,369518.4350056316,0.3125
3LZWZA3hkj9FYzZ5BwYGXnZGQSk2ftnkpe,19,1.5713547990801693,29.855741182523214,0.00011285304371172011,8,11,389299.1252637222,0.6666666666666666
3LaCwwzygocsWMBYQzKHj62AT2Y3HFMJbT,14,4.420010808467434,61.88015131854407,9.436557918712885e-05,6,8,572670.4755073078,0.6666666666666666
3LaJxbYzhSqSpTWGhSTPtuCuXweWXUqttj,14,1.9182764012200981,26.855869617081375,0.00013389049411185482,4,10,473532.4720123077,0.36363636363636365
3LaecQ9CUoSFvvWjgVzRh25fMTU1hSB1Pc,1,1.9805004981781962,1.9805004981781962,5.226089964797069e-06,1,0,0.0,1.0
3LcAhTVnfWcTTJ7adv4fpYA3f9ASPd96S7,17,2.9150185981828485,49.55531616910842,8.33763347011408e-05,7,10,434214.3634994375,0.6363636363636364
3LdoJwkLmaSCYAZMPsxCi2ERovk2cZdrXF,19,2.004204458790063,38.0798847170112,0.00013071290269375073,5,14,368911.5345553334,0.3333333333333333
3LgjpD2XRFUpC7wPJ2xt6ic88cUEcFYAxW,13,2.323649612935086,30.207444968156118,0.00010640894921407724,5,8,577099.6158907501,0.5555555555555556
3LhSGrDsmLTHJrwUfQpjosDmmtZDizCEsw,11,1.238399722891746,13.622396951809208,5.390951688275576e-05,5,6,539445.3089163001,0.7142857142857143
3LigWh4jvmcYcyqHFzgzKUMbXhNXURCt3n,17,1.5235901318907594,25.90103224214291,8.800467050050781e-05,3,14,417692.31289293745,0.2
3Ln4jrxnvD6YTAveBukko5oNVy9R5xpYFh,2,11.844517837904649,23.689035675809297,6.997188635198692e-05,1,1,1557.517376,0.5
3LnXBmt4QsNCAdPP6L8A9YNUposbf6FF3a,1,0.09987510529874961,0.09987510529874961,5.357095181329976e-05,0,1,0.0,0.0
3Lod9RgBVGUp1fc6dJmqwH3xkw1cwnbQoa,13,3.933891882647941,51.14059447442323,9.285686996953389e-05,5,8,568585.9288164167,0.5555555555555556
3LxKFPJgiX6oKXFwE7uMjedmyUXkwdr3DJ,25,1.6205900426405448,40.51475106601362,9.110968146482895e-05,4,21,302944.93223291665,0.18181818181818182
3LzThMXgrxCCB5xqMcMyH2rXrJA3Zd9Ywe,21,1.4676460011055237,30.820566023215996,0.0001300809981818601,6,15,385500.1567422,0.375
3M1Jbr4qhDK1Ykcj2A8C5AcsAQAc2SavZ8,15,2.172674515608156,32.59011773412234,0.00010454596554144962,4,11,495212.8052070714,0.3333333333333333
3M27cD82RguH9yw5XrmueZm8LW8LadMfMb,19,1.768185381125572,33.59552224138587,5.4693999637033116e-05,7,12,340729.6636543334,0.5384615384615384
3M4kvrpezWNGSKX7FUJ2YrgSQku2L6phnM,22,2.2486965282606985,49.471323621735365,0.0001213780800186852,4,18,360443.1455708571,0.21052631578947367
3M57i3V3VBxiYLXMB9d44oG4MSAKiMbEPG,28,3.4064886265388226,95.38168154308703,0.00012399738940774716,14,14,222876.10898477773,0.9333333333333333
3M57mLjoagy2gG5ySLfgvK1WNNUBHDZEsA,25,1.7370396331831708,43.42599082957927,0.00010224172961970981,10,15,296608.03225816664,0.625
3M6DUMYNPx5NjJts4Z2vkEVxyRsCGfdAoi,28,2.1490641717638312,60.17379680938728,9.815949923083645e-05,6,22,269123.2296352222,0.2608695652173913
3M6yh8nbt3SZRdqy3jR8VnFmdePcYyFodk,17,2.017380702496294,34.295471942437004,0.00015240132019734456,6,11,443531.3484981875,0.5
3MAEY2S9PxNxfq8BzN971K1eo1numCfUQ8,16,1.3499387725604985,21.599020360967977,6.335022996980368e-05,5,11,503708.8851491334,0.4166666666666667
3MAzis24t1DeSQtUqvS4amNnjKv2U3Q5CR,25,1.8298467973518155,45.746169933795386,0.00010252800736797037,3,22,284538.1286439167,0.13043478260869565
3MByYEW4DEzLzETx8VR6gJpDX3DgNWzTbD,21,1.4069248418862867,29.545421679612023,0.00012313071006428644,7,14,320484.89346730005,0.4666666666666667
3MCUSHZDH9TNeSE25j4cko7H5NbNcqMtCG,11,2.190609881005511,24.09670869106062,0.00013427526440042554,4,7,731141.2382196999,0.5
3MDmv3jgxUxWjpdPur92yuRMcXPBxg8Lex,19,1.864096458888706,35.417832718885414,7.228288823336103e-05,7,12,373212.849194,0.5384615384615384
3MFeB58yyTT85Rj69o62qkqprAK2BzkwGh,10,1.9761334794835523,19.761334794835523,5.400989935087944e-05,1,9,817103.0731937778,0.1
3MK5c41uFcUNWpxK2FY5sjpg1XAkpzCeeY,14,2.0148793100648974,28.20831034090856,0.00010893723671130753,2,12,513481.95907346153,0.15384615384615385
3MLUvX6tE68hs1aCYFKrgwBpCodvrUUmmF,18,1.2324053768189471,22.18329678274105,0.00010649927984676124,4,14,387560.1469219412,0.26666666666666666
3MMXXZiteTUaQjn2Go1dVSsXN942TXvGMw,16,1.5240591002214092,24.384945603542548,0.00014262540455895416,4,12,497908.7820348666,0.3076923076923077
3MMbDtwD7sarGmdRBAgY8TjHitGex66yV7,23,1.8578033210060472,42.72947638313909,0.00010034358391744881,9,14,332350.48760195455,0.6
3MP5fPT4gtG5fr318jZ6jCfxpSNZoXjxE6,21,1.4919660053708994,31.331286112788888,9.423016354479741e-05,3,18,352901.4521504,0.15789473684210525
3MPJ7jJnKqwqxQbVMRNYjqUxkr9qPUFFG6,23,2.7937914203076786,64.25720266707661,0.00010934772521326406,7,16,351424.3557647273,0.4117647058823529
3MPUfvcZLkgC18AbhWJwU5ptwsME28yyYN,14,1.7159412543919572,24.0231775614874,5.8882792345093464e-05,6,8,542630.4026253846,0.6666666666666666
3MWc9Lv5sVunyrmabpPu2zKdPqE3Dc7MAb,12,3.2426691917844046,38.912030301412855,3.840245115534794e-05,5,7,567654.4210657272,0.625
3MbPMLmqkC6WRYaUCHXw6ih33vXTzd7XDQ,23,1.3144955542781949,30.23339774839848,0.00011584693729310363,3,20,332572.3066495455,0.14285714285714285
3MeaqrwzsywnXHsnqhBzoWMvAyz7rdyPhR,1,0.4630052343220436,0.4630052343220436,3.745530941416088e-05,1,0,0.0,1.0
3MfX2HV2P43d6V31q7CcBSkrfHPWQwA4pP,1,0.26140023645702204,0.26140023645702204,9.696369825825247e-05,1,0,0.0,1.0
3Mfrrad6RFmfiXJgtPwqti753yvjct3gAU,25,2.6082235637172033,65.20558909293008,7.180896665571268e-05,12,13,298998.8099542083,0.8571428571428571
3MfzFV445jytwcoderaB1Y13VyVvYMa51d,17,3.245696751434026,55.17684477437844,9.550727172871359e-05,9,8,472167.50113843754,1.0
3MgKma6nuBCbNh58fLfmQhPQkSyhcLpE7L,19,2.0434028557875137,38.82465425996276,5.819592916687869e-05,6,13,391758.1757747778,0.42857142857142855
3MhJx4pfPMQvwcCmZ6MxQoBcrdVER3R5wd,17,1.9417583235243958,33.00989149991473,8.715130088189358e-05,6,11,433805.551863125,0.5
3MiuhR7DQGfEJ2wekgLTvKuUN2U6Bc7C41,16,2.3692510542291516,37.908016867666426,7.699812893462395e-05,7,9,452293.7939542666,0.7
3MmKYfNNoxSQT96pkLRU4ZqeoHVjwXuiqx,18,2.168989950681806,39.041819112272506,0.0001645876786493609,9,9,441074.0168624118,0.9
3MnLu4q446MJiHPwG4dt3gxphVxBeAMvNz,14,1.9701066387472423,27.58149294246139,0.00010790931692547077,4,10,545655.2317508461,0.36363636363636365
3MnWhdHwpB3kRGf4G6zchmW7wmNZYTZoBr,18,1.687670715789974,30.37807288421953,9.120835736663826e-05,9,9,438878.43065364705,0.9
3MpvKJmHqAZPe1PL6xAkXgH4smwV3n8e7p,1,4.978481263682431,4.978481263682431,1.914226309437235e-05,1,0,0.0,1.0
3Mr1DrrjxWSxw3bYaq97CDND3PZxUm9EvP,15,2.177371494911135,32.66057242366703,0.00010509488408995043,5,10,545281.3588358571,0.45454545454545453
3MrAM9GJaxM85dUN1neL6einksL5DbNKAG,27,1.8485202358681514,49.910046368440085,0.00011450443913801568,6,21,276173.527814077,0.2727272727272727
3Mue1hYbinLTPqG7MRgm8tdTFVvDPs4vtv,24,1.7727595272434373,42.5462286538425,8.242648469546532e-05,5,19,299235.2515325652,0.25
3MzfqQVgxQEPmwHc8DpZqWTa771pMw7Unk,18,2.9813897968652108,53.6650163435738,7.56803488164709e-05,2,16,423016.6303488823,0.11764705882352941
3MzvZokPp8Jcb5DWTvDGwEbgP2dicSvSmJ,24,1.9969693460985585,47.9272643063654,0.00012198061834296103,7,17,311926.0669576087,0.3888888888888889
3N2yu9QpAVYnb8mEYPwsE27rqmodQsUwc1,22,3.7085383634599496,81.58784399611889,9.69199016944601e-05,9,13,329981.98507447616,0.6428571428571429
3N3ftbmYYxHNLFjUGErkdFoAcTtdKQMGdD,18,1.6680462937545704,30.02483328758227,0.00010987974393961881,7,11,396015.7397725294,0.5833333333333334
3N5629G38qJ17QiMEuhV5keMXTbVVZC5D4,2,0.9996851120580874,1.9993702241161748,0.0001373291852218575,1,1,32936.415617,0.5
3N5ToWLCxgQWQyNH6JRhkcWM4fP8AfKnxp,19,2.4566139865050194,46.67566574359537,0.0001012135441656561,8,11,377975.9057386667,0.6666666666666666
3N6E2mbpNeuybCcR4rfrsL5r2RWYp4xTQY,24,2.114750775319017,50.754018607656405,8.869005471100128e-05,9,15,326427.15532704344,0.5625
3N94nFG2Kk7ri72pvvLowXPqutaS77Tbkz,18,2.008122994864559,36.14621390756206,7.310725333235027e-05,5,13,401716.7602681765,0.35714285714285715
3NAtyLSQ3TYsukDoiugiA8sprxCbMxnNML,15,2.0011027447720733,30.016541171581096,8.626718733236851e-05,7,8,506378.38574307144,0.7777777777777778
3NAy1D9sCFNpCi89kjmNkEqGf8LDvm7Qh3,1,0.3599021609706068,0.3599021609706068,5.611504502751386e-05,0,1,0.0,0.0
3NC4W8bEBa4mELL1xSLrMeqgtJokrVAUYM,19,2.171578350221811,41.2599886542144,9.467294096024226e-05,5,14,376935.88083499996,0.3333333333333333
3NDoNquMeKPQCZw4PgEe1GmrkZdcywkDX1,25,2.829949926659257,70.74874816648142,7.90783882248629e-05,6,19,306714.6387860833,0.3
3NDw2hCK46S9iVtGp6PEpV7Mc1ui4vBAV2,16,2.0260780434668035,32.41724869546886,0.00010278644908408772,5,11,426957.4578403333,0.4166666666666667
3NFrSJyTYvp4rSGWtYkvyxZmhLaGVRWhyr,12,2.000351739325391,24.004220871904693,8.319189418796769e-05,4,8,561742.3232682728,0.4444444444444444
3NJZ59hcRzpGypyCAoYwCPszUPaMze1bZi,1,0.1,0.1,0.0001445101250869,1,0,0.0,1.0
3NMFTd85bK2rN6GD3WKJiNLaubFi1e4iNS,16,1.5012535072817934,24.020056116508695,8.326925953498876e-05,4,12,425248.00412033335,0.3076923076923077
3NNJK23UF1qbs8vfyX5qsr7n11ibsaGjTD,20,2.48860279936322,49.772055987264395,0.00011492864989064897,5,15,402766.00111152633,0.3125
3NNuUr34ddxpus7Cj4mxU5sVdBdgr1aGnG,19,2.437490278878216,46.3123152986861,0.00011488543093483222,7,12,354858.21827383334,0.5384615384615384
3NPP7JP8KUGYsM6AvDHiQsdtxs6GKDDrQG,18,3.333844291114646,60.009197240063635,0.00010313548894802272,9,9,344072.9354109412,0.9
3NQpFj5ubmmn9EFrazimF4eRUijfCwxLSm,20,2.3674543918414823,47.349087836829646,0.000107319982203485,11,9,362605.93756910524,1.1
3NRU4hBLvaQC4FBR3K59Rpp49HxLKDPkCL,23,2.1436604063263087,49.3041893455051,7.43624005066824e-05,7,16,336897.9052226818,0.4117647058823529
3NRfktcK4y3xZKHkpY9b2m6TxKXibiknAc,1,0.0991772388826226,0.0991772388826226,6.202362659353961e-05,0,1,0.0,0.0
3NSrF1nLUCuaYwwu31uLSGz6G4xVnMEyAh,16,1.887879355097325,30.2060696815572,9.420139642994761e-05,8,8,476223.85845626664,0.8888888888888888
3NYmN6Py9hK2J1MSPRG9iyUpnFFjYRwfmC,24,1.2509201191618387,30.02208285988413,9.70429349416661e-05,11,13,314242.5094177391,0.7857142857142857
3NZAgkDoCbcsMsT4FCaJKrMfqcAsXM2WkD,1,0.45417244243205274,0.45417244243205274,0.000100267972977,1,0,0.0,1.0
3NZHCc3XH7cW2d6Dc2Byas76USnhPY2kxs,17,2.92833931217832,49.781768307031435,0.00012768211606016696,11,6,469109.5470923125,1.5714285714285714
3Nd73T42jRiotfSqNbHn6dNojRR4UFJZaR,21,4.522142562497622,94.96499381245006,7.80136880564865e-05,10,11,300045.1999263,0.8333333333333334
3NdDkGWjEv8qWwX8kmaoLfCQLRB4QHtSk5,25,1.8599370128326405,46.49842532081601,0.00012232603774532146,6,19,297253.59136283334,0.3
3NezBpyjGKUgEKFyALceV5A5rCopzYb1ys,1,0.9990337646123295,0.9990337646123295,6.729527722453776e-05,0,1,0.0,0.0
3NfEDRh3kLF6daCewkPPG4eUxoF1UBffg7,16,2.183642378592329,34.93827805747726,7.651934394193897e-05,5,11,511750.338742,0.4166666666666667
3NgJLJ4zQR474v9K1gq8BkB8LNnumB5qeS,19,2.4185766056079534,45.95295550655111,0.00012265633489398753,8,11,387929.9439533889,0.6666666666666666
3NgwTez3ghU1sFKJnnF32ArhEhn73YuBSj,18,2.810580489330957,50.59044880795722,0.00012280187718101114,7,11,412360.98207864707,0.5833333333333334
3Nj1cpENcNKJNHoQZvS3bT3twjCjVxbgdX,16,1.6592557412462188,26.5480918599395,8.028359692726974e-05,3,13,443902.0025508666,0.21428571428571427
3NkHfHHdxHXXjYRT4CjrkcP6Vi9gZjpYEG,22,3.1415005868102086,69.11301290982459,0.00010681335888903792,10,12,366465.07249019045,0.7692307692307693
3NoABVynPqjPnNVU2eBwCW88qSQgoP14tM,17,2.98644107674129,50.769498304601925,0.00010401331709852816,6,11,478678.06148225,0.5
3NrfLwSK1DzrDFmaeaGyNaFwN4vxePBXSq,17,2.1477480349886537,36.51171659480711,7.429025267667418e-05,10,7,467453.10043843754,1.25
3NsBuw55x3UWPGXhPurcusEqhCG68fiYiF,17,2.18743843073678,37.18645332252526,8.806567263419288e-05,5,12,444007.649928,0.38461538461538464
3NtiCUTCGUuo4PMEnM7RTrgK4VqjBM9Fjb,13,1.6359499609101351,21.267349491831755,0.0001311546010457614,6,7,625371.61082975,0.75
3NuMWipTLFP9oYDDoXkaxgJ54G1qpXHEEW,15,2.6234607089309536,39.3519106339643,0.00011454682705467816,3,12,524218.23903414287,0.23076923076923078
3NuMmoU3Kr7NFpUM95mV84DDXB3PhqcveQ,24,2.107810285453323,50.58744685087975,9.621024439132756e-05,6,18,322839.0674413913,0.3157894736842105
3NuaDb9bnWwcekGnJkGoSgy7cchFQMDwWQ,18,1.2375554017944017,22.275997232299233,8.223936530167075e-05,1,17,444990.183926353,0.05555555555555555
3NvS16sraeh24Fti1i9tAgvhPhZTMzSbLH,25,2.229749421487543,55.74373553718858,8.830770136157181e-05,9,16,301629.6576492083,0.5294117647058824
3NvZFgdAVD4SiCVULDE3gqU39AKE16VUeF,17,2.3581172551708454,40.08799333790437,0.00010874919177223118,7,10,383850.2819940625,0.6363636363636364
3Nw9a8rPLikC7wzo5itsum61SyAeHPE3Fe,24,2.3113720969220304,55.472930326128726,8.724978137487373e-05,9,15,328045.17066308693,0.5625
3NxWYPtvHLbRYGYCD4oAaWqnZKdVMP3MV8,16,1.9520740499301936,31.233184798883098,8.200001575586954e-05,5,11,510132.8982432,0.4166666666666667
3P2BZj7efJoHfdbAkQcuS6pePNmpX6RJHR,22,1.4026750091853921,30.858850202078624,0.00013811762978838588,5,17,290631.22164028574,0.2777777777777778
3P3hc61N7ty8X4BAJTjtTURbWqTPCuVerF,11,2.690538393354016,29.595922326894176,8.887096900819662e-05,5,6,549136.9247374,0.7142857142857143
3P3jNYS139Jeq9TT9E2rpG9ggtnsVXDCZS,1,0.2867345900385936,0.2867345900385936,0.0001291753671541,0,1,0.0,0.0
3P4GmQQYg7vSwYxvix3AuCosLpauERJgo3,24,3.2526498332007048,78.06359599681691,0.00011588487620865632,7,17,310306.0051871304,0.3888888888888889
3P4VcwaLrt6UcwJbrwQvNtNegFJUwVxURD,18,2.2971333055345626,41.348399499622126,8.222726387072105e-05,4,14,447078.68707382353,0.26666666666666666
3P4rSvFyGTsAYCG888YZqDL4inMDgoxLte,12,1.8564012547535764,22.276815057042917,0.00010207542035812984,4,8,443356.7778296363,0.4444444444444444
3P77iykQvRhvo7y1CR7RGwitL58BLGukde,19,1.966565884520375,37.364751805887124,0.00012205435536278486,7,12,368319.67862161115,0.5384615384615384
3P7zLmegAg3trVjWzzRpzwGAhjiKUNM2Kp,24,2.6878988661538887,64.50957278769333,0.00011136906564179456,9,15,331709.8073943478,0.5625
3P9psWAqC4Uu1bh5id58Np6RquUFAdwE84,10,2.242427825167576,22.424278251675762,0.00010582907599945188,4,6,737442.9424013332,0.5714285714285714
3PAhhcbSxS9JrTrPXER1yqYm7ThZZdZoAU,15,2.3362775320503606,35.04416298075541,9.891864675286131e-05,3,12,453513.47149950004,0.23076923076923078
3PCsMoq8cpTGn73xtqftroVofn7GNiqPUq,16,1.5217779576988912,24.34844732318226,0.00011668418688305732,4,12,464553.0354618,0.3076923076923077
3PExFcQxcSV54bDSsAqsCKQhNYtjonsNqW,1,1.0,1.0,1.6805434948540925e-05,1,0,0.0,1.0
3PFW3MXaLmsnEbQ8N37nezHaLsdm695tFe,18,3.705984774114861,66.7077259340675,9.921711110454941e-05,6,12,372843.04432576476,0.46153846153846156
3PH4FnqDrQkuFfT7mRur3Qvb7FL7iXhYeC,1,1.8137352002212264,1.8137352002212264,5.9671724815992977e-05,1,0,0.0,1.0
3PKJX7TikLfiffBjfiRdaxyrdCdwAB5V9Z,5,1.40646582909651,7.03232914548255,2.604425674122743e-05,0,5,1341579.0620535,0.0
3PLKXkCT2johg2CiwoWKVfnELM4z8n4YT5,22,1.5207538785384782,33.45658532784652,0.00013483788203609264,7,15,354546.5920540953,0.4375
3PLZp7dzDLmECxFGRQHhgYBSa3kPHC9yFC,15,1.8971040326308317,28.456560489462476,0.00012315212276518684,3,12,464831.53996492847,0.23076923076923078
3PMMHocBy4mY3bDJsJmgESjxrVsXPiaHoM,20,2.1381066397845485,42.76213279569097,0.00010799750718212657,8,12,380135.1705732105,0.6153846153846154
3PRFQh1AUieEC8zPnfJg92gKn8vWFG9a6n,27,3.210243270634451,86.67656830713018,7.980340850392485e-05,12,15,251712.34338838464,0.75
3PUAd5tLP5hp5rXj52FMiZ27X8twA6ntmL,24,1.3986098409516827,33.566636182840384,0.00011221643907040269,3,21,332360.423663174,0.13636363636363635
3PXAm7uyZBUw4SB8dBfa38W4Nj8voxBaB8,19,3.6468456550427883,69.29006744581298,7.90521499711999e-05,7,12,386058.16907455557,0.5384615384615384
3PXmirydGmi3RXXrVsDdoSpTqixnV4a4Uj,1,0.10446537639894588,0.10446537639894588,2.5659024209844e-05,1,0,0.0,1.0
3PXo6FYQ3gq1NgpCf5xJ1kKhLa4Hvoodhf,13,2.679919338645147,34.83895140238691,0.00010146686188987769,5,8,554827.2371395,0.5555555555555556
3PY3sEauz9hD1hY3iibE517sK56vB7u3zR,20,2.0306634994607116,40.61326998921423,0.00011152554448294949,7,13,388865.4717456842,0.5
3PZ2VCW48mpuchsLWkK9Ng6kinb1iRGG1G,12,2.1652735802371965,25.983282962846356,6.906961552613647e-05,6,6,592783.3756207272,0.8571428571428571
3PZmFKP4tqbqAYkJyWdgmPT9Ue9BRZezUS,14,2.6550473070880227,37.17066229923232,0.00011117643956100365,3,11,536148.826564,0.25
3PaWAtJSB4ctdTHbmp6YNm9qpSdAeYu9pN,11,1.2112785069504928,13.324063576455421,0.00010338293055216925,0,11,604910.5614727001,0.0
3PcALcjmP2twDLmWXB7V5pFjC7QVWLheXx,19,3.14448769101241,59.745266129235794,0.00012163615396653886,4,15,378847.9981591667,0.25
3PdnZPg9LNawQ2xAdSvRPzFed6CAWEyJjB,17,2.0966795009076282,35.64355151542968,9.935837134143081e-05,4,13,440205.4445885625,0.2857142857142857
3Pdx5gN3CDyYVoKDTCEVGC628cjLVvHS72,2,4.999698915912465,9.99939783182493,0.00013559193391014085,1,1,32088.548307,0.5
3PewNqoZubMd1sDxYrZtARqQbuPfds9KuY,12,2.560116708843946,30.721400506127353,8.791428083728665e-05,5,7,612525.2692875454,0.625
3PgHugYcd94GgFK9TbXqqCLWbw5HHisge6,23,1.9365310093133266,44.54021321420651,0.00010618364907215525,7,16,344959.5295689546,0.4117647058823529
3PgTdZnyW5AvgwmQaFp4no1PtLquzSimLT,2,19.948546445406482,39.897092890812964,5.4491807487294536e-05,1,1,195.815074,0.5
3PgbSqmfzvnsEAb7TqaKrQy2hgtWoK1Kss,1,0.20405417764719086,0.20405417764719086,4.504883803549475e-05,0,1,0.0,0.0
3Pii9JtvVtyz6TVsqS4A69fJzNuhqQuVuU,20,2.324548381176207,46.49096762352414,8.437096378466448e-05,7,13,348617.75731399993,0.5
3PjRaju3FLav6j4Tccqm4obzFWoEMERpQt,14,2.4851041362343906,34.79145790728147,6.683944629810054e-05,3,11,511164.76019492303,0.25
3PkSTA2hvk3Q4AFh8zGp7J55rNzueWhu14,25,2.3190092935761935,57.97523233940484,9.652684503566387e-05,11,14,271233.9998263333,0.7333333333333333
3PkkeoZyfJwbj9aFzAqcHEmKNaZjvRPn4m,1,5.0,5.0,2.011403147066933e-05,1,0,0.0,1.0
3PmWjdgoE6kEp4Ty9JR3ePjjHm2LT86o3v,16,3.9558386958314324,63.29341913330292,9.230118447725339e-05,4,12,391428.26392,0.3076923076923077
3Pn9TvQrvR68wuhXkmgqCENpsdoNymZvBd,15,3.304331068429721,49.564966026445816,0.00014611793169752132,6,9,507623.796255,0.6
3PogyciSDyyw2zNGrS4aRtbeMXCqu7cwKM,18,1.859956472354423,33.479216502379614,7.786646115237132e-05,5,13,441104.24221970583,0.35714285714285715
3Pp1jmQiCNHVnBvpeTFuVj2zsJ9RuyFkx8,16,3.874181298240356,61.9869007718457,9.036376871347183e-05,8,8,481733.25048020005,0.8888888888888888
3Pps4U3DAKDuXV75BJqzsEEL3PwwL1cgam,2,26.311098454307842,52.622196908615685,8.158188298666162e-05,1,1,703.158021,0.5
3PqacJRFQKsCUf992QYmVm2bEWwRXQGuTA,23,2.417029601079197,55.59168082482153,9.994766646028714e-05,10,13,291002.2914362273,0.7142857142857143
3PrXbqeuVQSV6PfN5asNJX1YrFFdDNsuFT,19,2.3158939035599473,44.001984167638994,8.119421933985033e-05,5,14,416220.3842739444,0.3333333333333333
3PsQkciSagPPccPabaJvTHNtTkr6X5MdNn,15,1.538051219281097,23.070768289216453,0.00011038886618320455,5,10,477902.6393234286,0.45454545454545453
3PsjkupLAYNgM3tpQbECbp14s5Tfm8T5xo,15,1.7504935209674468,26.257402814511703,0.00012681172011261583,3,12,453098.25590550003,0.23076923076923078
3PugGGNmekPKqtJRNc2TxvHx2uKnFGDY63,29,1.620772405240705,47.00239975198045,9.136974068786145e-05,9,20,257435.14717142857,0.42857142857142855
3PvGWND3fkQ3Joj4Rb2UJmXhRRLtxWDBa6,1,0.1031889291234708,0.1031889291234708,0.0001144361424397,1,0,0.0,1.0
3PydjzZ8itmVpKuVNTGX3j677j9VxPxMXZ,17,1.8389912150221601,31.26285065537672,0.00010053508265595729,9,8,457595.59754018753,1.0
3PyzXzRp2dtq3XYpewa4AFNxuhXDagtGfg,12,3.0016929811972424,36.02031577436691,0.00012445328863844372,5,7,663026.4578765455,0.625
3PzoQKm8p2QW6eSpVGcUVF3yDD9Xw2mDNz,17,1.44473483159841,24.56049213717297,5.424997501777552e-05,4,13,436972.05614600005,0.2857142857142857
3Q4TnE5qpABd1zTUHfz8p5pBp1AvmmhzWv,12,1.492148254893481,17.905779058721773,0.00016067015132841713,2,10,689598.4714712726,0.18181818181818182
3Q5kvDx82mYWvR1PFomyS4CJR5YwerA7Za,19,2.741289287538672,52.08449646323477,0.00011177513300808364,7,12,390257.72017650004,0.5384615384615384
3Q8dEfa4WKe2wUNNRcf7uZBitYL6mCNVXn,12,1.0196693985264322,12.236032782317187,6.537036676806353e-05,2,10,573509.4407228181,0.18181818181818182
3Q8h3uTj7NgCigg7Z5WHfj3j58HvfeJPrU,19,3.0656525337210607,58.247398140700156,6.256740801720174e-05,8,11,376623.8728507778,0.6666666666666666
3Q8yahSJeDoQcimRCw6hamRFV4fSTwZbf1,23,1.6632485760228843,38.25471724852634,7.760535967241151e-05,5,18,337868.88567072724,0.2631578947368421
3Q9z9gXRg4pz3bdZqYnCjS9vUJw1xEGJ3r,23,2.0129462198929216,46.297763057537196,5.8691031571539787e-05,7,16,344633.8319934546,0.4117647058823529
3QAnQWY9YRe5bvLNiR1S98Fw92hAn2ZUjt,20,2.8588058255122797,57.17611651024559,9.766451359254767e-05,10,10,367794.0868364211,0.9090909090909091
3QE734MndhFonR7qVSdXu3GAJCwfoYkT8N,26,2.143298865655264,55.72577050703687,9.284285206186256e-05,8,18,272122.41076744,0.42105263157894735
3QEQnDDMCRsn8WK9LBXa81fJMgVDS8zQZw,22,1.9881901039016723,43.74018228583679,0.00010735266389225009,6,16,351397.948356619,0.35294117647058826
3QGRNMp5c8KTQKyv173RoqCGfyX5X7wHdu,1,31.51595999702373,31.51595999702373,2.911491415275603e-05,0,1,0.0,0.0
3QJ8As7sHY23VeXHG5Vce4kQbxfo7ex16d,1,0.1,0.1,4.346066844830978e-05,1,0,0.0,1.0
3QLUQasoh5JfX3zyZQvwSa7cbqTvBdXf9q,24,2.162435390060016,51.898449361440385,0.00011547883549599442,7,17,289941.58487239125,0.3888888888888889
3QLZsUcqiU2DVmgXxZii4AVmTwEcfsSkJ7,25,2.4764141297406703,61.91035324351676,0.00010782635706815526,10,15,288615.9786874167,0.625
3QMfkPCrhxqs5f5ST5Uyk1fSA5WLDF1mZC,2,4.99994273445959,9.99988546891918,5.6661832880441405e-05,1,1,13882.639699,0.5
3QQMQRU14ugAuA9GVhxEATXnm8xR3FCsad,23,2.4615639819109254,56.615971583951286,7.716614400584588e-05,7,16,310054.74376490904,0.4117647058823529
3QQUED7KDFiXazbYiNWY4DBs7Thtf1pmKp,18,3.7099600291846175,66.77928052532312,5.837288070660953e-05,9,9,442686.5618992941,0.9
3QQutXY89phoH2hspp4jXQFsMaPQoSgfSi,26,1.5298548243753294,39.77622543375856,7.488403198408297e-05,4,22,307899.24090084,0.17391304347826086
3QRP1NAuCV1hVEddqhEbMo9acfJ9jq5CzK,1,0.9991228189503266,0.9991228189503266,7.424077085661199e-05,0,1,0.0,0.0
3QSMbUPYdL1nZceGakBur17vgr7MLNYobC,20,1.728284769188131,34.565695383762616,0.0001559755934273654,4,16,380892.9898970526,0.23529411764705882
3QVCTZmR2gwNDPPwvC7Azyg9n2APhLDKsh,16,1.8348660784422501,29.357857255076002,8.897207895801404e-05,6,10,471548.1561684667,0.5454545454545454
3QViuzpZvSHjx3aSFp4PctdmBdvjPxyesL,26,3.5110749208080394,91.28794794100902,0.00010788612074087553,11,15,284752.43874388,0.6875
3QVveExMKL5iVYRJz8Ym8ZqczCpXZytcsH,18,2.6563215410921623,47.81378773965892,0.00013366664056968256,8,10,340011.42157747055,0.7272727272727273
3QXepeZ1hj8519eE3yYCsE4fCTXnUrykDs,18,3.929165521263737,70.72497938274726,0.00014033981752048738,7,11,323124.0166595294,0.5833333333333334
3QZvg9dJCJ3nCuE1KrWd3gP1PxMtpRAq2G,1,0.09238139242350779,0.09238139242350779,9.095664118434228e-05,1,0,0.0,1.0
3Qbx8P1dDP7Yt3PckTJnugEnnk5bv7x1sY,1,0.1266783632985841,0.1266783632985841,2.981435916174176e-05,0,1,0.0,0.0
3Qc5M3SHkMQvTpTY4vAGBadbx4KBSfJzZ4,20,3.34034797187703,66.8069594375406,0.00011425944067828269,8,12,379582.606681,0.6153846153846154
3QcYUtUH39xeS9Vfx37gjP9Ze8VH2F7PjJ,20,3.3483156019657274,66.96631203931454,0.00014140668952385786,13,7,377765.1133717896,1.625
3QfzAnaNH6Ct7H6m93Enw9gsSHBu3R5z6a,19,2.3291763437682125,44.25435053159604,7.982753550928678e-05,6,13,339886.20368038886,0.42857142857142855
3Qg9t2khCitjTD1CesjJSoDBKmmVYQoqTV,16,2.429877937776875,38.87804700443,8.586401715616698e-05,2,14,442051.3257662666,0.13333333333333333
3QhwCvHzR81AvEMYkpXsauVBYHqJcMyFMK,13,1.4826333761772605,19.274233890304387,8.520811072777157e-05,5,8,584942.6366865834,0.5555555555555556
3Qhzz4HkmSY5VsKJXQ6hGwpyiF2A5wtwTh,16,1.7424817284043455,27.879707654469527,0.00015401502594068975,9,7,455445.2687260666,1.125
3Qjrw1SFvTuVtqgTdbKnSvTKGiRbAEZWtM,16,1.9151977492406764,30.643163987850823,0.00015934150849460264,5,11,498280.34960553335,0.4166666666666667
3QmZ5csgoTodAbD7jzavKbVuMkDzYk3UsD,18,2.019822113130929,36.35679803635672,9.033483234783862e-05,8,10,410642.26400217647,0.7272727272727273
3Qn7bQAUPAbVufHgLQbwqXNtUEL8E6q1Q5,2,0.09955663205304394,0.19911326410608787,0.00017338074139966632,1,1,36446.941203,0.5
3QnCguNkEeu9PJ7ek8jtWR4vUcMpLd8PC9,21,2.054972390243223,43.154420195107676,7.85130754132893e-05,7,14,353814.61357775,0.4666666666666667
3QncDDDBT7H6h3UbJJDLkFq6dCUjNePxfR,21,1.7704004907923656,37.17841030663968,9.414750491489224e-05,7,14,381240.19322465,0.4666666666666667
3QpdLzzZRs1NJJVFxkKoY8TLaqwtyRtpPX,25,2.1748558498682384,54.371396246705956,0.00010185121462660539,6,19,282894.87289295834,0.3
3QpgoaijFJ2pNr4N89LqrWUT9EoSWicckj,18,1.5482555147810442,27.868599266058794,0.00011155906244609156,2,16,390151.4877639412,0.11764705882352941
3Qqc3JVh9FYuXN5xLPSXKiR1YbCurgnYDh,18,2.630328862466045,47.345919524388805,8.390549596795126e-05,4,14,443243.015367353,0.26666666666666666
3QrGyTVEQoF4d3nDEWTyZbMWBf9sx4tQUh,17,1.7395071950049599,29.57162231508432,0.00011642019218062902,5,12,464060.967158,0.38461538461538464
3Qte7SVby9G6aHr31mR4yoMKKorSLR4g3Y,17,0.8536756908358529,14.5124867442095,0.0001342234836588942,3,14,405178.12722606247,0.2
3Quxm1eT3PyECDmMnSGUHgsbqrB8SoVa9x,17,3.159079040145034,53.704343682465584,9.471307715264362e-05,6,11,343986.53865775,0.5
3Qw5EBmR6fcXKPvkJM7hHfLET7VHNYXTAP,18,2.761820639385669,49.71277150894204,8.760431427742372e-05,6,12,421695.91031023534,0.46153846153846156
3Qwewt8srvXYu7PtA5NoWJKdiYjD71sCzQ,1,0.5415789161256788,0.5415789161256788,6.133959039481067e-05,1,0,0.0,1.0
3QzGhFuCWhjPdhs2dqtEWaA4fhYdX7244t,22,1.616715209291314,35.567734604408905,8.617816722135275e-05,5,17,365948.455252,0.2777777777777778
3R1W1ViM8Jd7Q6Cocnu42256TdFGxoYUti,2,4.999993236779138,9.999986473558277,3.828278130724259e-05,1,1,18779.904125,0.5
bc1p00vgnlcxqchlnxz9mkhettuy0fskl6c5xc2em954x8nggnsnpl5sak9vne,23,2.5503370178706124,58.65775141102409,7.072893565308476e-05,9,14,323942.53730254545,0.6
bc1p058fhvug6x5jn2khy7dllzu5akc2p68vp4706c2q7u34a4kx575spuegy0,2,4.9997751731589055,9.999550346317811,0.00031818985004245003,1,1,19352.20919,0.5
bc1p05hlmz4xt8vc3gaqrhefjr7l8e6s496qhua4rjsdpzfjzwr4hz4sgvgpmd,1,0.09110109703809256,0.09110109703809256,8.886372071591051e-05,0,1,0.0,0.0
bc1p05q9v43l4s43naklx06e0hat7yec5lsfmkg7zrghg5yftcg9eh2qe4070y,1,0.26008965824218405,0.26008965824218405,0.0002198649148696,0,1,0.0,0.0
bc1p07hz59h927r7a4s26vr0nhj7cn8rerkt9hu2w390dy7hr7tyvn6qu3msj5,13,1.9002617327578701,24.70340252585231,0.00010716311349551323,1,12,482618.70711233345,0.07692307692307693
bc1p07rcmszwhw5dr3r3fdkwphpzn7lm5jy4ardtjzuhavv3h8ftr5sq276a40,2,0.09989175406890115,0.1997835081378023,8.551681250959355e-05,1,1,36277.885894,0.5
bc1p0et94rh8fle8zwrwh7me4zcnmfpndwcvp60qz8ewrs3jzry85glssc60z2,16,1.973453033362754,31.575248533804064,9.827269471555084e-05,5,11,478481.3515206667,0.4166666666666667
bc1p0g8vj6wx6x5vt66dy85cmaa8twz46yqxr33n3ajum5rpa9k52c3swcra25,1,1.8066341268037673,1.8066341268037673,6.524337639619632e-06,0,1,0.0,0.0
bc1p0glar8haefg2ru7v6xxyt76st7z9t0v9f5cvt2253hkh8kqvl76qvjk4mc,17,2.696187264611394,45.8351834983937,0.00010704874320927045,7,10,469214.31350718753,0.6363636363636364
bc1p0jjchf89k9cy5ezk8j97zqfvgzwphe6gre0mntzrgkx95fljp3eqtkmts2,18,3.0015766020409993,54.028378836737986,0.00011297843143558901,6,12,381649.8025542353,0.46153846153846156
bc1p0kc8ng7wtr0jrrs67s8peqescglv23sc9glgh80ssf282ndud2qqhgexww,14,1.6755210986950198,23.457295381730276,6.189332895841435e-05,3,11,560586.097164,0.25
bc1p0tnu404l4p54m74c8yfc6qt0a2ml2yx2ssqy7hhluqy4er4r6ahs804z06,21,1.3911370882950163,29.213878854195343,9.796768865482385e-05,3,18,370814.1412747,0.15789473684210525
bc1p0udu0ctjj35fv593as2rfm0v9rseac8aqgnjgt80z24jujt70zdqgdv3zf,19,3.0054077988538874,57.10274817822386,8.206993103258499e-05,10,9,404687.34124805557,1.0
bc1p0z9s8k58jm239cks8p8njlc94en2473f2x5c29n70gl4g60ljycqs9zta0,11,4.193035857505024,46.12339443255527,0.00010672910839906704,4,7,725234.7236342999,0.5
bc1p0zh0f6cg8vg6y7ssnc6ptjsftjknn2negqxlxt4zvvyrmzq4nlmqpqetg8,14,1.5307610589925176,21.430654825895246,6.70525093390369e-05,6,8,476452.88964715385,0.6666666666666666
bc1p227n65yl7fll4vrznfm2v5ul7t44xk60k9s4sw84nr520gh8qcxqrlcf3y,17,1.792673898222004,30.47545626977407,8.372277556324757e-05,7,10,429144.20930437505,0.6363636363636364
bc1p25a903v9ss49h00w8f744v4nr2mvwfdv5l4jkphl0w478jn6z6usrxlam2,15,2.8341612170083166,42.51241825512475,0.00010782896338022688,6,9,427667.7460133572,0.6
bc1p27yp655ay4us3d7sd3v4rwlld29a3hau3ckg2vnm2jpdhmmcj4qq6zydqe,10,2.8113478413256194,28.113478413256193,0.00017147463130680768,2,8,605453.8710002223,0.2222222222222222
bc1p29z26pul4sknkslpfnr8r5mk9gzcxgnrkfa7xu90u4y0vj22z7ks0fwlp0,22,1.777441072520669,39.10370359545472,7.877807960873476e-05,9,13,309264.31882,0.6428571428571429
bc1p2ec7ylzg4tnejradx0ztr88lr7tkhlw0kaerg5gk60z9k8ke4c7qge7sm6,20,2.0993883500871235,41.98776700174247,0.00011137626374323997,6,14,363441.42890184204,0.4
bc1p2h0tzhqd99f7jnhrlqlu4mm3ek5yaqg7eevsq82g66rk2z6q008sc8wwf2,22,2.568458485923433,56.50608669031553,7.923672531808677e-05,5,17,323850.9098337143,0.2777777777777778
bc1p2h5ft5jje9aqew0smztzd8kzykp675cxnrgeytuccv3tj9h5w8rsvmr4jk,26,1.9856604453568174,51.62717157927725,0.00011518075730337399,10,16,273495.2356406,0.5882352941176471
bc1p2hszrsre9jlk7cgmzux2r0cp042xscanrxud9fp7p398hj45gh9sswr3yu,25,2.557178930201915,63.929473255047874,0.00012289486226116323,10,15,319383.263651125,0.625
bc1p2jdm5d0t7taezyukygsxkfuglvuyeuq0wxurgalxvga73u8uzphshy4jqm,20,1.917699544661287,38.35399089322574,8.18292677872785e-05,10,10,407279.54727794736,0.9090909090909091
bc1p2lh9ymdh38s50087t8jzqs9amcve2sxezn0v4chzuz8nvh2u73dq98xcns,24,3.176262969997967,76.23031127995121,8.952356678687818e-05,8,16,301147.75816713035,0.47058823529411764
bc1p2w0kpe3sffjtfyu6dt6f4l8xdnl7h03r5cn68vph9nsstrnxm7hqaammz0,23,2.161208668016514,49.70779936437982,6.811913633645135e-05,9,14,346032.2789231364,0.6
bc1p30f0qf3vfj2j43tlhztucfdcwer4jx5yeujf55z40wzq82ftcdrsqwhchk,27,2.095124993182571,56.56837481592942,9.524268857042454e-05,10,17,273352.83851723076,0.5555555555555556
bc1p33l52ejpfzq9mmaez57w0s6ju2nerzddefqp4pw6yhkmtnxdpatqs5c05g,21,1.8212275835640979,38.245779254846056,0.00012326169171073068,4,17,362943.119916,0.2222222222222222
bc1p36yrg5ye2lsmy2ypdwhsq09k6rr85tm7u2qsuez7vz5x2qf34f4s6a6wrc,21,1.7116483912134364,35.944616215482164,8.879876804360614e-05,4,17,299811.62786185,0.2222222222222222
bc1p3d0tsqraes8u65rvct09gx5wawsl8aaumwepqkv50k7a556nqqxq6zkphy,17,2.806563339170266,47.71157676589452,6.081971242578122e-05,8,9,400591.58921799995,0.8
bc1p3qykuntr0tcpl6zgzf7zv8yg2z850y4c8v5jfq2pwmppl06vzlhqgv7e2l,1,1.213009332066092,1.213009332066092,0.0001075860139177,0,1,0.0,0.0
bc1p3v0j7lvz3drtdwyzg597yn5zj3kz265vup5uwt9746eh98lt6ynsmf7xdp,22,1.6661368665461913,36.65501106401621,7.03864677211429e-05,8,14,330508.3738372381,0.5333333333333333
bc1p44j2nuhr5n7rvs2askw5l835ysaql2hret8484xxxzqsfqq7hf4s9qz2h3,14,2.551866843573888,35.726135810034435,0.00016436647566309015,7,7,432819.8041102308,0.875
bc1p44rfv304np6mct9zzyrcjt0yamap55lm8l43p6e49hnm68xka2vs275v4r,19,2.3096655472351637,43.88364539746811,9.33507409352454e-05,8,11,396073.2909406667,0.6666666666666666
bc1p45r7r0nuahzper9656ytddv6ucprjhr8y6rmmjglq0mv0muqq27s45gzjy,16,1.7078075787953912,27.32492126072626,0.00012300489904587411,4,12,442989.7879938667,0.3076923076923077
bc1p46hjgq0mq3cv97maad9d4yw7xz0dqa8g4vunl6wc2zperz35p87qw4l9k3,16,1.5272290050681483,24.435664081090373,7.432300346857898e-05,6,10,497731.5800981333,0.5454545454545454
bc1p4e63xjr4h7vzwh4d2gyyllsdjwepl8q4s9clu0ntjzfgsd7wygvq2hrc6c,21,1.7520115102542666,36.7922417153396,8.731112054153413e-05,6,15,376818.10592495,0.375
bc1p4fjnhv5n4gdhn04hpd4lzz95uzr6007t8hlqk2mtrj36wyxfzcwqvuf74g,1,2.4047570878420252,2.4047570878420252,7.080359955081119e-05,0,1,0.0,0.0
bc1p4kcqx27l089tw6wttxtz9gudmmlc5yn7nagpvsnh9zrlpgz8k9aqzecyk9,24,3.2410192391893484,77.78446174054436,8.652699039181009e-05,5,19,307105.5932402609,0.25
bc1p4l43z0gds3x5cvljvu5sm004mw7r2p366epfddfwrhpqwjq2hmns0hpaem,2,0.09982242257748118,0.19964484515496236,0.00011287716826635346,1,1,36471.669047,0.5
bc1p4lzfwn5eretzsrnpf52l9rvm92jxmef8lj9eefm3g2k7ynv8wc8qfgjw3j,24,1.385289578944344,33.246949894664255,9.303312506669702e-05,6,18,323730.63902969565,0.3157894736842105
bc1p4m565gdnnfs62286xgyp3grk58j4hltd5uesndcyguwgtjw28f6q058t46,12,2.8404627953276016,34.08555354393122,6.639966441272258e-05,3,9,556584.5523528182,0.3
bc1p4pjraahfnt44yq983fu2pla34u63sgdmhrj33n6d8jply6j99t4sqgnyxe,1,0.6428456750358131,0.6428456750358131,0.0001215741345308,0,1,0.0,0.0
bc1p4r2xyswlka24xxk8pyc23rjcgdnyvmj8wyhf9306w7qm8nut63hq06ukrd,27,3.124020030326427,84.34854081881353,0.00011843208388009576,10,17,247596.20317584614,0.5555555555555556
bc1p4ucdt8ges4a9x9cp7k6en4p8ayum8tsaaxvy3wf3r6sznp93d86qd4e2pv,17,1.2573180578541607,21.374406983520732,0.00011223474350662436,6,11,409519.8579200625,0.5
bc1p4ut7ux8gykqfmdmvmsex7x9ggkfjzavyzclzx4247mte6955829qtc2aka,1,1.8030697698385127,1.8030697698385127,2.0567292774094286e-05,1,0,0.0,1.0
bc1p50nyrz9qtgqs05dc8w9djzxpzcllv2aznnulq68d5tdttyyqggfqzrj62s,27,1.7453055785699034,47.12325062138739,0.00011699150616717852,13,14,282355.8173932308,0.8666666666666667
bc1p53p2fxghqn6rdecn66a99nf9hhfv46lqmsfplwmsdh6r37zse4cqzwqdks,16,1.1103625725116006,17.76580116018561,0.0001213740917876548,5,11,437956.26464686665,0.4166666666666667
bc1p573y5p4dfvnkefev495h27xaasw7uq9kx3hntc2893uzcmr8p26s0fy27f,2,0.9991928558237959,1.9983857116475918,0.00020754367928076505,1,1,11956.862719,0.5
bc1p5cs372jwp5aa9dt6sscyfsslwfh43jm48wchh305uatt90hfg9us28xnnt,15,2.0329742450063013,30.494613675094516,9.061960021997634e-05,8,7,548573.5368853571,1.0
bc1p5g7slgzscrzmzlefjtm7mvsfxh6dq9qu9wmas2kws2jtkk4wjl2s9mxs3v,12,1.8624996968976506,22.349996362771808,0.00018851813927689006,1,11,494203.8082194546,0.08333333333333333
bc1p5gkq44ptlm3qh3swwt2fqa2hwkcf8ry0vj09pns6dyl8pmtxxypqu9av4y,2,32.12403431528309,64.24806863056618,9.038011478965093e-05,1,1,366.716219,0.5
bc1p5h4zqs7aqdevz0vnsr2cwp0kessj03hvdh656lm8lddjzxmh3c9qh77j9m,19,2.7191608197561012,51.66405557536592,9.968931869874899e-05,9,10,389043.99112022226,0.8181818181818182
bc1p5kddzr3p94yf5u6z0qg97u3cv2ghec9zjm3n6sljgscrtar05tdqa5yxa7,1,0.23735487488848311,0.23735487488848311,0.0002739617546496,0,1,0.0,0.0
bc1p5khagd8wjgau3j3kpfjlc2v0ze4x3hvg9kxue5hrdakwepwx2s4qd8ne6m,20,2.928671154796356,58.573423095927126,8.734687023435002e-05,10,10,322984.5057164737,0.9090909090909091
bc1p5nu65277wkvy97pklmn3lmkfh0ze4l34w67t97tf8df077nm7l7q4zu0wr,18,3.3122637562649704,59.62074761276946,9.19092817120706e-05,4,14,422963.7019831765,0.26666666666666666
bc1p5nukuaja2uz4qdeqzyy6wexyr7wfuq4x2vafz3qfmrhs45s4x57s6hfqru,20,2.407374334069238,48.14748668138476,9.78656426134232e-05,6,14,371525.1111714737,0.4
bc1p5q0alrsmafyqrkpnfey7m0zrwr3vtj83asvfk9mhfrp4l2r7hues6t5rdg,10,2.142218059441832,21.42218059441832,6.696379404807506e-05,3,7,836026.8992412222,0.375
bc1p5sc9qyvxgm27tq0k2re37qu0809zpdhj2ehw0sdzjrnk4gyfa4rq5uqvvn,17,3.2288198085106283,54.88993674468068,8.683920414846656e-05,7,10,456359.7759171875,0.6363636363636364
bc1p5syk4ew4su5c85dgg7xnukx6l2hhynxun6f4rmjygfqdu782m83svfyr66,22,2.9977603305611975,65.95072727234634,9.249072613365457e-05,5,17,348371.9735107143,0.2777777777777778
bc1p5vth9ajx3jqf7jx6laephjcm5qnu23zaefqt5cf9tflmmw0sl8mssgfuse,16,3.020058581084848,48.32093729735757,6.598726756481101e-05,7,9,468356.3028320667,0.7
bc1p5wreyzc9a8q6fycmm6t42ra6eny2cacj3wajxn7vws7hf7jm6ecqcwm0t2,27,2.0049816656945123,54.13450497375183,7.671641508368059e-05,7,20,269976.2316406923,0.3333333333333333
bc1p5zpaammyyvfnvesycvncnyy4du6n0hdz66ncye3l7sd0yfwxqfhqjkmhvc,10,2.6934717534095123,26.93471753409512,8.394932836854306e-05,2,8,686105.3000358889,0.2222222222222222
bc1p64tacxdd7gz2ddvknzetvt2yllc8t6k8py583kepjmluaxpnffks2klag5,24,2.3024766420926306,55.25943941022313,0.00013684267401206621,10,14,313690.10736256524,0.6666666666666666
bc1p67wpaun9vsrz92v68qv58d4hu8xfhx70st87fr6z86wqcg3d4amql24zpd,2,2.651155896717369,5.302311793434738,2.1922642826273814e-05,1,1,1764.874436,0.5
bc1p6lmx6gg8y44e9zn6m7dmczdpc7lqwl0cfyqvmlxnlq903sptzeks2agg9d,19,1.5589399842174683,29.619859700131897,8.370071189073556e-05,7,12,389903.20589688886,0.5384615384615384
bc1p6mh3hrgdjary6rakxww9ugz4hfq3nufttcta5umf0mdqvfzctrsscayxhh,1,0.45705992761814657,0.45705992761814657,0.0002932272680701,0,1,0.0,0.0
bc1p6pq6hqkavtj9pjegss69jc4t6g30cu3lrtttl6y247rl0fj47y0qr2lwry,23,1.7428816529125972,40.08627801698974,9.110351615855428e-05,8,15,347368.01395204547,0.5
bc1p6wesymnc288897wd3rz7pq663uwzs0998sds8759twve65p37cjq25v6rp,21,3.2018363254673146,67.2385628348136,0.0001341412395270518,9,12,384326.35134640004,0.6923076923076923
bc1p6yzg4zhyptjawpjwaxwhmla9pgx7upl6rls3jm5237stt6qldd2qyv7acc,2,4.999882455849556,9.999764911699112,0.00010620102805176989,1,1,13757.047307,0.5
bc1p6z9dder87gscfgaq85ms5chk72ulltu7vf4a9jdz73nal8te7r8qevu0ng,15,2.757726149609259,41.365892244138884,6.231570573763226e-05,7,8,441527.2195725,0.7777777777777778
bc1p77w0ad2er0hn2zmswpuy5vhuxd428te5e4ylr386nczqv9kks90sckq2v0,26,2.7676519680110534,71.95895116828738,8.165173038263089e-05,10,16,299985.36332224,0.5882352941176471
bc1p79t7ypv35c4lx7v62ql9sqymn6y30d6se7chrfp6s5e4d9zntafs3g6fk4,19,3.0117740865930394,57.223707645267744,9.785311641773153e-05,6,13,416408.2304595,0.42857142857142855
bc1p7cmjexs6t4cmrrr2mkc8zdq4r5cer0fvllsdws8w62arx29vgy2qackhk3,19,2.2465059554140523,42.68361315286699,0.00011379689614870233,6,13,375340.5790733889,0.42857142857142855
bc1p7dp6ak0fsgedfejnr36sqvwg2auk63h6w9r9h9jk3ej7aeyw36wq9su5ke,15,1.6710964580987198,25.066446871480796,0.00011116674044915442,5,10,507193.8014931428,0.45454545454545453
bc1p7dur3ysuv9a4pnqa6cddvvp37xqma7jpeulsg2qrx2xamnkerchsgmnevx,17,2.523078940469387,42.892341987979584,9.616462841780417e-05,9,8,403679.38306793757,1.0
bc1p7dyxa2vdg208706j4j350hdlfsvk6wphnupcv0jx0t4k2w8404mqw00lht,1,4.538811178734777,4.538811178734777,0.0001036672183372,1,0,0.0,1.0
bc1p7fgqqhwwp6trqaj3h5cfrfw7kvyulz5aqnkggupeyrf66a0jgc9qs2n44m,28,2.4806615120115154,69.45852233632243,0.0001101184308936141,10,18,279917.58502618514,0.5263157894736842
bc1p7h7utacftp2hvw0hfj8zy7z76r0p3wxqgqk25xn5mp0ryemwp92sfu0ruc,23,1.8945000786355606,43.57350180861789,8.405751317923835e-05,8,15,313970.1329133182,0.5
bc1p7jyx8hs4mlsqk93qmjclm2ld2rxu7q2smwc9vuvfc8sp2ah2rwfsqwlgnc,12,2.9807261808008394,35.76871416961007,0.00010032945470655719,5,7,614997.2226603637,0.625
bc1p7sf4clct923wt7ygcxxh7ksvk94tszm8etvga5zvsqmgak7n6cqsfy2cn4,20,2.604222891291595,52.0844578258319,8.870646969353408e-05,8,12,374624.0757676316,0.6153846153846154
bc1p7wsl0wpqe2sgwgwnc8x0eept7wvyze9kwa6janujerzs6twyhzeq8qsa3s,24,2.685599481485354,64.4543875556485,0.00013570147030376033,6,18,329054.952493913,0.3157894736842105
bc1p7yx0ter2usz7f9tlagu7jp8yjj3ee5egljskxfc93kzxf90n0f7qr280eg,1,0.2688211419655846,0.2688211419655846,0.0002537130903883,1,0,0.0,1.0
bc1p7zfc837gefhzrgsaj72vp4k9cy8mvc4vspatay72tfhx7akn2pksjj0ysc,24,2.714774623854559,65.15459097250941,0.00011554329355374024,10,14,328148.24373817386,0.6666666666666666
bc1p80758vlnuvpmfxlwh0llseurdvd5wkra2tn43e6x80daq0tpp2tqh7ta8h,18,2.1806107688875813,39.250993839976466,7.617403382637723e-05,6,12,413071.3304291764,0.46153846153846156
bc1p807g4ftcs2kpslcxdyj9v8z43zzvurtnr7yf3dq4cdqeldj3u2ussxkpty,24,3.5295822493835805,84.70997398520593,7.427204630149241e-05,6,18,302014.19327739126,0.3157894736842105
bc1p80d7sj8avchrhh5aqu9pgun56d8afuv0wf6gk4mpk9l5eh85afgq9p6dmt,11,2.6035866633499674,28.63945329684964,0.00018259763706152148,7,4,583344.1763793,1.4
bc1p80rp3jyl2fnlmymtfqunzz8cjarsv33z4em54scasaprwvjef0usj9mx2j,19,2.2444465589027573,42.644484619152394,6.357422072497482e-05,2,17,387903.2274761666,0.1111111111111111
bc1p8685v6fwhrqs0ntneyktdg6uunt0kjuhqp2wzwcqtc357zjma3es2xmcm8,13,1.3529534988502805,17.588395485053645,0.0001455136304937637,5,8,547432.1415729166,0.5555555555555556
bc1p88mj4qvszaxs37zh9uxxtxe9n95fqp9swftxcqfvh0crd7mje6uq4ffe68,16,2.576167810554098,41.21868496886557,7.077497915650385e-05,6,10,441344.1013833332,0.5454545454545454
bc1p88n7q4z5t2jutgx0q2yxcfs4np64skzrvh3fg6t29hr92d67d6asd00p8k,16,1.99869553574941,31.97912857199056,0.00010515481695097546,6,10,513306.8662852,0.5454545454545454
bc1p896jy8kglrz7p2y3cnj6z9fs06z028vcwruhuh82e92d9nlddlgqwuljh0,19,2.758282246144659,52.40736267674852,8.981088903548177e-05,1,18,63142.89371127778,0.05263157894736842
bc1p8ex0newpxqgkvsxtrdpm3f5cr72mtxlr3wy2lfpmlp6ckfy088rq8xs2sa,22,2.971255972705274,65.36763139951603,9.361068327781243e-05,6,16,326578.83311571425,0.35294117647058826
bc1p8gqd5t8ycny6fu2u4e2kwq5cgc9aal9mavvk2qqva6xzy855s36q6uphrp,15,2.01392042430221,30.20880636453315,9.090895439928305e-05,6,9,406052.5507137143,0.6
bc1p8jlrdg8mn0kae3m3cmjfjsv8xxfgkxztp2qfy4pkl9effvsda5rq59qftm,2,2.0576188532915674,4.115237706583135,0.0001292996872167894,1,1,164.818595,0.5
bc1p8numm3fawx9760hym4gue3rc4jk6hrmv8y0n5ruykja2krwckasqpmn4eg,17,1.2242997270895088,20.81309536052165,0.00010552085272562632,4,13,454460.5019203125,0.2857142857142857
bc1p8q9zffjhxaqacfesl66raullxn8rfgs28gumtgxs8p24g8quckjs7pngkq,11,5.103007103009959,56.13307813310954,8.26098283304807e-05,4,7,612997.7558028,0.5
bc1p8vfd2fdgztraunzqqel90sq6mcs3v0t7dt8phvf52dg663vkc9vql6zun7,20,3.7709506304327376,75.41901260865475,9.022121187694691e-05,8,12,402867.40442647366,0.6153846153846154
bc1p8xf5a9sc4ea3wlp25hhrt7kua9aeu4dhrwzqw6h5d6gkjqlqprkszcuewt,21,2.0627351103635245,43.31743731763402,0.00012753779482213053,5,16,364614.67408885004,0.29411764705882354
bc1p90h2sa64ttfkc7he6q5unfmmsphey7yn9x5wvnmfmk9h3mj06zzswgm52k,18,2.4272954361601133,43.69131785088204,7.541990994864446e-05,8,10,418014.4364898823,0.7272727272727273
bc1p93k0epp07pq9vwrjn4s9gphasljf0trje8ppmv7xexg7xrv6pmusqezkuy,22,2.1646076017661398,47.62136723885507,7.994759962011926e-05,12,10,365323.705571,1.0909090909090908
bc1p96r0xvkx5sf2alc8dc82w6una894r5df293c59ffpj8pf7hmva5qsrkrn4,23,2.765364319950021,63.60337935885049,0.00010301133153804689,10,13,343225.17064836365,0.7142857142857143
bc1p9d70aaeedzhhy36ys5pndv30gdn6x643u2g7cuuqwds0j0a8kwkszh74vq,1,0.16549046102671017,0.16549046102671017,0.0001152560081821,0,1,0.0,0.0
bc1p9jsvrvhmzdqq0muu74g884pysuhfrfxnun3zpwdnjacvm9gtyycqxgrtdw,21,1.7769399693256422,37.31573935583849,8.844383552207207e-05,6,15,372774.91890155,0.375
bc1p9khcwzzvp9w7ny9daapudsqmssq4a00uxwgqy9xwjvxzyvfjq3ese9kua8,27,1.6400016289131645,44.28004398065544,0.00012707427276037085,6,21,284087.13587057695,0.2727272727272727
bc1p9m5d0ehfedazrklrlmmxcqhlwyfyvv3h7udmpnfxxcezsgdhfv4slm00zs,19,1.3976595161315921,26.55553080650025,8.041621117859186e-05,5,14,399385.94412805553,0.3333333333333333
bc1p9precu43rsfhvvxaq9kc635jt9hv9d9fneshv85mceamt5vszn8qyk5qh8,16,1.8565450239108787,29.70472038257406,6.689465504158899e-05,3,13,490136.14787213336,0.21428571428571427
bc1p9qkfgccv7wmx200xtlln8eqcl0a2u5ne2s6tv5xcxffuw0jhn4pqgu3wrq,26,1.9400912875971768,50.442373477526594,7.652225390513487e-05,5,21,295280.56370112003,0.22727272727272727
bc1p9qsuz6sm55xjjeka8c2g89puzmfnfwasggszld8l2vc80qhty6ys0rh5rh,24,2.335176329730688,56.04423191353651,0.00011709345639103876,16,8,244152.3357699565,1.7777777777777777
bc1p9qzwhyyyjzzj89mzp7kpfexnc97rks788v0k25yyzjdwu3nspa8stxpz8r,14,2.2590836628006246,31.627171279208746,6.931336511458374e-05,7,7,480714.6670029999,0.875
bc1p9tjd9re0sask7z70fechhtl3ejjk6ufa8y3pxpk3g7e2enfwvsrqgtk05l,17,2.8044736809719173,47.67605257652259,0.000125794321626943,5,12,479414.5718135,0.38461538461538464
bc1p9tp40zzxgdyyqw0v7jeamqgwnj4v0p3adac5t6tjtwd7x78s877qjmjrtw,24,2.4019915854883744,57.64779805172098,0.00010467399627985854,9,15,324396.51012804353,0.5625
bc1p9ttmv43tmtsj7940j8zapax3lg8gckn0aa3gyethpyz4mz4fre2shjazf8,18,1.747783348149178,31.460100266685203,8.189195253585575e-05,3,15,440733.26603429415,0.1875
bc1p9w6el2xexundshj40n94asvtuankkhd5qtv60yf330ycpjeydm7qe7grmd,17,2.442047497806421,41.51480746270916,0.00011861958878472785,6,11,456100.687104,0.5
bc1p9x5mmjmxsckhq8vzuqtlrrp9c7vzr9qes2nq229kwvvj7qeg3ekse84ucn,2,4.999922090727633,9.999844181455266,1.8931096247123233e-05,1,1,17479.358286,0.5
bc1pa56gs7svs2tewx4ryxl64hf34we4et5mtkc99g4zjhslauzvekeswmp2wj,17,3.3560300676366213,57.052511149822564,9.236234010957574e-05,4,13,466830.095630875,0.2857142857142857
bc1pa8sfn50qnu3ukkvcl36k2u03zhyjg9yujyf9jsysjmrlpfc9hqrq50guu2,21,2.2566237087002157,47.389097882704526,0.00011196130089531127,9,12,361902.7672335,0.6923076923076923
bc1pac2x67dlm8rnfnq84jv8jry27k70hk64qulkjsj0hnzkv3kelzwqju43n6,1,0.9993731088165227,0.9993731088165227,0.0001773147158425,0,1,0.0,0.0
bc1pad685tcc8n8v0s3w5sdfmcjcjy8e00qg0fw52z70hmz4ztpwp02sl8enqs,22,1.5900375829704054,34.98082682534892,0.00010403495233404573,7,15,321990.51800452376,0.4375
bc1paewxxtr2dkmuh7n7z3q9thddrwcfkanz5uxkt85ksrja8swvqanslhtu3p,18,2.3543005200414577,42.37740936074624,0.00010066558440144309,8,10,396578.6263672941,0.7272727272727273
bc1pafj309x88ppezdyvxp2e7emlggdkfnw05ge4cwkhzfxmt40qkk4sfj37az,19,1.5026003310221037,28.54940628941997,0.0001091234325581097,8,11,375988.5297756111,0.6666666666666666
bc1pafjnlg5wy62g7h2skvlgdg9dpzxkxz9p09cfcxg2qaj0yy4pj4nq4n0pzd,25,2.108103238315822,52.702580957895556,8.607890499127047e-05,11,14,285863.51284345833,0.7333333333333333
bc1paj8mehymupwvp654t8j9nhq9av9mfpgqn8fxk5fvkeyezj0r0dzsy9s6na,2,4.999633388293169,9.999266776586339,0.0002596186415096,1,1,18647.262057,0.5
bc1pajj6y0ys6rzrddjnaajd0a797x480jezl6w3letdgu7y55m2ufhq2hyx7d,18,1.8161703624008974,32.69106652321615,7.512283381565503e-05,2,16,397524.48384999996,0.11764705882352941
bc1pam5l3muynk7jj69jxq4g48fpq50d3xzfs0wy57wnyg0645cqymfsj7vv5s,19,1.9511190290778937,37.07126155247998,0.00010597994321967211,7,12,396164.2140748889,0.5384615384615384
bc1pamgsgqmw3p2c8a83wphrypkun0yjmqt6dtt6rs5pq7uervgh73mqhw8e83,23,2.3478392410976996,54.00030254524709,8.232120386576696e-05,5,18,314412.0961545455,0.2631578947368421
bc1passlmt8fet68sqf22wxgzwch8mdadmffeayfwujgm4ct2u8g09fqz8ux70,26,1.849957830090348,48.09890358234905,9.969045010766448e-05,8,18,291619.43585852,0.42105263157894735
bc1pawxsj88wsrpsymgspx22jwqynkccdrxj9fj9zmmtsgsp3chhtefsn4dc2u,22,2.957001932815126,65.05404252193277,0.00012490095509855214,11,11,316922.9725780952,0.9166666666666666
bc1pc2kdvjw5mmr03yta8tk7ksqq286nhdy5wawtnt3x9gcxdpm7smxsj4sq8p,18,3.1224994559444688,56.204990207000435,0.00010250317873737868,6,12,389234.58368941175,0.46153846153846156
bc1pc2qvfhqjyh03vmu57glk8m49dzdqfpv2w05p7c9y9gxnf2gpz4esghjumh,16,2.123164981740089,33.97063970784142,0.00010936959814775129,10,6,460615.2368971333,1.4285714285714286
bc1pc4h2jplqr6urm4z34apylpst0gamazwuea5z3qft3tu2mtw9r6dszva0nq,16,1.9087130132698231,30.53940821231717,0.00012028916295127495,7,9,408668.00675699994,0.7
bc1pcgdtefg3ccfp2mqq9t0cvwlvyzf5cwrx0jc9dd755tjnkyammrpqdxx3k3,1,0.1077665212593884,0.1077665212593884,0.0001226609381705,1,0,0.0,1.0
bc1pclpcxd0j6qs2zrks2eq8qx9dty4ru6caqu4e4ws2mka53928mr2qjwehsa,9,2.5502440915045135,22.95219682354062,6.248217684855162e-05,2,7,725498.1257393749,0.25
bc1pcn4n29s0hvxmqnjnaysrfl8jz3ss6udw2l9tnwyt470h770dyvuqkhsjek,2,0.9998324443307278,1.9996648886614556,4.4333369082231585e-05,1,1,11575.304803,0.5
bc1pcplw4vchh42emm3zfygamnunnkkackyeynfaw6jnsvc240k57g5qdahr3w,22,2.7274564195321456,60.004041229707205,0.00013295917230487874,6,16,366739.6428858095,0.35294117647058826
bc1pctrc72mhz4hue78cltfegn5nvydefzj9f2w6dq3rhd7lxsqmk3rs3mz74h,24,1.5996151615475755,38.390763877141815,9.64998149327098e-05,4,20,327766.32927630434,0.19047619047619047
bc1pcwza4rpn3amft0gv4jq6fny853n5ltn4mcetly93nhn4v9grffusguzxh0,17,2.1652670949123594,36.80954061351011,0.0001131955944237313,7,10,455795.6920230625,0.6363636363636364
bc1pcx2zqvq52y3ee6gkt34fkt2gckkzp5sr6cdctf3wq7ugxsmeqjkspz6znf,9,1.9077992783090518,17.170193504781466,0.00010155346279415294,3,6,683161.62589625,0.42857142857142855
bc1pcyg2euvqk85ch6yd7d9evr5rvfwwus0wkek2ycdqkfe86tgqaq0s93pt06,17,1.7412641134402786,29.601489928484735,0.00010488845162105012,6,11,460003.6248029375,0.5
bc1pd90t4qeecm7kvwqmzxzc7n2ansujrrxrx7yekvuldtazq7cq5g7seytjjw,18,2.585690541770365,46.54242975186657,7.939639378297825e-05,9,9,390091.61807052937,0.9
bc1pd95yn30dz69he7pyn6sweuxu63kvv3wvy97yux4mjqcz5uj4p07s3m4gxn,17,2.419557239991366,41.13247307985322,0.00014002941976651873,7,10,375635.3968073125,0.6363636363636364
bc1pdkc66y5akr2hn3s9tcn6w7np0c9rh07zl2dvxckfyyaywwngw0ysuwrkh9,18,2.242717014055904,40.36890625300627,0.00011119214217513372,5,13,448864.26287076477,0.35714285714285715
bc1pdkctw2s6lg2ql4hkmhyhrajazc6e76mvvg9jncvjwwe4rhut9upsm60573,18,1.6837379473799066,30.30728305283832,6.341206597516893e-05,7,11,440504.86614435294,0.5833333333333334
bc1pdldejh4jwgktmmqs69pypezn7v0rlst5djn3zn9s3xfq38tpnf9s5z524f,18,1.943879445238284,34.98983001428911,0.00012073230836176751,4,14,397446.4536759411,0.26666666666666666
bc1pdtny9xk02xkalcxh33wcxlqpwcl5ngwufjm2e5hhe5rand5ashpqmytpkt,20,2.0956158975671744,41.91231795134349,9.155983247743625e-05,5,15,379598.88477099995,0.3125
bc1pdtxdddc04rmwjfs6l94349qp4hw9286z93wtgcr7qpfkf3qhu7zshkvk09,16,2.128293304195133,34.052692867122126,0.00013163491911389832,5,11,291259.2103934,0.4166666666666667
bc1pduaj4x2d558dqjat7aypkg0wugmdxul8rcezu84ymfm8qy7mkc6szfr4fg,16,2.4997305679426565,39.9956890870825,0.00011380193764955083,5,11,483541.8632153334,0.4166666666666667
bc1pdw66gxp52lpwyhsjkwmuengsgv6z5xserp49qsxa7g33cgzpzlzqupszmd,17,2.2346641766105884,37.98929100238,9.922231305599243e-05,5,12,432882.1067103125,0.38461538461538464
bc1pdwkpnn7h9r7k8fnstrwwfde67lqhmepa6sknhvsp7y4q9ntnjtashhngw7,16,2.320924452506536,37.134791240104576,0.00011183886898183554,5,11,442628.39107586665,0.4166666666666667
bc1pdy4fwug7mmz72m4vwmmg8uwwl72ena9adltge30p5ydfdlpny9xspmhmsm,19,1.2355754048370882,23.475932691904674,0.00010911887891399166,7,12,403480.0144731667,0.5384615384615384
bc1pe0mwv8slgksq76hhpu05kjpvcmj8kkadgk68t6fhwcspsl8a247q48jm76,17,2.5391053712628557,43.16479131146855,8.238053241208518e-05,3,14,425448.24203618744,0.2
bc1pe3zx4l9f5zuw99uznqvyjeg8e3zy2rjucswt2gp05kq8mr5nwudq7j7ghn,1,0.28491423000150723,0.28491423000150723,0.0004485241485468,0,1,0.0,0.0
bc1pe5gfmk5g7uwj9jy6l386ktukkd8wjtcuh64hma0c2aap4eyy0hkseh8r4x,13,2.381634350057848,30.961246550752026,0.00010282880687301029,5,8,453376.3413835,0.5555555555555556
bc1pe6m49teh298mzr06aufcgqkfv06nchc6d3ws7jsxcu98tft6jcqsa7mnye,19,2.3108483018609056,43.906117735357206,8.743605925350664e-05,7,12,417276.9429618333,0.5384615384615384
bc1pe9qj43dq2pqcvkr3rgg5mepdx3cmenpvvypv4y7q95zvmuywps6sz95qhn,14,2.7004671832396676,37.80654056535535,6.531940644169625e-05,3,11,576543.3898676153,0.25
bc1peejkk44anp95aqkfs4hhs4x070amyksyykv9wmalnkwqey23n29sxeh95h,10,1.662731015618284,16.62731015618284,6.114988014887486e-05,3,7,494461.5601113333,0.375
bc1pegeyvrvxuetektmcxvrepny9a28qxcthcv2hsnqr7akxec2g93qseh67pf,1,37.64755656454428,37.64755656454428,0.0001650300273501,1,0,0.0,1.0
bc1pehvw6hc2s3upgwn4ncckue95rvt7xtydzyefcqqgn3tr36xzcsxsxq5jql,16,1.558955905876199,24.943294494019185,0.00010261212456096663,6,10,450308.45193859993,0.5454545454545454
bc1pejf2qka7qscvkywdzhm9rdn8hhlrnrve38sny28schfwp4q6tcmsf4qe0h,15,2.154057992645411,32.310869889681165,0.00014344516526591832,4,11,502737.8957413571,0.3333333333333333
bc1pen52ze5e60azrltvrm4lvz65vs9hxzfn5pgjpvw4ap3xadxyvslqzz6c50,13,2.21869596477263,28.84304754204419,8.030978121007376e-05,5,8,612451.4885560834,0.5555555555555556
bc1penwfys6ycy5eljqcskt80fgyjlgs0fystp6md5aasamgwq20pdjqgjp0xw,19,3.1696574778427746,60.223492079012715,8.201994796203496e-05,9,10,375269.2547879445,0.8181818181818182
bc1perg88p364qfr6uj3rswtfre8mney2v207tzkvpf5y9edlwlmrmlstpwu7r,1,17.288957217907413,17.288957217907413,1.2818858335063998e-05,0,1,0.0,0.0
bc1pescvyysuq99q9kplxvqhl9d6v8cq0vqeupmvx6u6l6u3m4e85wfqyknekd,22,2.1914478221610745,48.21185208754364,0.00011340423236847894,10,12,357239.22498261905,0.7692307692307693
bc1pf0t86eee406605ud3gwlrt0djmy92td7e6tany5d5egzuxkayqashqzywx,18,3.7895962485564514,68.21273247401612,8.061790891518588e-05,7,11,366492.1390838823,0.5833333333333334
bc1pf6llflkfuhlrf37qw98uuvgex8d2g92t04x6rf52940ywv3kuxfq5rrukp,1,32.3220296547578,32.3220296547578,1.409313907295257e-05,1,0,0.0,1.0
bc1pf73w25gev0qef6dzq7py0h7sdchd6zv2m3twn70dqx88cju8gugsv8pxsu,2,4.999867704996062,9.999735409992123,0.00016210615132535,1,1,19046.589895,0.5
bc1pf78a6q85upy6add75vsctm0ausvxh90q2rycz89zanewxa582ukqzrq07l,2,4.9999646615264615,9.999929323052923,0.00011838392149573179,1,1,18809.486832,0.5
bc1pf79zj0jf8tuy0pldcfnmucxkdcyr08h2uq0q5y6q6606346s3z0s52z42n,31,2.030232782571124,62.93721625970485,9.859307139182779e-05,5,26,236652.6578294333,0.18518518518518517
bc1pf8x6u043a63yey5ghf8jh8n5gq4fgfmx7hqrv6rw8wphu5wjsr2smlyv74,14,3.2408870939476877,45.37241931526763,9.375105353585926e-05,4,10,543585.291554923,0.36363636363636365
bc1pf9l0d5aj87w7qxac66yxy9xs4rm4saht9z2t9dtwnukpusxx0s2q79ltxc,17,2.2536309628515796,38.311726368476855,9.093551378057835e-05,5,12,295095.802155375,0.38461538461538464
bc1pf9qsd9w4h7aw6ctqn9sycmml2rhccy8cqhd7537shr853gwtnv7ssr6lmz,19,2.1540590556853814,40.92712205802224,7.623911448679897e-05,4,15,395809.7142347777,0.25
bc1pfaf2xx0v3ecv6ajzv9hvvufvyct0prk8688rqa4halvqntzw8tqsl6dy00,1,4.999979885968529,4.999979885968529,2.011403147066933e-05,0,1,0.0,0.0
bc1pfcwaqzw7hhrnn4y6a5rmcv4pxa5vmcnn7tnn28ne6zf5l8dcfkxse447zx,13,4.608822670971245,59.91469472262618,0.00011425291594199024,1,12,498438.6798806667,0.07692307692307693
bc1pfhhtzr4qk0r3gszgr74gn5s4la0s2lxxrenh7v5l7whj9eweseusa8rc38,19,2.2706014190375305,43.14142696171308,9.95187177874959e-05,7,12,329964.1059634445,0.5384615384615384
bc1pfhy835t0kx4jal5k09teemh6q5rx98vy43g8a9s2cj07ujya4mwq0lwtnn,13,1.1820216250789517,15.366281126026372,0.00010293183345406123,6,7,579377.8794884168,0.75
bc1pfleqvpa69a3zjrp2w0269xnfpsvmxhwnwn5s4uhmgayugcf5ytqspggetl,21,2.0217250433713603,42.456225910798565,0.00011936167955798028,5,16,383085.1675015,0.29411764705882354
bc1pfm8zvaavlnx3tcgs5kpj8nqt22wfuqut7zuv02ct73rpa0wcrdnq3p68tl,20,2.5749998481914576,51.49999696382915,9.189601151393708e-05,7,13,368645.3125836316,0.5
bc1pfr07eeskjewqdp6svjlk68mv7gchj9a0p8gjjkl77nzhgzfuy0eq6t5hjx,17,2.022603553068171,34.38426040215891,0.000103689643679288,5,12,415137.1856555,0.38461538461538464
bc1pfr6htu4s5lma5j8zt2cket6un67n5tx6vwqtv7cv5jzy7rnyr2ksf4t3hm,21,3.233450001841925,67.90245003868043,0.00012126404449301945,11,10,329625.49021469994,1.0
bc1pfu4w507lwv9mm6zve24e4y0t4aa2h4zhwue7ku4gxvpe98sv7qgqvu0s7p,20,1.839171322821479,36.78342645642958,0.0001057935571734042,7,13,373324.7447161053,0.5
bc1pfurcft9ag8ahvcp8rr2gxtv3jqj5kl7sh3fpw5yme2wxvxvfwggsapeysg,23,1.426639280496063,32.81270345140945,8.579387126180917e-05,7,16,335935.67550022725,0.4117647058823529
bc1pfwemnjeve2jks2f8p9dgw44syle56h0z5evvdnvllp0wwn5s0cxqhr6ank,1,1.0,1.0,0.0003424191955459,1,0,0.0,1.0
bc1pg0a9paklfx9xatadsvd8zgx7y36ze5e5ah645amys78k23ln762ssc08g6,22,2.604513442304524,57.29929573069953,0.00010625736261403802,8,14,360876.7864647619,0.5333333333333333
bc1pg3gwc86ymeydfxrm6r8x3w0p8z8q5vhhsme57ntym4q7alktz0nqrs2nlq,27,1.8767235131748234,50.67153485572023,8.690223025555722e-05,10,17,268076.41977623076,0.5555555555555556
bc1pg45m2rykdlc9668jew8t3x2r5y7lfsf04c9kplzn36f38khs59esfzvvyl,15,2.0427626109318626,30.641439163977942,0.00016294916961807573,3,12,541804.9978237144,0.23076923076923078
bc1pg5ter3wa7u7kpvcg2sc98tvcjl5eve49cs004yuwsxxjud5drcjs982zg0,24,4.783342829962476,114.80022791909941,9.694619250026538e-05,11,13,333392.657304826,0.7857142857142857
bc1pg6z4c66k9xxnv28zx2gy7n4aef5m5e3nglufw0dzfpk5xgdpq4as26tqqj,17,4.281731409875769,72.78943396788807,9.598467061801656e-05,9,8,429233.8680223125,1.0
bc1pg90846e3qf7wz8zhpkl3lh8sthke7satp452c2wh6ztguwm0a0vs80zsyf,21,1.2396529562025735,26.032712080254043,7.921851169810942e-05,6,15,367889.1009437,0.375
bc1pgcwxvta6jazh9wrqduvr6fv4h3mwxzc370a8ul7w7wehze7pl7aqq357uj,16,2.203544742391446,35.25671587826314,9.410776445065252e-05,7,9,484746.51551700005,0.7
bc1pgfxjsy4z2uu3r7cdw2d4fuu7lp96y6raatnsknhw0n524q0dhcfqxtft4p,1,0.9306436366363638,0.9306436366363638,2.067034472270008e-05,0,1,0.0,0.0
bc1pgjkx79knlsqv2xp3ksdzps8947repad6wrh3p7f4lz0fm8sc9l2srukp76,17,1.512515390971929,25.712761646522793,9.081575592227217e-05,7,10,467629.16179125,0.6363636363636364
bc1pgjs4ynt7aqyjlf0sxq3hkdrgltmj44uf8zdzdeayv932thu0ys9q0dh47s,2,9.268333546311668,18.536667092623336,0.00014238812274839944,1,1,1025.9518,0.5
bc1pgmp7sa8nmsl5s4x94kpjpnpuv5lm2acmk990j07fgtvuwa4l4qlswjl5p0,22,2.412597837841967,53.07715243252327,0.00010770499654909148,7,15,329455.45040519047,0.4375
bc1pgmt2a02wvaxv0k85d89quy0gypnk43fqvq6cy7776cr7kpplr0cqkzqyh4,15,2.5717521610819865,38.576282416229795,0.0001021452408930752,4,11,512284.6930033571,0.3333333333333333
bc1pgnfew2fc76jm2t7cwyudmdlf6fjd3vh9qej5qajup936upkqknwsxlrpwp,1,0.5488375423359637,0.5488375423359637,2.142491107143169e-06,1,0,0.0,1.0
bc1pgv70hul2wjwmrhj6c72gweegex2uxaghveezpe4t6jaj750jyr8s2h2f8a,13,2.8922946125362667,37.59982996297147,0.00010857583328458284,6,7,597869.923573,0.75
bc1pgvugkd9talh4hw86ft0404cyvg4tpckx8z3q430lqrhgpwhsd7lshk3eha,20,1.9017184987750213,38.034369975500425,0.00012088367250915753,6,14,382780.19919405266,0.4
bc1pgygn2j8peqhuepfuzw7xtag828rmp7n4tlxry8x905ft8704r2cqum7a2n,17,3.1295029179272533,53.20154960476331,8.173679022740026e-05,4,13,423680.36264818744,0.2857142857142857
bc1pgym5pz4cuhsqj4zpz7jhkq35majc3jzkf4wlhrhxrrtzkcuza93sqgkfz7,17,1.7457357321213012,29.67750744606212,0.0001229431612049447,5,12,445799.11616125004,0.38461538461538464
bc1ph228qd03zsnr4q2hr5rq76pmvrsnwuqhczt5n0a9vc7g5hadxppsshr2yv,24,2.311380420525802,55.47313009261925,0.00011812426692113363,8,16,299042.4389641305,0.47058823529411764
bc1ph2hssnxq7dd94zpuwlr55ha409zyegur64pxkkxlhtvt930l5m8q40ywg7,17,2.301326639324575,39.12255286851777,0.00011402280396926818,6,11,427460.4621599375,0.5
bc1ph2t6pavupcvute7uzpwqupv42gqpjkrk7qh0seh9d3q8qk67mgls8hdmtq,2,8.268466294699529,16.536932589399058,5.988483209745756e-05,1,1,210.388394,0.5
bc1ph668ylps8588pwc555zpyp3nj539j72e22mj3sqk2swnry0psuystj6tzn,1,0.9717975287754257,0.9717975287754257,6.562168311932615e-05,0,1,0.0,0.0
bc1ph7w7g7ett5y0g56z4jwet4yn0re8x0yycd9sh3q2t482w42eextszmjl4n,19,1.5881228836288839,30.174334788948794,6.895989804906311e-05,7,12,411315.2042567778,0.5384615384615384
bc1ph9vq2qez2qcgwjx9etl9fv7a9muraumefucpywfqmwqx0nj5cmysrtx0nl,1,0.4536639859355812,0.4536639859355812,0.0003709900103473,1,0,0.0,1.0
bc1phdfxz4x7jmq8wdj8mveqtcay2yu2vftfalcv6e0eh0xagmn3zv3qvzrf43,20,2.198235642848896,43.96471285697792,9.568844925579436e-05,8,12,400484.3422633684,0.6153846153846154
bc1phhppnn0l6dgw70gy008wy4d8tr9jnws54jm6q6nua77gkul6l0mqp6hnn6,15,3.5848133215035975,53.772199822553965,7.1116903256773e-05,9,6,552355.2083102142,1.2857142857142858
bc1phjx55872273l4zhnszu037h225klakss0pzqdrny2ldpxt5wqq9sd3vk2z,21,2.438225088419324,51.2027268568058,9.66379584520797e-05,4,17,372528.57421725,0.2222222222222222
bc1phlm56gfnq0z5as26ujl23rs7y5l2t5n9rggcvg7u2t54t69f7hnsvu8v4z,25,2.5228156752784323,63.07039188196081,6.518338458414807e-05,5,20,313254.91540495836,0.23809523809523808
bc1phnaapgmepx29xsqakfrn6k0xur62m8d9wwu4s20vck2wt9xwmzls52da6p,15,2.3948100323162804,35.92215048474421,9.715786608200386e-05,5,10,474140.4882463571,0.45454545454545453
bc1php8qf2g46emnckjda7myyjz3mx6y9rq0alj6setyrrpzhz6auy9qzx2ey9,22,2.1042873390987755,46.29432146017306,0.00010523811563253179,7,15,349749.7583680476,0.4375
bc1phqppq2at3luns4p5a3uhfna25nnlrvfdcumzhztt67zjdg3jhatszdm822,18,1.3073424940424758,23.532164892764566,0.00012908494082800577,2,16,373175.0584724706,0.11764705882352941
bc1phqrw8jl65hfm6ve4ul9jqrfpxzepy7kqnsutt6hnfsc57dl279lq0s2ycu,21,1.783987981421471,37.46374760985089,0.0001068332282013241,7,14,370617.14243530005,0.4666666666666667
bc1phrk57u9kwruf2vvzywernedvk63rj03kgecws6a2ragr5pert08qele0c5,19,1.6218661859962809,30.815457533929337,5.857455652882435e-05,7,12,397823.7636766667,0.5384615384615384
bc1phu9rcettqdpr7jk7e5tj4qcx958293m8efxes7gjkfy8dgpv6hfqw30qjh,18,1.7291237700461595,31.12422786083087,8.224757012980917e-05,6,12,434420.46353211766,0.46153846153846156
bc1phv6s2u88zrjzyjucwtjs7et0tttrnqg7deymnej4f4n9k9t4wjcqgwn3xr,1,0.32717017670648146,0.32717017670648146,3.404401930279728e-05,0,1,0.0,0.0
bc1pj22y3587mym8vejydf7np9q3decj7pafhtls76adalxsd5jzr8uq7dgdrp,2,0.9998191097806045,1.999638219561209,7.062303196226844e-05,1,1,35049.644692,0.5
bc1pj5s23gqy0y0chgnn7vdpzj0kq2l887m7lzxlwudm49sa9xpy9wyq49nce7,2,4.999627472991847,9.999254945983694,5.201354651821644e-05,1,1,32192.955885,0.5
bc1pjc3jmhxrnazw6zwlc2hdqyl8efw29p3amh4uhed9jcqmeuudyrxsaguxs4,19,2.6698636100172823,50.727408590328366,9.74241639626659e-05,8,11,396904.0581220556,0.6666666666666666
bc1pjdu9dlucg6ek8w5veyus4al5h0pktdanjr74z0rv9e50swvjkxgq26ehly,19,2.208236047991537,41.9564849118392,0.00011397310787983326,9,10,395577.2327323889,0.8181818181818182
bc1pjex6jt7c8vay2ayeqxd87n24g3tkzej34mz7q9fqg4yvan2yqd7sjdyf4h,2,4.9999868491697175,9.999973698339435,1.2473110292175858e-05,1,1,18579.617135,0.5
bc1pjfvu55mg5uz8mevhv2p5d3d2lencxau78zkgsq36kza6h27hmdxq4r3fe7,23,2.819953470964551,64.85892983218467,0.00012353950085252087,11,12,316685.15917613637,0.8461538461538461
bc1pjggk9v9dh3d6w3xrpumukjehc570zhqnwanwsm7gewx30je4lm0se9artf,21,2.5049257728429852,52.60344122970269,0.00011718706070678635,9,12,359876.97707470006,0.6923076923076923
bc1pjhu7hj78lyhrx5gz243gfsrhu03ag5hrzplyghpnj99vc006446q6685ea,13,1.910939193245285,24.842209512188706,6.912714141005286e-05,2,11,530407.184241,0.16666666666666666
bc1pjt7cm8h9lj32llr9knxz0fuc507d2rmdcp6422cynfhlt2kz5w9qjw6any,1,0.10383463544707763,0.10383463544707763,0.0001887309210136,0,1,0.0,0.0
bc1pjtac6tdyty0rerdep7j26kr6vdurwwl5c086hxhmhqn3cvlzgnrq3expam,1,0.10477499219297107,0.10477499219297107,4.4507093404995306e-05,0,1,0.0,0.0
bc1pjvaz5w4d6f0nqvmczalzxzxczgy4cnp6qzu2j5p6ysqedfc44frstrcm2u,19,2.5986038492449617,49.37347313565427,0.0001291107022576806,8,11,357809.7316629444,0.6666666666666666
bc1pjx4t9u9hf9htcdwmh5da3283s8jmalzqxzt8r5qjtvqw0gs7zzwszgch05,13,3.310302851004415,43.033937063057394,8.51825513997924e-05,3,10,546988.37347875,0.2727272727272727
bc1pk28znvey76enw005ppxt7ldtxh59lqhvzpw8jg3kkngte8sdch4sjgheak,22,2.3537523231415554,51.782551109114216,0.00011210931564942842,10,12,353894.07060019043,0.7692307692307693
bc1pk2nlgmgxqzwsc9w7rlwk0p2ftp5thm63r33spa6xva7vnwztdn5suh6enc,1,1.6014310346449285,1.6014310346449285,9.989666225251734e-05,0,1,0.0,0.0
bc1pk45qfkh4q865hjy065rwzk72jax95kcyamlcg99j5z83exrukgts5h8zys,1,0.3937641277214687,0.3937641277214687,0.000374829181652,0,1,0.0,0.0
bc1pk4lqjz2mxgc7k25kpkf9n3mkcwdydgvd0atlm80pp6jld5x2a5wsyuewtc,25,2.4160483922733804,60.40120980683451,6.29198551648859e-05,4,21,290379.027874625,0.18181818181818182
bc1pk4xfe72sel6mut9zdp3xpxpqk3m7y3ge2434n7tu8kwqw440xwqs3yfge5,24,1.6331535961574781,39.195686307779475,8.774823704731412e-05,7,17,291560.4036235653,0.3888888888888889
bc1pk64x376qxsh7fevdlkeku2ka4va9qd9z2yjayayxjke3r64ueu4ss5ur3w,21,2.217624541545047,46.57011537244598,0.00010935323038279038,6,15,351519.23088364996,0.375
bc1pk97mrw0c88rq6cassvpq0fag09em63evg4l7pzysm4u98q859xlqkhww5g,21,1.5736842076832627,33.04736836134852,0.00013027041510326547,7,14,373981.78087375,0.4666666666666667
bc1pke2nrwqzlax4g2u5n9llegn92q24jj7xqnh8nwjmee6zwx7tygkq8k8nu5,16,1.9931632004933373,31.890611207893397,7.962702187100533e-05,9,7,496744.5287172,1.125
bc1pkfgxewgqt6yxtkp05fexvfgwuku7fq537rt5pxda68cye2ymh9zq2mw4f3,18,2.9072732021688363,52.33091763903905,9.022620657098813e-05,10,8,350217.99241058825,1.1111111111111112
bc1pkg5skt05k782vgzl0j606pxrh9x60gx2ggprkuvsncamcd3a2v6s3nw6q4,25,2.5791724599132744,64.47931149783186,0.000106412111372094,5,20,284031.7608325,0.23809523809523808
bc1pknd0gxtfuelqj4ydeepph6dzq35l8t4ygltetswvh7lfcfzaft7quqmaxm,19,2.5710361652537523,48.84968713982129,0.00010110784154661583,4,15,348160.8385043333,0.25
bc1pkttmw7tq95a0wxyqtamlqjwgzv8td0p33uadc0cvvnjf5yuzaj5qla00l3,25,2.9045654540525585,72.61413635131396,0.00011010300482856384,9,16,320545.817984625,0.5294117647058824
bc1pku27gler3hf8jrat2e9mnku2e2zkgxuetmaf42wdtlh7kg4s8s7sa6apaa,27,2.0910549488996013,56.458483620289236,6.792926104614497e-05,9,18,275783.39374180767,0.47368421052631576
bc1pkx2sgwxw6svmpmx3xjdrx302qvslrak952vvkwr0cn5q73prjedqney4qa,20,1.9420215102476437,38.840430204952874,9.98040311043604e-05,9,11,376633.7266277368,0.75
bc1pkyej2jjug2f5caqdmfygj62c8k7jvhcp0h9evewtspa5j45huftswlq5yg,18,2.665252149937804,47.97453869888047,8.421294328697552e-05,8,10,418682.4052434706,0.7272727272727273
bc1pl0t6hcvy3ha76s63ejdmhdprxqjljgarpp498xqeupf3n7gne7eskd470x,16,2.3815045192979025,38.10407230876644,0.0001258274421829482,4,12,510076.67358279997,0.3076923076923077
bc1pl85tzxd2tejk674r3xaf5539zhxwlglr055jtnx2ez3egf2c8qasrkskd2,33,2.445973617857617,80.71712938930136,7.727261555786518e-05,9,24,227835.68566325,0.36
bc1pl9d2aa3629ldn93v7d9e4s3y84eaq5qx7uqaxpvh7lyqc2q2thqqxvqsd9,24,1.7379305380227683,41.71033291254644,0.0001215324425632244,8,16,313460.50479726086,0.47058823529411764
bc1pl9sn0mklsfrx32x07w2xqgv6zpq6gasp765jv238tg3w5etrm8tqgj787h,21,3.1470608304837153,66.08827744015802,0.0001223928805005738,7,14,327005.5467734999,0.4666666666666667
bc1plenu3yve08juk4y4kfspr4rfa76g8sjh9t6phmnsx5zw3766m3gsprark9,16,2.6792453727792105,42.86792596446737,9.590818692165978e-05,9,7,476582.3221116668,1.125
bc1pleyv8dajaek2zqfdev6zx5qn5eupzvt5eg52jr5f7y2tfgza77xqgkltkg,20,1.992499661869364,39.84999323738728,8.68063473094735e-05,7,13,359704.5153960526,0.5
bc1plg2wlfsan8e390rxffnnnkel0eqwgkmc6zej8vgqhswxppy30acs97862g,19,1.92477611196962,36.57074612742278,0.00010029586673847324,4,15,377942.0336707222,0.25
bc1plkjpu70t80xyd0pa5pqcfaln8xum393kklj9maz2eqvygyj9cykse09x68,25,2.042994262182703,51.074856554567575,9.534134944891956e-05,5,20,279887.513118875,0.23809523809523808
bc1plkml2pkylnf7wpl24d7ma64syllkggljrfj3e4hk85gaah6kczhq3sfup8,1,0.256007511062013,0.256007511062013,0.0001312163141665,1,0,0.0,1.0
bc1pll9xe5m9huuz3hrk3039sush80psvrwqexy58j5n3wje5dzqznqsw62ns5,27,3.2708786835128234,88.31372445484624,0.00012508474885148822,8,19,267169.0567754231,0.4
bc1pllv0htqtt0x8vd3dc3xd0zswcqetxl24lxswzv3vjq7cv09mp8lqsdu56t,18,2.593174869493634,46.67714765088541,0.00010974630996013113,7,11,447120.6039725294,0.5833333333333334
bc1plpfx4r7ga0vg52x7g06jna4ykcd09easdlp7mz0w9cqka0xw3t2q4nykh0,19,3.8709030869474024,73.54715865200065,9.053240486811098e-05,9,10,411202.9531327777,0.8181818181818182
bc1plqnqd2ptk60l9ca0p6lr2p7t2dd45kh34z7zwyxdwh4x447k88fs6x886h,21,2.490900457734477,52.30890961242401,0.00010250212803301187,6,15,367846.96249445,0.375
bc1plqtjdlrgd55pc94wktlfyle5zdarj4k5u4ds2tuvt7dv69uekfyqs6gvmp,16,1.8913129512064626,30.2610072193034,0.0001322753889236895,5,11,430205.7771379333,0.4166666666666667
bc1plsrdkq58u5dx0zu2n8fxy0jg8ueafzj7uklfya3s5y2lpn84k06qqzc69x,15,2.147446514464244,32.21169771696366,0.000113369143869119,6,9,543048.3898933571,0.6
bc1plu34xmhaka26fxvys38g2a66th06qsudtkjty3n7sh3858fkes2qsxd57u,19,1.850770939145552,35.164647843765486,8.160885976503318e-05,7,12,365923.5192660556,0.5384615384615384
bc1pluxalk5zzj9k03ljrw9c26u3zg3vdtg4uwu97r37lej8z4nn2jzs6qzg4f,1,5.0,5.0,4.366735261532588e-06,1,0,0.0,1.0
bc1ply07s0p54swzqvwamc7zrvzra9tmp3e34mpamauf8zpxyyv2uagq7374dk,20,1.8155935074954983,36.311870149909964,7.736802510336513e-05,8,12,399266.5664212632,0.6153846153846154
bc1ply95786gz4twljf3vnhjsuwagaz2evn2fzzyzn8qdux4wq4m24eqgwdj7j,22,4.077811350573544,89.71184971261796,7.994438844096964e-05,4,18,299124.9367899048,0.21052631578947367
bc1pm0gxs0jmx9ueg4dm7pxeq0ad7nrkufh2f3h5vkkjxkace36gs3tsv627q5,19,1.4243849927087922,27.063314861467052,0.00012274972252261762,6,13,312435.5182845555,0.42857142857142855
bc1pm4eumw3h6slscrpcgeqz7usu458fvp54udm4fdcgk0w8apq3dntqvk80ml,17,2.904916264539379,49.38357649716944,0.00015775353083228834,6,11,449549.6927941875,0.5
bc1pm5p9wyyj7zamqq6skcyjyvhut7dc2v6c0zkvv6lyy9ytgpxme9csx7kh85,1,0.10703689284292131,0.10703689284292131,2.2842056089081248e-05,1,0,0.0,1.0
bc1pm98g62qpjcl5u6kmfxuvd7w452e7gntmnr58xjazea4u5azn2phqfcxcqn,16,1.7995424251945782,28.79267880311325,9.401630110460385e-05,5,11,459979.0892546667,0.4166666666666667
bc1pmamg4c8nmxj5xy9y88225mv7dntzaruy6mmyxlf3rdld3m3m3kyq25j4nh,21,1.4802999885018011,31.086299758537823,7.795274439445481e-05,7,14,355511.00134325,0.4666666666666667
bc1pmchw0ynkvccxjn0en6m0ur8hacasdqddw4dlnle38rwttdv6jk5qlwlvj0,21,4.052513726093482,85.10278824796312,0.00010397391291402651,7,14,375705.17468295,0.4666666666666667
bc1pmcs6r38f3vfjsx3uan08c8pqk7lxc0enexhnex2954rl87d5737scawsvc,12,2.3035419442831526,27.642503331397833,0.00010259539956500507,9,3,614600.8565126364,2.25
bc1pmefwr7v9lcrakdzphzgl6meuysgq5emvq7m7vxpar5uweajpsxcq069tfa,18,1.6976666512132188,30.557999721837938,0.00012473350355575626,8,10,419877.92753600003,0.7272727272727273
bc1pmfdrvpue28g0p0eql0pypsj3yr3p9upx9j88rh4hl4fer8e5zvyq9emzkt,1,0.9010042677378344,0.9010042677378344,0.0001493855724414,1,0,0.0,1.0
bc1pmgg0ctljk8rd3myk3uwyml5j7lnh4ms4c85ckacjl9pzm96mkzvs5j3vjc,13,1.703836320491497,22.14987216638946,0.0001621052901745056,5,8,582334.1748005834,0.5555555555555556
bc1pmh78tftg5ejpa26lj6cx3gg3t4cmu5ulksc6kxm7hc8yw9hu8lhse7dwqv,18,2.056240843166713,37.012335177000836,0.00011491047018313483,5,13,338136.2031757059,0.35714285714285715
bc1pmk4xsynze0mkhed954mwjau4knjwfk4gl6mx6pjecc2ayqxyu7psv6a7z5,28,2.61402802183046,73.19278461125288,0.00010755430881474712,7,21,277214.2685346296,0.3181818181818182
bc1pmk70q40x05x43xfpyxffa9vcc4hmn9hy8n87wfjlyjk4qpmccz6shrc2df,11,2.202350468460312,24.22585515306343,9.302709464486114e-05,6,5,719321.1331918,1.0
bc1pmmtj6yzn68las7t8umth5uu2p9dxu8vucmf5vm527ze985gr32aq4h4exw,13,2.5052916486293713,32.568791432181825,0.00011203605827918178,7,6,553771.4646615832,1.0
bc1pmq3naxjnz7w7t9d6mggd6h26qgh2u4mccpck0c3ryzu54xw3l4nq5zxqwa,30,2.682098176403123,80.46294529209369,8.497219104240581e-05,9,21,253100.00786317242,0.4090909090909091
bc1pmtukvl0rly9dkdwswrg4gfqswhdsntgw5regf5dnzy8rxtlaamnqh5m2hv,15,1.490141007943499,22.352115119152483,9.049871367671073e-05,6,9,490398.6978797857,0.6
bc1pmtvjdjmeznd82pcr7m294r2d0836wmeqjw5jz7vauh2823xhyh8sau8sx5,19,4.792431791316471,91.05620403501294,8.50838239816921e-05,6,13,390260.05031755543,0.42857142857142855
bc1pmvf4kl0c00352ghkr7sxda6h6aescnq98wx45q5dgjxfp0xertqs7qfqht,13,1.5509025578375275,20.161733251887856,0.00010092737378850669,2,11,449845.54919058335,0.16666666666666666
bc1pmvgl759gp3c2s8jtk0rfuxegeg5hz7hftja8lc9k0awg6696wsxq3mkke6,25,2.0067320760004295,50.16830190001073,8.848795982984297e-05,10,15,313848.73415254167,0.625
bc1pmx488rfludjkphuzz09e5v0a8t3mcls9endjedk22djadrxdyu0quc92z4,19,1.4729633254203662,27.98630318298696,0.0001211747361631396,4,15,385885.5324005,0.25
bc1pmxkk34l3l5j7g68t7229fg5zj8sxpsy5xevwplnkgm54qv4lalcslw47cl,18,2.5247745202061824,45.445941363711285,0.0001487797498097656,8,10,416574.3997098824,0.7272727272727273
bc1pmyq27ejrl6en8tsugtuf58g0ne4383j5guxa6z3npenlga8lv8ks35swvm,1,0.2535509471594647,0.2535509471594647,5.657048660355548e-05,0,1,0.0,0.0
bc1pmyz2c7s2l7e8fxy84zpwqplc3gk26a3htwlhfpcngv8wzd5pp82qysjln7,15,1.7210341248258574,25.815511872387862,0.00012299397967467472,4,11,506828.71815642854,0.3333333333333333
bc1pmzes4qcgwvqsn8egedz58uy546x8npelx3t72d9v0g3udakc37fq3qu0u7,13,1.9766156538356,25.696003499862798,0.00013402600363990864,3,10,556019.2669891666,0.2727272727272727
bc1pmzyy868k6eth4a9qaxp590qdfq6qnqmwuq9tfvwf0pjqta7spndsgjk20k,20,2.681666777506686,53.63333555013372,8.512078586263835e-05,7,13,363286.09114557895,0.5
bc1pn0r60n2vgwuarjenr80lglf98slv025p3pqt0kkh7pa3gmvwjt7s8p954l,18,2.462286933865004,44.32116480957008,8.341198783653792e-05,7,11,402730.965668647,0.5833333333333334
bc1pn3sm0398f2zdd0l3eynevd8vr3w500nmxmsp7flme378gyp6nndq25853d,2,2.4489758428925885,4.897951685785177,0.00012478467848857236,1,1,334.877059,0.5
bc1pn53x6fefp8xx7wk90fz384tx0kn6e3lh2gvgwnhjzw09fmsws8fswrq90v,22,2.222417666175041,48.8931886558509,0.0001246282845325247,9,13,311189.988598619,0.6428571428571429
bc1pn5gfh7lr7upsu5vmy93q97d8dxp22g7kwftwyrmejukmznh6hs3qwqc8nc,27,1.8798970846515297,50.7572212855913,0.00010342697186798103,12,15,249236.68489819232,0.75
bc1pn5lq8m849tva7z7gzjpthq2ujljxnjmttw9y85wmtdvum56jyxrqw08qv6,22,1.550570337873637,34.112547433220016,0.00011152793253231784,6,16,338347.7968606666,0.35294117647058826
bc1pn77tm6z8fk3sp2kpwwmdfdaprrhq9apgwgs3s23pppx0jswz7t3qgeehag,20,2.3491458857792575,46.98291771558515,8.98697143770823e-05,5,15,371758.31054057897,0.3125
bc1pn7nh8ryxfccaym5dgfjw2rpmrlrkxaxg872khau37fdgk2a6u0ts67wpr9,18,2.89677991080873,52.14203839455715,7.672340407250922e-05,8,10,411363.7752027059,0.7272727272727273
bc1pn9dd2xzsyx2yjpk4vkuk5u7neazz8xlqdp9z5k6mnc5ps76ew6csl9pevy,1,0.48422386813407664,0.48422386813407664,0.0001793387033108,1,0,0.0,1.0
bc1pnatkeuw9e3rqzdx88u5vwx3fjeq8rpm0n0uklu8hq23z3s0j5dlspmyy75,17,2.434985601147492,41.39475521950737,0.00012560403864099502,5,12,390686.907578375,0.38461538461538464
bc1pnn6zcuk2c5uqz0h72ju8hy8e4we72m7trhycgl7pd6aytw3sfgxq6r05qy,18,2.244734276750217,40.40521698150391,0.00011451601183896184,3,15,405956.03947764705,0.1875
bc1pnpxh5f8ncvn8kljz8v6p3vgdzqezep4ny8trfrwpw4vdued6edaq9arw3c,22,1.8028831127767762,39.66342848108908,0.00011596423189890872,6,16,344372.8438143333,0.35294117647058826
bc1pns88a7lwf0kep89zllq9g9mk7f7up6tut4wh0csfau67d2jzqucqahc3hf,1,0.1,0.1,1.962276068047308e-05,1,0,0.0,1.0
bc1pnvh0gnp5nckawc7ycgcnn5rymehjhafw8lypu2c0qynlllm8d2nsdsupfj,19,1.8316510898704168,34.80137070753792,0.00013343210640782957,6,13,352515.42558144446,0.42857142857142855
bc1pnyytk46unkm6e83epglnmzqdrjljm209gll52jh6hjq050a4dt6sdq9qh6,1,1.0,1.0,2.875985317872517e-05,1,0,0.0,1.0
bc1pp573k4zscuh63kk3y5fg9su58j56r7vzzlxgzey77er6zqg4l8ysehm9q0,18,1.6791562502539685,30.224812504571435,0.00011532034588556837,7,11,410212.0964547058,0.5833333333333334
bc1pp7njynm289s6g5xnnzly328gd0sv5pvg8r8syufzskqltgqj4arqgjefzu,20,1.8837981637867376,37.67596327573475,0.00012233770573418526,4,16,380945.3378132105,0.23529411764705882
bc1pp7sn6yj2gyxlvxay7xg6pmhyr2463kwcl0mf2j0mwzgn676rpa3s7lh20d,1,4.6420501882579375,4.6420501882579375,1.3053568573274598e-05,1,0,0.0,1.0
bc1pp97q38t8wf9sqgussxq4agj3qku2yfuek0nuzjkq53xy0lny8maqshrnre,1,4.999363620299915,4.999363620299915,0.0004115528589904,0,1,0.0,0.0
bc1ppacmkkva9q26wrhkejjlcwzeqv68y3sjy5ur8rvnduu04ecu3jlqmyu0ca,23,2.647399223320247,60.89018213636568,8.364542875084797e-05,7,16,332436.34348622727,0.4117647058823529
bc1ppd9cev3xg5spuz4mfaea0pnzzpp0jpkxujjk4wwwa0a56utsch0s4chwxk,20,2.2046057930874134,44.09211586174827,0.00010084045945741426,9,11,385823.7334446842,0.75
bc1ppdynf50xdprdhpu5lgl7xevyszplydz5sdkaaxtjvwn94zwk30hq0c2fhw,19,2.2669788856613526,43.0725988275657,0.0001213263393783866,6,13,429831.8474320556,0.42857142857142855
bc1ppgehn2jfhrr56g6e7zj2ltw2zkkw93azhr0948l6g6dmv3t5ynysdz354u,19,2.3336089502544213,44.33857005483401,0.00010425358163598804,10,9,383785.9402615555,1.0
bc1pphkcnpwnkuaayupq9q95l4qcegdrm6nwk9f0mssjtmt2muxnlr6qce8hkw,1,0.1,0.1,3.231316445573949e-05,1,0,0.0,1.0
bc1ppk0x02qug2f0fynycxzf0rdm79whm2f0glrlagrr38t7c369p8js7p76gz,23,2.1100804534576167,48.531850429525186,9.384757424120818e-05,10,13,310292.7427560454,0.7142857142857143
bc1ppqr2ws2c49qcwt97ue5kj3we62fp60g2y5zr9d5tex54ahpx85yqy7n0fg,2,4.999914854233072,9.999829708466144,7.320679577125331e-06,1,1,32014.304408,0.5
bc1pprhtk8dhyueznk9nujheufduqvhmzc0rv6sgckstpdk8kl94spdqd2enkv,22,1.4274944468338095,31.40487783034381,0.00011441479249021833,6,16,313337.4674612381,0.35294117647058826
bc1ppru02et3q0x0cz0p3yf8j90qejjzuersusm8e6sqcgplyhqjjy4q7r0qda,12,1.3739133745801986,16.486960494962382,8.863635432102927e-05,3,9,626930.767424091,0.3
bc1ppsauq8mnjm6uxjm66j823rnj89v26mgn8heeed0u6ffsmpyvwfsqzzh9sh,1,0.5065118476739687,0.5065118476739687,2.6029728756937365e-05,1,0,0.0,1.0
bc1ppupm0qqhwsxeunxx98vf90drp2u7cuwpz3vrucl9ejf433qm0aaqjy584t,15,2.3571359677417503,35.35703951612626,0.00017726881595661167,7,8,509264.15739778575,0.7777777777777778
bc1ppvfpue2axt3ajkrdy92ul9kcc8atlqlfwg0scy03eqdw7h007xqshd0ezu,23,1.8985738973714452,43.66719963954324,8.33614871814352e-05,7,16,300102.16824959085,0.4117647058823529
bc1ppvsxgyfe2svpefggwhpywv439wpfsfsgjlq57tjmkcpx432jsylsjttunq,16,2.3251361092698204,37.202177748317126,9.367599115603332e-05,7,9,465832.3941144,0.7
bc1ppx0h2vvqzlzy0nz7n0er8kta5rwkdcq0hwacreyp3fqde20qc2xsfad4kd,9,4.060762503811699,36.54686253430529,7.467688961565992e-05,3,6,885550.564883875,0.42857142857142855
bc1ppx7rfa948vjx44997atv6pmvwfxqxmlajlackdljq0pjkysswhqqm8h5gs,1,0.36635500439267077,0.36635500439267077,1.3517201830655238e-05,0,1,0.0,0.0
bc1ppxdcfavjgh3k3qzfarddyxn0mj649rtgu6nsuzh4wvmdgvhnxw9qht5qnc,17,2.0253156502790297,34.4303660547435,0.00012938625759091452,3,14,448015.9399110625,0.2
bc1ppxwvwzns3252x6lru5yycm222h2hpy2pyhzpxajaa2vudf8v7h8qc8x2tl,22,1.512456255637639,33.27403762402806,7.801533510204528e-05,6,16,309629.5572084286,0.35294117647058826
bc1pq00w97ma73fn4ghcrlh0vsru85m9pcak4gxra76s6j9rfnfenfssw8l97x,18,1.0134886883622098,18.24279639051978,9.323939041157948e-05,3,15,373995.2999161176,0.1875
bc1pq0x4ew3l4c2smuvs52vdakd77tjqk6htllfpnd9yvec8qr373stsyrfalv,17,1.3975355012733919,23.758103521647662,0.00010471092603782168,5,12,421202.455024125,0.38461538461538464
bc1pq2jhhg69j88yexepryc5v2sqx408xhm46kfttusuec2jdm7kvt6qyezldh,2,1.4752152224988746,2.950430444997749,9.446864190475365e-05,1,1,1541.906867,0.5
bc1pq6tljq4enygph92tdpgcsgvdsq30wpladaqscpy7us5m46dazmxq3rws2a,2,0.9999468899780567,1.9998937799561134,8.557738088743605e-05,1,1,22274.612829,0.5
bc1pq842d2c8s7gzmwtycqf72xydhz9wrdkf9mqc92sm2ccjwv8x39pqrdm9ke,1,4.171254663772597,4.171254663772597,3.9665419504627495e-05,1,0,0.0,1.0
bc1pqc3xfx9h7xmmeg4gewmj7hx7w4teld4p2zz780k72ayt26wdg7cseyt33a,18,1.8099822823388518,32.579681082099334,0.00015445253220172035,4,14,444936.94388817647,0.26666666666666666
bc1pqdkjpfu6pwwj92yjthucxnqjh8v5ypuy0n9y2aacy4q84zmf595sh4wuvs,1,1.0672868228370946,1.0672868228370946,9.298190596161208e-05,1,0,0.0,1.0
bc1pqe9ut9tjnuay8ch24zz8pp9mj7u2h529nlcjyes65246jkdzjs2qjddh97,20,1.568333715051696,31.36667430103392,0.00012425052557111005,2,18,369722.0312621579,0.10526315789473684
bc1pqg8qh26cj7zw7hu2n7nlmqf43lw2p9rwnnfwgawjemuhhwju5azsnch9mj,18,2.065812721002603,37.18462897804686,0.0001079233198789957,5,13,388295.8269116471,0.35714285714285715
bc1pqjkzw8qe6k2v7pphtf9wd74ymww6twz79g8de8eaqn88jkn329dq5ltehz,19,2.158699360795655,41.01528785511745,0.00010815854208619694,5,14,341261.98366516666,0.3333333333333333
bc1pqjsku3djdkwptqwfxq4yd5lp30q5cn2g9atn9nd7g0qpwam5wwaqcnek9y,15,2.4317457373122697,36.476186059684046,0.0001081439999909857,3,12,531494.564816,0.23076923076923078
bc1pqkq26ye758742crxex7c6hd7m8newp4xezjn0hhz95harvmsvdlqqlzjvq,19,2.5062576231094593,47.61889483907973,7.589237399229817e-05,10,9,370536.73016677774,1.0
bc1pqlf0gej2zd90c2pvqm0qrpnzrlpn8qn9ux59tazhjdg2qkv603xstt5mxu,20,3.6504261823708526,73.00852364741705,0.00012448947555913876,8,12,382599.4112921052,0.6153846153846154
bc1pqqc0k7d49tc63m578vk4ma0j755tm65f0n5x9era7mh69e6qv3lskmp8wt,18,2.997774361454147,53.95993850617465,0.00010986241039100436,3,15,406525.81363123533,0.1875
bc1pqs9x3ydhrntja29lhm2sw0najnpzhyu97rc9tdlkta8l32l6ccysxj0jmp,12,2.3913346684490997,28.696016021389195,0.00011682465492655841,3,9,537532.4616567272,0.3
bc1pqtr58jhq8tl0y3utg2gwky5xzqp76nhcdlxqkaky2p8ctwgv237suxu686,28,1.9418980275093212,54.37314477026099,0.00013260383041950653,9,19,269450.15646714816,0.45
bc1pqx26aqqv0juq6qayxpke49cmjmt72wdypn9j5yv05v9y33qs4keszrlkcc,10,2.223282447850564,22.23282447850564,0.00010852723454006489,3,7,715323.1153438889,0.375
bc1pqygknl8rjelrkj0u4rkhkes74gxq0dkwc4ysfj2grsmkmtjfwvzqxn9fkg,20,1.8428932109886325,36.85786421977265,0.00010339151095452958,5,15,381547.6118418948,0.3125
bc1pqzhngnqf7y8zpfzwz80jjpz7d3lrn5svqx4kemkd7ew5j980fy2qx8mk9l,24,2.2434621681917983,53.84309203660316,5.6866704343529844e-05,5,19,331626.7740931304,0.25
bc1pqzm98pgnqztx88s7aas40cl2wmm04m9yhnrqg4hg2pv422anyk9s0ned35,1,0.2510540737849172,0.2510540737849172,0.0002807776285404,1,0,0.0,1.0
bc1pr4vmrlytrl78jm5s3502eejx43qr056dmzx8n5cqa68lkf2pexmsmx79xh,24,1.0603983425406192,25.44956022097486,0.00010422770376308981,8,16,309653.2462743044,0.47058823529411764
bc1pr50fzuudvle6yapaysphn30n8w4nny7htypqmufxcqsw4y2rga2sygr655,25,2.4755711159703937,61.88927789925984,7.176224874777808e-05,11,14,295698.5494739584,0.7333333333333333
bc1pr8z9m3mx3k7pc83lrz9qf65nem7xdlenmm65rycpy9aa8qef8zfssrvlm0,1,5.0,5.0,4.111842840653103e-05,1,0,0.0,1.0
bc1pr9ztta29zjgfmt092dxnlg5acjczuy7569xtk0c0jg3ls3npsjwqcfsmwk,24,1.8552937074270215,44.527048978248516,0.0001018692515129675,8,16,293744.9603828261,0.47058823529411764
bc1pra4x3kr2nnw5u5pptpmz5efh6vep6ucvr5pwahdw8atqtu0qd2ms75snth,25,4.05484624966448,101.371156241612,6.638540220299958e-05,8,17,321715.0738395833,0.4444444444444444
bc1prak4mvwtn68tuc4vfyhr2xrjfc2hm0759pcxludwmmsd6p63h7hsj5qgzt,21,3.8419518412364924,80.68098866596634,8.041752352440269e-05,7,14,333305.25226175005,0.4666666666666667
bc1pral6ermf90z24dyh52w5gss3aax096rzxxse26yg5edav9udp9fscmnz7x,12,1.5954602780711518,19.14552333685382,0.00011896726092282081,3,9,570611.0969475454,0.3
bc1prfp9ddhd2lfyrva80sqv5xfce30g5xvcjmeyqeu40un96vllpxws2a9szv,20,2.9747680848714935,59.49536169742987,8.609226933955188e-05,6,14,382450.3872008421,0.4
bc1prfpd8g6w0fnhr2s4kz4j3g8624ld8cwdyg6um2vwrfna8v6ttg2qlw5mxu,12,1.957807260396278,23.493687124755336,0.00010977753764747041,3,9,574051.786193909,0.3
bc1prj0uz9vt7assfdzk3z0xza84td7qnl8chcawkx2kmmr2zx2l784sewsg4z,19,2.233849733733537,42.443144940937195,0.00010702511395735702,6,13,420710.3055706667,0.42857142857142855
bc1prm986rshm9wqldgan9qp0h7jyxncwjw0zpa2h9a0stu7ehfp4ypsur0vqr,17,2.742214366124923,46.61764422412369,0.00010656628275182592,6,11,439699.651328,0.5
bc1prmhz2yrl60vxu938m8xrdv8mt54jnjz425fwjzhphnsw87xj0ppqjsw2aa,20,2.645770755213356,52.91541510426712,9.804639332762427e-05,5,15,385383.7921558421,0.3125
bc1prnrv2gux8uzt4v6veg290nktsrs6ur56jrfmpzsg0zchgwnzhdls4kmqkz,19,1.7421853476004494,33.10152160440854,0.00011238207172728725,5,14,392924.83357733325,0.3333333333333333
bc1prpkmnlnzeq98v4yd70uym9nqc5hn0spmxhvd8m29q98tu0ngwdlqcmtlpk,2,0.99969948783282,1.99939897566564,0.000127611384091,1,1,22229.731638,0.5
bc1prrs2gx4gh32zs2tfwl4kpq5wmgu2hsn3w8x6q6prwj4fdylsh08qk76ukn,15,1.723938036456199,25.859070546842982,7.516650645987242e-05,5,10,309858.3284402857,0.45454545454545453
bc1prspd7rgrrk0s9nl5qlgk2cveeg6csuygggdsj7wy3q5s5yj88mcqwsqv9p,28,2.196742291390858,61.508784158944025,5.83630617086164e-05,9,19,265370.49707096297,0.45
bc1pru2g989eu8l7m6scfdg9nvyrhzr28l4c2u2s28s0ct8mz3ec0alqppuney,19,3.388743211689288,64.38612102209648,0.00010774551131995077,5,14,396661.38487544446,0.3333333333333333
bc1prwxp4kfw6h4d5evwhcy07qprmh68j3zg34wl47s3uvvvvcqudruse49cwy,1,0.225057097164524,0.225057097164524,0.0001055556073012,1,0,0.0,1.0
bc1prx6fqnrqqksxg77983p04af9fjfty0szgyzwymazpgzzjg4h38vs65pr02,12,3.484316315068931,41.811795780827175,5.9912594055561705e-05,6,6,635271.1404142727,0.8571428571428571
bc1pry6exqu3x8d6au33qqv0d733x0x24s8p6dv2e2vpy23wg2m6zw5q6avtyn,1,1.2611449237858188,1.2611449237858188,5.967242421228478e-05,0,1,0.0,0.0
bc1ps0r6465kjvz20m3mc8wtettln0re8dpvspvxzg0m5rzr4elehjqqkmvgxy,16,1.9258669754115632,30.81387160658501,6.913110046044498e-05,7,9,475280.11332526675,0.7
bc1ps5scmpzaae6q235vjlcvh0ss0hdkwchzkzvkm6l9najjxtamgcrssfkq8p,12,1.235148426773632,14.821781121283584,0.00014126560905018462,3,9,650452.7776669092,0.3
bc1psc247kyn2uqfm8lhyq86ddy35pqdv2cyg8jw0a52vv89qpeg8e9sjt2vlf,25,2.4957333186388353,62.39333296597088,0.00010218706502383965,10,15,277237.0737985417,0.625
bc1psc79ydxu0ujfv2u908erkcyv5r9v6vare2evrfel0200xklx7v4swj34q4,19,2.5300174067840873,48.07033072889766,0.00010712523353945561,12,7,287566.7404693889,1.5
bc1psd8vfylh9mfn72e0ce3g45n85kd5lkrdzmw0d7mumlhrklqukfwsvqxgpr,8,0.8456293616630608,6.765034893304486,0.00011958539034618918,1,7,981443.393859,0.125
bc1psdka0f0d9mya4vmdhtr0v7d39y0gafv9mp8fhx2avjp2ee9e860s2gf3xm,18,2.025660709439081,36.46189276990346,0.00010408080639064148,7,11,409114.18269205885,0.5833333333333334
bc1pslezpuuqm2hk9axpv2zu54t5envp845lg9l3sd94k9u440fgfw3scnvrj6,15,1.5744949068828602,23.6174236032429,8.689104821517562e-05,5,10,532913.2613947142,0.45454545454545453
bc1psqumrdlqax5ka3g098tlyx2yazavhan0lt7lttgadzkqqjxsr8xq3d4gp2,1,0.09969117487814066,0.09969117487814066,0.0001006086016979,0,1,0.0,0.0
bc1pss23qzg8a36xyqczdzegfamct8n3em6q27mknt8lpvrphugv6nsqeal4sn,14,1.7201463207489813,24.08204849048574,0.00012986678842095671,3,11,581250.2360625385,0.25
bc1pss450fcqd7vpsewq9z4h7ttf66atz3arugjd93rjve4jl6h4xgeqqet8ze,2,9.2489930558819,18.4979861117638,8.40345622557601e-05,1,1,1141.425887,0.5
bc1pss6rvatjevvlqm3mmw3097k38yxf7k9tewgfuwze3up4n7k70ceqlz069h,1,2.1682241022422066,2.1682241022422066,0.00022576086254,1,0,0.0,1.0
bc1psyrk35pzh2lagwf8rtggd9ksqw2vnv4ervkcq202jgh7xgaf5kesr88yfp,1,0.19908188956176662,0.19908188956176662,0.0001973288783011,0,1,0.0,0.0
bc1pt3chvct7hzqd3ncy87y0tm6y3puv8gwywms453zf773k39ecuy6srek8uz,22,2.248768215699811,49.47290074539584,0.00010683879308992699,10,12,351002.3472088096,0.7692307692307693
bc1pt4qheachpj2wzy5l5qcrtf8kzg6fs7t45f5l86shfvzxywl2ra9sdavhfe,27,2.435061792578739,65.74666839962595,0.00010589868727092213,8,19,276967.27719165385,0.4
bc1pt5yz2knugruhekhzge7rjue37dra6u3mx7yggq3zua2nfeslsq0sm902sn,1,4.63432484153798,4.63432484153798,0.0001056026829373,1,0,0.0,1.0
bc1pt8km47mvlp8acj8s2ue376rcy0044p45rdqyd6qq58hvfelql5fqe8el7r,26,2.046048913689065,53.19727175591569,9.217319513652133e-05,7,19,292874.36436752,0.35
bc1ptdce9fz7uquwuk9e652esp4schsr5s6naxetd9lf978aakg5c0yqvaqc2p,2,2.5704383587323774,5.140876717464755,3.248912572675679e-05,1,1,953.438266,0.5
bc1ptgfn0t5cl2c9x5kpj6vy200v0m9e846hlwmzrjastl6g99y0t6tqkkgdw5,19,2.096862312027253,39.84038392851781,0.00012146011256927783,5,14,397133.59886611113,0.3333333333333333
bc1ptv6gs58mtkztmcaazpm94xhl53frfh7hhptm5q9qjzffgqzsf7csrzf9cf,21,4.102314402917519,86.14860246126788,0.00011345787508110493,9,12,378640.26524204994,0.6923076923076923
bc1ptw0ngzdkshu8ylf466cp08wptx0w9sasc6gqdgtk79tk5z28cenq8llwx4,20,1.436938492919992,28.738769858399838,0.00010783457845804677,5,15,382889.3828533158,0.3125
bc1ptwkfrawk3p3etwqvykmmgzr5vj5w8zj09k7ucpznvakktchj2zaqdhp2vy,11,1.8501141962013816,20.351256158215197,8.618118446462731e-05,5,6,642043.8603300999,0.7142857142857143
bc1ptxzwz7pugw8ax7zkx5ccprdjld94yvhav90l45e37huus65mxe0q3k6emq,16,4.1016094210227285,65.62575073636366,0.00011550451603322888,8,8,453984.9455361334,0.8888888888888888
bc1pu4mak8lqxnsmkphu0uk9gd7fcs3vwnmgkfvj8g997layajrthfms8gst0p,20,3.023538527731115,60.4707705546223,9.77563717990358e-05,8,12,386237.2293015264,0.6153846153846154
bc1pu80q7p5tlme5vkscuuq2j5a5w6g0lfs4hxtsxqjjwzkjjjk5v76slvruyf,18,2.419585862379525,43.55254552283145,0.00017487618507860034,8,10,429375.92196652933,0.7272727272727273
bc1pu9amreda0322c86utr2ctz7g76gd6d6s0pv8x594gwu7gr5t0cqsnae5vl,1,0.999129765647176,0.999129765647176,0.0001801249175442,0,1,0.0,0.0
bc1pucmp6vxgz59cngge0qx7f6z9fp4etryjjt3c9pxtwerdm6gqfskqk8e7wc,20,1.5830161673630891,31.660323347261784,0.00013271648246957347,3,17,389233.7492956316,0.16666666666666666
bc1puhgyrckfvtksljr3xesw4svgfn8gnmngmv22vn69y9a2v6xmfvds6jz2z6,21,1.6742928127069634,35.16014906684623,0.0001145537065006137,3,18,365137.1561201,0.15789473684210525
bc1pujpnl2hs98zxfl8aw36fevtxazmj7lkx5j7yqe35atthszju7qdqclsd6d,19,1.9826494157504468,37.67033889925849,7.376705618329162e-05,6,13,394271.57402955554,0.42857142857142855
bc1pukprk630mjd4tgpj65zfg7yggj5aprgk60ntfrqt4klwqhac8tjqvnyp6f,20,1.2341214630775097,24.682429261550194,0.00011011873690172985,3,17,347026.2919103684,0.16666666666666666
bc1pukvfqc0g5m269ytnn48yyqn4dhy4qjhqh8j8s8nk4ufmfr0hqk0schxznp,18,1.8967078879546402,34.140741983183524,8.007257260848977e-05,4,14,420917.4825878236,0.26666666666666666
bc1pulhdlyt40998gt59e36jry5wmpetaxa454lqx6m33pnu5ejt2ptqqrqtc7,18,2.1924338362368037,39.46380905226246,9.070877778066152e-05,3,15,419274.5067377647,0.1875
bc1pum40xsp3fmzvu8qaur3ugssk2wq2aqmk0sv6yht6me5cx0n0w6zq3tnvxl,21,2.002647034724533,42.05558772921519,8.251961988239495e-05,6,15,368967.02398065,0.375
bc1puppa6zfxu060dg3gmu4066fx5v66xk3nselvmq9wwl34srwqtrgsdzty7t,19,1.7285000209806185,32.84150039863175,7.987916193830308e-05,4,15,391554.28706933325,0.25
bc1puryn4atj6m06yrm7zuk64h02duh4nxmghrpl9jshjxk6y2vfyqdqzk6yn4,21,2.3621096946049436,49.604303586703814,0.00012098011507734653,7,14,373076.1641034001,0.4666666666666667
bc1pus7qd4anp2r4xcma37v5p63lg9n4kkyuw7aumhlgpxnnyt3mhqgs5hk4nf,17,2.781985473439369,47.29375304846928,0.00010217232080988946,10,7,475360.2673106875,1.25
bc1puslcq8ym5ds04q4mtkk8agtm685z0he9nfw77dqumvsuy28ge4sqlx9gwc,8,1.4984836543084001,11.987869234467201,0.00016290045019139117,2,6,906849.1674980001,0.2857142857142857
bc1pv9d7yctexyr9nla6dj0qypz5a40efhzwhzuvd5wt2sd8fcs7v9dsqw9drc,18,2.0149282637123758,36.26870874682277,9.573894915051559e-05,7,11,435416.1734337059,0.5833333333333334
bc1pvdkuyx3slcawgaqhrt5qftp050g5n7vu9myqfj7dpgs6zez72hlq3dp80z,18,3.10904647467898,55.96283654422164,6.850138864627605e-05,7,11,397702.50800299994,0.5833333333333334
bc1pvh4em3emqq65nf7k84gqt6xcpfevm4z6u67h47f23awukp6faweqfq4q6j,26,2.0573433520345583,53.490927152898514,8.291906275978082e-05,8,18,285010.60994656,0.42105263157894735
bc1pvjm528ezlgspqxtuc04mk6rhsdjl7csz6es9e9yh4e4u7kqsw7ssn7seql,22,2.917220191281444,64.17884420819176,9.652313994179014e-05,9,13,360776.7137374762,0.6428571428571429
bc1pvkptu5js2rzy3pl65ykmad3sn09tn2ewjvkncdj7f45m5n2jh35qgr5598,1,0.24539003065981496,0.24539003065981496,0.000181622346814,1,0,0.0,1.0
bc1pvncqwjr0aylxrmslqd66lpma2dl4akwe0lzr0g9d0t7vgky5d6asutd0j6,22,1.4342515728517806,31.553534602739173,0.0001155067588511153,4,18,341113.6907645238,0.21052631578947367
bc1pvpzefcv6gq7yyym6jfnsjfas2l9tw8eqnqzwtdd8sfvfnr83hzushc4w7r,19,4.882708358852395,92.7714588181955,0.00013715645378726678,6,13,337780.09132238885,0.42857142857142855
bc1pvq8e4cy2zqcgakcnld4khuf770eudzqmvglzlgdmjqu0j75djclq47u9kw,2,0.0998417643947493,0.1996835287894986,0.000221683973478,1,1,21645.12287,0.5
bc1pvqk277u6lghjqugunq4vtm47h6hn257ppq537peqjxqnef9frd8sq5z5t9,16,2.336611393514095,37.38578229622552,0.00010455870629318508,2,14,497171.4456840668,0.13333333333333333
bc1pvrsfqxldrekeyl4k89l07y5q4cyu6xpl44s4q86s0rvvkgfd56ysac0wgc,17,1.73913805938311,29.56534700951287,5.7905365250009256e-05,2,15,450871.46749724995,0.125
bc1pvslcewfsc3euf46twwsva6q5wtkgy2j5dpq7mh2ptrq5uk500hgqysmzw5,2,11.387737831527044,22.775475663054088,0.00014756552756985645,1,1,1541.87602,0.5
bc1pvvhkk4pdrhc9ddckmraq5k488c6rzlnzqg7nyak9726vt740cuzqpatzuc,20,1.8221749345190332,36.443498690380665,8.380675086076343e-05,4,16,380850.6182554737,0.23529411764705882
bc1pvx2xyydc7cnc5c8233kelqsxkv385eq0jttltrw9w9ez02w4wzxsa0rye9,26,2.128177842989413,55.33262391772474,0.0001144917102064882,6,20,289997.34628312,0.2857142857142857
bc1pvz7kj0wmaad69l3nujav3txa9x7nh969599qy73e3m3jcj36tftq3yt3d6,18,1.625612727912376,29.261029102422768,0.00011170603106583174,5,13,408010.4423745294,0.35714285714285715
bc1pw05znfgc6me06yrawvnps7nr2x2xm4hn596gtwnwghpwr9wl4ugqpm35yx,16,2.3645928135672127,37.833485017075404,9.7555764413868e-05,4,12,422063.4528531334,0.3076923076923077
bc1pw2vyz62rc09ws4nmppac4rkxh92zwfn5zwacs40m8atlsan77wxqnqrvef,1,0.9999386611684137,0.9999386611684137,0.0001893846927792,1,0,0.0,1.0
bc1pw6lpsk69egchndfctz0h6euvaaw9rslcd3nh65zu0fxr8gsuxhas0g08hj,17,3.2263937137250926,54.84869313332658,0.00013383385265013342,4,13,361265.588322875,0.2857142857142857
bc1pw7akqaquelcjztggj80407x260ffnrapfptrcp972sxxynfk50psuncs0f,2,0.09991281949249955,0.1998256389849991,0.0002539721941921764,1,1,22129.28147,0.5
bc1pwhalpm0cpw9ynhvaushl43hpuqrcsy4pk95nf98xsrwz6p38ce4sdj5vne,22,2.223930308155586,48.926466779422896,0.00011584392579417243,8,14,357935.60919166665,0.5333333333333333
bc1pwhtc2dunp365nqkrs3l8c64km5ujz7n94enappruza9hz5j545gswuuawt,23,1.4771436717820137,33.97430445098632,9.699093542859533e-05,7,16,311392.5392056363,0.4117647058823529
bc1pwmdqhd4gsn6pqwyrtn8ywjxhwj3zre5gvshf8m4ycr9uvgfnmlgsq4pzpk,1,29.809841927855295,29.809841927855295,0.0001308923637449,0,1,0.0,0.0
bc1pwpthan90hgvdjgn0lj5xg422yms8ajtjp9fmkqcd3dxxqa8mu7hqrszf2e,2,0.9997634013567573,1.9995268027135147,7.840248536977012e-05,1,1,22616.975146,0.5
bc1pwugvcah3kq3eh6se5j8nqztyu9tdwq483c5fn3gs8ynszf0wu57qlcpy50,18,1.687853877158823,30.381369788858812,9.698681479479077e-05,9,9,375311.9309158235,0.9
bc1px2atpt99ew66s93s786rgw7v39w047d2fczkn279nc8s5f0u7h5qrma282,21,2.792669947071357,58.6460688884985,0.0001594325676096393,10,11,344383.91801814997,0.8333333333333334
bc1px6xx4dphfgxak5x4mzag2vhuahlsj4jnfn42lzpdkva6djqmrllqln6w73,14,2.1601228603905853,30.241720045468192,9.613263870890405e-05,4,10,455030.4726030001,0.36363636363636365
bc1px84hp3cckr60auntyf8qe8uwfwqkre8gmgtyd2k5akr29qxxpvpsj49whx,27,2.8204648466512725,76.15255085958435,0.00011819853631365929,11,16,278292.6863892308,0.6470588235294118
bc1pxaa7pdrpxl6nrccw39qfr7ywr3q3m6msertmegy9n4fxpgquh33sz0q0tf,20,1.4744183385357321,29.48836677071464,9.378261977457228e-05,5,15,373365.44334494736,0.3125
bc1pxam5rc9gmk5jns9wvkpl8c6cjw0ruglelqmyfnck7j7xky3yn6qqz6d6fd,22,2.0914316238034956,46.0114957236769,0.00015560941947287624,5,17,339649.9166897619,0.2777777777777778
bc1pxelkmlqkv66j2ppd3hj32ac6z5cva7szmkkee3znyfk9pa7872vstwjt8v,18,2.3246974739168236,41.844554530502826,0.00010894958596310767,6,12,444597.0612427059,0.46153846153846156
bc1pxjpqj8qnj4cwguxhtn53r929ga20kwkazya7g0p24jwlfyz8deus076f45,14,1.5688424003783703,21.963793605297184,0.00013164606324917217,5,9,536486.0059912307,0.5
bc1pxlvpt409f4kayfclj0wdxuxdru2qu4pjxukrmz7m524akxtrn9uqdah4m4,1,5.0,5.0,0.0001322950039381,1,0,0.0,1.0
bc1pxn3h7pzxuz58wqt7qqz6kum6ct9nx2ypw9nzzxvp4cu58k9a48kqq2au4a,20,3.628679628591512,72.57359257183025,8.830465197418288e-05,4,16,380388.11853778944,0.23529411764705882
bc1pxpqq66mkxq5sj92cjxm70nm4yvdxcum8ztg3rrfqy22ytz5ch4qq80vzuw,14,2.38192584466536,33.34696182531504,0.00014313109032308507,4,10,489035.4988712308,0.36363636363636365
bc1pxpwsan2u2w0kg5t7vqzhvj9tr2rv5xfza3meghnhu2dsk6fqz47sma8w9d,16,2.290190013122224,36.643040209955586,0.0001102786905304594,4,12,475472.7738844667,0.3076923076923077
bc1pxshetgluwdussf8jy2ex9vzfv0sny7e5edvf9yv8f3wm4m38p88s969m4e,29,1.9538696338322734,56.66221938113593,0.0001169730454247227,6,23,260456.90244367855,0.25
bc1pxuv6dh2g4vk3wvh6dpn95tgjpxd2q6ue3n3msqxn54w9udvsssvq2qndq7,13,2.9185692132464456,37.941399772203795,9.126053072858973e-05,3,10,590952.5543257501,0.2727272727272727
bc1pxvgd3jcjtwjete35huu2scv538ua8kluf3ahwekf262cueys0ayq3y3e09,25,1.551950010007544,38.798750250188604,0.00013146089881122615,4,21,291120.8186813334,0.18181818181818182
bc1pxxjzs3xl6065xs5emf6u4llv53kw2yluxyxredc23wmn4dzpde0sl6ff22,18,2.8567877506159296,51.42217951108673,7.64952699292193e-05,7,11,399120.3137925882,0.5833333333333334
bc1py20mk4d5ekerjx6k4uaz8x4tas22yjtt0n5zxp5a02jvlg8ety0qv4ksnk,1,2.0101421040544416,2.0101421040544416,3.056392211211677e-05,1,0,0.0,1.0
bc1py6pmft7r0f2tzcvvjjmdp0229fy7c8mvaetvqw9armll75vcj32q3pch62,15,1.1123921146710358,16.685881720065538,7.89152363984878e-05,4,11,526113.3032166429,0.3333333333333333
bc1py8gwmyu6t0epzryhsa0hz68statmymvqac6htja86tjuuusx3lrsp6hyl2,17,2.238764763607114,38.05900098132094,0.000165133326266858,8,9,335750.982624375,0.8
bc1pye5wt9zwrmdlrsmy4wkhndxrx0cxrw9k0l3hzyp7mtwc8lsyh7ast7fdz5,18,2.923678406170606,52.626211311070904,0.00010223480062621875,11,7,441890.997459,1.375
bc1pyechhr3872rn2d07ldv6e7ey46rt5t8ey8vx6785wpe05669frzqgzxmr5,13,2.3890080145587573,31.057104189263846,9.013308094008287e-05,5,8,591908.8508103333,0.5555555555555556
bc1pyev7u3xuqrqpstwmfg42ex39wlgrs9j77r622h74pzu8kdfcrv9q23tz5e,27,2.4972452716504305,67.42562233456162,7.7549814862545e-05,9,18,268308.48278334615,0.47368421052631576
bc1pyj24hgzzdvshtlu4c0x9u3utyx2sp8jhd4fv2g38w77n4z9rtn2q436mum,18,2.307380494130694,41.53284889435249,0.00012017561205955525,3,15,408918.4282298823,0.1875
bc1pyj44y2ez9lyft3pwwtsj9d8834xyffpwfpssz6ssqjul6atyrdeqqr03w0,18,1.886732084662886,33.96117752393195,0.00010916007237570254,6,12,426545.40318399994,0.46153846153846156
bc1pypfm4lnuh0fgyfecknwn7uehr7nwwgtj0w6z20vqz9pjr6ne9m3qdwzq2r,1,4.999965341262436,4.999965341262436,3.46587375640841e-05,0,1,0.0,0.0
bc1pyuhs0lsvf4n95pg6ycsxexttyjghxxu6wutze0pclnjtz9vfkzcqkenlgz,19,1.7342389934844167,32.95054087620392,0.0001199103879308524,7,12,383779.0335081666,0.5384615384615384
bc1pyxgjwscd2zry5ztnh2fjgjznhqdychh893ndtf703qufq7m0xftscmgrhv,18,2.1274118527324806,38.29341334918465,9.325510748514368e-05,7,11,387762.5469058235,0.5833333333333334
bc1pz3grtkuu4h5nxh3z6d7n9ar70l9fxnchgq6l2cnkz03xpktf04ns7895ml,27,1.8769102587858528,50.67657698721803,0.0001132250813479688,11,16,287124.10721234616,0.6470588235294118
bc1pz5ejvgx57v7kkzltknu49mvm38nk5kvskdd9akztrxt46f8j3g8q0p4hll,23,3.573528555380272,82.19115677374626,0.00011534332132239832,7,16,339836.3466201818,0.4117647058823529
bc1pz9zcjhvnw9fvjxk0ymfshx63fqhstwd2yj6lm2c0zn6h07edetws76krlg,22,2.156789399015397,47.449366778338735,0.0001362932593557582,4,18,346566.5424334285,0.21052631578947367
bc1pzafmsz8dc35acgs3m93rfva7luvf8kl5tef4cvqkf7lxkneafqpqc4006k,19,2.0257206422321694,38.48869220241122,0.00010496154667987139,5,14,425925.0729196111,0.3333333333333333
bc1pzann96jmx4hakqprs6ukjq955hncmxt22pnjdpp2rld406lnseusmcj4lw,17,1.9188088864282002,32.6197510692794,9.147929948302042e-05,6,11,438432.205811125,0.5
bc1pzckzazx44zmmglea06r062d99dedxe6wg59ca6yf2y8ncj6a8khq4cz5ym,21,1.7377160305182195,36.49203664088261,0.00011336113469935444,4,17,337440.94734075,0.2222222222222222
bc1pzjlsttu45x06yx807t4mr3lx0nfpv0htyesnr24q3lxrjgy4jmxs4wckxq,14,1.3876250384368802,19.426750538116323,0.0001488670740314655,5,9,487420.8355351538,0.5
bc1pzq4l4d6rp8quhgm0mkuxlkatvhcm60etdfgtrqwmqj4pvrct787qglhn6d,13,2.3225312611179727,30.192906394533644,6.668258049212546e-05,4,9,622160.0785118333,0.4
bc1pzqfcl4mhy3d7g7wuestjrsy6xgfxuvwh7drv2yfwlt7s7j8rdn8sqavjsk,13,1.4011018160424102,18.214323608551332,0.00013255830805082488,6,7,622914.4111690001,0.75
bc1pztcphmycsuk78zf0achmkunxcrluke7n74wyaqfx8hesqgmn0aks3gcx83,22,1.832445412531009,40.3137990756822,0.00011779437761768574,7,15,359006.39161790477,0.4375
bc1pztgjtqdekjkapkctfyy4lul4yfmrly2mh60g8m4v7cf54wn973css0cpe6,22,1.3932661641356543,30.651855610984395,7.711069102675714e-05,6,16,328973.23866085714,0.35294117647058826
bc1q00kjet8830whh432dyucelw77e2ux9s5zsx28q,1,0.26933719402427975,0.26933719402427975,0.0003058220985548,1,0,0.0,1.0
bc1q00luraaladzmhmmdke3k5clddecnxqyldrpr7j,21,3.4233436837025897,71.89021735775438,0.0001022356458285034,8,13,383111.0723448,0.5714285714285714
bc1q00su33v2sga39ayv6z4e6ct3hrcgxu48075vhv,16,2.6377748758769495,42.20439801403119,7.515061662783425e-05,7,9,446289.59746346663,0.7
bc1q00vw5dfeyawkhnuqly5y88nmk4dvyv5mgw8fr4,20,3.1941242122173903,63.88248424434781,4.6851880151996996e-05,5,15,323492.1135761053,0.3125
bc1q02v08l8f50203t4fhq3ffsjrd9dx09ax9ygf5s,20,2.8677206487095788,57.354412974191575,0.00011740941715690758,10,10,398547.0194371579,0.9090909090909091
bc1q0452kjmmt0v8vvcqr5qzxk8hqwzjfa6jadapvr,19,1.9515287654296742,37.07904654316381,0.00012663903236932947,5,14,392168.3820518332,0.3333333333333333
bc1q0453smfy2wxvu3u9ypl5d4z0g6qgw7n7h93t9s,21,2.3296331459237747,48.92229606439927,9.970934393006552e-05,9,12,351207.4974066,0.6923076923076923
bc1q05a43jme6cdc440ugtn9zxypcyg58rhxx00axp,21,1.8595586117067964,39.05073084584272,9.416922446343314e-05,9,12,385046.57860125,0.6923076923076923
bc1q05nm8rqhulpe42pmxjcju44jam88f3wt6dq8sw,35,2.0477998812782277,71.67299584473797,0.00010017033717182217,16,19,222262.2004742647,0.8
bc1q05pqv0lafg6pnv89s3rvs8pa3lmsvwfqfd72yw,18,1.5696309664585142,28.253357396253254,0.00010144283977321357,7,11,412386.36655552936,0.5833333333333334
bc1q078d3z27vynvcvw95cltdnnyenhfklf7n6pj3z,18,2.197424908204349,39.55364834767828,9.374224668263288e-05,8,10,411925.1833158235,0.7272727272727273
bc1q07n2r90jea27mhdae9wruafh78dstncvwsxcsl,20,1.4748857328128349,29.497714656256697,0.0001013745964508371,6,14,401694.9915234737,0.4
bc1q08sy0fjls7ct9n48wht9rff0smx6yyp9xq0x4k,2,4.999875107614372,9.999750215228744,1.8857365233649936e-05,1,1,33079.927928,0.5
bc1q09n3zy2wayajzgxpffs3gk6t666y0cwfpkzd0d,28,2.1344450245783944,59.764460688195044,0.00010848213494179085,11,17,285953.5311474445,0.6111111111111112
bc1q09n6suyslf2nf2jg6q9serhyj2vc7ph2p3tj8l,23,1.371530731947481,31.54520683479206,0.00010884010460047354,8,15,334750.71327113634,0.5
bc1q0a3r4wmn4yzwhg6kufacljlrruqfdz0dtk6676,15,3.097550194625908,46.463252919388616,7.82646466654978e-05,6,9,509228.1742585714,0.6
bc1q0a870a3uk7jx2xnndmsa6u9mtpw4s6qve43lln,18,1.3500508984838577,24.30091617270944,0.0001364949270796848,5,13,444143.59783017647,0.35714285714285715
bc1q0cntnywtua7k3zjtvc8frv99mkhh906tq5w3wk,2,24.394143569608733,48.788287139217466,0.00011683422670382036,1,1,727.505182,0.5
bc1q0cujxlfh2265kwx6gqumqv2f0szyz3xrt38l53,17,2.5640332412283544,43.58856510088202,0.00010325547859348436,10,7,470517.79403525,1.25
bc1q0fv9sz9k92ugmefz5cupegdewc6rgunncj9xmt,16,2.4147131223097626,38.6354099569562,0.00011783282600929234,4,12,392266.6146656667,0.3076923076923077
bc1q0g2e9w2jqjkwpmrwr24sq5e6lzdz9ql2k7y34m,24,2.6273193977923586,63.0556655470166,9.073112347870276e-05,9,15,322230.53172565217,0.5625
bc1q0gegllrdcukh77cjz4p68z6l5ywdvdtekm26gz,17,2.546597123335618,43.2921510967055,9.01053209009516e-05,5,12,374171.53194937506,0.38461538461538464
bc1q0gjwcg6zlkhsdx463xx25kmx26kldx6t64tjdj,28,2.7339782880020915,76.55139206405856,9.539944143039564e-05,12,16,254039.70014,0.7058823529411765
bc1q0gu9hyrcmmzaazx8658vjp2fymcpnnxeen5ay0,12,2.265366145366751,27.18439374440101,8.738395778798858e-05,4,8,530013.5633510909,0.4444444444444444
bc1q0h3ekw9ly706ur48cq27dt7s9x05wykzc5x05y,15,2.7060186876931858,40.590280315397784,0.0001242298754728562,7,8,471819.23878078564,0.7777777777777778
bc1q0h854svp394ckphwa0a7nmxhe8p5caacrxv8q6,23,2.4132826451421536,55.50550083826953,0.0001195915179807546,8,15,335003.361772,0.5
bc1q0hhey0pvs2zqw3sxv5520g96ncu7trsyrlyz22,18,3.140509778515173,56.529176013273116,0.00013283062326786265,7,11,409267.7098958236,0.5833333333333334
bc1q0k09dxujyn47t57jaeu5dj0dlcas5mlq6y3r6c,24,2.4209752033138545,58.10340487953251,9.140775770025249e-05,9,15,310867.05028882605,0.5625
bc1q0k2cfgjd0xepa5pffu9w6dufvd328xy5svnzyl,21,1.7002791957490808,35.7058631107307,0.0001000649350004402,6,15,354372.60753264994,0.375
bc1q0kaueqaq8gxxxu0ddegdx9fygtm2y037zsttky,23,3.7123445543351985,85.38392474970956,8.071753590878422e-05,4,19,327288.2341482727,0.2
bc1q0ktjy4mtade05jnf45hevygnp8f3t68heachtd,16,1.7323107486776697,27.716971978842714,0.00016788564819557403,5,11,454504.0150991333,0.4166666666666667
bc1q0mcyw6jvp99anmerpyq9fctkyrxz8k29e43uwl,20,2.05328830304796,41.0657660609592,0.00013431086475115822,7,13,370337.48902178946,0.5
bc1q0mtcd6e7lxtms8vexlvwzcdn356luay8dsk4gj,14,2.525047561078933,35.35066585510506,9.037893304075942e-05,5,9,555570.174618077,0.5
bc1q0p3zqqrrqdcm7agvsyfgnsnzdtfp6llmks6v9u,13,1.2491546833658318,16.239010883755814,0.00011382791066534925,3,10,635161.51881,0.2727272727272727
bc1q0pnec4sp3dv0rngzw2gr3lr2pzc5xnls8vaw3e,20,2.12661105877977,42.5322211755954,6.659051316128184e-05,7,13,381106.8148583684,0.5
bc1q0rdl85z6rxq560684s5lu83esnd8828hajxphe,15,1.936581128709903,29.048716930648546,0.00013006832324927788,1,14,479346.4114067142,0.06666666666666667
bc1q0sd8d90ja4zha6dkhel4mvrevkpep4w8k8j6a7,28,4.054918019614613,113.53770454920917,0.00013248348455264944,15,13,280514.76626299997,1.0714285714285714
bc1q0t6r5772rj6kkqe4lk6ln8ptj9jukv4r3q6aep,25,1.4401245412211379,36.003113530528445,0.00012955975083184118,13,12,307788.84109924996,1.0
bc1q0thkv2l5ynx8vjxyp7z0v2hqyzc8ywaus90z9q,19,2.9860185634082548,56.734352704756844,6.577732763048461e-05,6,13,422063.0776173889,0.42857142857142855
bc1q0tv8m5xy4cx4sqzp8egnwl7dn3fuhjevdes30n,17,5.287771477778515,89.89211512223476,0.00013621809754850778,5,12,477794.267928,0.38461538461538464
bc1q0w8v2yjmjgn2zhsqsr0hxmn6jrgn3e92cqx5k2,13,1.4597828437549736,18.977176968814657,0.00010759719896601866,4,9,616006.73204675,0.4
bc1q0x8hwsvltdewepe909e7tq4tmq4tl9fq7xd9f9,13,2.08846229479289,27.150009832307568,0.0001038478239892462,4,9,494319.85437300004,0.4
bc1q0xuwzpau4h8e5y6fyqrzu3auq7cq2n50hjl4qj,24,2.15211222836689,51.650693480805366,9.416487506742705e-05,5,19,324622.2763760001,0.25
bc1q0yqkhmeyarnn7f7uzmyk46xpuw448uhefszsj0,16,1.8264488357918363,29.22318137266938,8.985861660802592e-05,4,12,498729.32083040004,0.3076923076923077
bc1q0yqr4t6d8x2p707ac6kvr8rxr4nwrse59nxf9x,2,4.999978899908535,9.99995779981707,2.334176115122349e-05,1,1,18857.673829,0.5
bc1q20axhucfez7ejckxz8eq9teqaxtx3zs93sxmng,19,2.2905458186314007,43.520370553996614,5.487461082491567e-05,5,14,379682.2454393333,0.3333333333333333
bc1q20pr2f8qshf7jy3uggw335ulda889cwns0nw6p,29,1.5104243794351475,43.802307003619276,0.00011466904097008312,9,20,270906.93708650005,0.42857142857142855
bc1q20w76y7wrfthu3426hl502zdd7wjucn6ml7nj5,13,1.9685468317919292,25.59110881329508,0.00012988442662402986,4,9,524376.5433283333,0.4
bc1q220htvuslt5pznly7llg6sc3h9up3y00akwvrg,18,2.3487814486680776,42.2780660760254,0.0001246670765607647,5,13,389617.9588462353,0.35714285714285715
bc1q22778de7qf739j9t03wvrp7zfvnp97h6p6tp4a,18,1.9449602051264674,35.00928369227641,0.0001357699412683671,2,16,431478.69251029415,0.11764705882352941
bc1q22h7cxmxd65gfwfze392cfggvvsfm5vj54p5w0,19,1.389699253292153,26.404285812550906,0.0001294998885299557,5,14,382686.0916658889,0.3333333333333333
bc1q22uvj4ac376alcpsjvesez3wg5tm5zsqk5lfan,21,2.2181109997145336,46.5803309940052,7.796457735845011e-05,4,17,285087.74283595,0.2222222222222222
bc1q23ngn7kj2ksm8rhdlk48facdk77spyvc79qs4t,19,1.398690249101313,26.575114732924945,8.676333709096814e-05,1,18,422110.37004822225,0.05263157894736842
bc1q246dszjzf6g09gacvmv5h4xrp7tmqa3xvl0jfp,24,2.7327966282483693,65.58711907796086,0.00011982003546171042,5,19,234098.67338652175,0.25
bc1q24e70vwqaxt7w2049rlcms7wus2pz6zlmnas8h,22,1.9826392952807892,43.61806449617736,0.00011191489251022665,6,16,325209.1220488095,0.35294117647058826
bc1q24h008eaejsppv6h5ndhqaqgejcpt0mx5ulwnk,21,1.6230358629039485,34.08375312098292,0.00011568059367210918,8,13,345397.46980489994,0.5714285714285714
bc1q24kqpjuyshfygcuutmqhtph4ufl9s6ku5qtljx,2,10.778598019660983,21.557196039321965,3.181705983505158e-05,1,1,1017.740159,0.5
bc1q24wq8un2893zv5afn4jwqqgcuqc0s35494ghq8,21,1.5864344507203638,33.31512346512764,5.910291338933394e-05,8,13,364705.98002094997,0.5714285714285714
bc1q266qf898mukt06vh0vusggclxtu79w72wdhlw4,15,2.180553894570549,32.70830841855823,0.00010632595007336908,5,10,517992.1819255715,0.45454545454545453
bc1q27xqd7d05mrtf5eag4auhjhkqpxjpr7tvfqvep,1,0.9991705444893291,0.9991705444893291,2.2311334466830094e-05,0,1,0.0,0.0
bc1q28fxtnj257fh5exadjmcz3fyz6fpuyucxpw8lx,10,2.7979075730253933,27.979075730253932,8.615610040720866e-05,2,8,645083.565905889,0.2222222222222222
bc1q28mzvhh3kvsewmsnrwztkf2dxqnjp2z3av7v2l,15,1.3059033821970485,19.588550732955728,8.655677811816604e-05,4,11,423309.5376737143,0.3333333333333333
bc1q29txnny4luj4v5zrq43c9larwl7hxtndu8rkum,18,3.4392947495326998,61.907305491588595,0.00012463113942374606,9,9,346139.55604594125,0.9
bc1q2a0ttnchynqmah2rhjd86q3g5gw4l57lke9e7l,22,1.7441551679297007,38.371413694453416,0.00010186216937366671,8,14,359199.1142484286,0.5333333333333333
bc1q2a46q2z0fvvkw97fwnuctzvkueurj95qkna3ju,2,0.9999701203283511,1.9999402406567022,6.934311184484737e-05,1,1,36267.578984,0.5
bc1q2dc33840yqrut6k60dnjrman78vgx5d9pujqe7,14,1.920289319476327,26.88405047266858,8.250033097392581e-05,2,12,519720.0069166153,0.15384615384615385
bc1q2dgd24dtygyxa0jg8nmttukafrdt7exvvncu54,17,2.13089596624679,36.22523142619543,9.474335286324661e-05,7,10,419976.20000331255,0.6363636363636364
bc1q2dka30l4mpvh2jwr82lgmvdsgm35yv95a3ar96,18,1.7617384514914243,31.71129212684564,0.00011744250542177044,8,10,430011.3529533529,0.7272727272727273
bc1q2erz24z30vnsxs8wm55mmjeem2j7c3tyeqcl4z,13,1.6114148527964147,20.94839308635339,8.411741577613559e-05,6,7,607061.73818075,0.75
bc1q2gku09pg07cyrdq3jx4xmqhzlp7fzmncuunxx7,17,2.075046551113389,35.275791368927614,8.436522379805402e-05,5,12,427111.32905525004,0.38461538461538464
bc1q2hf2hkn4tjaymxj2rld56fdedzh87a4kq6ann0,15,2.531131956515168,37.96697934772752,0.00011299892556290103,5,10,489867.32246571424,0.45454545454545453
bc1q2j8ztthwtvx2ehcgn5x4pl4ny7mhmu248p6apk,20,1.4854769498853924,29.709538997707845,9.243085984008002e-05,8,12,377109.242317,0.6153846153846154
bc1q2kvrsprhkek34gehmrslzae9x5hceaz2md6p7e,21,1.8316968848899318,38.465634582688566,0.00010563168826695087,5,16,386852.8038743,0.29411764705882354
bc1q2kxhakflcsc98c0lqzjcvdx2a0pu4eaz8z40ma,30,1.5481551603733945,46.444654811201836,9.199986702400138e-05,7,23,258817.67114496554,0.2916666666666667
bc1q2lqwjfudvau75lsteuzw5tujte8uf4zpzfljtm,21,1.9491124558701998,40.931361573274195,8.115895431420246e-05,9,12,370617.49964275,0.6923076923076923
bc1q2m4gzp7n985e6epx8hfg8cckvm9c3xu49qd67s,1,0.9631213177674928,0.9631213177674928,8.76815338228203e-05,1,0,0.0,1.0
bc1q2mcd9yqs50zpgu0hq5ylegmrrcv2fgq8jxwgxc,1,0.1585437531350613,0.1585437531350613,0.0001650568776456,0,1,0.0,0.0
bc1q2n4w5l3lk5v3p6x608eums4utawnls3sgdapkf,17,1.7440765278142696,29.649300972842582,0.00010744481107575786,6,11,424539.72050768754,0.5
bc1q2nvcycv9jpvsgv0s0x6z5hqjtfh7zhkfqfzvv8,30,2.189369047062625,65.68107141187875,8.279537407790745e-05,13,17,265259.235145,0.7222222222222222
bc1q2p9lujh9gfrnp3lzzfna23uv8cmyj97cyywaa9,20,2.043947907723314,40.87895815446628,8.009995913636758e-05,2,18,402957.6879794211,0.10526315789473684
bc1q2qaf68v7erhj7k6t8a6l0pz6anncg97qqwtvrv,14,1.9109147622377018,26.752806671327825,0.00011539520693436942,4,10,568204.8484862308,0.36363636363636365
bc1q2qfr3j9gsvngajvc2av8qtl8pp29c80gnz046k,22,3.2382143100116365,71.240714820256,8.256279017946922e-05,8,14,347168.5656047142,0.5333333333333333
bc1q2qj2ysu90zc09dvkgrhffyt0ghuf8700ajuy8f,24,2.1036373667442496,50.48729680186199,9.088525454905876e-05,9,15,293709.1929358695,0.5625
bc1q2r6mrgcajavzq7cj9r0gfkmyp7s2jx5cycc273,1,2.004461832472083,2.004461832472083,0.000242530649416,1,0,0.0,1.0
bc1q2rljgzejgwkt5hrsa0zx7zqy9pkvf7xmms33fe,17,2.3835058648484337,40.51959970242337,8.330566986690742e-05,6,11,390630.85620893753,0.5
bc1q2srt2c36mdss5nwkxtnalxyguq2rldf38etcek,16,2.1707882632295834,34.732612211673334,0.00012942612954760835,3,13,455968.5058562,0.21428571428571427
bc1q2st2e9wfp89t2uypghw5frewhjrxdu4jmf4pt6,1,4.999665811934445,4.999665811934445,3.31039780205817e-05,0,1,0.0,0.0
bc1q2tcwsw2hhakyyc396j7sqhlk0nqr7vq9d7n2w3,17,2.4189866266272197,41.12277265266274,0.00010604373923967458,6,11,368432.079934875,0.5
bc1q2tdmahwut776rt0hwnwe6nqf0h0hf3jtmxslew,26,2.2865405737348588,59.45005491710633,9.407389982263333e-05,9,17,264577.35062368,0.5
bc1q2tg8a4v8thdvzdzzqmv2et3cmcpc5r6tqd9pw9,21,2.1993387599265812,46.18611395845821,5.8877339655801835e-05,10,11,282526.4600617999,0.8333333333333334
bc1q2unp3n7j6dw86wmrzzcr7pna4zmvymqm4yy58p,26,2.5271175681749063,65.70505677254756,9.673137974779814e-05,11,15,284228.4784234,0.6875
bc1q2uq0g5vtxvetn77ptwj9auqqtr4qwdzc6agscc,2,15.872841572392717,31.745683144785435,9.891900535995004e-05,1,1,869.646506,0.5
bc1q2w0pjgfsj53dq98kcjspymmc7xnzy0aq2wgt4g,14,1.7461086124945164,24.44552057492323,0.00012918542154121004,6,8,438156.32584215386,0.6666666666666666
bc1q2wn535q769an962q3e2hnfuf2t2vkcpx80qhrj,16,2.3855465712051434,38.168745139282294,0.0001029368934013194,3,13,477981.02479399997,0.21428571428571427
bc1q2x9kav7n226u69c3t4rj5dt6nyhxrvmweww3cx,2,0.9997131525473768,1.9994263050947536,4.877441527818928e-05,1,1,35069.350593,0.5
bc1q2y7sfa3wcs84nss9a6n9d3ztegnxgjq8ault3w,22,2.055000177622796,45.21000390770152,7.735402095602385e-05,8,14,362299.83372623805,0.5333333333333333
bc1q2y8c097a9t2uqrz7c63ml896a9p0n7ge8du092,22,1.6789453880892802,36.936798537964165,8.156766378519647e-05,7,15,357838.5999484286,0.4375
bc1q2yuu6q4g7tn06hc7wn4vkuhkmt9mqpq9zahfdr,27,1.6983177074786573,45.85457810192375,6.984370019864917e-05,10,17,292927.98826796154,0.5555555555555556
bc1q2zd372xf3xr8x3untrhjpu4c7pnxyr7pagecxe,15,1.3967963317950673,20.95194497692601,7.966547961898501e-05,2,13,488771.055246,0.14285714285714285
bc1q2zla6uvjr0fmw4vn0rs44su8hp4nev3xg2jkcf,20,1.978202217262568,39.56404434525136,6.0873655340822487e-05,4,16,339158.10276336834,0.23529411764705882
bc1q2zzvcgsfz7mcad0pj70r0u6ql9ct7vslsaz0mj,27,3.869842277597433,104.48574149513068,8.145485776653577e-05,13,14,274746.4735566539,0.8666666666666667
bc1q3092a9mtv4ejgyn9ajezugatatzy9rn2rpder6,18,2.4187652277304226,43.537774099147605,9.760861676380147e-05,5,13,421565.6487464118,0.35714285714285715
bc1q30ml6wrfqc59dvrar4euh7xvnq6ypaq0ddufl2,19,2.3063973344904762,43.82154935531905,0.00010257232536548785,5,14,371963.21746250003,0.3333333333333333
bc1q30xxt655dgg7yhzlfw7vdqg3sn00vezw8uk0cl,1,0.7499534692119482,0.7499534692119482,2.758462595985421e-05,0,1,0.0,0.0
bc1q32k62dmp7egh7dzalptr6unnkm6nqkvd62cn4f,21,1.8948128611655244,39.79107008447601,6.872856302527572e-05,5,16,366747.8144009999,0.29411764705882354
bc1q32mtt2j8cfs7866aflrmlpkjjvt0gj5qk06djc,23,2.3139814140616903,53.22157252341888,0.00013336830938742554,8,15,305954.99803013634,0.5
bc1q33a4n67qf3laxhk9ezks4vzlwptm360avpnr6a,21,2.417551490028354,50.768581290595435,0.00011866809134420485,6,15,386072.71237595007,0.375
bc1q34353zys3pjjz54uw6g3lh9drrfngdleqswggj,1,7.210554917096154,7.210554917096154,7.72306680787503e-05,0,1,0.0,0.0
bc1q346geksvgk34vy6lwdtj6dn6y2tt4l3l0kgl49,19,2.0856368626732196,39.62710039079117,9.32315115166811e-05,5,14,412507.2813022777,0.3333333333333333
bc1q354hgzdsc8zg47e0jd7gdt7xevnx2p5styn24g,2,7.194674844915838,14.389349689831676,7.725054011479652e-05,1,1,182.503829,0.5
bc1q355r8hwpcdf6cpqc7w48velgqvva8kw86alewd,21,3.17113904731073,66.59391999352533,0.00015023707706411247,9,12,305443.4397186,0.6923076923076923
bc1q35zzt389zdc0fgv9l8qd5pwncq8h25852em9mz,15,2.057087107061663,30.85630660592495,5.375599890092515e-05,3,12,431024.7555518571,0.23076923076923078
bc1q36n2qyz2rk4f4euf6t5xvxs200gfw7wz6vq3aw,18,1.683003242466591,30.294058364398637,7.870567931573803e-05,7,11,431231.44124047057,0.5833333333333334
bc1q37j8tgnajj9mg9qew5ef6xpxrx750f4w8mw9n3,17,2.0749069631973898,35.27341837435563,0.00010288584857534292,7,10,378458.912045125,0.6363636363636364
bc1q384s2r5yhreu80e9pr7hksq4dp0q4fawpmjcd4,21,1.4238633632248383,29.901130627721603,0.00011051615930332236,9,12,375624.70454244997,0.6923076923076923
bc1q38963cgqrlgvhjsptgkkglygpsterst8gfasw3,20,2.0886409870512543,41.77281974102509,0.00013616707232524573,7,13,386974.5590516316,0.5
bc1q38az694jgnhyylz4vvexxdlnfpgnyu54geks94,18,2.017313873852272,36.31164972934089,9.482431554262367e-05,11,7,354942.396211,1.375
bc1q38nys9wx0mepffpnpnz0s8nrtu4k3sxqnnzkkr,22,1.5504006207194323,34.10881365582751,9.77814447658495e-05,8,14,368809.0970200476,0.5333333333333333
bc1q396ha26ua49aryph90zpzjwq6vqz6uxf6cfzfd,22,2.4011281777380487,52.82481991023707,0.0001083399148522262,8,14,364328.2541124287,0.5333333333333333
bc1q39fvy3jn0r4t9uakk4jswmypg8jtswkgq363g5,23,1.821840351595466,41.90232808669572,9.306482855996611e-05,14,9,339497.27300522727,1.4
bc1q39mnddmfxkym4nn2gn90sgmde70xu9rlatt6xv,21,1.4787950586023886,31.054696230650162,0.00011376094550084114,5,16,380666.02844419994,0.29411764705882354
bc1q39nl0w4kf0vflqrv9xmxrk63eu8dmq8awqsrk2,2,0.09961276403010808,0.19922552806021615,0.00010133713110535357,1,1,27127.730993,0.5
bc1q3cn2rfda45ak6jwwxvnwnv9xa5zag5cgk86lwg,19,1.8824353799502642,35.76627221905502,9.37152379091129e-05,4,15,377840.3626313333,0.25
bc1q3dgwvckarh79a4tcyguxnsv6646dn4ztqxlalm,23,2.402025664681049,55.24659028766413,9.085329177196333e-05,8,15,333675.7989158637,0.5
bc1q3e5ffvkvkmpjemzmgcstvhhgusjjdvevhj7386,2,0.09935214146653606,0.19870428293307213,0.0001786153116029,1,1,7688.740015,0.5
bc1q3ermaq8wlazyxtj9w39zyjfcza8hpy6f5v2e5e,17,2.8639984394291296,48.687973470295205,0.00010131242079350237,4,13,480573.050248125,0.2857142857142857
bc1q3ghms9v0khw3fhqtw273wu58e3746csp4u0qtz,16,3.144149853164382,50.30639765063011,6.337519233382634e-05,8,8,469915.7188272,0.8888888888888888
bc1q3guav9dw6p3qpuhy6en83554dsj453ys63f5hc,17,1.459774516721685,24.816166784268642,7.353621528253794e-05,4,13,464859.78988331254,0.2857142857142857
bc1q3h2h0t2g9kve6tr7c8wq9s4m3uu69lrzpz58z5,16,1.4176569919000954,22.682511870401527,0.00010815790272616796,5,11,452467.93105806666,0.4166666666666667
bc1q3ha6lq6x6g3y86c5aph5llf494gxn86mmfnez6,25,1.7090982838673043,42.727457096682606,7.804946860546823e-05,10,15,293525.8227986667,0.625
bc1q3hce87m3fwsmt8ddmk6vkr97f09x9hna3q080k,2,0.9997548509473515,1.999509701894703,3.469005068212911e-05,1,1,34531.407993,0.5
bc1q3hyfsfhvz0n66ryr5nws2h3tcu9tftgrw3lc25,19,1.6630173114604099,31.597328917747788,6.786377832010311e-05,3,16,334327.01590805553,0.17647058823529413
bc1q3hzp0lt2k5pxsgcadjcrtzs0pwez9e40muuz5z,21,2.3797294830824023,49.974319144730444,0.00010034775916500916,5,16,346909.6594711,0.29411764705882354
bc1q3j0endswnlumatpxdax6jkjxujvvhzjhfe5tpd,18,1.748204035948057,31.467672647065026,8.24512809796709e-05,7,11,382412.90870388236,0.5833333333333334
bc1q3jwrcnq367y4yhgum2q4craapfyry2xz8vpady,18,1.733197912107721,31.19756241793898,7.729443672058462e-05,11,7,407349.5226845883,1.375
bc1q3jx96w6fn82z8g5a2wtuk7aasr6cym0a62cdvr,16,2.7834251158679337,44.53480185388694,0.00011962524143355794,7,9,502446.3516451333,0.7
bc1q3kfa9n7em4wze4m83rd6qes5u3mksrhqerfmzz,12,1.3966460166796892,16.75975220015627,8.427672685926435e-05,2,10,634041.9462137274,0.18181818181818182
bc1q3ktvrkvl00g8drww0dh9fevh7lm9v2emzakg4c,20,2.212181947742546,44.243638954850915,0.00011495202939620633,9,11,381674.51687368425,0.75
bc1q3kwgj8tk2g8p7y9gunkyxlxtyymj52uwvff0gt,18,2.3869664669628974,42.96539640533215,9.286036194727905e-05,1,17,399969.2907760588,0.05555555555555555
bc1q3kxgwsmntqh4jlfj8p5cuphzegry47246jap5n,16,4.09361333764313,65.49781340229008,0.00011110080246071615,9,7,489439.01465006673,1.125
bc1q3ld909ghkgtz0uzxqfvne059gurefkylzgn00a,19,1.9190522037888977,36.461991871989056,8.168678366016315e-05,5,14,430145.5106361111,0.3333333333333333
bc1q3mq93aa8awu6gnj3zsfa3s28nrqfl3lwd77pff,15,2.0427974476761466,30.6419617151422,0.00012478171418991142,1,14,458399.5466249286,0.06666666666666667
bc1q3mrjht238fsmh4hlmuy08e9rktrazzmscej7vj,15,1.8611032866693864,27.916549300040796,0.00010621178655569157,5,10,513267.10899957136,0.45454545454545453
bc1q3mx4xp7eju04ehmnnanq7enarlkxk0pwt6v46c,17,1.7938534444386365,30.49550855545682,6.0046650758220085e-05,7,10,407589.26153049996,0.6363636363636364
bc1q3myds8j3mlqnjg2jt5zajmgm2sf9snmeazl4ut,22,2.199412518419197,48.38707540522233,0.00010111842685558573,3,19,346660.47796595236,0.15
bc1q3n4fk9wj5sd3wnpv4awy9e8ug6te0snfgx4ln9,23,2.525691426205627,58.090902802729424,0.00010171470730308822,11,12,306546.1197457272,0.8461538461538461
bc1q3nxeu7krjwvc63kn2cf87ldrukvp7kdx8sjn2m,21,2.045463395659372,42.95473130884682,0.0001065226307217419,9,12,352150.08874265,0.6923076923076923
bc1q3ph4lgvfjp3mm64re8d4s7ylyv5tq0ayhlcmse,20,1.9834293452039415,39.66858690407883,7.073532670608357e-05,6,14,358773.360831,0.4
bc1q3pv2e5fmmu8lseflxhlms4sstc3sc667ee702j,13,3.5328131541767975,45.92657100429837,0.0001224012516731353,5,8,482557.5677848333,0.5555555555555556
bc1q3qpr45eftw9ctne6qj2u7zszcap629r4439mxq,1,1.0100979685847282,1.0100979685847282,0.0001096152377445,1,0,0.0,1.0
bc1q3r2kxx2w6a85lkld79m7wf7jsyjxzzcl4zfu40,6,1.679795710280964,10.078774261685783,0.0001350702716183187,0,6,1100151.7555646002,0.0
bc1q3ras6jvlh8hltmjwpmz9vfhnh0hpx885q3ynmv,20,1.8077073657272116,36.15414731454423,8.11311945942189e-05,7,13,368100.11798663146,0.5
bc1q3s6lgr3tgperwfa5gujl0qgnywcn9k8u23wl45,23,2.371213394917844,54.537908083110416,8.017728463241818e-05,5,18,351840.04246290907,0.2631578947368421
bc1q3smm60u0fu4c04zjclk3jp8ndg5hrlwkuewd3z,2,0.9999998190250702,1.9999996380501404,3.208525226869417e-05,1,1,36881.805188,0.5
bc1q3sttaucwmpwnpk2tnypzscycerj9jnkud9z8dv,16,2.4670505381947834,39.472808611116534,8.297554002830258e-05,6,10,497195.24739693344,0.5454545454545454
bc1q3swj4lfhh4h6w5sfx29ljfqq6c9e2jysed8hpr,15,2.110873901270721,31.663108519060817,7.388426157749207e-05,5,10,463151.5382418571,0.45454545454545453
bc1q3sygp3lmx4wvzeamqq2qtycwjey4vylc3cmxsm,6,0.7353071323431908,4.411842794059145,0.00012838716679706625,2,4,1528865.4962117998,0.4
bc1q3t783chq3lc0l6d22aseunazppgmnhes0gzjsm,23,3.4832420038261485,80.11456608800141,6.231535414459092e-05,12,11,342719.9857985455,1.0
bc1q3u653mc8706jxhrfz4kgccvhcntztgjnzdsh02,16,1.086321113038351,17.381137808613616,8.40228673522651e-05,0,16,459829.4262792666,0.0
bc1q3ue4yhqca95704mavejr9xwlvtqaryrwsw4p0l,1,5.0,5.0,3.981546131885048e-05,1,0,0.0,1.0
bc1q3ug3vxuds7009zugmp0dw3x8vda50r79426xkp,19,2.230896121948159,42.38702631701502,0.00010419193569872611,4,15,416016.8462599444,0.25
bc1q3v764tarjwspv38ejnexzaeztytjeflhk43rjv,17,2.18235408192508,37.10001939272636,0.0001230723677170646,6,11,439469.147620125,0.5
bc1q3vyt4vj4wf2tzm8t5tt4ljxmgkm989x6j3hm47,1,1.8228124135509534,1.8228124135509534,0.0001634792848487,1,0,0.0,1.0
bc1q3wckkdf6lu43sdr3y75pwwvmlzdql6s5huw2v6,15,3.6148874825116057,54.22331223767409,9.572628484624028e-05,8,7,477627.2030198571,1.0
bc1q3wmf9gjh556q7vgnvxxcdmlfpd3gcahanpraf2,21,3.045259902159344,63.95045794534622,0.00012363243150216702,5,16,376368.79765844997,0.29411764705882354
bc1q3xa229nlgpj6kc04ucnmqn4jk3vry7ketujz25,14,1.9469978019580698,27.25796922741298,7.275083271815092e-05,5,9,566643.5065637692,0.5
bc1q3xagf3lpueqst44pxftyan6jfstu9l5fxu5rf6,16,2.622050291511515,41.95280466418424,8.53345061025285e-05,7,9,452373.4367018667,0.7
bc1q3xk0d3ks059gxw0gz63js4zd5e32lmswprx4la,18,1.6564513846487303,29.816124923677144,9.562246340688979e-05,7,11,431788.8907437059,0.5833333333333334
bc1q3xs7uw5w7ghxt83d0sv8gc2nnvzxjc6z5rfm4g,27,2.345659959361938,63.33281890277232,8.065931288964437e-05,11,16,285109.2299678846,0.6470588235294118
bc1q3yerlmfs059fpgxetsdn8yvrn2zmdmeah029nf,22,2.2069077633324956,48.5519707933149,8.42000862024304e-05,8,14,333537.9122190953,0.5333333333333333
bc1q3ywkms7pjv6tnu43kn9rwx3v2xxs0qd0lvzskx,18,1.9879320020329594,35.78277603659327,0.00011029052096703584,4,14,389375.3680591765,0.26666666666666666
bc1q3z2qa9tcsytvtjxsyv33rfytqsujqzrh7cgm0g,22,1.902861935620049,41.86296258364108,0.00010519591304202842,9,13,363061.23627185717,0.6428571428571429
bc1q420dyh2gl07tyht63h3s7vsd56xwn7nhqnhjd9,16,3.1263683393506994,50.02189342961119,9.199843883025135e-05,6,10,489827.26374439994,0.5454545454545454
bc1q42kvkcf44h8s2l8tnl0jdcv4kegfg8du6vt0rw,16,2.291548338196224,36.664773411139585,8.491604186708456e-05,6,10,456971.87701393326,0.5454545454545454
bc1q43hgfkce5sm77m2g7x9945vh9d7epy24cn00gr,14,2.121729918140489,29.704218853966847,8.503694119773423e-05,4,10,560192.1489001538,0.36363636363636365
bc1q44c0hjguqcp9gk03ejapvlt08vcwqqsng8r39s,14,2.123275289334859,29.725854050688028,0.00011539118053754801,4,10,572755.6418736923,0.36363636363636365
bc1q44qeahc82nthgqvdu2th3yf4rkx09kl6wgskaf,24,2.188207895894345,52.51698950146429,0.00012897623384466696,8,16,259695.42615947823,0.47058823529411764
bc1q45644f6j5m6rv3grlcru9hynzy9alkqtje7tv7,20,1.920105726300553,38.40211452601106,5.9212867357324115e-05,8,12,374482.6965045263,0.6153846153846154
bc1q45p7fx7lupeqmp7a2dq4c8zgmvn7s8yex6mhr6,13,1.3624585212573115,17.711960776345048,8.960363673185988e-05,5,8,520307.8240718334,0.5555555555555556
bc1q46u709jx647av33ax2n6mgqye7hhjg34t8l0mt,13,3.596753999527353,46.75780199385559,0.00012366872579966989,6,7,519054.78242000006,0.75
bc1q48cff58czxk8472eve2scj0vt8j95ckcquqlh9,16,1.998503510155678,31.97605616249085,8.1141358013311e-05,2,14,392012.39062733325,0.13333333333333333
bc1q48ctf7dlyru7rfzdadsfm7udumzx9tuy65wlm7,21,1.7066940991439783,35.840576082023546,0.00010927533892580502,10,11,362931.9631313,0.8333333333333334
bc1q48z99fvsld8wwhkvsq74wtpx5g9jpru7vuyygn,22,2.658264701298218,58.4818234285608,7.053924734091316e-05,9,13,345243.9097213334,0.6428571428571429
bc1q49nvv9vjvjlu9s6ygcz33ftskgrgpffkfsc4mn,13,2.2794693131964805,29.633101071554247,0.0001253179992361815,3,10,537708.7500865833,0.2727272727272727
bc1q49qacpjmtglq8yy5cpklkqwylrgmutm4u0y7cx,21,2.876075825603894,60.39759233768177,0.000100999469214673,11,10,372036.57393635006,1.0
bc1q49rqvpc22llgpanc00sm6vk7x5m729y52wqe2e,18,1.925511390973816,34.659205037528686,0.00010971545714396919,5,13,426933.2028421177,0.35714285714285715
bc1q4anm8pk04f7dfzgagwzuh2ww7zcqkj3e00te0f,17,3.098373023928464,52.67234140678389,0.00010207109170662356,6,11,456620.9856244375,0.5
bc1q4dnq5484zjdsgpq8a3l3qfvcktc9wuzpxwn6g8,20,1.6454387631687368,32.908775263374736,8.629879361675642e-05,6,14,355394.9716956316,0.4
bc1q4e0stxagntd6swcjgsdm8ngrwa8u5ye69tfde6,20,0.9645633351277031,19.29126670255406,0.00018008965765157011,4,16,293874.01779536845,0.23529411764705882
bc1q4fhps32p74s2lnycu90fnqx9swma0q725k2h60,2,0.9994084062015831,1.9988168124031662,0.00012614664861735253,1,1,32714.070638,0.5
bc1q4ghtlhkrmwjph4clm3zn43ech5jj3yzv2yg27j,23,2.6973873444801844,62.03990892304424,0.00011361931719714488,6,17,345013.22209981823,0.3333333333333333
bc1q4gry4xveu9mkncwpf29024pe3ezml5ft02mplp,14,2.8512726088031477,39.91781652324407,7.731388764683056e-05,3,11,533423.7760187692,0.25
bc1q4h46gerrlvpkp2ntjmu9dg2uu2cxj65thk9ahw,1,2.1471559907347504,2.1471559907347504,6.640393398347766e-05,1,0,0.0,1.0
bc1q4hnm0zrvwhdynkrlrezqrvckwq3d0xw2k8vvuv,23,2.433678621130187,55.97460828599429,7.314232027640784e-05,7,16,332447.56020222727,0.4117647058823529
bc1q4k3s044r2wdkk4a5g0l8gpg5qh6faz9m2xnfxx,2,0.09989266795897701,0.19978533591795403,5.658892154206287e-05,1,1,42615.628526,0.5
bc1q4kexpflzn3xc5c80r70zx58d0m0jxc3eck7rdk,26,3.131634140698816,81.42248765816922,0.0001111348059899899,13,13,286945.96533184,0.9285714285714286
bc1q4kqvzzv0d24qn8ezpqwup9qje50ex0mar2925s,17,1.8143861155613603,30.844563964543127,0.00013956434408689722,7,10,448482.7768465625,0.6363636363636364
bc1q4lczqswx9lvh8x95tjydhps6r5gj89h2h8dv2s,14,1.652333585378576,23.132670195300065,0.00010349051531171707,3,11,511764.6968494616,0.25
bc1q4lgmndrjqf9uvghpq445xqgwmwks60pgxdgvrs,17,1.8134650548149254,30.828905931853733,7.0324516917773e-05,6,11,461382.6437021875,0.5
bc1q4pkgkllszeuvanuh2xrtlas5uu77uh9rwk7luu,18,2.818383647089253,50.730905647606555,9.05742896789217e-05,8,10,369072.536678,0.7272727272727273
bc1q4prlvy087emt4zcrktvuclytemk2ylnmn3xxlp,14,2.659186378774823,37.228609302847524,0.00011379452235347073,5,9,568712.9405079231,0.5
bc1q4ttwr5f220vtcgglacz4g7kxm9u2ah86jc64l3,2,9.613919734782268,19.227839469564536,1.9296396601219744e-05,1,1,850.852154,0.5
bc1q4u6qp8s3utgg56ydg04w7t4cflncy84epef2qn,21,1.7389866174866195,36.51871896721901,0.00011614204166557663,7,14,367230.06889344996,0.4666666666666667
bc1q4ugp9whufd9ldsm6au3k3yza0v8ffttmqe8ffa,14,2.6486150032603133,37.080610045644384,0.00010050769717172343,4,10,438790.62096046156,0.36363636363636365
bc1q4uzlfg7x3ee8nelu8cafh57zgxz3kk3l6hcl32,25,3.0737302290459536,76.84325572614884,6.760391299963862e-05,8,17,306947.57464204164,0.4444444444444444
bc1q4w57adwjgajtpd586nx2m6gj6wf0n7ag6hnmj0,2,0.09987373762255228,0.19974747524510456,6.7121251466047434e-06,1,1,27681.808611,0.5
bc1q4wgalejn57g6d6lfyz69wyshe3e05kyqyvzye7,1,0.48422460557163266,0.48422460557163266,3.635814641128356e-05,1,0,0.0,1.0
bc1q4y4p4x557mgpeta3mlh8uqzjjrdwql50znlc4z,20,2.3424246571315983,46.848493142631966,9.142140682544238e-05,10,10,377967.8345971052,0.9090909090909091
bc1q4y8tu9s550l6scefslrtrgtn0dr3p6pu3q8vrs,21,2.741690713778007,57.57550498933815,8.46274274557062e-05,6,15,379601.7005485,0.375
bc1q4yf0k4jucafydpw0mdkxph4dnhvn48udxnhegs,28,1.3516069049964254,37.844993339899915,0.00010112260282343966,9,19,242484.94880770374,0.45
bc1q4yrqwwpy9qjzu8l29ajj6gcfjytxemxd09kepa,19,1.7139684517498572,32.56540058324729,9.891918702897435e-05,7,12,384844.78914155555,0.5384615384615384
bc1q4yruvjkhy4rwyzu4wysd08r08euxz8z3kz5u8v,2,1.4800172210027045,2.960034442005409,6.668540706045291e-05,1,1,347.740368,0.5
bc1q4yt6ghslgdz48shpce6jqz62rd8efe3qt0tdtm,2,8.642674264903523,17.285348529807045,0.00011592926765006629,1,1,355.925832,0.5
bc1q4yt9n9p2eypy3faxve7hq87p5s24cmuurv0nm4,22,2.64870583105295,58.271528283164905,0.00013941690121758792,12,10,315388.4735515238,1.0909090909090908
bc1q4z38u9l97u4a7s7gsyl67ayern7fyyelxkf4z6,20,1.5906830303466593,31.813660606933187,0.00010138384912588784,6,14,370414.60686326324,0.4
bc1q4zuahdvaa8z3kdu4awqupufpmzjpv7hljx8906,22,1.798279267018652,39.562143874410346,0.00012940016308797843,6,16,352007.65750171436,0.35294117647058826
bc1q50hwg8pcezkjzd3md2frug2h52facalcv645a8,15,2.784749081628095,41.77123622442143,9.500133417154529e-05,5,10,518503.30622107134,0.45454545454545453
bc1q50vyftultcuwfq20qfnwsnwdpklssvvde2f456,2,27.787707587305377,55.575415174610754,0.00014046913613128222,1,1,481.847294,0.5
bc1q5274792c4uk382fssku5nd6thphfe3lgkcgsnf,13,1.759040286617908,22.867523726032804,9.595452375961152e-05,3,10,557048.5174074167,0.2727272727272727
bc1q52tg6tg06a3tnpf65nw3fpjc586dj5xn03v9s4,19,1.6359322587208815,31.08271291569675,0.00010824746441276764,9,10,409978.9687538889,0.8181818181818182
bc1q53h9d2ghycwulmrjxvyh8ydc7m4z0hyr2f77w7,20,1.0717780988048848,21.435561976097695,0.00011458712240246033,6,14,354631.2120001579,0.4
bc1q53nwct5vanc9m84hts2y97hgrgatu9lgq34qv6,1,0.09988519165118916,0.09988519165118916,0.0001148083488108,0,1,0.0,0.0
bc1q548v2y3f7xpp98kx0p8p30u9g33un7jxchen9e,2,0.09997883152980938,0.19995766305961876,0.0002496731214865696,1,1,13754.169779,0.5
bc1q54x04c65tc3uzlfznhgc0chgej6um9zeq30ve4,28,1.9816534268133732,55.48629595077445,9.919711449208485e-05,7,21,266347.80537629634,0.3181818181818182
bc1q56e09en0c7skk78k42qyrgml6lcym9yp887mqk,21,2.4443020847031556,51.33034377876626,6.830400767872413e-05,6,15,304493.4152269,0.375
bc1q56j7qfq06ufn4pd84uhpjplk86smde9srm8sud,28,1.6898532795231955,47.31589182664948,7.860616252740046e-05,8,20,286743.4434041852,0.38095238095238093
bc1q56ma9kd0yd6vh48jkm7ssteqkxdfle38zh27da,16,1.794550035699927,28.712800571198834,9.326233938977848e-05,4,12,507477.4056660667,0.3076923076923077
bc1q58ecd708wm925nnscxyn9mhxmkmtgre7ucznpw,16,2.373241549555959,37.971864792895346,0.00010651655067299671,7,9,496171.93269253336,0.7
bc1q58nu4wfkmke00548dxaelatc4ezjl8gr5yw5hz,14,1.493284866872937,20.90598813622112,0.0001276283797686211,5,9,521207.8205321539,0.5
bc1q59hzu4399y698zndnpaga9j0k994tuwejqkgmj,17,2.486509974766072,42.27066957102323,6.595055609862792e-05,4,13,445616.1189879375,0.2857142857142857
bc1q59xh0zege36qlwg4kl4le4ut7hs7573cuswdks,1,1.0,1.0,3.398611657399102e-05,1,0,0.0,1.0
bc1q5cmtq9k2jvyhtgdpy7tk595xeah63d4ewd6yfl,15,1.7856115348288975,26.78417302243346,7.72848573018485e-05,5,10,446268.2958315,0.45454545454545453
bc1q5dahn0wxf9urkjgwt2cn8z32tlxxfu8rxtlllg,1,0.24167963949843355,0.24167963949843355,8.682292760033246e-05,1,0,0.0,1.0
bc1q5f8vksd358x6xsd8ssqlumhzvxswzk8h0nj7yt,21,2.1261064398325042,44.64823523648259,0.00010211202345423054,5,16,375325.6976363,0.29411764705882354
bc1q5fpqz5rrns6hs3r0qt6dxdz37zat82dav666dk,23,1.600723373642979,36.81663759378851,9.080921172896634e-05,8,15,301787.4984639091,0.5
bc1q5g5kvlk3vzat3phqqpkmuzxx0ujw0n76mmhzkv,15,2.8747963477802134,43.1219452167032,7.326275198874492e-05,4,11,474954.357058,0.3333333333333333
bc1q5g6twe9cww7jjh4le4qhwfdy4s26vu35u036l0,14,2.6176348475769395,36.64688786607715,0.00011789495736299646,6,8,522105.3286065385,0.6666666666666666
bc1q5h5c7hc3xx9t8r6y66l4rth0qny9rhknnjqh2n,1,4.999958881571594,4.999958881571594,4.111842840653103e-05,0,1,0.0,0.0
bc1q5hh7uy2m58wsw6y4cdwmwjsvcgafwkhvwtlk7v,21,2.2686200888960415,47.64102186681687,9.418794063960692e-05,7,14,370913.83172300004,0.4666666666666667
bc1q5j5fl23asr8eawve882ev30tartuv4fg9qsgf9,1,0.1,0.1,0.0001073320410229,1,0,0.0,1.0
bc1q5jke2pm247xre93xaqwd2sq3n288w934gxyvzz,22,2.806343827217766,61.73956419879085,6.320838789274494e-05,9,13,348481.8541098572,0.6428571428571429
bc1q5jpxuyhxe3d2g28wr55q4cl0qaxws5ztsz9afh,19,2.9515166275682354,56.07881592379647,0.00016542112863895706,9,10,382573.8567220555,0.8181818181818182
bc1q5k9k03zmt99fhkfehr7vecg6gnrrh42wu9mv4n,18,3.2712887063006417,58.88319671341155,9.283345690093614e-05,11,7,441053.34116847056,1.375
bc1q5l9zpemuxdtdknq65edr6ptf4tuq9ee8jwm9x9,21,2.1093031823240174,44.29536682880436,7.455762006996598e-05,7,14,320735.7502386,0.4666666666666667
bc1q5md6qjrrf0tm6dvgfg49unj0fdr3tsefzuxf2q,21,2.438098558168145,51.200069721531044,9.363447961597559e-05,8,13,351971.7805899499,0.5714285714285714
bc1q5mj2nj3rrvz8lwckgdvtjnvu2mcnqq6wln9dep,17,1.2882559598015104,21.900351316625677,0.00011188452998378262,3,14,429640.4124570625,0.2
bc1q5n3ja3zagyvve5kclv5pj8yn79pxvfualnc6h2,18,1.6732574421145072,30.11863395806113,8.62609475622894e-05,4,14,427344.26595864707,0.26666666666666666
bc1q5ptwvg7uph9mv9u2wdx2y5h38fs4dnqj3vpwr0,25,2.5930123941447603,64.825309853619,0.00012609860681583987,5,20,315200.51688720833,0.23809523809523808
bc1q5q0xqf5td2luqyj77u3qmzpxzq5tknl805kv4h,18,1.4327619493402197,25.789715088123955,7.160285993634808e-05,10,8,439779.0272009412,1.1111111111111112
bc1q5rgwjvph9s9f43vv508gahhan9p20mnkxwfth0,12,1.1188652016225025,13.42638241947003,0.0001248369580045045,3,9,643730.6281595454,0.3
bc1q5uely3q9zuf39tdn032fnf7gsj4efldylw6wdq,1,0.09875821528108868,0.09875821528108868,0.0002544204912372,0,1,0.0,0.0
bc1q5v2vwtccwd0d635e365zrjv5fjuzmrcscj6z2y,17,1.8603762763995189,31.62639669879182,0.00010963944973755161,5,12,440278.54085862497,0.38461538461538464
bc1q5w08rd4xtmtjhujw22mv73s4le0lszh3myfklw,18,2.401103209136748,43.219857764461466,0.00014876644030541796,6,12,440769.2896582353,0.46153846153846156
bc1q5wvxe72vjeas6e3mawznghnxqgr79nkuwrqfp2,18,1.8615076231657615,33.50713721698371,9.317700786837967e-05,8,10,305833.46044605883,0.7272727272727273
bc1q5xk3xw2pr4rg8kf0mlv6qnks3dd5v42efprs5v,20,2.4047093121736167,48.094186243472336,7.202801440776556e-05,8,12,363327.069008,0.6153846153846154
bc1q5y20hsw88fqrukfpu6wgxuwwhel0g6p8dg9s2s,17,3.1588318750864417,53.70014187646951,9.586581452126064e-05,7,10,418494.0157675,0.6363636363636364
bc1q5y7j2c5yev2sfhrfmpznu5a3jlxrng6v66fm7c,24,4.468400229208746,107.2416055010099,0.00011358817882731062,3,21,310662.46483400004,0.13636363636363635
bc1q60fqyek4p9ztxm3vdx3fyufne466g5spxrujw4,16,2.4271463787814973,38.83434206050396,9.886993326628968e-05,5,11,458807.7988194666,0.4166666666666667
bc1q60glhyls65ya6ltyzxxgvx3dpar9vwt546yz7p,1,0.23961495167863495,0.23961495167863495,0.0001090112098237,1,0,0.0,1.0
bc1q60j0va6l0khz7yu83chsgv7057pcnn449zhnjs,20,3.0133734444321947,60.26746888864389,8.819190614029395e-05,10,10,378964.79789899994,0.9090909090909091
bc1q60x4zurspnlz3clwjfwm7fdv28prgxfmjr5a8p,22,2.167373769643173,47.68222293214981,8.388906692935076e-05,7,15,361319.34998371423,0.4375
bc1q62fwy8jkmvm0f090yvhaf6y6qhwptxw7g3rrk6,12,2.725614617867563,32.707375414410755,0.00017323654227719993,10,2,419555.88820845453,3.3333333333333335
bc1q62uddwzj9t6lv3efcvlkd0j63jp8fu7frxwyep,19,1.5041480681622914,28.57881329508354,0.00013122378374566039,7,12,395443.33657222224,0.5384615384615384
bc1q63fgs3n3fl5ug5qpw57n84t5yvarwzymnjchgw,22,1.5803187390033344,34.76701225807336,7.164489595694173e-05,7,15,302186.4001966667,0.4375
bc1q63udf9yktjt8zlw39rp9ppeq9v9kcutdzm6907,22,2.6242937091213117,57.73446160066886,0.00011172066344681876,5,17,348092.91430819046,0.2777777777777778
bc1q63w6xnq8us8yhm9jmjvlanh38e8mldjd829rfv,20,1.718136899980901,34.36273799961802,7.104504147510782e-05,5,15,299621.8256036842,0.3125
bc1q64zgvps6ee4fwumcn330y0zd077dqdnkff3rwd,2,0.9996065224994729,1.9992130449989458,8.976552867639433e-05,1,1,12051.34148,0.5
bc1q669yvkkw87dd8ymgvkeum0gccwjuexdc5nqf8h,1,0.9996658405724034,0.9996658405724034,5.180552385727918e-05,0,1,0.0,0.0
bc1q66rpp0a38eqndaekyncppvu9ftzcl57nynltpa,24,2.6575985460855027,63.78236510605207,0.00011556672063069697,7,17,313796.663548913,0.3888888888888889
bc1q67n7n8j4g0znr3v3nexeexuhxm5jlpnusjvqf4,20,1.6136175355442333,32.272350710884666,9.314723697098146e-05,7,13,399518.9956676842,0.5
bc1q68gue9ftejawfvpk83gwxadacskeddvvycqskg,19,2.424450692259068,46.0645631529223,0.00010734214468081376,6,13,388635.78448844445,0.42857142857142855
bc1q69pmfd4utdtm6jtpfc680xz7l87jugys8e7vwc,18,2.5481467794257906,45.86664202966423,0.0001004523861389676,6,12,438413.68796870584,0.46153846153846156
bc1q6a6esp8d5gup9cr8ez8wxl4jxdnldkvkmqpy8u,19,1.7420147820080942,33.09828085815379,0.00012796749682261114,6,13,364997.9238711667,0.42857142857142855
bc1q6am9ngu9383uda3jpm4mjqx9cna4vtr2e8063k,16,2.544398252456706,40.710372039307295,7.811730296722125e-05,6,10,455503.3877131333,0.5454545454545454
bc1q6cm55nder4ufragfquxvqnvtgrsdz0q7vg08q4,13,2.464208887260277,32.0347155343836,6.503689751311308e-05,5,8,585636.0732815,0.5555555555555556
bc1q6cmlpznda6e7cy32rju3vjrzv9tu0495v56ukd,19,1.4155411818820274,26.89528245575852,7.682604670746435e-05,4,15,394247.4968106111,0.25
bc1q6cq53qynrjf9td9l9kwtafna9rcl7lhatfkhgv,20,1.914751479505425,38.2950295901085,0.00011995963698173425,5,15,315487.3297288947,0.3125
bc1q6en6agme65ujalrs7frswgzwxvc9we4wq7zppr,23,3.116763759014859,71.68556645734176,0.00011014184974405091,7,16,341701.44889031816,0.4117647058823529
bc1q6eyx2laz5qwvg9lw8w7gz2kq9jkaphs6gzpznf,2,14.511970016699147,29.023940033398294,0.00016634301285109693,1,1,1280.901543,0.5
bc1q6f6uher9jse79sd3j7pq9mtvn257xk3qku266t,23,2.918007416473647,67.11417057889388,0.00011643217620864541,8,15,325975.9461494545,0.5
bc1q6ffuw3q2utu2h5y463afls56l3ztv45p96rcjt,1,0.10229305532617963,0.10229305532617963,4.010840217085992e-05,1,0,0.0,1.0
bc1q6g58s3vvs3995r0tz5pu4vez7ucjd7lxy228uj,18,3.038433597912531,54.691804762425555,8.946440475710382e-05,6,12,412110.23444411764,0.46153846153846156
bc1q6gf5dd9krnzth9rkudfa4y4rza9z96ehaxkvrv,23,2.8642380831835568,65.8774759132218,9.487564509804222e-05,8,15,334681.1239820455,0.5
bc1q6hxtm6wy5k6jr90anhwz4p737nx3lds35u26es,16,1.7239614397574445,27.583383036119113,0.00010761348733146278,4,12,500440.69760766666,0.3076923076923077
bc1q6hzn9yqtcwdx7gekrm3q200y5glraz48zgzgpg,17,2.517009495987633,42.78916143178976,0.00010270259729252622,3,14,354788.9204180625,0.2
bc1q6j9lmg8384muwq03p88jsk43ltfsrwfq0g065l,14,2.6744766150230164,37.44267261032223,0.0001203174843994819,3,11,460285.34573769226,0.25
bc1q6jlzz0nwz6nn879cl9tv3dnh87y4f7y660zk3f,1,4.999618074901659,4.999618074901659,9.398090188060124e-06,0,1,0.0,0.0
bc1q6kgrtwsmpx9eccgz6ksej45juy2dsgl5z6t0gq,20,2.007786093579448,40.15572187158896,0.00010577068911894172,6,14,374401.3069634737,0.4
bc1q6kt577gjcq4sumx2xx4jeukchdn69a05q9fr6j,16,3.2917123192234388,52.66739710757502,0.00016046910257726873,6,10,432691.5551869999,0.5454545454545454
bc1q6kutlfzvptj0c2cp69z4434jd4rvh07tme2alq,22,1.6677113405514918,36.68964949213282,0.000128439148487944,7,15,334417.9312819048,0.4375
bc1q6l4xy6ptr3vvyk2r7pegwxfx4cjlmnnx0gl85l,22,1.5276771206285866,33.60889665382891,9.850804622718263e-05,8,14,367272.21002223814,0.5333333333333333
bc1q6l72g6c2u3l4e0jk2ltu7kjy89kylesdxffug2,20,1.59694230746745,31.938846149349,8.960153526147148e-05,5,15,383354.5390643158,0.3125
bc1q6m3paz3h5znfjqmftdp02u4zy4m7tay7gekn5y,16,2.0751619069770935,33.202590511633495,9.24696018258972e-05,5,11,453406.25786053337,0.4166666666666667
bc1q6ml76gk8tpmdxwrjz7sdgsvve7nqdmxp0lqz8j,19,3.240728721323913,61.57384570515435,6.039033361140956e-05,7,12,404975.25855855556,0.5384615384615384
bc1q6n7568aj59meesk57fphu6nkrsd557vl2a54ju,23,2.6734210761596984,61.48868475167306,6.754771656737524e-05,4,19,332561.1288945,0.2
bc1q6nh5z2xel8rr42vnpsvxr4xmcjygpnsq4svwep,18,2.293461728319771,41.282311109755874,0.00014973838950467413,7,11,418098.1466135294,0.5833333333333334
bc1q6nmdv53g92lhgcupmwyfksz9qznkfqapj89nl8,23,1.3543322248500318,31.149641171550734,0.00011948775690544329,6,17,324175.10172877274,0.3333333333333333
bc1q6nzd3k23qk5zaa0ucft8ze4n3uzm4qs90n5347,2,0.9996475691477302,1.9992951382954605,7.451433758896798e-05,1,1,35155.429444,0.5
bc1q6pcnqn3jnvep4jhznh2qxdfpfhnzh97nvfjskm,1,0.4875566051264639,0.4875566051264639,0.000160659136758,1,0,0.0,1.0
bc1q6q3ssur0a6ckjfyc4wkmsgaprghnveyg0jszdp,21,2.198951248956225,46.17797622808072,0.00010924093768808674,6,15,383177.8148852,0.375
bc1q6qrzxzlpxp9eqnv0zkqv7v095klmess9gurg26,16,1.4129028555702883,22.606445689124612,9.591444719009839e-05,3,13,453945.10815319995,0.21428571428571427
bc1q6qtuuqeyw70ug382rcxkh3lfers7qwer3ttlmr,24,2.1382335227867557,51.31760454688214,0.00010203215908174318,8,16,325142.2227179566,0.47058823529411764
bc1q6rtw8tjrljztseq407dug07hu9h7s8w82vta05,23,2.5159373601141364,57.86655928262513,9.040911198138838e-05,11,12,321816.8570332273,0.8461538461538461
bc1q6s33xh3uwkkvskl4tyzdq47yhr8h7h743etv5w,17,3.127888224217162,53.174099811691754,8.33601889219575e-05,4,13,455771.72115131246,0.2857142857142857
bc1q6smzv36tcw9rma9t5n4kftkc59kzskr9k4xxs7,9,1.7188972932851228,15.470075639566105,0.00012890525248055454,5,4,868406.375090125,1.0
bc1q6t7wwlssj2k7khm22m0kvxpwrvuv6kegezkdjx,2,10.69034266940892,21.38068533881784,6.642684682467439e-05,1,1,716.769471,0.5
bc1q6ttk2ymvp4wftl5l7u37tgr9mr780qrraqvpka,22,2.7137888773265484,59.70335530118407,8.340187391546022e-05,7,15,355973.700273,0.4375
bc1q6tvk642xrc6xtk680gh5jud82swa9ur9jx757t,17,1.797204417129171,30.55247509119591,0.00014712529887499237,4,13,455211.075015,0.2857142857142857
bc1q6txsum0u077l4gq3jakvna4wfywes7sjpcvcxl,18,1.6461582316729735,29.630848170113524,7.278183286855275e-05,5,13,394905.08495723526,0.35714285714285715
bc1q6ueafrawve5jvee5ma4tmjkad0rfng5rsml3fy,22,2.4884603053436822,54.74612671756101,0.00010487590379597025,6,16,335764.4001943333,0.35294117647058826
bc1q6w299n278rxzhu6ew6652l0szq5cw0vhs70u9z,1,4.65458394809362,4.65458394809362,9.982247376131846e-05,1,0,0.0,1.0
bc1q6wfgey775r5xr8s55r2xvz39rca6uxtrcj3yw7,7,2.427358323302809,16.991508263119663,0.00013071658886199686,0,7,1103041.1234873333,0.0
bc1q6wslc20xnjk6n05mhsm9d2mc9k04jkpl3kgdd8,2,0.9998043741184699,1.9996087482369398,0.00011829932162132011,1,1,36416.99434,0.5
bc1q6x4s6hr8rtmcg6ept7gd7qact9ev34nz9x69ry,13,2.276369431221672,29.592802605881737,0.00015848168670681059,3,10,608948.8872919168,0.2727272727272727
bc1q6y0hvczupypq0degysfwdcvwdccyjunqfynzs9,20,3.0450888510654153,60.901777021308305,5.4619841682014484e-05,7,13,396309.656163,0.5
bc1q6ypwhx6wgdndr8yf9ltjy6u84xt7tl8aa4xuq9,20,2.7142426186899753,54.2848523737995,9.994701224095887e-05,4,16,389561.129869579,0.23529411764705882
bc1q6z52053k56gjecepmgfhz9yrhnqqv7ecar0m7v,21,1.9474122217514196,40.89565665677981,9.372204846609852e-05,7,14,347766.42191045,0.4666666666666667
bc1q6zhamt7gqagge3x9dyd4t6nzaz3xv2x5fgrt54,19,1.7287597588098322,32.846435417386814,0.00010473701944530008,9,10,406582.83165922225,0.8181818181818182
bc1q6zmanrvr7xrahcp88p34h845tme27yhel7jxrj,18,2.372113675621427,42.69804616118569,0.0001232376476248181,8,10,391891.17211564706,0.7272727272727273
bc1q7053m87znryltndra756a82uqf0a4jnxkctfmg,19,1.4491649138433125,27.534133363022935,8.062390693809639e-05,5,14,401180.23680699995,0.3333333333333333
bc1q70gm6eczt8ahjw3spf92wu34spwqafss5s9jwl,1,0.23814643546205233,0.23814643546205233,0.0002480463922903,1,0,0.0,1.0
bc1q70wnq3ge7fw8s6uvymd3rdjx9dqgaqpw3lns7e,1,0.6413707121694571,0.6413707121694571,0.0001554380862602,0,1,0.0,0.0
bc1q720setrgy7q2j222sad0z0kplt5r0s9wadqqt3,22,2.6044424356037355,57.29773358328218,7.805447183080824e-05,3,19,345678.8793862857,0.15
bc1q72rqgqxz26mzyuarxqkft45ua99xrdrxe8eare,19,2.0076331262373124,38.14502939850894,9.824544590479863e-05,6,13,332336.6012969445,0.42857142857142855
bc1q73lzjzmrup907juv2mpkyj9kdtvfhg69gkvz8p,18,1.4928074135960965,26.870533444729737,9.031859838951033e-05,4,14,424981.4955877648,0.26666666666666666
bc1q73ny2lrz4w58fzwpprxs5c0h0u04h8reeca6jv,13,2.016355285745165,26.212618714687146,9.843497530106509e-05,3,10,613424.9932581667,0.2727272727272727
bc1q74vqln4mjvvuf6yaassdpzrvntjz0l8k4y59kw,16,2.3671413422751044,37.87426147640167,0.00011028984107911318,3,13,470562.76052233326,0.21428571428571427
bc1q75cvaxses798cejmxdqtc70w3smp03wywmfkz8,13,2.1839357172692977,28.39116432450087,0.00011969042873967876,6,7,593919.31820875,0.75
bc1q75hrmvwk472qqfx7lxdj3hx2udznschu63umte,1,4.9990266252610756,4.9990266252610756,0.0001312887317198,0,1,0.0,0.0
bc1q75j6dwlw0kkk423etrx4g0888v3jsd9gzry9dk,22,2.0281066105619225,44.6183454323623,0.00011694908976320443,9,13,358244.50767719053,0.6428571428571429
bc1q76t3e5qj5j75rx6c5xqfp33wks6umm4kc4e3q8,21,1.8125259737012072,38.06304544772535,0.00013020780022267582,9,12,378145.8247587,0.6923076923076923
bc1q7748sa7nrnmt9q2rgawm9ph4z3y6w45acrqm08,1,1.395748073946969,1.395748073946969,1.4338493019569936e-05,0,1,0.0,0.0
bc1q77ff3jyx9vjrd3ghnl38x7r09srrf0yjylnjjz,25,2.4194635898716284,60.486589746790706,0.00010613703509291626,9,16,278010.705624625,0.5294117647058824
bc1q77n2ts3xa5y6gue6u4rx9gd2g7t2mjyen96ty7,23,1.4230273507971056,32.72962906833343,0.00010755337467907058,4,19,336798.06417454546,0.2
bc1q77wa7tvw94x2s36v2f6w23a4jdrg64hmpqv56g,1,5.0,5.0,0.0001470635030524,1,0,0.0,1.0
bc1q78q70pgwkttpr0vh8a3gurf44pcdm3mspxg2l6,2,12.534558524028022,25.069117048056043,0.00013587762174875,1,1,1637.945271,0.5
bc1q7chpnrl6e070qtv8psngtfj8u4l4macjznwt2l,12,3.440166863475765,41.28200236170918,0.00011384824959538983,5,7,611880.1406145454,0.625
bc1q7dv7nw3w9ay9yk0hhze95h306qv2d0dy9mevan,25,2.3927581351616967,59.81895337904241,0.00010827631685770796,8,17,309437.67233549996,0.4444444444444444
bc1q7eau857nruwjaguxvmejxggfsw73utqy468zd4,19,3.206731776148911,60.92790374682931,9.632529863627972e-05,7,12,406870.1092726111,0.5384615384615384
bc1q7fzl45ar0nwacv583pme86wskq3v47f0pnsvgk,28,1.9060966629456093,53.37070656247706,9.845458286942322e-05,5,23,273835.4793624074,0.20833333333333334
bc1q7h834fdvk4ypw2l2lzvl82enq2wk8u3zj6xl8m,18,2.193708166473266,39.48674699651878,9.025149927316704e-05,6,12,395667.5838488824,0.46153846153846156
bc1q7hqvux2cysvs93yexny8fpkr6raq5q94cnhptq,15,1.2749328195975738,19.123992293963607,9.679784528998948e-05,1,14,494427.02804885723,0.06666666666666667
bc1q7hxh5tcsnz4k65yddcskkez0rzaln0sfungwuj,21,1.3549558097704792,28.454072005180063,9.857514121259118e-05,6,15,353404.7005477,0.375
bc1q7je7sm59rlfffzxjrwf4rl5v4crugr9jalkspy,24,2.4731104229939453,59.354650151854685,0.00012359941730659486,9,15,296977.94462182606,0.5625
bc1q7jffqestqtsr0ygty5rgu6wa9c4nf58tszqary,23,2.8103508290020933,64.63806906704815,0.00010937565625087609,6,17,343401.4306085909,0.3333333333333333
bc1q7k20uaz3s6zyyv5uy3q6wys23p78dp2ju6zt6w,1,1.4908432377597778,1.4908432377597778,0.0002240416651129,0,1,0.0,0.0
bc1q7l90faj46ywac9x68pudxe0k0yhe9p5qhzw8m3,11,1.481746452895574,16.299210981851314,8.76309944860496e-05,2,9,630534.2199304001,0.2
bc1q7lfcp4wdy08347dwdezn5xfy6h08z5h9ta387u,17,2.5428960560960547,43.22923295363293,7.001389584866723e-05,6,11,452237.0447091875,0.5
bc1q7lpjpm7qy7k4fgn975pwtl3cxnegevga7mv3j4,11,2.2711700694524115,24.982870763976525,7.851994428864664e-05,4,7,627109.5127995001,0.5
bc1q7mmhxu5t5ljhgnhq7hw7y4wnpg7glz3ptyaxsr,1,4.999730190570049,4.999730190570049,9.744781147955075e-05,0,1,0.0,0.0
bc1q7nkvuarjr07wkncg079egxpgrtk27rasf8kk9p,14,1.7702993655933235,24.784191118306527,9.50139100376256e-05,2,12,536096.0931067693,0.15384615384615385
bc1q7nu43q2aklrhknwnnrwsvg8r90664x4d4ns2xd,10,1.7621141071535107,17.621141071535106,0.00014891172410450154,4,6,664812.5995975555,0.5714285714285714
bc1q7p0wglqg3z78xx8d9td0dpcxqs6rf69d7lvyjt,25,2.1001449777763623,52.503624444409056,9.943483545671546e-05,8,17,241613.99825795833,0.4444444444444444
bc1q7p34ywtfrjl25fcclsvendqq0agjkn5d6qrtyk,14,2.4480094708899247,34.272132592458945,0.00013294172470676752,7,7,331638.7457016154,0.875
bc1q7r3s4djhkdkha8x8kjjtushc60mwj2jl253q8q,25,2.012760702369343,50.319017559233565,0.000125909419621932,10,15,290976.90813554166,0.625
bc1q7t0kw86p2unak0828na3p808hjkmmu3lktw2va,17,2.0067633529599394,34.114977000318966,8.479049470733161e-05,7,10,471589.5154385625,0.6363636363636364
bc1q7t2r779pqqhv55n0687x0p2rx2v8ljp3dypnq5,20,3.133908468734397,62.67816937468794,9.09986518434727e-05,8,12,286143.0372189473,0.6153846153846154
bc1q7ullhe02303v7lurtljupwye9tvax4tu895k5h,17,1.7634259818287825,29.978241691089302,8.916348620092078e-05,4,13,481222.6742174375,0.2857142857142857
bc1q7vmh8qqy8r9lctak7t86lkv4fqr68n3uk7cgau,1,0.5054840031882931,0.5054840031882931,0.0002134550772588,0,1,0.0,0.0
bc1q7vppzv4y25kj9xxe9m343dgdwkp3lzjx84jycf,18,2.119498194591443,38.150967502645976,9.046183497510872e-05,9,9,430850.98370676464,0.9
bc1q7wgsxgreylkp6puajq2vy9lhkh9lk7at6dhggw,22,2.0655420105412063,45.44192423190654,0.0001227489703298423,6,16,348209.8101835238,0.35294117647058826
bc1q7wj0cfn9gcrptdrmcwjs5qzlextrfrkpf9x5zl,13,1.944317440693752,25.276126729018777,5.5837204061785143e-05,5,8,629254.9096757501,0.5555555555555556
bc1q7x0mg6p9z495jz9yhr79gdnn8zts0zvrz5ejjz,20,2.1313953938313253,42.6279078766265,0.00011068036129924957,5,15,376200.732295579,0.3125
bc1q7x0r8g7zku09y2mwypumd7rkxyu82exh9ex4qs,19,2.041080996807308,38.78053893933885,0.00011103182544869625,8,11,366789.94268833334,0.6666666666666666
bc1q7y3mdahjcwwprmramcrkdknf4smnqt6fjqlpn6,14,1.6126542488232132,22.577159483524984,7.4680815328816e-05,4,10,494354.01423830766,0.36363636363636365
bc1q7ydx5gx6le4lkajd35h4ed8773j6wu6k6kk47t,12,2.1090827370163794,25.308992844196553,0.0001097406115440992,10,2,560215.907772091,3.3333333333333335
bc1q7yllkmel7fwr4qcq338dflv4vs84xlgtlg3kg4,1,1.0577143673073224,1.0577143673073224,9.095847904789358e-05,1,0,0.0,1.0
bc1q7zev0f0qjqup4n8uf640673fvy0ngy2sddqzwp,2,1.6979153594192589,3.3958307188385177,7.253518367192088e-05,1,1,423.188635,0.5
bc1q7zvt9w5d9d2j6dxjzy4vf6s2ummpveqdzndd22,16,1.8788273237647797,30.061237180236475,9.059111197655761e-05,7,9,506188.8041546668,0.7
bc1q80zjlx96wd9pxqq4azfewm82cm6ca3we6d0v5g,23,1.8629231191860887,42.84723174128004,8.205578441923294e-05,9,14,319390.8890977727,0.6
bc1q830kphk5a86pncwn3gsv2fmgvxfr9kcz6zpu3v,1,0.10208435461233197,0.10208435461233197,2.3707243068622523e-06,1,0,0.0,1.0
bc1q838g3whnm86dnc8hxxgts3zv3k95ancfnzlsem,16,3.8439684811527752,61.503495698444404,0.00011841880425342085,6,10,471567.77900999994,0.5454545454545454
bc1q8398anhv726f5k9ee9px8kdl8ta57mynpe4aj0,21,2.6413366340911386,55.468069315913915,0.00010814691599205199,6,15,354840.04257510003,0.375
bc1q83puaa9jq97a60cytyflpvszx90zkr43usnjt5,9,2.1142450698258326,19.02820562843249,9.824624061151341e-05,4,5,901980.122560875,0.6666666666666666
bc1q848574czcna9xl0pj4ylt5j8nkn769uy5amve3,15,4.0473634984240165,60.710452476360246,0.00013915951804961747,6,9,543269.3181768573,0.6
bc1q84rzxgr7e9npkhht5pgcf6whejx0mztjzmmvfn,1,0.10351084661334627,0.10351084661334627,1.261415616503813e-06,1,0,0.0,1.0
bc1q855zxgcn6lw238eyxt0aayl2uudxtxxy49w885,17,2.4141060752741805,41.03980327966107,0.00011440203886569601,4,13,429147.74131731247,0.2857142857142857
bc1q85m3lh2jmm7yw0mp8hsvk7s2yesq22y7x5eqen,2,28.673556102070513,57.34711220414103,0.00013968564346052706,1,1,410.429201,0.5
bc1q86pr20a4lp98l4qx32lwyn35s5vfd90rafzg7n,19,1.638280183391748,31.12732348444321,0.00010123350424166146,5,14,395932.25204061106,0.3333333333333333
bc1q86wqhnaf5e732udjtr6duj0xzt4yvkl9vzn9fa,18,2.7978424729865994,50.36116451375879,0.00011631397369482698,4,14,380325.75383264705,0.26666666666666666
bc1q87mag5c8a5ne6muxcskgrxg3xcpgn5jslenj0e,15,2.769593134712218,41.54389702068327,0.00014040068257543993,6,9,527600.5412832142,0.6
bc1q87vgqcje8d396shns3lm8sac8e3lev8755l4wr,24,1.2961645269435287,31.10794864664469,9.744968921399849e-05,5,19,308986.9708722174,0.25
bc1q8afgdd5qqs867ucekuj2kzkprvjg5xcfqrjegp,22,1.710671434866584,37.634771567064845,0.00010372094753349973,10,12,360695.18955171434,0.7692307692307693
bc1q8c7t9wqxlsvsh66uc0l3c95xxfn6f2tw0v6jel,19,1.5012457266479606,28.523668806311253,0.0001165109711765199,9,10,359879.40462383337,0.8181818181818182
bc1q8d5seekqwgp75l0dk924dzww49fmfdgywh2f7p,1,4.716023074705787,4.716023074705787,9.34876676878703e-05,1,0,0.0,1.0
bc1q8d8jpfgr9l2e5hxd87mx4sl86wqn053znuldlq,16,1.532002030067878,24.51203248108605,0.00012073750916578483,3,13,453704.0487946,0.21428571428571427
bc1q8dgm3gxnw5p2unw0kxc85z8c0a3azqtvw4rj3m,24,1.3763159089458101,33.03158181469944,8.63285961571975e-05,3,21,310886.7140921304,0.13636363636363635
bc1q8du8qumspxxnqy46vtggmfeejhd68dzwjthsv8,16,4.174746931294592,66.79595090071348,8.304017313065416e-05,9,7,469805.1289984,1.125
bc1q8ew34jlxkq8dg9zk6utuh0w3nu04xke3u48zlj,13,1.4445452055343988,18.779087671947185,6.392185937152812e-05,3,10,558367.4119074167,0.2727272727272727
bc1q8f8rate4ulpekm8q656peryne2lclst3ryfl3y,2,2.9808531305940003,5.9617062611880005,0.00012643560534454906,1,1,528.645737,0.5
bc1q8f9fsfnaazkrhuu0udqqyzex3ut9t089qvnyd8,22,2.525151545222178,55.55333399488792,9.506277190151657e-05,7,15,348606.30412138096,0.4375
bc1q8gsduzxhyf7mhdlvu64eqqqns8gtfr6kxm04n2,2,0.09991687947787178,0.19983375895574357,5.199631508853027e-05,1,1,42207.390596,0.5
bc1q8gsjw5jhjstg7pczc4hpr5wqqqdzkr5zfulqgl,16,1.5512038823800993,24.81926211808159,8.070805721889729e-05,5,11,478808.77694473334,0.4166666666666667
bc1q8h3j0z9w8pxptepp7xdprs3j9d6tmhfcf20fm7,1,0.15996975420169565,0.15996975420169565,0.0002010562122541,0,1,0.0,0.0
bc1q8h7f2wfshlnss6qnl5zl08223kmp2ssqtzyw8r,17,1.3659853864996954,23.22175157049482,7.551478302883308e-05,7,10,446856.21115712496,0.6363636363636364
bc1q8hvu6snqej95r8veltjv7slldkza32z8tnr0cm,11,3.7590017367100383,41.34901910381042,0.00010911433310556785,5,6,669865.9007511,0.7142857142857143
bc1q8j53j2flzma49n6kcqn2d7uxfzqqqqlanl6wec,19,2.204322252480087,41.88212279712165,0.00010182695169965799,6,13,413799.74803333334,0.42857142857142855
bc1q8jqnt8q72n7rs5ctrwr25vfutggrn5z7ckx6fg,17,2.291307562835855,38.952228568209534,0.00012233727191804275,6,11,473705.39340525,0.5
bc1q8jufqp9yn57ucud2c60wcuue55xxamkpap7wav,2,4.999854118178967,9.999708236357934,0.00014083988898119998,1,1,13400.298359,0.5
bc1q8kfufzvjyn2gzrwfeatz2s0cjd0p6ayhmtjc8v,1,5.1720953311206275,5.1720953311206275,0.0001614032813894,1,0,0.0,1.0
bc1q8krndqgmpgqt6da0zsxvwzl6pfhl8x3zal5ah3,23,2.028888701629455,46.664440137477456,8.681554025346989e-05,9,14,324174.7535683636,0.6
bc1q8ks8x408s7hl5hatrq743gsg4d6lpp3pwexple,16,2.1919406477101258,35.07105036336201,0.00011125182935682991,4,12,286223.59256533335,0.3076923076923077
bc1q8l0cv5mqfe0zlttehd0hc2xasxmxvtjx30v6jl,23,2.7171916370424545,62.49540765197646,0.00010719968700320027,9,14,323256.30236063636,0.6
bc1q8l8zhlj76ap2p22y6wn3z809lzzy4ulc05048u,16,2.9461415036341436,47.1382640581463,7.762604744002691e-05,7,9,477077.4081121333,0.7
bc1q8l94dt958jf435kymtpeess0rjm9tm5rctaz6d,2,0.9997359246684421,1.9994718493368842,0.00016997540734638375,1,1,22002.710975,0.5
bc1q8la7ksr4vwkuu0esjc2ywzt7k2s55qmqveqmda,25,2.1311578103041193,53.278945257602984,0.0001368539864601864,8,17,314045.3220466667,0.4444444444444444
bc1q8lekf2t9xmdvt5m6fvsf384ckj0nd0e5mqpphc,22,3.0671929108005482,67.47824403761206,6.692755130964506e-05,10,12,249226.51854347618,0.7692307692307693
bc1q8nfqtxjkumns75pfezrxszj4r4wylrnwdft95c,20,1.7354857869650153,34.70971573930031,0.00011977323365964114,7,13,384040.38728536834,0.5
bc1q8q4urj6qjnx0xycu065r49s5lz07tw2g4u82dh,20,2.0129150374045026,40.25830074809005,4.071904286450855e-05,9,11,376923.5198713684,0.75
bc1q8q5tdgkfc7eu6d7kelk6ygz02kyp5558emd3lj,1,0.0999811340938747,0.0999811340938747,1.886590612530036e-05,0,1,0.0,0.0
bc1q8qdskun5k0eg2a2k6g3wu4hl42mk8kcx95n76y,21,2.1172109150158827,44.46142921533353,0.00011111910531811768,8,13,386934.86653375,0.5714285714285714
bc1q8r0nd3vz5ez4a8zuy8dsw2h37m4eapdq0pe6kf,1,0.0963351688844683,0.0963351688844683,8.487481233821307e-05,1,0,0.0,1.0
bc1q8r6d0nd5juaz5tawrd0l5vtwy0dp28e5grtj4m,2,0.9998056439141321,1.9996112878282641,2.8740208718187064e-05,1,1,33024.78903,0.5
bc1q8rcw8nhrptezv8r07emvqxnedu409xaulzjq0a,25,2.4647157776945243,61.61789444236311,7.628637846762347e-05,10,15,303112.107845875,0.625
bc1q8rpluxdglmmny4ulud30c8ej3s6rlsgekttuel,23,2.226520943311536,51.20998169616533,9.284534191757513e-05,5,18,326125.8426596818,0.2631578947368421
bc1q8ryrz429sph0ljlg63a0mdzgr524yc06ueekze,1,5.439165347366081,5.439165347366081,2.751682973745356e-05,1,0,0.0,1.0
bc1q8sdare03l3szhv8k0f0pp8y3wfx59ehx06m9nc,21,2.344328410992292,49.23089663083814,0.00010214479574597297,8,13,343081.7612233,0.5714285714285714
bc1q8spdsq434e76hnqtglgcwsm57v0qlhtynpzm82,27,2.631299490787066,71.04508625125078,8.946121641336924e-05,9,18,288932.71667861537,0.47368421052631576
bc1q8t3rpfx2ldh83wlm743vpjrnrzrk3pdxes84mj,35,3.008864568445143,105.31025989558,0.00011499176617920069,12,23,227975.95128591178,0.5
bc1q8u6zhumzdlegjcdrh9t2vzvfympvz293wj99c8,1,0.12806957438126834,0.12806957438126834,2.4026289746727543e-05,0,1,0.0,0.0
bc1q8uaq4356a7n4xwhgt4v27v3ryhg0wzahah0c6q,1,0.13201745411121873,0.13201745411121873,3.5937910843178786e-05,0,1,0.0,0.0
bc1q8umlns2xn0xvd95g3qw370lqmc4gnckzlw7jxc,18,2.4349031978563587,43.82825756141445,8.605068283830127e-05,7,11,381680.5720500588,0.5833333333333334
bc1q8v0rwlgax0eydc6k8ayn9klcy0gvqdgnms8kh9,15,2.3727952379696444,35.59192856954466,8.29163519565606e-05,4,11,536326.6425349286,0.3333333333333333
bc1q8vlnf7n3kkn3h6z0jnepemhhaqtus4us9ff53m,2,4.9996786349576805,9.999357269915361,0.00019692766810038486,1,1,32043.731602,0.5
bc1q8vxq63s50r8v44gdwxey4rg6xdhfmhy9ys0gpv,1,0.5239523056541382,0.5239523056541382,0.0002751609772813,1,0,0.0,1.0
bc1q8w4as9suxlqf7ackpzs6ss93cjp6ka0v7f08lg,29,2.0425408245436234,59.23368391176508,0.0001052311508580391,10,19,267987.9986040714,0.5
bc1q8x7hs47ue36sl0u8kwktxuls3crdmkp7g8j6ym,15,1.825774093060954,27.38661139591431,0.0001719768198169149,5,10,545002.6821895713,0.45454545454545453
bc1q8xu3aj7658dgerp3rtacxg8wkwu8t3hdjqcqta,19,1.9554322072246826,37.15321193726897,0.00012145647342651754,6,13,367805.42820555554,0.42857142857142855
bc1q8yrjpuyw7mm63jrr4vry6twyh2a8r0sj77j8tq,12,1.7132935864606011,20.559523037527214,7.500907835673739e-05,3,9,596324.5584016363,0.3
bc1q8zrr7hpsr9k9u66339zevyhup8sar26yp5cns6,11,1.7819303713844974,19.60123408522947,0.00015311809958281185,3,8,725521.6322124001,0.3333333333333333
bc1q90e664m5rf3r9z28gjm7p266m4vna6y4xpyk5e,2,2.2902670328798815,4.580534065759763,0.00016956150219685,1,1,502.209025,0.5
bc1q90vql7udnrdql84zq2mthf5wjkz2pykjkek5qp,23,1.6630549006324546,38.25026271454646,7.062720354180121e-05,8,15,291546.87530231813,0.5
bc1q933hkcw8wnw076n9nkncnvmz5w929q9jsrseqf,14,3.0786377845284214,43.1009289833979,8.074313730355056e-05,3,11,529315.8035504615,0.25
bc1q934glxxmzqrwtzx7amajwge29p8ev63ppmxngm,19,2.6825322144604713,50.96811207474895,9.915820628392004e-05,10,9,428335.66163000005,1.0
bc1q940nc4d5h9am5qh47cy7nzfu2ezcq3agx2efnh,2,8.363794211748477,16.727588423496954,0.00011435448143517719,1,1,122.370048,0.5
bc1q944flkysneeasfvysawg9lu50zznd3jqfymymx,16,2.869748172742482,45.91597076387971,7.278885115037561e-05,6,10,384169.59619626676,0.5454545454545454
bc1q94n8kq8wfz5w9p0nz0xsdd7uwn5xyu34nqdvnc,1,2.1088422849202466,2.1088422849202466,0.0001615830844744,1,0,0.0,1.0
bc1q94xmynzuheu6edggalmg0v7e5mkj6yz7t7djkw,13,1.8221021251123355,23.687327626460362,8.57314662552277e-05,6,7,560518.8463791666,0.75
bc1q96gxvnxgdrferq4amnhhwmyzxamqs9fs0ngr9g,22,2.1545628801785406,47.400383363927894,0.00012397733081232103,7,15,307691.8730718096,0.4375
bc1q96uwde64qphy6dv74mgn5t88uv632mq4v7jc8c,18,1.2077816959274834,21.7400705266947,6.816351246484678e-05,4,14,439816.4260407058,0.26666666666666666
bc1q9758hnlg30xz9zfd066fw4fcd5kh2rex3k88cw,20,1.4930199286104429,29.860398572208858,0.00011090784976660601,7,13,371473.392779421,0.5
bc1q983r2rgzvvkzkd3mag77c29mghppnzykkjrwfa,1,0.46332738520766875,0.46332738520766875,0.0001370310457647,1,0,0.0,1.0
bc1q98yce7hefc7smnrcc4y8n5lpxhrxs0zfpzmq3w,24,2.516286723823496,60.390881371763896,7.13271257568527e-05,8,16,310309.63525195647,0.47058823529411764
bc1q997y0r7tw8gjlkxu9lsk5y8nls2jqcywjck6tn,20,2.6372338245817555,52.74467649163511,7.828498656444071e-05,9,11,383182.51793936844,0.75
bc1q99m0kkfre7pen3cxer5ew594marpcz24pdzwaa,21,2.3735937691993785,49.84546915318695,7.80257643043049e-05,11,10,370710.06110235,1.0
bc1q9amzwtraqa7wu9kpu2sp7f2z20y9nxdduks99l,23,2.1016709777586677,48.33843248844936,9.263476165444388e-05,8,15,319438.35155613645,0.5
bc1q9cafwhsd6904xt6u443fwzzk838hf7q0mp0xsj,16,1.9927217278357747,31.883547645372396,5.48900742961515e-05,4,12,482204.2381684,0.3076923076923077
bc1q9d9pgy4dhp4lk8d4tj8hcysg3a5ckeulura4w8,16,2.842913159743087,45.48661055588939,9.046016497633413e-05,6,10,439017.3946331333,0.5454545454545454
bc1q9dw9w2qgjgxxtvuclredpz4xyd7kjskt0hxg40,15,1.6915902908083786,25.37385436212568,0.000116618428236271,3,12,342423.99562028574,0.23076923076923078
bc1q9e9k3uk7es35kfnt5esjxgq7amvpvtu003gnql,1,0.955802702905661,0.955802702905661,7.47164133635838e-05,1,0,0.0,1.0
bc1q9fjl0j88kr9l0rg5wv9nysaad52pcnkaf0vhhq,22,2.251251811400421,49.52753985080926,0.000159468788978532,6,16,325578.6910544285,0.35294117647058826
bc1q9fv3rrantgwqc8e2jw3agmuu9vqq28avxvg3kg,13,1.556871726125246,20.2393324396282,6.931455305137185e-05,2,11,442637.4911175,0.16666666666666666
bc1q9g4s7a46dg0yny9ersrnwzl453tmqtdxa3a42y,23,1.9058336173120882,43.83417319817803,0.00011661944989270411,10,13,338834.1527571364,0.7142857142857143
bc1q9gawu406xn8c8s0v0w4gw7xv4sm3nn2z4umtrf,1,0.09996768683554427,0.09996768683554427,3.231316445573949e-05,0,1,0.0,0.0
bc1q9gr2rnvfxdaye0vapzea27ytcg98puvgt5qcrx,19,2.380834733506622,45.235859936625815,0.00013253113958337412,7,12,334913.29508227785,0.5384615384615384
bc1q9grmwg6n47x2ze6cu2aesd3pn3gcks3rdasnyr,24,2.0872562468008518,50.09414992322044,0.00014130892557480957,6,18,315821.080383087,0.3157894736842105
bc1q9kh6vlz6gwj7lvjz0ls7sxpmryj04t2wtfcwlh,2,2.5563190806257277,5.112638161251455,0.00015427669625712236,1,1,544.418317,0.5
bc1q9kh8ue7uey8wevgr0yfqdrtndwny6kg2awlx0d,15,2.482660248808512,37.23990373212768,9.003851553974817e-05,5,10,550317.2540927142,0.45454545454545453
bc1q9ljxph679lpx4e8fk2j3v8nvrvc9fe5fxzf35h,14,2.73852944522189,38.33941223310646,0.00013501324716508665,4,10,347337.3576353077,0.36363636363636365
bc1q9lnrh8tauuwnz2f8zgzzqh5gk4aju5mtq778r6,26,2.4351046983398024,63.31272215683486,8.85932493948854e-05,10,16,301318.6131198,0.5882352941176471
bc1q9m2w9zgg7p2k8zsgnkhvvyp6prv7npx2p2r70n,23,1.3393261333189157,30.80450106633506,0.00013635973402472516,3,20,334267.55166731816,0.14285714285714285
bc1q9mznwkqph08ng0qyt9duwlz5dy4w833uexj2p9,16,3.457464615646557,55.319433850344915,7.552982456728271e-05,6,10,457815.40259833337,0.5454545454545454
bc1q9n6se2xxdxws0rc9zdltpfphpgxz796g89450r,1,0.13895485052967568,0.13895485052967568,2.5699980133647698e-05,0,1,0.0,0.0
bc1q9nehts7vcw5cu7fgyt5pqekw2u82xdnc9mjz4m,15,1.9567414587564258,29.351121881346387,0.00010264162764355855,6,9,487189.8714963571,0.6
bc1q9nvwu9aj5y8tyfrkatwmly5rh4utcvtq40z8du,24,2.3504981000907157,56.41195440217717,0.00010293146696967928,9,15,324293.45244569564,0.5625
bc1q9pa985wwdka9ylw9hqnhu9trng2uchys8c2qva,29,1.971738573104498,57.180418620030444,0.00013210467181463031,14,15,259903.07870403575,0.875
bc1q9plfnw8dmlkk50vn0j4uzp665g69ktnhp5eux4,14,1.8089584174263187,25.325417843968463,0.0001163078279949215,5,9,461662.9802408461,0.5
bc1q9pzxa524f0rf473trw4rw6akeshwpzfvjgce0d,19,2.830660154631813,53.78254293800445,0.00010705355560676233,7,12,359222.0736740555,0.5384615384615384
bc1q9q30uak8xxj3ueq9w90yw77j6f4fmwq7q2jh83,13,2.6678889277658238,34.68255606095571,0.0001092933139284297,4,9,595677.929794,0.4
bc1q9q8yvfwt9rtjrl5wc7zvtj8rqht3ggvtqe4050,21,2.083643030872205,43.75650364831631,8.04210432610925e-05,9,12,366016.74994415,0.6923076923076923
bc1q9qcy35f5xnxr5lh5enhm3nk7jxys34zsnkgudd,20,2.387810030067306,47.75620060134612,8.392872093745677e-05,4,16,399143.8616535263,0.23529411764705882
bc1q9qfv5x9gaxqpk4j6q2yqtdrud82fhhepqm7pgu,24,2.420933031854261,58.102392764502255,9.65827769485244e-05,9,15,314816.2519066522,0.5625
bc1q9qrntqe9qyeydw2nwp72kwefkx08ysgz3m0cds,19,2.018677853620281,38.35487921878534,8.272318838756256e-05,3,16,424942.53167255566,0.17647058823529413
bc1q9rh2keye5ppw9cw8q43e8fl08mc8ss7xvu3d4j,17,1.2258172021239921,20.838892436107866,7.621940315518566e-05,6,11,341158.2454356875,0.5
bc1q9rnn4e8f6u5sqxrzhl9wzkjdx9gw3hchq4f96h,18,1.680502573194014,30.24904631749225,9.65746490778032e-05,8,10,428437.9745239412,0.7272727272727273
bc1q9rnvhjvsl7pqqrpd2wdw9382j7msnvkvtdg8m5,18,1.9786425750494345,35.61556635088982,0.00012479240563109523,4,14,376092.48832964705,0.26666666666666666
bc1q9rr0v0hqlkvpxfpste2smlslf5w5hlv8e8awzd,18,2.538754993386595,45.69758988095871,9.399896691274731e-05,5,13,393283.6271792353,0.35714285714285715
bc1q9s6qsh7kyjmdxy69pcwgcs3cj63rccjufy7gqk,18,2.9025849547221534,52.246529184998764,0.00010742649293487704,6,12,393926.8091827059,0.46153846153846156
bc1q9sd4t0plvcqljnm9h7s33606p6f7zwh2c6yz3y,1,0.4998510848491403,0.4998510848491403,2.025136158235912e-05,1,0,0.0,1.0
bc1q9sq5w9t2mmrceyty49ynf26588zenr780x0nyy,18,1.739263785945468,31.306748147018425,5.942207440130187e-05,5,13,416426.9127820588,0.35714285714285715
bc1q9tlcyj30kr8hn9y274mgeq2zf04c49vkcp7zjw,15,3.116501463370778,46.74752195056167,9.223687164562837e-05,8,7,530676.2342235,1.0
bc1q9ttpx0xep6m6tn7l6alzc2zjh7djpsdyz4fs9w,20,1.6420546095053499,32.841092190107,0.00010941313152311452,5,15,355702.7543366842,0.3125
bc1q9v40c5j84qg5ye27zjpwhegwxcf84ptk9sz36g,11,1.9844004981819807,21.828405480001788,0.00010907437752387183,5,6,508636.48969410005,0.7142857142857143
bc1q9v8quhn0utqmcqh9catd6rr0c6kpdwunrfvmc6,14,3.074850446647484,43.047906253064774,7.404406252697903e-05,6,8,566637.4837613077,0.6666666666666666
bc1q9ved4p7ar0ly06wchlh7xp36xndclq475vuqm4,13,1.7051196329862064,22.166555228820684,9.861003702535937e-05,4,9,558521.6688693332,0.4
bc1q9veeprcqpyvlnmk0pkkretcmadne69l6a6c7eu,21,1.974862217954529,41.47210657704511,0.00011941461246596883,9,12,386943.34053905,0.6923076923076923
bc1q9w79ugnvpm0dngq5admrfwvzsfdtpj3s0fw5cu,18,1.7167832954821125,30.902099318678026,6.898274752165819e-05,8,10,414063.9166542353,0.7272727272727273
bc1q9x4t9ufeltacjycjl0l4km2psgwh5wmyen2zwt,19,2.577172002556852,48.96626804858019,0.00012140846646213654,7,12,397848.6978559444,0.5384615384615384
bc1q9xd0gj7x7vy3amktauecfc9wxscgnyqn3twsvq,13,4.086946229874687,53.13030098837093,7.001593950581821e-05,4,9,463299.9582215834,0.4
bc1q9y7f0rzws8wr329he22udn28k033euekp2gdjz,26,2.3577720624846767,61.30207362460159,0.00011376112998944785,8,18,279515.84865928,0.42105263157894735
bc1q9z2d0gu2zqhnltynva4xlsfzuddkn9ecl8ta3u,17,2.266199520217497,38.52539184369745,0.00011674516343731375,9,8,461611.2943945625,1.0
bc1qa023zl8pze9gnjkfmp5wn69azlf5t9cxgj8ptz,16,1.9895761981015248,31.833219169624396,9.923589992962722e-05,5,11,464884.6903081999,0.4166666666666667
bc1qa02m36ma38mpam65gjr9yf92d4anfp0c6gv4j2,13,1.8134600822541604,23.574981069304087,0.00010595749885671902,4,9,472913.5421010834,0.4
bc1qa2gxqqe76pcucm0fej26qswwjpmwhn6wyrpmu9,20,1.8954024210403628,37.908048420807255,0.0001409258177496172,9,11,381596.3194876316,0.75
bc1qa2nvxefm06j2kh2220ceth98eqglde5ey30far,25,2.3314025779312826,58.285064448282064,0.00015135226945041602,13,12,319767.8022572917,1.0
bc1qa406q7y7u8fdk95j3ywx6ejy3lq8jd3zkur899,23,1.6567165831838446,38.10448141322843,9.029453351733888e-05,5,18,321059.3045414546,0.2631578947368421
bc1qa47pwhhykju5wv30g7rk5546jmxcg00xsm2dte,1,0.0997773759280113,0.0997773759280113,3.004209930270634e-05,0,1,0.0,0.0
bc1qa5djqzl2sfegfyf93sncvmh5g7ems60vkgxz0z,22,2.174983780121412,47.849643162671065,0.000133864952932491,8,14,341795.0096860476,0.5333333333333333
bc1qa6f7y34ascptfqngfn5885tpjuwgjetkz5uzkh,23,2.1389058610524923,49.19483480420732,0.00010746942953866702,8,15,319427.66466068174,0.5
bc1qa6j8kuvps2u033ejshg7fpk5wqysl3pa62feah,9,1.3794235156314587,12.414811640683128,7.376467248902357e-05,2,7,620182.434197,0.25
bc1qa7lf7qwppfc2r27x8svnxdsrxrs6au97h4m3l8,16,1.334693281202644,21.355092499242303,9.916406237273114e-05,4,12,499808.2879343333,0.3076923076923077
bc1qa95mtrrsrd9ufdq8vrsl2qr48mqsg06kz0guw4,1,5.006063662620443,5.006063662620443,8.10192071100191e-06,1,0,0.0,1.0
bc1qa9gyep98e5g6ctdtw5q06f9p3ty75clfkwqv3h,25,1.500908005350316,37.5227001337579,0.000107431314758186,11,14,299609.4293741667,0.7333333333333333
bc1qa9wwx53jrj2ez0vus4qmt9ek8fe7gw3euqrel5,18,2.019246049676813,36.34642889418264,0.00010545279530623338,9,9,424598.0527664118,0.9
bc1qaa4jmd5shwmd2nt494kuaedkgtsnfz6dla067r,17,2.250052049756916,38.250884845867574,9.761722165404296e-05,4,13,379486.3970979375,0.2857142857142857
bc1qaarhatw7w8mdvjlqqqtth8q99dadewv5u2l948,15,1.7486847635811125,26.230271453716686,0.00012805993051376714,6,9,502935.05332242855,0.6
bc1qacgzp6t2kn2qn6xuye4rld0l8fhvy5n8ue2lz6,13,1.650065454282006,21.450850905666076,0.00022199091462537124,4,9,621329.3611813334,0.4
bc1qadgsppr8q29u3ck2qlnwzs3q6y556myt6pv899,19,2.185679187263743,41.527904558011116,9.223017924637813e-05,6,13,377527.9555101111,0.42857142857142855
bc1qae8rjzw3jqxv4a3tvhxxw00dnwyvu085gykszj,1,0.09110016988682179,0.09110016988682179,0.0001775008558043,1,0,0.0,1.0
bc1qaedqku7k0n5apmtxdh3a3q4jqmg7nc3yc2n02j,18,3.8619110407956736,69.51439873432213,7.784868277540336e-05,5,13,391715.36457511765,0.35714285714285715
bc1qafd45h7pgygkwn75pfy7k9jl3ncyfcghg43p3f,15,1.2620059773517214,18.930089660275822,7.694630339113541e-05,8,7,533053.1871277144,1.0
bc1qafrk6u5dpqx5rnlxg3ftcsy4qg29v2sfyengcm,13,1.5739870653303414,20.461831849294438,6.606329676099185e-05,2,11,595675.0011119167,0.16666666666666666
bc1qafthuh4v9acfg9hsfjw8tpat72lp24vrvne42j,16,2.6497205168431983,42.39552826949117,5.698223794370553e-05,5,11,448384.65662819997,0.4166666666666667
bc1qah86l9h7cmfuzftyldf287lj85ug0ukcenum78,23,2.1642261345648355,49.77720109499121,9.044218696546138e-05,8,15,310811.1666073182,0.5
bc1qahsyq8dxptxreed3vwv0pxtfmkyuyqd73ahyqc,1,1.5301178751248607,1.5301178751248607,6.788803303043254e-05,0,1,0.0,0.0
bc1qak5s5d7c2n05w20lasxe7sn5xt2rm2vurqymga,23,1.6442767365534516,37.81836494072939,9.632483039127956e-05,9,14,349486.7392264091,0.6
bc1qaka7y9wa86svthv422ld8vc96fe8mk2s74n4ur,21,2.386641878597138,50.119479450539906,9.946549469830483e-05,10,11,374235.09562075004,0.8333333333333334
bc1qakau8e4xsgjlth40zjsmym5zyyghr5rvnkjnz4,13,2.135380149953626,27.759941949397138,0.0001164685612145583,5,8,566844.2266609167,0.5555555555555556
bc1qakvrzrud6kvl5mdv6rswrf9szy9lkz2069lpsp,16,2.4949854133886693,39.91976661421871,7.661393504625808e-05,7,9,488441.40999739995,0.7
bc1qal6feu6d8d4w7c0ndg4ue23r937dmfgt9adzjt,20,2.4093720511360592,48.18744102272118,0.00010877605031133701,7,13,361420.68798989477,0.5
bc1qalmjl7g7ehjh0znsjt935hzv3d379hf9vv2lnv,27,2.065697093730232,55.77382153071627,0.00012014122103669928,13,14,260351.66370392308,0.8666666666666667
bc1qalsunz5n9zt3qqukwj0sfpmhggmyk4f65kjq9y,17,1.8785573978257506,31.93547576303776,7.316315029974494e-05,2,15,457752.731031,0.125
bc1qalyh6vy7wzv9qns2f90tkukm2chvsn8tdc9y2g,13,1.6346617428714654,21.25060265732905,9.190117794278564e-05,5,8,387617.5797378333,0.5555555555555556
bc1qan6a8zzv0h8zkgeg7a5fj7gxlsd7v5gdata4lm,24,1.9032435431943737,45.67784503666497,0.00011616163688049097,8,16,322207.6672446521,0.47058823529411764
bc1qanvestlh0a8watte4twm59jtyslvl8n6crumr0,25,1.7162194196197393,42.90548549049348,0.00011968287891205827,5,20,297737.3823483333,0.23809523809523808
bc1qaqqmpxgrr22gkjw4m6ag59923e0hmry43utfpf,19,2.3981029512123206,45.56395607303409,0.00013663801630505842,6,13,390006.52348561113,0.42857142857142855
bc1qar0n672yzrjynmasxkqt4jsgdvc6aa0t7z4zwq,21,1.564500933068364,32.854519594435644,7.460514560867213e-05,5,16,384794.26188695,0.29411764705882354
bc1qar538rsenarygtvdvzsh2jhfwdqww9zdjw5sw5,19,2.4342811489069116,46.25134182923132,8.156113966978666e-05,8,11,401439.68313733325,0.6666666666666666
bc1qarxl9c80mknwg97e7gkdz3kd785c65dcx0efaq,25,2.212642634391893,55.31606585979733,0.00010696568157648258,10,15,314656.06211208337,0.625
bc1qas3mwkura2z68ff530syd75mnxy0wqp3h7ctd3,1,2.1703128314029247,2.1703128314029247,1.734421978667723e-05,1,0,0.0,1.0
bc1qasyy2fsfmwyy0nglt67mne9gv65r32x4khyyn0,1,0.10861369863445101,0.10861369863445101,4.567623364798118e-05,1,0,0.0,1.0
bc1qatf6ethzn9ty08qzssl38p0muwys8t69nr55k8,21,1.342110802146859,28.18432684508404,6.531357822212197e-05,6,15,350788.72365279996,0.375
bc1qau95f8mnnp4339qzk7ja4lztw8qmk2d5u9hjrj,12,1.8945010312876347,22.734012375451616,9.346146059255004e-05,5,7,499206.588349909,0.625
bc1qav5357zdy3mxdmxeck2syjl3s27ydcu2a4vh7g,2,0.9999358294954626,1.9998716589909251,0.00014105772452079296,1,1,22035.660379,0.5
bc1qaw4hdp6534g34vjlvr6qefnhvdmvjjvnwflxxz,24,2.297091649991595,55.13019959979829,0.00014615271089137285,4,20,318167.6658913044,0.19047619047619047
bc1qawthmwtsxve4mt479v39zaqer3m7lqffyqxxd5,13,3.328182777917765,43.26637611293094,7.627704471077302e-05,5,8,587872.4045611667,0.5555555555555556
bc1qawuupddvqfa5rettduemernlqauzruaxl623yc,1,1.0,1.0,0.0002106961668892,1,0,0.0,1.0
bc1qax6mzukpgajk73pt7fe60lplcrzl9tgl32y3xu,1,0.9059479652806303,0.9059479652806303,3.420291287663985e-05,0,1,0.0,0.0
bc1qaxxxjnj959pca9pw5x6hk3qw3uzjc37x2yarfg,21,1.7192232406694938,36.10368805405937,7.872562368308925e-05,5,16,310486.13553685,0.29411764705882354
bc1qay0yssmwq8ee2tkmf7rhzx305v2fmsa8ex7qhp,28,1.7732059626565901,49.649766954384525,7.587048106513241e-05,5,23,270306.8637700741,0.20833333333333334
bc1qaygffmae2kqw8r9pxwchheczjehfpm8f0vn23e,17,2.1670567527557787,36.839964796848236,7.904395356997387e-05,4,13,439058.9264499375,0.2857142857142857
bc1qazannplj6jkk9scdpuxp8qt42hh3fnfumh583v,2,4.9998999326369225,9.999799865273845,7.98004834358933e-05,1,1,16942.410938,0.5
bc1qc0knar0mlr33le976mpteurtdgffymn322y8ut,10,2.1891676710042463,21.89167671004246,8.557344295961795e-05,1,9,813814.648584,0.1
bc1qc2xkvmeu960ng3prkqdg2pv6h50pmg5cpzge6d,2,29.051649169168222,58.103298338336444,4.196740561774377e-05,1,1,1129.715162,0.5
bc1qc2xwr3vds4rxyrmpy6g9vg5sez4yytd89j2a6r,24,2.0532225909987214,49.27734218396931,0.00012981275790401473,3,21,327152.0962265217,0.13636363636363635
bc1qc4c4j66e39mrpce48fsdqsqcqkasxqkphek45l,16,1.599150204618105,25.58640327388968,0.00010325473005922295,3,13,508818.2696378667,0.21428571428571427
bc1qc4nj8vq26exkceuyafldxe9ecvh5sg5vwd4cq6,21,2.693748970905993,56.56872838902586,8.346080655532637e-05,8,13,380141.69971305,0.5714285714285714
bc1qc4v07v3stm5d0a4gz4ml7632d9h90vlg20yhxq,24,2.873738162933306,68.96971591039934,0.00011420495681764639,7,17,334817.76806956524,0.3888888888888889
bc1qc584xhs3udfx5c6vtjtu2jwa0zzqqmqu34wzg0,1,5.0,5.0,1.6422361126236048e-05,1,0,0.0,1.0
bc1qc5g4262n7v8gz2720n2qqlkcn0n632nfnr0npc,18,1.1190894760374204,20.143610568673566,0.00012606188895984135,0,18,416007.492436647,0.0
bc1qc5nneyenwrzgg4wy8ktdnpwn7af77stvttrzzu,17,1.6793687676848454,28.549269050642373,8.850104118420734e-05,6,11,437784.6374955625,0.5
bc1qc5sveg8mtfwv0plmt5mj399jlqfvjeupcx2znx,14,1.1360211699514327,15.904296379320058,0.00010506831977637227,1,13,555029.9713011539,0.07142857142857142
bc1qc5u6wj5v4x98wxz6kmjujhdnyqgl84pgqpl6fh,17,2.5213913057912,42.863652198450396,6.778992808614188e-05,6,11,436789.40522624995,0.5
bc1qc6klkyt4zr7yazvgptar0z3kvg5h83n5k57z5s,27,2.7973190070158864,75.52761318942893,8.117238579415685e-05,8,19,273965.06794649997,0.4
bc1qc6m4e4lezvfruy5xkvh785m3k0fgm4fyxkq0ex,14,2.1468439511675355,30.055815316345498,9.046813102580998e-05,6,8,477068.3277869231,0.6666666666666666
bc1qc6mm2eld2pl9dl6xhndfy7ux4ddh9pg5v6jds9,13,2.6783761802070623,34.81889034269181,0.00014475779352708955,4,9,584452.435865,0.4
bc1qc6nr3egd0wuqzlnayzmth8j9nym4hw3n3py84x,1,0.12198504755889468,0.12198504755889468,1.0150986626862418e-05,0,1,0.0,0.0
bc1qc7nghlgu7grpa30445gfjsdylx4wh5x4y3j0rf,20,2.403114573794649,48.062291475892984,0.00015439591808554196,10,10,396760.19328731584,0.9090909090909091
bc1qc8ag85jy5wvyuakta9csrxvs32pg3z304x5gqq,18,2.1779482143861353,39.20306785895043,7.274469453242482e-05,10,8,449472.185941,1.1111111111111112
bc1qc8fazpt2ddmpp5w2n30uwuzmukqm7kdkgx3yx7,28,1.7126517309612506,47.95424846691502,0.00011356178656126964,7,21,256256.4595322963,0.3181818181818182
bc1qc8lelekm4n2tcqmcecym6n7dnf3hvmgyruwlrz,18,1.9022304579021017,34.24014824223783,0.0001427968857924799,4,14,408807.1915012353,0.26666666666666666
bc1qc8n34nv0qss7t3paduzlextz5m497z2auyx9tj,12,3.506654860976447,42.07985833171737,5.661642038732324e-05,6,6,553605.2718897274,0.8571428571428571
bc1qc8vd40gsjhrzdszky6tg2363zcaqad7e3mny2c,17,1.4036831308941995,23.862613225201393,9.930374522278557e-05,2,15,431785.6343614375,0.125
bc1qc97hmt86mqnap65uxtc9fpt9fgkud8gh56ch89,20,1.9420667422822109,38.84133484564422,9.006775724352186e-05,3,17,396909.79829478945,0.16666666666666666
bc1qc9gdse78zfy3zv8f8trs7kf5xy55rc7nv2jrve,16,1.7085749825561942,27.337199720899108,0.00016460333966495603,5,11,483668.8152709334,0.4166666666666667
bc1qca956yctf2wqxxgmuzj50l4r5zch25rw0rfx8h,25,1.6876698342831424,42.19174585707856,0.0001246957853908304,7,18,304514.42218841665,0.3684210526315789
bc1qcacq84sgnlkv53gelz7m4fuhz4ft3cdrf97vcf,11,1.659736509730337,18.257101607033707,9.344539920882748e-05,5,6,696684.6516397999,0.7142857142857143
bc1qcaw2spxf4tekj54zztslaj4kpxqk33lp9q6gfg,16,2.10066945889914,33.61071134238624,0.0001086990674792344,6,10,416343.7509836666,0.5454545454545454
bc1qcc2v7mp9me2tsarn74arryhnsnz69uuh8nwq4u,18,2.987570972373831,53.77627750272896,0.00010137512436582615,9,9,411843.9572915294,0.9
bc1qcckr8smcx9rzyxl6myw6vn9hgedpm5hywney5w,22,1.581116280922178,34.78455818028792,0.00012026863280860884,7,15,345910.6877942857,0.4375
bc1qccrgzk7g3j4axrzng2y88xh3fd6q3d0qdht42l,15,2.2418424563963497,33.62763684594525,0.00012829289394290555,2,13,531571.7143187142,0.14285714285714285
bc1qcfya6afvqhhfsaxekws65c8hmx7m9kq5anzumv,27,2.27259466138124,61.36005585729349,0.00013509445729798736,7,20,251491.63864346157,0.3333333333333333
bc1qcgap3c3w6gtn0v95h39smjwxrl7eh9urplc5k5,2,2.0240342220361676,4.048068444072335,8.020465014898995e-05,1,1,1439.422162,0.5
bc1qchcz8lw3jgg9vn7j5h5yt2l8m0x2323p54e4ac,17,3.8195764170260946,64.9327990894436,7.336796481974113e-05,10,7,468243.1480911875,1.25
bc1qcheqkry066s3jq5mt3ka2ucvnjlchelttdu3rf,21,2.5894199476000073,54.37781889960015,7.633516184062457e-05,10,11,336957.27427545,0.8333333333333334
bc1qchfjfzwmf8fngghahnc0ch5380lj26kzg7rpsu,1,0.2886166297172551,0.2886166297172551,1.157285659884925e-05,0,1,0.0,0.0
bc1qchpvhc0k0cdtzfqg20wt8ehtme26zcstl06ctl,17,2.5657597894391664,43.61791642046583,8.715328667255497e-05,3,14,282746.00464837503,0.2
bc1qcjexs6lle6wp73e5lktdnnj2j7rdjqxu9vjxcq,24,1.8543783921883434,44.50508141252024,0.00011015124865095234,6,18,327531.2862131305,0.3157894736842105
bc1qckta3apgfpz0wte5s9am0huj7ln6adqnrsepf7,1,0.24063311747051475,0.24063311747051475,8.364022786358704e-05,1,0,0.0,1.0
bc1qcl35aq0a7cv28rw40wwru8lzny9npn6h6vfn0l,14,2.054729598526092,28.766214379365287,7.958170646932882e-05,3,11,571805.9837501539,0.25
bc1qclfssndq8qhv2lq4qwx7q580u8zsz92s99nchg,22,1.7260298432804781,37.97265655217052,0.00010158873322122763,8,14,329861.64923057146,0.5333333333333333
bc1qclqta6azhalt9y7lyypmp5z7ru2quyxxxnp09q,14,1.7603187346775155,24.64446228548522,6.122826281622559e-05,3,11,464901.95236453845,0.25
bc1qclwkjjduyqrxvg3e5cnysgx2947acaledj28h4,16,3.1193018167495423,49.90882906799268,6.56765413929713e-05,7,9,385823.9438314,0.7
bc1qcmcsg2ey2rlfl4w3fz4t3w53vhsh5rx3s6vymy,20,1.9647311584261122,39.29462316852224,0.00012747414804252158,4,16,357939.54542273685,0.23529411764705882
bc1qcmf92nmvd2v4qet2emgkecc9kphaswlszaqmup,20,2.3345480090655113,46.690960181310224,0.00013865523601060283,8,12,322689.4819538421,0.6153846153846154
bc1qcmle77k8tnykmcggye9wc43hk2rnfsjl5w0m8f,21,2.2929791910577215,48.152563012212156,0.00010291739378262649,10,11,359261.02061060007,0.8333333333333334
bc1qcnp78eekj02p385jxqtdjfk6s8he3cqk0279a3,21,1.8516226549157837,38.88407575323146,6.972042660901339e-05,6,15,336582.40541999997,0.375
bc1qcntv0094536v52grexxum9cgf02qukkgs05gd6,22,1.6117342096210985,35.45815261166417,7.422372367437498e-05,7,15,340422.20570895233,0.4375
bc1qcp9vg2u2d3rm22v573th6pmxgwp2k38ht222jz,13,1.7061271413055756,22.179652836972483,8.14075284901632e-05,5,8,581129.3188144166,0.5555555555555556
bc1qcqt7hkm49gqf0pt3qnpge470d4w4v5fxw97nnt,20,2.1913245644477,43.826491288954,9.570806215943552e-05,3,17,374340.1296425263,0.16666666666666666
bc1qcru8y3zsyyyhqfz7k43wv7nld4ht2qp48dw3zy,21,2.0103151110765616,42.2166173326078,9.176531542895996e-05,3,18,358257.30714229995,0.15789473684210525
bc1qcs2mwyqs3krep4a8ccr0zj89cs76kuhpmvvpkj,20,1.1777064024618031,23.554128049236063,0.00012441441044978434,5,15,372846.9573952632,0.3125
bc1qcszqyu5kvuahq0d4y3w52tkarxyjkv37rdjx68,17,2.29146828091802,38.95496077560634,9.848007875407114e-05,7,10,469738.27959112497,0.6363636363636364
bc1qctspn3hvvgtuqaszunkgkyznfgta25pak98tl5,2,14.934057580908558,29.868115161817116,1.0225145771928038e-05,1,1,401.116054,0.5
bc1qcuvn77dgzl0wrfd3hj3hkagtjnctrstmhngdjc,17,2.2279843823679006,37.87573450025431,6.23332473662514e-05,5,12,482551.6681455625,0.38461538461538464
bc1qcv0rs9uay05dyed5q52wqx8jgpw52zmhftw6vr,22,1.900877661572842,41.81930855460252,9.269914136130385e-05,5,17,370035.0270803333,0.2777777777777778
bc1qcv3a09auy9ex65mvk3q37apu94kp3a4yrg3qr0,17,1.769101860725007,30.074731632325122,0.00011537354425614432,7,10,448465.2173706875,0.6363636363636364
bc1qcwrzqm6fhnkhd3e9qngxcmxht8630zvwk2me24,18,1.6278228110674027,29.300810599213246,6.333846116939088e-05,6,12,449107.03205141186,0.46153846153846156
bc1qcwsnmejd5w0sxu46rypr6vppmfazquwjnsqc3x,2,4.999622542025524,9.999245084051047,0.00020056308288603323,1,1,18462.978919,0.5
bc1qcx38zesukza6q6ys0ctgv4225tnfy7pvu0zhdp,14,2.0166147064100324,28.232605889740455,8.458005211404811e-05,6,8,495165.45960215386,0.6666666666666666
bc1qcxjygpstumax8kwdrwmald4e3czspwgxkpwg9s,26,1.9225439070137038,49.9861415823563,0.00011024647695544622,7,19,279538.22218004,0.35
bc1qczdqfmjdqh9azxug86synjxm5kxeutgxldsq3t,19,2.001569286286811,38.02981643944941,9.658060552154094e-05,6,13,411371.6598378333,0.42857142857142855
bc1qd2j2050828xeu9d89hs79kdu5x29ud2shwasdk,22,2.5722441462806938,56.58937121817526,9.777692293454279e-05,10,12,329189.64319323807,0.7692307692307693
bc1qd2qmsxudd250ewqf5327u2c2l60vjw3gc5vgz6,23,2.1155421535811754,48.65746953236703,0.000132060580223533,7,16,327229.69821331813,0.4117647058823529
bc1qd39tua7w7wlgu26whfq7cvup52wzp69zyzdhrz,22,2.57601360480628,56.67229930573816,7.123864344922225e-05,10,12,314883.0473646666,0.7692307692307693
bc1qd3tuemsnctnyfk8mqpn4w5tce78p7fp2qkaht0,25,1.6697887458760874,41.744718646902186,0.00014682429918833105,9,16,275260.40889095835,0.5294117647058824
bc1qd4tlfd9qjw9z7lwgl3fymqptcg6md338l69gfh,13,2.043544706964745,26.566081190541688,7.175402718341712e-05,7,6,544729.9605965833,1.0
bc1qd55058f5uh9d849ez6pjf07s6txgyd2w7x4yd7,15,2.4478123691866505,36.71718553779976,9.781931917048477e-05,6,9,486789.94878607144,0.6
bc1qd5l8096c3nvcgjuhcxwrstslg5a828zx9qewng,2,3.3888923825494084,6.777784765098817,0.00010445086744997463,1,1,1110.07358,0.5
bc1qd6mypv34qy65pz34dtzn5dus7eqj2mdhgh7m6y,18,2.2141738639870296,39.85512955176653,0.00011795842352305873,6,12,380736.02847235295,0.46153846153846156
bc1qd6q3arud6cy5rlq249e8k82cluk5cq084gtx6y,13,2.3963723791907414,31.152840929479638,5.908660795000716e-05,5,8,510201.65534700005,0.5555555555555556
bc1qd7gxexypymcavg694ed5whrw6ejhpdu5krvc22,15,1.258835391620989,18.882530874314835,0.0001280393180281158,2,13,513908.8387826428,0.14285714285714285
bc1qd7hrq2wfuw5yzdm5rg3v0hnmf3paqv9mdv89c5,19,2.63310151200139,50.02892872802641,8.300752502853776e-05,7,12,370987.626335,0.5384615384615384
bc1qd7r0kv5h5mwagudyatc4r26vnxlm6h7sla3ftf,21,3.379564605688535,70.97085671945923,0.00011552887280648133,11,10,379656.60215445,1.0
bc1qd840yjq6a07kxvrsa0s2rjytzwe4cq23ew2ad8,14,1.5123303390644929,21.1726247469029,0.00010408849887571572,4,10,496811.6907806154,0.36363636363636365
bc1qd8wuhnwfz8uwdw65wxt30w25ahgxgtg7xj0cd7,12,1.6980890983066732,20.377069179680078,0.00010319769601756168,2,10,554956.8310053636,0.18181818181818182
bc1qd97h7dv7kq5c35clddjrkf5sshreesn6v678pu,16,1.693483728297222,27.09573965275555,7.953998141419257e-05,1,15,490278.62309073337,0.0625
bc1qd9dhhkzh22277g4trj4dpflfhg66m9phk8hzkz,21,2.064823023192182,43.36128348703583,0.00010059733160518575,10,11,355741.0699045,0.8333333333333334
bc1qd9ksjp4f0qdas80tfjf0cn5kfwlln066t4w9yc,26,2.5209623360968063,65.54502073851697,9.9727031645537e-05,10,16,289610.07190704,0.5882352941176471
bc1qdag3l8f85tta4rd0dwemvv509hcculr75mx4j7,22,2.5553122799522496,56.21687015894949,7.272364493718975e-05,10,12,302414.75292485714,0.7692307692307693
bc1qdcmyhgdh377wamc86w3kuupse4zep05wukdqf7,17,2.9157905268720103,49.568438956824174,8.466452360989794e-05,10,7,386905.8276423125,1.25
bc1qdd06zhyyhqsu9qf9f4z68cxre3j4hm3tx270ks,21,2.268781723351426,47.64441619037994,7.472723110387488e-05,12,9,296939.5902962,1.2
bc1qde8z936gztc94ake0as544tr2t9rmmcnyn35fg,1,4.999862130878706,4.999862130878706,0.0001378691212939,0,1,0.0,0.0
bc1qdevjrdgk2shs23a47zx0pjxy8hm8nxmql83xym,29,1.9127393608618555,55.46944146499381,9.642657812564548e-05,10,19,231073.62191839286,0.5
bc1qdg5lvmrf7jlv74q7v4dpkjtctz6nun6x2xcv2u,1,5.198762729235842,5.198762729235842,2.038036282025204e-05,1,0,0.0,1.0
bc1qdg7rgkne9lx8ezmkemynmazjaapy5zf5pxjmhz,24,2.8058524690905173,67.34045925817242,7.393686071226236e-05,7,17,313923.1692477826,0.3888888888888889
bc1qdgf0d0qmqf43qkphr68jnj0wa55xr4w3zdnupr,29,2.257058585127309,65.45469896869196,0.00012407416460077407,5,24,245845.84978875,0.2
bc1qdh855aalw2ergc7w56ywhw27hwdukyp83jyc7j,22,2.4538169710278153,53.983973362611934,7.11898620463191e-05,10,12,352725.44055566663,0.7692307692307693
bc1qdhfxgvn2a2un9mwsnke9xc6jjc06j9qheugpyc,15,1.3489961833184558,20.234942749776838,0.00012901968778542604,7,8,413135.50568664295,0.7777777777777778
bc1qdjrk6sykjgrhdvw8rjz9vkq507x422u3x40y9n,1,0.14116633832906297,0.14116633832906297,9.972150144463168e-05,0,1,0.0,0.0
bc1qdjs2rtd4w0ql8xf3kwrl8yyx2hp20snyhnxdjx,19,1.1192329265338419,21.265425604142994,0.00011125629997820905,5,14,400565.94840661105,0.3333333333333333
bc1qdldcsgamsvglmkamxg63q49egyrdvtwy0wx93l,15,1.5419126377236287,23.12868956585443,0.00014998506165054567,4,11,513834.0428420714,0.3333333333333333
bc1qdmwjm6nvqwqrx9p0vxl8tqj6sxq6gcngwvf465,18,1.630057521916563,29.34103539449813,9.762572914693067e-05,5,13,399779.04305676476,0.35714285714285715
bc1qdn6u99p29ajgumnevasl9x56px3w52xqmmw4y8,16,2.3361803514474824,37.37888562315972,0.00014759925906571711,5,11,427143.1827512,0.4166666666666667
bc1qdp3ysah00vajsl8q8st0rps000su6j3wvp6qmp,23,1.7136723405527041,39.414463832712194,9.485112914451033e-05,7,16,322002.55905095465,0.4117647058823529
bc1qdp5hjxhvwnsj0asj40fl0aspz9q2leerxcakp8,20,2.9607149849063767,59.21429969812753,7.908376444660503e-05,9,11,343101.95449794736,0.75
bc1qdp97ugnr920mj8umquhx3a3t5vg0dde5k8qzqw,25,1.8117286810464006,45.293217026160015,0.00010157816592028139,6,19,290879.318433375,0.3
bc1qdphdtfccdnaum0845whh2h96wh5jtcd620rkz8,1,0.99967765813981,0.99967765813981,0.000106343470626,0,1,0.0,0.0
bc1qdq0nxlfnhduay9s80py9xte9mrucreryc884z3,2,14.682672152769953,29.365344305539907,9.175415273773884e-05,1,1,426.896991,0.5
bc1qdq2npxd0yx5ztaddrxl60tdnr60cm3dswfeqgr,11,1.4736977838813028,16.210675622694332,6.840886566435812e-05,3,8,649530.8610801001,0.3333333333333333
bc1qdqlvmdxjtxpnfcw35njfuywh23fqsxa37yg3e3,1,4.523965081667824,4.523965081667824,1.2014317849755083e-05,1,0,0.0,1.0
bc1qdrh7f52z0l5ccz9662672hpv73zkh8aswt4pn0,14,2.666584923607686,37.332188930507606,0.00012763712321778138,4,10,549876.5873337692,0.36363636363636365
bc1qdry35flq22krdr8ex76gth66l58lf6jwx4s7nl,19,1.6013994758834476,30.426590041785502,7.925181940860122e-05,3,16,374854.89985844446,0.17647058823529413
bc1qds2vmkqfpcz6vt5d0639tmmrsvs4jhr05eqq39,1,0.9998868538683252,0.9998868538683252,0.0001071375330154,0,1,0.0,0.0
bc1qdsrkmpg39gvqrtv9jwtx0tgxtmhje350wp6wkz,17,1.6306628304222817,27.721268117178788,0.00010366152673507248,5,12,464033.249709125,0.38461538461538464
bc1qduhpj3mfk870qvx72x96x4psg74d0t3rhqk7v5,23,2.0520758278425513,47.19774404037868,9.226689760654477e-05,5,18,316045.20135299995,0.2631578947368421
bc1qdumcl8y08qfc9xyj38n63elfejjc66fm9396t9,13,1.6868033101882316,21.92844303244701,0.00012292403198808105,4,9,444217.21236824995,0.4
bc1qdv40sk8ev9ahsrthhxl9nx85sn77wnz6t6gzyv,22,3.496315312380006,76.91893687236013,9.696079746990406e-05,10,12,358732.32141009526,0.7692307692307693
bc1qdvdf3hsgvs867s9vt7u4y3rdda3czezje7563s,20,1.9974143531801922,39.94828706360384,8.550286458629399e-05,7,13,393899.03789642104,0.5
bc1qdvkrrfnrnzkgl4cdyk6lxt8n06z3kj5hltj764,19,1.7183748669630277,32.64912247229753,9.11215714975014e-05,6,13,345747.58591966674,0.42857142857142855
bc1qdwcq832e2pck5d56tvhgm93d9auneca4qmx4hf,15,2.681186603299672,40.21779904949508,0.00013638752582891732,9,6,484067.10527507134,1.2857142857142858
bc1qdxfrg8espqh36he486mztmkucd6s9kx6cr2tmq,19,1.8619065899069467,35.376225208231986,9.403210700466711e-05,7,12,372237.00500733336,0.5384615384615384
bc1qdxk8aapegfy4fl6k2vjafs5l94lytedv3xhf72,17,2.972984580118351,50.540737862011966,0.0001072860392379231,8,9,379908.2604715625,0.8
bc1qe0aj4wmu0fj3qpdljvl3ryydptnuw0uv0jtrqv,21,2.6344234215873774,55.32289185333493,7.244853942922466e-05,7,14,353223.63060085,0.4666666666666667
bc1qe0dlhwnl6k6mycmpc7c5lxucpwkevsn4anxfp8,19,2.703595113022485,51.36830714742722,9.195377828952458e-05,7,12,395139.1897056667,0.5384615384615384
bc1qe4gy8lwd08c8hw2lz8zz5735cv7e99u40jxlq0,1,0.47316537956409516,0.47316537956409516,1.967831800872461e-05,1,0,0.0,1.0
bc1qe5jawkry8qtgp7yvpyh4fuxtmadwqxl9nvqvw5,20,2.7954090217968512,55.90818043593703,0.00017599461940457126,6,14,353318.606317579,0.4
bc1qe5jtw8jlhzanwf5m08wpwemt8lhcr6c4987rq6,20,1.4739203272179273,29.478406544358545,0.00011277218776718904,6,14,392827.9651781052,0.4
bc1qe68ygv4alppfs0wfryzpvslx3v657cntj2h4ke,16,2.3509069646029825,37.61451143364772,5.680633889155167e-05,2,14,419320.61186206655,0.13333333333333333
bc1qe79m3utv84tpvfck2c82mjuccfgw4e6eeswln9,26,2.9405569747081097,76.45448134241086,0.00013765903470048672,8,18,294409.17929568,0.42105263157894735
bc1qe7vvevazkuf9vkxv4wwg3vj76cz3cvwnrrvwhw,28,2.277907499917342,63.78140999768558,0.00010406805247218058,9,19,242640.76709681482,0.45
bc1qe7y2r22trmyzxr5j46rlet8sed74u6fj9jha0v,21,2.225503386414541,46.735571114705365,7.25085441982616e-05,4,17,376442.27941655,0.2222222222222222
bc1qe87dl5vunfk50vhezqewcuplnxp6wymx5gqe2c,13,2.044274031217616,26.57556240582901,0.00012413824299124533,5,8,544303.3914057501,0.5555555555555556
bc1qe8vr0sw936v0gnjyet25f50ufyrnwl3r4mtd37,20,2.7181062390013824,54.36212478002765,5.8920394035882345e-05,7,13,366900.67565678945,0.5
bc1qe9af0gr66anj9xcfhqkg45dmmjtny3qxxkmt78,16,2.1567242864770337,34.50758858363254,9.562400326012209e-05,5,11,380005.7885811333,0.4166666666666667
bc1qeaw8gt7g4h3cgwgwhm7673jdzupjr6lqcdtenf,1,0.1,0.1,0.0003101270819233,1,0,0.0,1.0
bc1qecu8qzns3hzycxayxjx2g406kg5tyvjmmunp0t,14,1.8548442682116766,25.96781975496347,0.00012488644930264367,4,10,525869.1112475385,0.36363636363636365
bc1qee9j6eg9xzu5akh9sjm029g63evclyy2vha9g9,13,0.7748862844795927,10.073521698234705,6.752564485783472e-05,2,11,635260.0669420833,0.16666666666666666
bc1qeejpmaxn39u5xkuvztr6fev4a2cu28z2t89amc,21,1.5517308221067605,32.58634726424197,0.0001679321780358438,7,14,342101.32477169996,0.4666666666666667
bc1qefmz25yw0htfrjnfkmsn4xw6vzwp3wzafwr7a2,20,1.942185522450861,38.84371044901722,0.00010521806257287342,8,12,362396.3387066316,0.6153846153846154
bc1qehfvgsvcnahcrrnyrg5kq93r0hpupq0s3swfq4,19,2.1525829798530722,40.89907661720837,8.97533259527463e-05,4,15,421005.17510822223,0.25
bc1qej0naydlkkg0xdsggy2d50pxs2jqevg2k32mcd,12,1.6088524012542837,19.306228815051405,0.0001232416429564292,5,7,590331.7158256364,0.625
bc1qekjragtgvx6rt0dz4etvxs9ezd06puxn6h0303,22,2.0953103796780703,46.09682835291755,9.625858708680171e-05,8,14,364385.75163685705,0.5333333333333333
bc1qekm2h20ghqtyse3s6grzzy2u066n28eklath05,19,1.769264260636068,33.61602095208529,6.84664394570121e-05,7,12,411165.0715513889,0.5384615384615384
bc1qema78zrnsx2k9p9cxs0r46tp9tqnn636kyqyfe,21,1.7308402789712698,36.34764585839667,0.00011368845594245064,5,16,351095.33330785006,0.29411764705882354
bc1qemraxdz8zs8ytljhtg3nc2j7z87dxfwu2jaa90,1,5.0,5.0,0.0002248268410945,1,0,0.0,1.0
bc1qemshhxul3m885qseaz0smyja3nu9fvwfj3ajrr,26,3.3974839090511564,88.33458163533007,6.005382096380933e-05,11,15,289764.19022235996,0.6875
bc1qep69yt69rv2adyptml4n0j4l9qd0njczvzq6ph,7,3.0545347832686773,21.38174348288074,8.290372284792602e-05,3,4,809081.9331348334,0.6
bc1qeryr2c93w8p5f4qvxdx2und2z6k37uhm5m8zqy,21,1.4763088126793538,31.002485066266427,0.00010079177577022711,7,14,370950.17634829995,0.4666666666666667
bc1qesar9mle0lc9q5zmzn0j48vj77rgg7jvv88vgl,12,3.0902367987806874,37.08284158536825,0.00013778121645879621,4,8,628730.1507679091,0.4444444444444444
bc1qeslaeqhwg0qjz7j4xnhaz9lxnsc52avlduja4e,17,3.765257251010349,64.00937326717593,0.0001102437911307058,4,13,472802.2287704375,0.2857142857142857
bc1qesn4tv4tesc73glk40qzfex5lf5nl8rma52jga,13,2.0690634169193354,26.897824419951363,9.241488323947932e-05,5,8,593219.492312,0.5555555555555556
bc1qesps5pnyrzs00j7u94776mmstwsruuqcc8lkzn,14,1.3395400840137768,18.753561176192875,9.234709433132918e-05,6,8,458870.1758906923,0.6666666666666666
bc1qeu9jrld3mfsdrh3px6vw0fhf56c8jwjezl8v4l,1,2.8387594364446422,2.8387594364446422,0.0002198649148696,1,0,0.0,1.0
bc1qeup3s84gpykval37ufmkrlqtxup97vzeh8fh73,13,2.6680600046700174,34.684780060710224,7.071232245333706e-05,3,10,413015.120018,0.2727272727272727
bc1qew5uj20pyaqqypmg5n6djrl47sfqtxtjf4jlcd,2,0.09901263577232594,0.19802527154465188,0.00016762188116436507,1,1,7321.683751,0.5
bc1qewyyu36ggpth20j04let8cchd79nzenwfk3zp9,23,1.4550123748060775,33.465284620539784,0.00013278083953123954,3,20,289210.0753731364,0.14285714285714285
bc1qex655s0t06rc3jrmdgl39xs0trqvu7kdxelg2l,23,2.208201420427198,50.788632669825546,0.00010400742212933785,9,14,302975.3069218182,0.6
bc1qexn8wm3g499fdn0vxqwyf4p9quc44csa3y6ku3,18,1.6773446336243527,30.19220340523835,0.0001333337505078108,5,13,412278.81397023535,0.35714285714285715
bc1qexxepm2r5w066yxxsy7uenfqtjuersk9t6m7a6,15,1.805039746647445,27.075596199711676,0.00015992395194950695,7,8,435642.6741247857,0.7777777777777778
bc1qeycxm3e3emaar6hk32q987zhlsdd0hnul5ks2w,14,1.9255034892975085,26.95704885016512,9.817508863331174e-05,3,11,521384.9966843846,0.25
bc1qeyygz8hw2htuhx05hpgp35084x2c9u9rfdaqj8,17,2.802901486965395,47.649325278411716,0.00010932522987291843,4,13,455598.9464583125,0.2857142857142857
bc1qez3zkmdclzkxrxg37h3pr244z7czm746utvfxm,17,4.255705423897346,72.34699220625488,0.00011962992265682977,8,9,460871.4551724375,0.8
bc1qezfc8gpcfjhpkqlqc2u56fpucc5pqw86vhfu67,19,1.6831545743344163,31.97993691235391,5.678653167113481e-05,7,12,414258.8069695,0.5384615384615384
bc1qezkur978f3xafw8t9zpr2w0m9xvuq4c28683z0,19,2.7793066930264736,52.806827167503,0.00010733808447138176,7,12,378654.2371387222,0.5384615384615384
bc1qezs4csvm5vvf73ns6anff82cwdxkkxxz4j5d2g,14,3.5773974165819555,50.08356383214738,9.496308216392432e-05,4,10,368748.4648435385,0.36363636363636365
bc1qf08za26n8hdsf8xuvrzgaatankly0f65d3a47k,13,2.2131366696291432,28.770776705178864,0.00018545794128872726,6,7,505405.38673450006,0.75
bc1qf3pu3sfhn2xqrxjf9puus2ltmat50ym7qmh4sj,15,1.6944569853704234,25.416854780556353,9.570581200724335e-05,8,7,525816.5378012144,1.0
bc1qf43mmyxtc33tmydlczu3z5e7vmhw8r7645zkqh,16,1.8751217198344807,30.00194751735169,8.172852331304227e-05,9,7,352807.3164546,1.125
bc1qf4gn60tzx9dqmmkv9w575qsj6gezh3nkjktlpu,1,0.8518817372309981,0.8518817372309981,8.699391481073278e-05,0,1,0.0,0.0
bc1qf66pvdkyq3c7sj0sklgekl222dv6c4mkh5ld4n,13,1.4107610699938546,18.33989390992011,0.00010199386890139005,3,10,462890.9591005834,0.2727272727272727
bc1qf6ccrjxcyjhkvzq6mcrzy8uddm2z2dvwukttst,18,2.6776852523440704,48.198334542193265,8.434604036795133e-05,8,10,433775.0418186471,0.7272727272727273
bc1qf6uxuzt4eawu53andscxfcm9hdzfpyyrftcy0u,10,3.244836284681088,32.44836284681088,5.597755323869417e-05,3,7,469205.9090926667,0.375
bc1qf7fz7ludz9dez3vten5xwh3fq0vhx3led7gqdv,27,2.063671891550857,55.71914107187314,7.15725974898409e-05,10,17,254437.28245842305,0.5555555555555556
bc1qf80daftaenx2k636p33lzs8yrr20d0l8mf3ucw,2,4.999944696471881,9.999889392943762,5.00336815386847e-05,1,1,14173.765425,0.5
bc1qf8kng5p06dgr9k04nglw0p6mlmqep7m0xzc7qn,19,2.6592496908949586,50.52574412700422,6.38607100209854e-05,7,12,407360.2298219445,0.5384615384615384
bc1qf8nrmyuz0vzfyzenv7cma9u2ja6466wrw74mph,16,1.5776758927489027,25.242814283982444,0.00012398725377774317,4,12,487381.18539,0.3076923076923077
bc1qf8nssv2z5znfeqv8v7tyynquzgn0ljs4ggmels,18,2.6106375859302355,46.99147654674424,8.546285791017457e-05,9,9,452017.51916205883,0.9
bc1qf8nwgx5q3zl03r358enjwjaez6zgynuh03t45k,16,3.0212166734821566,48.339466775714506,9.793568046640047e-05,8,8,430692.1920157999,0.8888888888888888
bc1qf95c5n3pxhk0vp4mn3e6l3u685ekjp9mr6jmvd,23,2.0704448665457833,47.62023193055302,0.00012099072656774716,9,14,315570.8592554091,0.6
bc1qfaagj06rnwxw0rqu5syvrs6ut49tcjf98gv87n,18,3.4204455608008737,61.56802009441573,9.532442942726177e-05,7,11,428847.80074152944,0.5833333333333334
bc1qfad3fsxksxxffhqnshp73nen3jwx9am83qnh78,16,3.266824212792367,52.26918740467787,8.845242927042266e-05,8,8,483655.3805703333,0.8888888888888888
bc1qfamekeg2y70hfxezdguunnk9x96m6pf4jzj9td,22,1.7148073248444604,37.72576114657813,9.200902347387588e-05,7,15,333000.4447945238,0.4375
bc1qfcam6q5yakyw5k3q3trzuw6fkaezct3l2yxf9q,20,2.6069662289569764,52.139324579139526,6.542819250893243e-05,5,15,373931.4131206316,0.3125
bc1qfd028kuw4ggvzh64s2wmt9a8qgr0yytkxl84g3,25,3.6536172919226386,91.34043229806596,0.00011345663575998686,6,19,278742.07463833335,0.3
bc1qfegntxn58ne002f72hpjkajs47mnqzwnajh5fp,18,2.5387683649799375,45.697830569638874,9.508111335917144e-05,5,13,398163.34256200003,0.35714285714285715
bc1qfejr2940um599tekat2dpl50jcy7jzvpsd0hjn,11,5.092602114873911,56.018623263613016,0.00010835133806038419,7,4,747952.2426032999,1.4
bc1qfem06jeampq49an43wgd7pfldjfa2nq96whd47,14,2.086738603663415,29.214340451287807,7.199940074849227e-05,5,9,550340.2935157693,0.5
bc1qfep0cdryyfkkdfmhv7rk22pvzfpf6s62vjzsvz,21,2.1166572044968697,44.449801294434266,0.00010204785091721204,7,14,356928.9432540001,0.4666666666666667
bc1qffeguxlxtk9qfwrl24rnaqds84drkfa9wpap20,18,1.8051897869565547,32.49341616521799,0.00010575468284058864,6,12,453332.36301252944,0.46153846153846156
bc1qffvw3c5haks380c8r8v80anjtlvjd0rvfu2lkp,15,1.1546509528588793,17.31976429288319,0.00010337879151273747,4,11,524995.6862577143,0.3333333333333333
bc1qfg0x84yrcn39taqr6pdgrjynvs78fd0uxchxqv,20,1.6863646029941042,33.72729205988208,5.8686931417503556e-05,8,12,394050.77371389465,0.6153846153846154
bc1qfh4y2wgfaxfpav33k8tghzt0d8qm9y43ydmfm0,25,2.2361225443848314,55.90306360962079,9.457472502095672e-05,6,19,316129.87860295834,0.3
bc1qfhd8xu8u9y73ff7jacvpkklah94r9yhqwm88h9,25,2.1242833681821804,53.10708420455451,0.00010514422964488348,15,10,300461.7820762917,1.3636363636363635
bc1qfhkghchfef8j3yqhp0kkmuyvcn4xy5m7wq7dcl,12,2.0502716462763213,24.603259755315857,6.752906878811299e-05,3,9,665563.1858324546,0.3
bc1qfj34rlr3e358xje084kmzfqn5ay8s2fanmm2mc,21,1.30944818207727,27.49841182362267,0.00011267720619899376,6,15,378093.15718790004,0.375
bc1qfk3fhx9z3k24t3aajxc07ehw3sdycksn855j9p,21,1.3517433425262488,28.386610193051226,9.427281658086275e-05,4,17,364419.29641135,0.2222222222222222
bc1qfktnthasrpfl09mtre4rk9dd5cv9582p6eyvrm,19,2.1013048202388824,39.92479158453877,7.718270261759759e-05,8,11,428572.1322777778,0.6666666666666666
bc1qfkyvhpp5pdcudtkpamp96xyyas3k4aecvewk8x,19,2.2440910804656005,42.63773052884641,0.00012990118010904964,6,13,368643.01203383337,0.42857142857142855
bc1qfmk6nuy068g3rtjwx04pnp9k8kx38rhzfkajum,20,2.8976722182035495,57.95344436407099,8.104550594603517e-05,9,11,396963.6286574737,0.75
bc1qfmkc9zsyvzd55yqz2nvdmxehprmjjfusvrd9hn,1,4.999953316477698,4.999953316477698,2.5583430837186344e-05,0,1,0.0,0.0
bc1qfpdlq9f4krnaa6uxu9849x5l3m9xh35pjcaqk0,1,2.18314384346619,2.18314384346619,5.689660714966446e-05,0,1,0.0,0.0
bc1qfpp909z0y0v6xy06lt0sgwg28pv6kwpl9jv9c9,20,1.8137178819635256,36.27435763927051,0.00011959731729911773,6,14,407020.85180826316,0.4
bc1qfq5ug52kwc6gfmhm29lkp4np4vht5eral20e4c,2,11.866008684000931,23.732017368001863,8.994167838990646e-05,1,1,1138.974508,0.5
bc1qfq8c6wurjdnmjgqmxa6eug9lk57erwz2alcup7,14,1.5557115421785215,21.7799615904993,7.228453866838389e-05,5,9,547668.6798343846,0.5
bc1qfrc3623udtygrhhsrk8chuzm3lj844jve20r77,23,2.6192680880790284,60.24316602581765,8.523113815517648e-05,9,14,329229.4049094545,0.6
bc1qfrhv2mt3wa8h7d6wklzymqlsn6qzeagkh9exre,21,1.2851403716078051,26.98794780376391,0.00011173328189287674,2,19,359094.37730175006,0.1
bc1qfrxrqn5v5r46fzuvytutuxvcjwgm9ucnna7hq4,16,1.4003371278505128,22.405394045608205,9.25924227239817e-05,6,10,421309.3543529333,0.5454545454545454
bc1qfuy27llqwq3v8fr5qc07aj48t0uuz2jd06ghy4,17,3.6526801541068887,62.09556261981711,8.768960824359086e-05,5,12,402370.13265425,0.38461538461538464
bc1qfvyq8389j9mjmq3clcyma2vqhjgzzr5tw4rlq5,12,2.782777334266582,33.39332801119898,0.00010285377386813506,6,6,634088.658594,0.8571428571428571
bc1qfwycslnamh3pv0mu6ax268hcur3ftpyf478fnp,12,2.1341097263558866,25.609316716270637,0.00012196092967163325,6,6,509800.8467620909,0.8571428571428571
bc1qfx0csg80zwvshk6j7khqfxel863jscdhfz73mt,17,2.445042329083889,41.56571959442611,9.520358457287893e-05,3,14,443350.33593187504,0.2
bc1qfxae654lnvv248q2nygdpa94crd42arjqwnphw,1,1.8538912818943902,1.8538912818943902,0.0001812855400509,1,0,0.0,1.0
bc1qfytgy964r9ra4u5ew0cvcvfw6wjgm0mhlxtzs4,23,2.2660630181553705,52.11944941757352,8.362252426312634e-05,11,12,300354.64242949995,0.8461538461538461
bc1qfz2z292qytnzfplu5s7wusygzcac5mc0zwa35s,17,1.7100347209646758,29.070590256399488,0.00019054116283062828,4,13,361960.475793625,0.2857142857142857
bc1qfzardsanxmmnfx850p9dje07cf6nyy3xplgpz9,16,2.8376387433318904,45.402219893310246,0.00011834796783549878,6,10,507128.8492537333,0.5454545454545454
bc1qg0us9287uvyw5h28f99t4uzsql6yzstwr2ph38,28,2.661597466600618,74.52472906481731,0.00010107311400308815,10,18,268250.994517,0.5263157894736842
bc1qg0vlcp967ysw7zsffu7kdfe5uwt2cxk6t354ej,21,3.0395798358083796,63.83117655197597,8.804564673737168e-05,10,11,356471.26391785,0.8333333333333334
bc1qg2p42ex2lsdqsn472kudl423kdjmt5ktc7gj2a,20,1.7884923826649455,35.76984765329891,0.00010667622163883799,4,16,387215.8341887368,0.23529411764705882
bc1qg35dqnc75s4ujg3rnp3mfs8jumkxn83rxga29q,24,2.0129536321253263,48.310887171007835,0.00010005039655310823,7,17,304340.3946058696,0.3888888888888889
bc1qg4j2sqzd9n2cqgpkqfzfur7vgy2jz47748pdqr,1,5.022042229406663,5.022042229406663,1.2415668858839571e-05,1,0,0.0,1.0
bc1qg59zf88z9ypyj09p22zaylkuhm7sf4qwy2s2zt,17,2.8435190387298075,48.33982365840673,7.25948323612342e-05,4,13,442796.95186981256,0.2857142857142857
bc1qg5uaust8gxjvjenh3jg6lejandn9fu3k4a2p8z,16,2.2577101002250983,36.12336160360157,0.00011629286422809977,5,11,494307.6251408,0.4166666666666667
bc1qg64gcsdnglznmalp93d4drtepy2mle6grj3s79,1,0.0993663887450945,0.0993663887450945,4.697934597240327e-05,0,1,0.0,0.0
bc1qg6702fsdxmt0jl6awyc79x6k5ylegm4ckufmkf,19,1.9000258420341296,36.10049099864846,8.233934582158315e-05,7,12,410073.02271366667,0.5384615384615384
bc1qg6aq57kf0vsg6fyz5dxvndcgh2vn8eh9fqdppc,18,2.449819334271858,44.09674801689344,9.135529865038466e-05,8,10,449355.249763,0.7272727272727273
bc1qg7zhfhjx6pqms8w98wtqe23t8z7l6ytgjangnj,19,2.90829209247139,55.25754975695641,0.0001288394848244857,6,13,416115.4678823333,0.42857142857142855
bc1qg8epdldatxx379q42gea9cnc6mr5vs672a2vv4,20,2.4892075565794323,49.784151131588644,9.333665167981133e-05,8,12,358945.2884098948,0.6153846153846154
bc1qga089jgjh08aymz0sunfhyk8ey9aqyf789xfdy,21,1.7873486890008599,37.53432246901806,9.908496740998277e-05,6,15,367966.36007865,0.375
bc1qgaa88vdlsdwlp6c2r9ncml2r9lh0crfgrj7gnj,38,1.5689459379062651,59.619945640438075,9.768291114066901e-05,1,37,34165.24815935135,0.02631578947368421
bc1qgakzu9pez68n3uwsl6857fpy88g0xjtxrkl4j3,16,1.7339402863715676,27.74304458194508,8.251046572727567e-05,4,12,394150.20165880007,0.3076923076923077
bc1qgc4v6tcwu83c05fzy3zpfd39wryvnytttk8nuj,19,2.5271727035439313,48.01628136733469,9.749184331952063e-05,4,15,401022.70307505556,0.25
bc1qgcc36advxyc4xcfv4kd39ed37yxpf3r4xtnc52,14,1.4748942904920754,20.648520066889056,8.042359841721029e-05,5,9,535559.3642886153,0.5
bc1qgce0qnewd4965vtv2gfgzzc00y6k8h7qpq6aum,13,4.04738907088032,52.61605792144417,0.00010748985070179838,3,10,611808.7897925833,0.2727272727272727
bc1qgddecrwxjsvr36z40zgxx3t020afsu3u6pelrf,13,1.3785233463991655,17.920803503189152,7.598592103729554e-05,4,9,640256.2824375833,0.4
bc1qges8k2kgkwdkyey882pg366qrxdwvldy8wsvtt,16,1.6710505727819873,26.736809164511797,5.987807931654636e-05,7,9,488478.6847419333,0.7
bc1qgh3lpy8hxat7x62l7npzcz3rwzvxdcela6av56,19,1.5583333712152416,29.60833405308959,0.00010065337514433862,6,13,366786.25566027773,0.42857142857142855
bc1qght833t97ckkdqan92pu5k7pysgq7d7w95ks58,15,1.1443499294076047,17.165248941114072,7.908585549113656e-05,5,10,495371.7278132858,0.45454545454545453
bc1qghtkxlu8z8vesnw2e4a2jhsyx2w29h7kg7kn8y,2,0.09992475444400453,0.19984950888800906,5.412296554943288e-05,1,1,21439.291099,0.5
bc1qgjgwljhep3fdqnf6j6xz4vxn2907tzt3ezzc33,18,2.931264293205821,52.76275727770478,0.00010286793023100532,5,13,410731.6461131177,0.35714285714285715
bc1qgjjmn0zy3e5a0ksf5m28pc9pwjt9r0jkuzu4ah,22,2.2920440073332147,50.424968161330725,6.570100500619512e-05,5,17,346102.6614786191,0.2777777777777778
bc1qgjvhtylu0ytzxnzz72tjvw4lm4j6gtdemka0wy,20,2.021557671736098,40.431153434721956,9.983355749057954e-05,5,15,366740.3439868421,0.3125
bc1qgjyv4dp33yzezkx8nhdw6hajgea5wfcas4v08l,2,1.8635210764541512,3.7270421529083024,0.0001258392594636,1,1,755.441364,0.5
bc1qgkcqs6735lrchfs0lwcskzf5pxct3ey2mahkmh,23,3.0289268104064795,69.66531663934903,0.0001221088927599446,9,14,338815.4197994545,0.6
bc1qgke8cgsu2x69gjqk5wltd7pu777jpgzcueuqyj,1,0.590499824838647,0.590499824838647,5.450430524622688e-05,0,1,0.0,0.0
bc1qgklxjzatszlz8w30wg0jacag4n38rupf8dd9wj,19,2.299024005944924,43.681456112953555,8.30046724017505e-05,4,15,398268.79746188887,0.25
bc1qgknv5lwd06z3jdxuxvhjlef4sn4sge537f74gh,14,1.4152509074571842,19.81351270440058,0.00015799926693278217,3,11,473593.7620971538,0.25
bc1qgkvc4d6zqjjhuy9pajkqttufzcvwqkkykc6uen,16,1.3372652844015664,21.396244550425063,6.556832790608101e-05,5,11,443563.8445547333,0.4166666666666667
bc1qglf7ctpf880hqykunxzx89k08wg5phcl2q50mu,19,2.0857239635285523,39.628755307042496,6.975326948140088e-05,4,15,351297.3152618889,0.25
bc1qgm5ylmyltmmephz4nnvtpf80f7yhr0lfswtswu,2,6.567724180641564,13.135448361283128,0.00026289623185039314,1,1,290.049626,0.5
bc1qgmcgrdm5kjctuyv42cgk0027eqm4y3ylse29cz,13,2.5600009733667615,33.2800126537679,7.84050195664702e-05,4,9,575697.3159018332,0.4
bc1qgmdeyvsln6ynlwg83kwjzmgx2c9l2x36wq3y8m,17,2.6211957986551884,44.5603285771382,0.00010342398369054325,8,9,392725.24945075,0.8
bc1qgmy3aw307cdywv78rd6jdvpus5u8jm3malkmr2,1,1.942100900983749,1.942100900983749,9.405116050419089e-06,1,0,0.0,1.0
bc1qgn3cnthu8ml9f2gzvhdau5qh3736q88w85jmt6,19,1.8450611422729395,35.05616170318585,0.00011183385743558225,8,11,350528.1645444444,0.6666666666666666
bc1qgnc63v0v6fk6mgv7jvkw0r5wj2me9r6thd3j70,14,1.7972540912503852,25.16155727750539,0.00012223254911200335,6,8,562161.7899112309,0.6666666666666666
bc1qgpmft96eg0kk0veq8d26q4234da586pqwt5rcf,16,2.786687696330892,44.587003141294275,0.00012018794816629494,4,12,480533.42801373336,0.3076923076923077
bc1qgppr54tuxrkva8p05cgjsmaktkq42p05x7aqem,1,0.23985309044689507,0.23985309044689507,0.000108795508459,1,0,0.0,1.0
bc1qgq2m84e28v5d8l7rxwd26txw385j4vfag8casj,1,1.880649263433063,1.880649263433063,6.810576732995608e-05,1,0,0.0,1.0
bc1qgr4jw8kvgdsqhfhlnfu25296k34a8jx7p45zez,14,2.511825563771928,35.16555789280699,6.713509254177321e-05,6,8,556057.8307141538,0.6666666666666666
bc1qgrn5u9dpxkxu060fxx2n0e3nvs9087djzk02jv,14,2.409082394878277,33.72715352829588,9.676939448565422e-05,7,7,438868.57190523075,0.875
bc1qgrxz7ygz2emz6dz0me5cvlrs96mq4p7vd250pz,1,5.0,5.0,7.144600111771315e-05,1,0,0.0,1.0
bc1qgsxqtk8cy9f5psr60eknpwdrmk6hyedffxwehz,19,1.951129633856772,37.07146304327867,7.118359161698573e-05,5,14,387866.19473088894,0.3333333333333333
bc1qgtv5jlmwa8lcxz9trvwrpnmn56dszl4ach2qwd,23,1.688816269432218,38.842774196941015,0.0001359647037746008,10,13,322941.5708056818,0.7142857142857143
bc1qguqvh84wdxqzkmuhlp56c0hsjctyln6mmulwle,15,3.3149139337513183,49.72370900626977,0.00010890496730428651,5,10,510039.9734705001,0.45454545454545453
bc1qgut2rcdhnztlctg99y5yqtnl7fmcyz5urmftyc,20,2.0350440197049062,40.70088039409813,8.96743346296306e-05,7,13,374586.53116773674,0.5
bc1qgv28gakhkrmwjsnnkcyyype4h0nmmr0qms876c,14,2.490478770657902,34.86670278921063,7.583933148751699e-05,4,10,530671.5053556924,0.36363636363636365
bc1qgv75wgqdkxzsasxmy7lkvtnq367yn8088nsxlj,2,13.152341244845726,26.30468248969145,0.00016517130625396992,1,1,1199.568638,0.5
bc1qgvql0xp82pkw2kc50079rfc03ng8cwpz8ct742,13,2.99811472783848,38.97549146190024,8.88000238942579e-05,4,9,407798.3640156667,0.4
bc1qgvsq3yk0g4zfps3l703t4y2vcm43knhnc47fu0,17,2.0092439465136405,34.15714709073189,9.072763094649724e-05,5,12,468380.638841875,0.38461538461538464
bc1qgwl70qjty87ey83l7ce89y7rk3lf7hmzph02um,22,1.950362084280574,42.90796585417263,9.616228806824256e-05,8,14,361250.39019385714,0.5333333333333333
bc1qgwmwg679p32jgs2v2tczvnz79zh209rdndm35u,14,2.874986181958989,40.24980654742585,0.00011140603889694599,5,9,503117.458899077,0.5
bc1qgwrcuu2uc94lhtexn7v89ek49nxl7kuzkuyw7p,15,2.2752557585341253,34.12883637801188,0.00012288450302293195,7,8,465521.6087764286,0.7777777777777778
bc1qgxvd48t6hnf3utuvzwnwz8t7rf4t2gt49p6sea,20,1.385414371602208,27.708287432044163,4.7947722326526846e-05,7,13,382881.41307357897,0.5
bc1qgxvnj29w2x4mx977xxrf2v47h8s4609ql27p3t,1,0.09964475163581772,0.09964475163581772,0.0001089691831675,0,1,0.0,0.0
bc1qgyxhfrj57fc4yhnfnpg0ws2y3zmce099nvn79p,19,1.0953763823706204,20.812151265041788,0.00012023329721862414,9,10,415979.35294022225,0.8181818181818182
bc1qh0vn86snq7krtjvw766z99xfk2guaeqcxwal67,14,2.015318244478148,28.214455422694073,0.0001160699333128203,6,8,563213.7031916154,0.6666666666666666
bc1qh2qlzakkc2gpzhzpt2s050kp5gj6g3jsaqhvkk,22,1.7318580644685482,38.10087741830806,9.799563191861478e-05,12,10,290681.94345961907,1.0909090909090908
bc1qh2qz3cx7uef5lhs7t4qdhfcke45gkjnq7fur7y,21,1.7075385787169992,35.85831015305698,0.00012043891853429917,7,14,373149.7189773499,0.4666666666666667
bc1qh32m8j70l4uvaz6lv0wqnd9fx8c3phcuplgz9n,20,2.896875803619653,57.937516072393066,0.00011387256007953017,5,15,397797.5784291053,0.3125
bc1qh33qg0syseztajj69r40pqvtjyss8ka4jg36q8,19,2.2962088256316213,43.627967687000805,6.68794549581249e-05,7,12,393511.9635828889,0.5384615384615384
bc1qh3aqfjr37jec77pkpz90dytgk5zy827zqg4056,1,0.9993656327840656,0.9993656327840656,7.286139286747605e-05,0,1,0.0,0.0
bc1qh4mu3ysnag7q9re8kltp9qgx9pj9tfgswygw63,22,2.180345756075866,47.96760663366905,0.00011051660710586342,7,15,366452.2446250953,0.4375
bc1qh4wm4yjqsgu5l33cnmfyzha8skmxvp8my562lk,23,2.104262295414096,48.39803279452421,0.00015090853606717863,9,14,298731.3155129091,0.6
bc1qh5xp6j8cqf5rr63vupakx64c55wajgtxjmfj87,19,2.2191061896712685,42.1630176037541,6.475188432140712e-05,9,10,413595.03538616665,0.8181818181818182
bc1qh7583m8yavqdvgjv0tn30ldwqmdau6m84hzh9x,22,1.4640278763391863,32.2086132794621,0.00011437038960558517,9,13,340566.181994619,0.6428571428571429
bc1qh8jpay8cnssna8zkpglwqswpslyagzztldemar,1,0.6733729525702005,0.6733729525702005,6.357683788594188e-05,0,1,0.0,0.0
bc1qh8njl792hfuvp3kdldn26jjz0syyqjpw4r3dpe,20,2.554116989317741,51.08233978635482,8.322641058252069e-05,8,12,319122.17545421055,0.6153846153846154
bc1qh9ae90hedz3tgwcszcnrfqnwgph0g6mrz5zvdq,9,1.9112081793685844,17.20087361431726,0.00010882373583962016,3,6,771890.712519875,0.42857142857142855
bc1qh9cv96u6rz5rxhxqs3fsef0ckx7tc30gzka573,17,1.9859590552773596,33.76130393971511,6.822305460848042e-05,6,11,444578.01692581247,0.5
bc1qh9hjfucpt06ufm8kr9a8tzl0ysxywrc3f4a952,2,0.99982512825522,1.99965025651044,4.0957944884200594e-05,1,1,32939.565993,0.5
bc1qhe38z234ahes7n0w7gxj3f5rw7k2e3u3340kz7,1,0.5327432813970718,0.5327432813970718,9.636011086045076e-05,1,0,0.0,1.0
bc1qhfv2dgmpeghsev3eu03dqvmu6gqh7uf7alkv43,25,2.4254350455556564,60.635876138891405,0.00010768296893022637,9,16,306527.61068004166,0.5294117647058824
bc1qhfxup2yz6ldlfdprqq2fh7ka94hpdzqzl8n0hz,1,0.9995987038515465,0.9995987038515465,0.0001989098926926,0,1,0.0,0.0
bc1qhglvml3zaux26tg235lupjvn887ertjzj9l77g,15,1.9244829277430402,28.867243916145604,0.00010742740727489443,3,12,541650.5054496429,0.23076923076923078
bc1qhhvatpr0wnau67syf5e3uh5w36x5m07pvkr5wr,22,2.1369458886272956,47.01280954980051,0.0001274649564300221,3,19,362970.01637661905,0.15
bc1qhjcw0jl6uqgfnrhxks3rz9lvepmncuk55ams9y,15,1.5633312291241024,23.449968436861536,9.704801586467768e-05,4,11,435349.686874,0.3333333333333333
bc1qhjxpf93hnjeh7d66exnyl9r40pk2nv2n572r4c,20,2.8127408041425745,56.25481608285149,8.880253679053449e-05,9,11,397533.9471400526,0.75
bc1qhjzwgrkeefartf984ch0sk48rarv64xgaphq5p,24,2.516239167483376,60.38974001960103,9.079786357948065e-05,9,15,333889.5536916087,0.5625
bc1qhk7vnc6dp59a26qvw4yqcf20sh8leur56ghwhl,23,2.139140035066525,49.200220806530076,0.0001360551491357485,8,15,335133.24613981816,0.5
bc1qhkcpuekwlaxheacq4j3xyakpv4kqp63sy06gfq,14,1.6803867819622715,23.525414947471802,7.271434950010568e-05,6,8,580535.2450034615,0.6666666666666666
bc1qhktmxg86p9w4cdaurafktzz6rq0ylr4p8rxjy0,27,2.4910702778324576,67.25889750147635,0.0001013483093953068,7,20,297436.4705997692,0.3333333333333333
bc1qhl8mne5vymm5hctcph0gfzpzfk2538davulrwy,26,1.7041156041303802,44.307005707389884,0.00012735542842989513,9,17,284776.93414568,0.5
bc1qhljvzk70eyn750fuv6wkp44te280hdn0ttcpuw,18,3.422235126514698,61.60023227726456,0.00011967331160752222,10,8,443011.00188005884,1.1111111111111112
bc1qhmxhwc5a3vatyucg837zwygvzp2arapuka24vf,9,2.684574507130422,24.161170564173798,0.0002029894636940925,4,5,831415.4185856249,0.6666666666666666
bc1qhnkz0ccc9pnmyvkqcsy2x9fhq0vms44jmnlufd,19,1.4797967019739133,28.116137337504355,0.00011286351711896608,4,15,409026.9894575556,0.25
bc1qhnpzgklf2tf7qrc7kz2gs9dxkwdm2hq6qjr9c6,16,2.663443031293076,42.61508850068922,9.162324046062189e-05,3,13,514969.80494246667,0.21428571428571427
bc1qhpskx8en8lgxj6uhvzrz9y6ucy903eycv7haue,20,2.1334130701124194,42.66826140224839,0.00014351697588964617,8,12,395132.5028593684,0.6153846153846154
bc1qhq3kdmrr4w8wnsnjwt0cn0fv23v02q2pmqek23,24,2.5867592568660016,62.082222164784035,0.00011951327089887455,10,14,316070.2689010869,0.6666666666666666
bc1qhqxqt3pxdk3w3ve8ltzw96qau6lls3k5jqeaa9,25,2.710044799533496,67.75111998833741,7.658411541818629e-05,6,19,265037.656966875,0.3
bc1qhrejfkclcd9qq7us98nyduk90rm5aa82n5hac5,1,4.574093821104884,4.574093821104884,0.0001749607199503,1,0,0.0,1.0
bc1qhrl6e9492eyqfy5nyu4yz6tpwtqurvt3ywjnys,1,0.6566019701269505,0.6566019701269505,6.366232129676026e-05,0,1,0.0,0.0
bc1qhrnwdd6pvzj5zhapwxa4mrqlgmd36e497a6gle,19,1.641872892372269,31.195584955073112,7.398516366399587e-05,4,15,419422.21624138893,0.25
bc1qhryennks9h7zcscaqg3tj39v6mm825k660ytpr,24,3.233636276772263,77.60727064253432,7.325448817126954e-05,9,15,286403.303322087,0.5625
bc1qhs2nqz52v0ezf2x25s4nys2a0v89s6ammhgthf,15,2.7511754469282304,41.267631703923456,8.738540197783159e-05,3,12,491948.17632814293,0.23076923076923078
bc1qhsycdtdh4arx56s0vlsdarums3ed3784m9e0d0,24,4.201142741326598,100.82742579183837,0.00013689040576636652,9,15,331205.1994052608,0.5625
bc1qhta3tldeauxzpq77jc4s8xtrylxvt3932556ef,1,1.040032501513455,1.040032501513455,0.0001432392457164,1,0,0.0,1.0
bc1qhtn6ke7rhyzv04yzls277qt8ddkyv3hr0mr8nd,29,2.222150019698535,64.4423505712575,8.846898391692137e-05,12,17,264821.33200442855,0.6666666666666666
bc1qhu8hd0sc0a74tyesmmayf608vwgs83lmzrtvyr,17,1.986371897779713,33.76832226225512,0.00012302517725281816,6,11,436081.8664404375,0.5
bc1qhva3gzy6aaxdlw2ax6ca4e32lh2v4flvttmhyk,17,2.1928067763325707,37.277715197653706,8.677227590902356e-05,6,11,402404.3817675,0.5
bc1qhvqw5gsqqg72ju8pnxqdz5h0k6s8mx0akhnswn,2,4.999478816077721,9.998957632155442,0.00022575932614620002,1,1,16561.897771,0.5
bc1qhwfr24p7fhf7nu4ex0l7autm03mrrc5tah6ygz,1,0.09986026524841055,0.09986026524841055,1.3132658212019554e-05,0,1,0.0,0.0
bc1qhwpeyr66lpvhs5e5a6aa7fp5gllh5qamak3lmk,19,2.2496040683005427,42.74247729771031,0.00013190203994568227,8,11,370343.25587405555,0.6666666666666666
bc1qhxln9xgwz93vrtmdlrjll5f6ncwaguz7v02lvj,16,1.7594692985416605,28.151508776666567,8.45733034433136e-05,3,13,475012.8574027334,0.21428571428571427
bc1qhxsv6h7hl2nxl4f5v7vyxgcy4l35n6y25cyfcj,22,2.090649361968588,45.99428596330894,9.52240618573812e-05,6,16,316500.3520358571,0.35294117647058826
bc1qhyann0qz7w3l8wa7mdwcjyf2vwwx3ghj2ddw3w,2,0.9999335042001917,1.9998670084003833,3.470044627407758e-05,1,1,22033.959523,0.5
bc1qhyfhgjncrzp4vmym6qqkmdk64h330hkmt3t9fg,21,2.3179505480536235,48.676961509126095,0.0001128495813940675,5,16,349739.78402835,0.29411764705882354
bc1qhyuc09knkct0tqzelaa6fffxe37ekgy0rw7v3a,19,2.087733326211806,39.66693319802432,0.00014336104660666923,9,10,382768.9598303333,0.8181818181818182
bc1qhzcd3g5hmhstsrrrsvgc5sd6hkqklpnnvp768h,17,2.392876640825714,40.67890289403714,7.933385396723905e-05,5,12,476773.71830106253,0.38461538461538464
bc1qj02es0f3xccd8y5e5yl74r548nq7a75jcmxrgp,18,2.8611223723900787,51.500202703021415,8.922653448990159e-05,10,8,452421.1191864118,1.1111111111111112
bc1qj0egl2rxcasmeyxw953c5mqw77ddq535780ja0,1,1.0,1.0,0.0001956258815301,1,0,0.0,1.0
bc1qj0nnxh33dmvzwq3j6985j3874lgs2qnam9af8q,18,2.293626016687577,41.28526830037638,7.582105915181392e-05,9,9,366772.3942987647,0.9
bc1qj3qzu9t4rjp0whvupf3mkrarrksfdr8dsmenn6,19,2.077455193798125,39.47164868216438,0.00012576433604657847,2,17,394117.38825711113,0.1111111111111111
bc1qj5a7vpxld0qy5mq4l3syfwjl2muq59pq3khqk5,20,2.882720628164833,57.65441256329666,0.00010769369462739666,6,14,341796.41610852635,0.4
bc1qj5gs026q7h7jpxlu649e8d73psrt6l82zgdnav,11,2.2984343052255314,25.282777357480846,0.00014781337317639243,6,5,582757.421068,1.0
bc1qj5nxpt7l4df2e4uc9zvuyuxtxx70vrgmzvpnwu,21,2.5351574050807124,53.238305506694964,0.00012905805683292623,6,15,375597.65180844994,0.375
bc1qj5q6r3lsxkwfryvxseu3x0a77fte0dkdaurvqa,17,1.7726867344400064,30.13567448548011,0.00010589389988457943,2,15,420923.09615093755,0.125
bc1qj6knw3sqhuadl3llw98q3y8h84n6njgn0qpjgh,20,1.9411916496971435,38.82383299394287,0.00011439822782216436,8,12,328756.1928127895,0.6153846153846154
bc1qj8jhhrlpvnu0qt933vdvsnnl4aey9jxrd0mn3w,17,2.1635106879382233,36.779681694949794,7.382722256505927e-05,7,10,453547.62205737503,0.6363636363636364
bc1qj8k52je9cckqh0sx940uauvwvlxmkyvjegha4f,20,1.9093076832873925,38.18615366574785,0.00010582009050665417,6,14,402921.6995792631,0.4
bc1qj8pd3hxvg4safpm3qd0fdcz5tsnc2cwqxk223v,15,1.0953237062397465,16.429855593596198,0.00010994165513842635,5,10,453381.69021342864,0.45454545454545453
bc1qj8tah7t02kn6su8qx084wud2jnyhr8mq9zxxh0,18,1.6513987694531884,29.72517785015739,6.174848764508975e-05,4,14,405277.142233353,0.26666666666666666
bc1qj8xy5yzhw30qgjtagmgxx3cj4sp3hjrcvgxej4,16,1.0059159513226594,16.09465522116255,9.144587353294501e-05,7,9,501618.5021979999,0.7
bc1qj9ce6fdx5reglyw9j9eeqllec8g7gc9k0djj0m,16,2.2946175622569513,36.71388099611122,0.00011821933202358038,7,9,501893.77734253334,0.7
bc1qj9z80ql4ul9k20kzal29h7z6v9wc7gl2k80f4n,13,1.743093467016179,22.660215071210327,7.808663229821603e-05,5,8,574269.02279225,0.5555555555555556
bc1qja76huxa4sy3f6pywcp7k2sr4ycw8632d78v8y,22,1.9237535540792137,42.3225781897427,0.0001097184915969978,4,18,329595.9362155715,0.21052631578947367
bc1qjaqxnpxnp5q5hn92mf4c75k39yrvtp2ewn3azg,17,1.652848982775689,28.09843270718671,7.766999939616664e-05,4,13,422063.485438375,0.2857142857142857
bc1qjatt2xdfdak7ysgj32szuxw7ml4ewf7n4wnmkd,50,3.047013288803155,152.35066444015774,9.49334488575826e-05,1,49,55745.596191326535,0.02
bc1qjaxwyce80rp3xc86zxwwx6j4zfx2k47p0mgy8k,24,3.1487898971219965,75.57095753092791,0.00011535891445921168,10,14,331451.52696726087,0.6666666666666666
bc1qjcc4r2cmlgqfjd36upsvc2kc6p95vps588ftvx,11,2.3240988922931747,25.56508781522492,7.260713873794846e-05,1,10,679171.6993040999,0.09090909090909091
bc1qjck4q8xcztkdvjgx75rpdv6ryw0j628un6tgqd,27,1.6012586614947633,43.233983860358606,8.707292279055927e-05,8,19,273530.20295426925,0.4
bc1qjdncqdhd3uhnxcdsfjhk7mlwedtww6u0vj2nlf,17,2.0662822061319774,35.12679750424362,8.287778684444779e-05,7,10,431240.44764243753,0.6363636363636364
bc1qjejsvkntgzmvar9tuh3h20xppfr7qgct3zv84n,23,2.539212624735464,58.40189036891567,6.174038379570943e-05,7,16,293568.0305058636,0.4117647058823529
bc1qjeufpe07sg7j8ejp0ql3g74qs224ay6s7527xq,16,3.8821474055846648,62.114358489354636,9.737848513368733e-05,6,10,431698.8595217333,0.5454545454545454
bc1qjf2zmmee5lqa6dpu9hk2ue4cc7mcrwukmaxpak,10,1.9530415054949877,19.530415054949877,0.00014285535797642818,5,5,766524.6793286668,0.8333333333333334
bc1qjftfcjq4t7gn4p08dz7hy5ysttv6l3zclmtsq7,18,2.1187004429834078,38.13660797370134,9.939062613390167e-05,7,11,415053.84194288234,0.5833333333333334
bc1qjfuxxtm9fw7vg5pcvda56zjakqvccf80jvzq5m,18,2.3252062859894798,41.85371314781064,9.113020469321061e-05,7,11,414178.29990105884,0.5833333333333334
bc1qjfzz5vr9pshs8xk43x6wcdk6tyw9z6lzmpu625,21,2.2527340456347456,47.30741495832966,6.973965637182467e-05,6,15,292791.92495069996,0.375
bc1qjh8n2c0j0tefmh745gnsgc4qs56dxuxecymxzv,19,2.07782365200204,39.47864938803876,0.00012426752477714032,6,13,418346.33524555556,0.42857142857142855
bc1qjjlc95jnph3yq89qzk7hmqct2j3p3wwyx7ye5m,16,1.9575949778390551,31.321519645424882,9.046908043496605e-05,3,13,432357.79325246677,0.21428571428571427
bc1qjjr4096vcg87apupwun2thkc5axsa2gwt7ht89,15,2.6144115997874096,39.21617399681114,8.067983715342951e-05,4,11,535390.2756196429,0.3333333333333333
bc1qjk5t89rcy4cunsk6rm6wrzu7j8nc4cptzm7lec,21,2.779241974761504,58.36408146999158,8.942144278435108e-05,8,13,337064.73380725004,0.5714285714285714
bc1qjkh5l572rd3qll5p98dqeu4mhrx2xv859vm4lf,19,1.5329205967808033,29.125491338835264,7.985098603956067e-05,6,13,398747.33251355554,0.42857142857142855
bc1qjlwpzdhf76pyenuwk89w7jcdvqk9js565n8xmm,26,2.178056655515015,56.62947304339039,0.00010727055950318431,8,18,268304.93884575996,0.42105263157894735
bc1qjlwuk484xvdj8m8fafu4r5sf794fj0872dyk8j,8,2.4675821863688525,19.74065749095082,0.00010333292366242967,1,7,973714.8474562857,0.125
bc1qjm00d56y7pm4g09afyqdctxf77j0m768uwpf2k,20,1.8098170166388823,36.196340332777645,9.952670188195288e-05,6,14,393159.0035107368,0.4
bc1qjm26udcp6pvy84nmhylftu44k5046lh5cgu2rx,20,2.3441924801007334,46.88384960201467,8.412024981747113e-05,11,9,315024.48761447374,1.1
bc1qjmlz0z5k7dhgd057tj6vf5fwquklzvh3m8w6yy,11,1.6363922619880382,18.00031488186842,0.00010465777972098496,4,7,613332.1729484999,0.5
bc1qjmzcnusncpk8s50yy54ryhy687r7j3wqcu0v9f,17,2.4022031562737065,40.83745365665301,8.266539053720764e-05,5,12,478988.51417018747,0.38461538461538464
bc1qjmzn2am8hxdrhzwg6afzuqup865ldpljjld9t3,22,2.0929593146650953,46.0451049226321,8.825911232819183e-05,3,19,308066.81253247615,0.15
bc1qjnvhr3jvyk9sgnw2calprq69vfxa320a4gjpry,21,1.3752097801589402,28.879405383337744,0.00011855287962982987,2,19,340355.2470365,0.1
bc1qjpq2rq32mvuupwrsapk3t5w7fcf00vjke2lwmx,1,0.10741764172208068,0.10741764172208068,2.9058423101149892e-05,0,1,0.0,0.0
bc1qjs5yg24jz2se4mw6sq40tnd06dj4qw9e7gyp7u,23,2.4863363705547523,57.1857365227593,8.056977335093499e-05,11,12,296496.58074981824,0.8461538461538461
bc1qjt222jchz5qrm5hm74ltyyz6960wm4s68jp6qy,18,2.5023145076733426,45.04166113812017,0.00010978788728132934,4,14,377459.05893723527,0.26666666666666666
bc1qjt7zwnd7642n02u3jylg0ex3a7q52zaw8md984,23,2.506150723542823,57.641466641484925,5.3792226658499054e-05,6,17,308004.1382548181,0.3333333333333333
bc1qjtszfrzu6fr5ql3ccd83ht7ud38rgrmszzk7w7,1,0.23153301314197536,0.23153301314197536,6.60020523780021e-05,1,0,0.0,1.0
bc1qjujmec0vlhfveyqzadahkermwyy048zzq4cuq6,22,2.3889940578291866,52.55786927224211,8.490110312193225e-05,8,14,353585.51451676193,0.5333333333333333
bc1qjw4l20hk34cp7qfjhcgwvreurtuvppgjz336as,9,1.976065229896071,17.78458706906464,6.0827417824500115e-05,4,5,898415.96729575,0.6666666666666666
bc1qjw7ey95ccyteguw7cqzjmj6p7dwdpt50jpjxue,2,0.9991970597211832,1.9983941194423664,0.00014279362562820598,1,1,12326.775538,0.5
bc1qjw8lupwrwly35xp7hvemuxr2u0jrjp3s8haqee,14,2.7114149720737095,37.959809609031936,7.089389614675279e-05,5,9,569048.075935923,0.5
bc1qjwez8pgpt33egzp2ppq0gsstags9qka9t0xyd4,1,4.999975594823102,4.999975594823102,2.440517689800199e-05,0,1,0.0,0.0
bc1qjwjnls3cq66cltxnrvxmdzwcpe58k2e3nmj4he,20,2.2025751265654376,44.051502531308756,7.386312837446741e-05,10,10,336192.35614184215,0.9090909090909091
bc1qjwxlrkcqhujhc44x8arn4ffvxkx9lqxegmy5k2,1,0.1,0.1,3.93828903188662e-05,1,0,0.0,1.0
bc1qjx8zx8wxnr2xndvdyx46479mmsgry7curpq0qa,17,1.6331070250925654,27.762819426573614,0.00011804265807581687,6,11,449305.497951,0.5
bc1qjxwz8uc98aswxys7gff2402w27x9y7rraku6d7,23,2.3420929768462386,53.86813846746349,8.921315491466816e-05,9,14,326588.3067139091,0.6
bc1qjzyetedzmnxkvq92un07fz56ngrvmz6l94nmzy,16,2.043368271459875,32.693892343358,0.00011527998042928023,5,11,415681.55676253326,0.4166666666666667
bc1qk0qp8y5dgpdjkctfte4guf8xd2cjd4ee035t6x,23,1.9810227484435183,45.56352321420092,5.6899083266490544e-05,7,16,313227.2404260001,0.4117647058823529
bc1qk0y0rqpvwwc8l8ag2kjc5jdcql5dr03kt3tmux,15,2.3735647872791548,35.60347180918732,6.0508481684493206e-05,6,9,453203.75779535715,0.6
bc1qk3u3y8nsxnaadjtrwdulq85h57m23afc3m4c80,19,1.3444489591080568,25.54453022305308,0.0001467548920316939,6,13,367242.9025964444,0.42857142857142855
bc1qk3yr04r8dp8q4ewwef8dh75tzglrcl5nr4h2sx,20,2.2674300836862287,45.34860167372457,0.00011592041878184102,9,11,368254.5805745264,0.75
bc1qk4d5qvhqrzcxw6frxsj9mkykp0m6uehz0kt669,6,2.1190139458827266,12.71408367529636,0.00013232480085975838,4,2,1052904.4369138,1.3333333333333333
bc1qk4np73qwcaw5tx7zujyvsuffppalfufnmrzdry,9,2.2970908850459777,20.6738179654138,0.00014524124067039827,1,8,677003.0451787501,0.1111111111111111
bc1qk4zwqs4adzt2p539cgdfkzy445lvlev9wh7k9z,14,2.556952403825953,35.79733365356334,5.572922316152657e-05,3,11,489747.96981615387,0.25
bc1qk50jfvdwxsv6hc7vgy3d8m50vcrjhcavltrwsa,20,1.8151033316318355,36.30206663263671,7.769691749701248e-05,6,14,378144.8738027894,0.4
bc1qk58fppjje3nc02rf54ehjyp7m6j0yec3gdv9su,18,3.0017716094749907,54.03188897054983,0.00013876842131419916,10,8,441819.74395170587,1.1111111111111112
bc1qk5prm27t7a98lplaq0c7uhegqtukmr79v3c8my,22,2.2893934271797174,50.366655397953785,9.738601266274929e-05,5,17,333559.7570614762,0.2777777777777778
bc1qk5rwpv5g84zkcsttrc2qhrjt9nrju8hrawz8zq,16,1.7164993987248363,27.46399037959738,0.00011089495879598594,3,13,428290.44312193326,0.21428571428571427
bc1qk6av6u58srkuzj8fg24p3crhrde72zakfagaky,20,1.6038523905544892,32.077047811089784,8.798481497093133e-05,4,16,355539.52231526317,0.23529411764705882
bc1qk6v9r2zczm2g8v53ekg8cra740muku8rjxmw2q,24,2.14580361951207,51.49928686828968,0.00010237792221852697,10,14,299598.09172221745,0.6666666666666666
bc1qk6xmh24nk5m4zcy30s77memrheyh0tueuh6ptd,14,1.6945591778353584,23.723828489695016,8.377716299464459e-05,1,13,572424.6427734615,0.07142857142857142
bc1qk8y9svry92f0fqmrg200vmhs0qa2lvw4pshkk3,1,0.09942274712475428,0.09942274712475428,4.973799780638013e-05,0,1,0.0,0.0
bc1qkcl6rdqlhvyzafjz0kxzzknh6rqpjmwkx0ewxw,28,1.937218735051699,54.24212458144757,0.00010305583863969366,7,21,285313.43516592594,0.3181818181818182
bc1qkcn98hqlkafshdrdc6sdcucjmjf3xn3g9errsn,1,23.758024639005495,23.758024639005495,0.0001106720782716,0,1,0.0,0.0
bc1qkd0n5qq8jh6ghx5u6hhmpj9uypehr6m8yvvqp3,20,1.129515037592833,22.59030075185666,0.00010660560505142129,4,16,401596.0372639473,0.23529411764705882
bc1qke2gj8nqq60xtg737z369cmhemfdatt2gzkesm,19,1.4451077371536603,27.457047005919545,8.536254882813736e-05,5,14,413432.61339433334,0.3333333333333333
bc1qke58trsyt4cv9424gljpw2wvszdh39nmwdfu44,21,2.1707835578606463,45.58645471507357,9.99563552308227e-05,5,16,325123.84046705,0.29411764705882354
bc1qke6r8rqm20l9edlekr2lxf80fx3jdek76echmg,2,0.0998101972379213,0.1996203944758426,9.322837268914655e-05,1,1,35970.781172,0.5
bc1qkej64cn8nmjlv6uy6adtp2zl66twvyjqhve62n,18,2.502228479291781,45.04011262725206,0.00010404359556091637,4,14,434852.5830758824,0.26666666666666666
bc1qkemytw6tfwrvt2sj9aka9u3tcpfmz6ny5gedeh,20,1.8257812107407585,36.51562421481517,7.415156023226565e-05,8,12,382257.028442579,0.6153846153846154
bc1qkfcn8kzn8n06jfmua9dfxq5anfl9q6420cpn95,18,2.112564102182046,38.02615383927682,7.135365771425543e-05,10,8,405610.260096353,1.1111111111111112
bc1qkfwmjjmqumh7kt9c6rca6nulkzl4zru4xf2h89,19,1.8773902996521097,35.67041569339008,0.00010062906834117731,4,15,420379.94533305557,0.25
bc1qkfxpkd39dfw9aeyqgvpffwwaa9jdax0wuegpdg,21,2.444591812496785,51.33642806243248,0.00010104166070832607,3,18,365897.6322572,0.15789473684210525
bc1qkg7vkz9mufrraylw8z3eepqmg4n7q03dceezvf,13,0.7596346826087829,9.875250873914178,7.214307643138072e-05,2,11,525200.1704630001,0.16666666666666666
bc1qkgjfvrc7eka7l888eprvarekqg54a8uap46tfk,17,2.445503789542227,41.57356442221786,9.96441126109245e-05,7,10,388800.3475880625,0.6363636363636364
bc1qkh8qcy275pnwcjhg530r6dp72sqr8scs66r5fy,1,0.9029481282511511,0.9029481282511511,2.250696199261471e-05,0,1,0.0,0.0
bc1qkkc2c2ed5rv2zcfwp7v40arngprmk4hylcq48l,19,3.169848217821322,60.22711613860511,0.00010313466394048295,5,14,373494.4392294444,0.3333333333333333
bc1qklrmuwtf8uy243gp039vpl66nkm49tx2wfk8t0,19,2.42744418754846,46.121439563420736,6.694678691109703e-05,7,12,402524.79094166675,0.5384615384615384
bc1qkm6n026asyrq0hzu826qslqcs0c950aegrqahw,25,2.4725012423921853,61.81253105980463,9.962433224722177e-05,10,15,278141.1707625,0.625
bc1qkm9k9tf0xhqx3s4w5485cr5twmghxya4xl2t56,20,1.8142489904784456,36.28497980956891,0.00013366985570339526,5,15,382822.55476331577,0.3125
bc1qkmjvj6dsq8jwqf4a66304rpemegwevdmhc46ez,18,2.710545052460949,48.78981094429709,0.0001264403869394131,7,11,393912.6638837647,0.5833333333333334
bc1qkmkk75vhqutq7y4gtyqmdtytpj3p8lh8kvvqzf,13,1.5696491617915336,20.405439103289936,7.289162860982984e-05,5,8,497347.2936076666,0.5555555555555556
bc1qkp676fpr7z7scq3fdgzrkxcnm75zrcdn65z7vd,20,2.3731919000569794,47.463838001139585,0.00013593765580996068,7,13,330334.59878273687,0.5
bc1qkq3nqes440p4z0q25eny3yf3t27nyjtrrd4uwc,2,3.677520585123262,7.355041170246524,5.9614184555352595e-06,1,1,150.152772,0.5
bc1qkq4gsh0mxqwe6tdnl4xxrukkdlzz82rhtdcfwm,2,0.09989600736982295,0.1997920147396459,3.76916110139849e-05,1,1,13677.024012,0.5
bc1qksyj0wft7awezhrp88ys73vstt6d0rstekn3m4,19,1.1912901602272514,22.634513044317778,0.00010389524984347556,1,18,410455.5824288888,0.05263157894736842
bc1qkt7x05zsg9t2u9rx3pfueh729anxkvn38fjet7,20,2.2226975470264816,44.45395094052963,0.00010943727890986691,9,11,360932.27351684205,0.75
bc1qktcw57mtx69ck023s9jmd672d00rh9mq49qmpp,20,1.7722569493569942,35.445138987139885,7.55870175098656e-05,7,13,365555.88365963154,0.5
bc1qkttdrluj36r3kjpq3qr8gnj9ntrzn5dpjs3d4u,15,2.034158988846566,30.51238483269849,6.865473700308856e-05,3,12,466733.892278357,0.23076923076923078
bc1qkuesc9r7garxe6ya5d336wg5ew2g6pc2nuyqrp,19,2.905291606138542,55.2005405166323,7.156668841945906e-05,6,13,409740.13961022225,0.42857142857142855
bc1qkueu0kg9znxt2d4zfyww6lt3n9d3xqvmm8hr48,17,3.1098978548527545,52.868263532496826,9.671682089760842e-05,7,10,454971.34959175,0.6363636363636364
bc1qkupasmxhwu4stqs0jeny8zq03mqpvxkh8vsjgt,18,1.1654845973806036,20.978722752850864,6.281161993427581e-05,4,14,401168.0057999412,0.26666666666666666
bc1qkuq4vvkwcwcg7k5kazemuhegepn6w8nfrc57j2,16,3.1736894322197933,50.77903091551669,9.48268484257863e-05,5,11,447099.4013474666,0.4166666666666667
bc1qkuxzxm9wz7u79watpk79ledzrah0vc7hruj8s0,1,0.09995758237806077,0.09995758237806077,4.241762193923863e-05,0,1,0.0,0.0
bc1qkxqajxdul34vl2g2qhvtm9skr8csc04vmtfw77,19,2.636033575197698,50.084637928756266,0.00011067086136773756,7,12,393524.4800083333,0.5384615384615384
bc1qkxsy42wm7wedk00cm20rgvru772vu6c293frh6,16,2.476871693705552,39.629947099288835,7.158207539028876e-05,7,9,433185.3920966666,0.7
bc1qkylu4ktj5246scjpxc0f3x0egng0f9dg3s6dxe,13,2.5466219809644226,33.106085752537496,9.936835715451355e-05,3,10,491789.4697329166,0.2727272727272727
bc1qkzgfnyln6erg43mtgeephkjewdh563x0qnsauh,20,2.6386701189824917,52.77340237964984,0.00010229856004447851,7,13,340036.92630926316,0.5
bc1ql28engtngvff5s85lrrmyslqac2xgnuj2yprjj,16,2.1168896897816247,33.870235036505996,0.00012805323706169717,4,12,326271.9838698666,0.3076923076923077
bc1ql2fgzcyngv7pgxu76ca34n22xr286dm3w76mgf,17,2.776027103379796,47.19246075745653,0.0001520722114742681,3,14,426736.07568475,0.2
bc1ql2wp7098qk5rn29yq26kjy89rcp564ygpgl7kn,18,2.4887491833709117,44.79748530067641,5.1465222096406576e-05,5,13,439314.6857030588,0.35714285714285715
bc1ql2y43uhkt7pwwqjhc0fws6782ywcsnhrfmlr7z,2,3.189613164109341,6.379226328218682,0.00016325212272760002,1,1,1191.202194,0.5
bc1ql330rqvv794xvwt23msdrkxz464kfd6m8v77zj,1,2.0196141977166713,2.0196141977166713,6.22581152153972e-05,1,0,0.0,1.0
bc1ql3cvraptwm58rd43aklmsz3gpretnmdy84728x,20,1.782346652036161,35.64693304072322,8.400491588139407e-05,5,15,337996.20620294736,0.3125
bc1ql4xp5ha9y0r45kggrknuh4r5tjyedu2v9mjq6a,16,2.709718822116482,43.35550115386371,8.558860867565108e-05,3,13,481056.73006546666,0.21428571428571427
bc1ql5cm0lwj85sepm0fd2ztvzfkhkty0u7ewfslaq,17,1.7339856373987932,29.477755835779483,0.000132934535090336,5,12,450921.10384024994,0.38461538461538464
bc1ql5g7c5pvy2fggrrj25h5pjp57l8m5e4p6r5k3a,14,0.8975404188876984,12.565565864427779,9.594580063612266e-05,4,10,474971.5809922308,0.36363636363636365
bc1ql62wadmwxzarwdv8psktz7asyqelktvm8t923s,1,5.0,5.0,0.0001378691212939,1,0,0.0,1.0
bc1ql8xs79eacynqtwe5e549g4hdg3xjv008a6q4dj,25,1.903808820655645,47.59522051639112,6.717995103719203e-05,4,21,282434.88427275,0.18181818181818182
bc1ql95z9t73qvc2y6c6tm6cf5unt7mrdxry8h6rde,20,2.7219584724277643,54.43916944855529,7.918410802468317e-05,10,10,365763.5077778948,0.9090909090909091
bc1ql9fqfrkhqvelqpgqa3k55wlmz4pkklvjp0tc0w,20,2.1768071459576728,43.536142919153455,8.793834244994215e-05,9,11,401516.67595305265,0.75
bc1ql9ltg26kqrnp9vwqtaa8902g2umy3kwxu8cvn4,25,2.797783846263529,69.94459615658822,9.833332491068953e-05,8,17,273355.4563514583,0.4444444444444444
bc1ql9v68d42ape4ukvjjrhdecszc9vw8extd6ndaw,15,1.8365371402662165,27.548057103993248,0.00012240299215189615,3,12,382443.8355932858,0.23076923076923078
bc1qlc8ylf392umk4qs9839f6syceg9lyh5hl84rsm,13,2.2413776985372573,29.137910080984344,0.00012409972068343577,3,10,568561.1402631666,0.2727272727272727
bc1qlched49450e9ef6rfc83yhdv9acxhmchk5cnjx,22,2.6950995692023096,59.29219052245081,0.0001311999530719458,10,12,308792.79365723813,0.7692307692307693
bc1qlcjkkttq9dkx8zd8d0fv4xxcgsfp65pl9nwl2d,19,1.8273998023039992,34.72059624377599,8.020313678480317e-05,10,9,301324.4494691667,1.0
bc1qlczhaw22nlaxpdcf6zsaqwdywez0jn5m4f6jpt,1,0.9769479061538459,0.9769479061538459,3.2893364587701126e-05,1,0,0.0,1.0
bc1qld0jr492486nd87dyp85jtdvgupy36c93xtug0,20,2.146178206154745,42.923564123094906,8.934253879318948e-05,5,15,375060.9296161052,0.3125
bc1qldvpddsvpg5a7uxstqkvvr2yq8tastkus7p9ja,14,1.797813365197614,25.169387112766596,0.0001270463678584543,2,12,572646.7995796923,0.15384615384615385
bc1qlghescghg9vl2k8mn2c70d3f3csg7nl9946v0e,22,1.5005469639563032,33.01203320703867,0.0001194107578625247,8,14,351832.13892038097,0.5333333333333333
bc1qlk257fdptvzqzet3s8cy3vfe2yjrlgj7u8726v,2,0.09949205561161566,0.1989841112232313,0.0003367784916417,1,1,36229.037837,0.5
bc1qlkcqcgg0kgn930u3y6n7t66yk243uyk8t22l2q,14,2.4884375200918116,34.838125281285365,8.576623413335491e-05,5,9,577649.2249452308,0.5
bc1qlkfazdnlt70g4k20z2xtf9gyh08khejp6hrcj0,17,2.119954240198061,36.03922208336704,8.88440521478599e-05,5,12,404844.489439375,0.38461538461538464
bc1qlkvxxndrmh5kwrcxxr5k9kk8c9ma9xqf3l2756,17,1.6743597626995939,28.464115965893097,9.78719281781308e-05,6,11,415219.756912375,0.5
bc1qlm03nu5sccurdnaexkph5mgr3a8ys0ssh5aqe5,24,2.389054818947679,57.33731565474429,9.208388402393952e-05,4,20,306702.7229494783,0.19047619047619047
bc1qlmg2dcddgjaq4e9x76tn4de3lrt2aw36c0uanx,21,3.6437164381903195,76.51804520199671,6.29781792825966e-05,8,13,335761.53980025,0.5714285714285714
bc1qlnar3uysxf2aymhlntaccmm2wee59pqmfpap6z,23,1.6608263293443388,38.199005574919795,8.72553922538669e-05,4,19,305004.0891227273,0.2
bc1qlnl846zlx2ln673k73jlp0gxel8yeyqdl5p27g,16,1.727990050652688,27.647840810443007,7.688131979619606e-05,5,11,386292.0229802,0.4166666666666667
bc1qlp25j7s0zul5zemkk525y0a9ee925qa5833t6j,22,1.70215195346125,37.447342976147496,0.00012165983033773671,5,17,348398.92725523806,0.2777777777777778
bc1qlp32guzde7x7k6706cgadqku5mcne237wn5mg2,13,1.875230006422227,24.37799008348895,9.161709477303671e-05,4,9,501854.95433816663,0.4
bc1qlpn4rdlwwsva6ec7rkd20vw2gtp78wtfgdhhg5,24,2.4087454182043815,57.80989003690516,0.0001249785087366604,6,18,318462.69219839125,0.3157894736842105
bc1qlpsf3n7zc64cgx4wn9vxg7a0emak6sw3p2s3ad,21,3.402390198159133,71.4501941613418,0.00011462110115217679,10,11,371893.72637765005,0.8333333333333334
bc1qlqfclel5a4hhsgckvd99agufwc3smvvve4dzqh,15,4.015392614481967,60.23088921722951,7.343492298722655e-05,9,6,514560.62314492866,1.2857142857142858
bc1qlqvg8rv9h0ewsx0ky46gpjg2pkl5egftqkvz0u,18,2.5570892255724518,46.02760606030413,0.00010593137988248183,3,15,436820.87945435295,0.1875
bc1qlrmft7kzeam2u5xwhqt2e65aaryfml929ruyj0,16,1.334549371607053,21.352789945712846,7.982964703047584e-05,3,13,501674.8353757334,0.21428571428571427
bc1qlru68qr86ys0mcs7q0ds2jzcr9f24uqwry0cg9,19,1.881978883218312,35.75759878114793,8.550633829136625e-05,4,15,413138.57282100007,0.25
bc1qlsk6mu4r54jqsls8n5zhdek9dcgmr9lqhe78z6,18,2.6447462592558875,47.60543266660598,8.863885274845766e-05,10,8,416422.8991854706,1.1111111111111112
bc1qlteg288j9dmdaf5h8nvwlyanj0l52fen2n934a,1,5.361008673562786,5.361008673562786,0.0003602187106891,1,0,0.0,1.0
bc1qlu4d99gjztep2a8t6c9updc99u4w2sl0npka9d,22,1.65818104605176,36.47998301313872,7.311681573371767e-05,7,15,327789.018853,0.4375
bc1qluf0ng895940rnuj9sn7xd6jhfeyrwztst5066,16,1.2208332268908182,19.53333163025309,7.787041526987775e-05,3,13,471653.55034899997,0.21428571428571427
bc1qluxurl4lwk0tfulf0dpdt57ypt5k6n4et27pw9,26,2.2355699964915057,58.124819908779145,0.00010182644055374805,9,17,300314.97627091996,0.5
bc1qlv8eppa5ykn5dh0xgus9uvagqwfzzd8x90djvu,16,2.4323490395896363,38.91758463343418,8.825147856700836e-05,4,12,437816.8680670667,0.3076923076923077
bc1qlw60tyx39l9huygta92r70d67ueaq49d7p7063,28,2.9771762220639877,83.36093421779165,0.00010612370710861903,9,19,265296.9937818148,0.45
bc1qlwd7he8rm6apr6cr3wpcql7sd7nrf27c9uqt55,1,0.09645123608274993,0.09645123608274993,0.000114059015572,1,0,0.0,1.0
bc1qlwuq8lzsv49psjnm37mjwz7fmq9sp6g4t59zjp,18,1.651696296728131,29.73053334110636,7.3647020187395e-05,6,12,430516.73889711767,0.46153846153846156
bc1qlxn4e3322r83yf54adp5pft6qgtuuwmmwtk9p7,1,4.999827568559336,4.999827568559336,0.0001157271750258,0,1,0.0,0.0
bc1qlyssgs2tt9mdnlmtfep0s5cpsv90tcn493xhhk,1,0.09932521558474422,0.09932521558474422,0.0001547089445156,0,1,0.0,0.0
bc1qlz9x72wtkkref7dyu5ldrst4a0cak9q37a7mgz,28,1.6610293860533754,46.50882280949451,0.00012334103754417972,8,20,281152.38574533333,0.38095238095238093
bc1qm0vc8exv8lx0s386ksmesf3n6y8pauqefhxv2e,17,2.106950688730841,35.8181617084243,7.724632031191498e-05,9,8,446215.2056580001,1.0
bc1qm28vrthz695jclk6eters8cj4vj2pvh52dja8f,1,5.0,5.0,6.193206292521069e-05,1,0,0.0,1.0
bc1qm2mpuq5qqvsvs9pxdn0y7qh8neqycf262gzy9z,2,4.999785095505009,9.999570191010019,0.0001450548988308,1,1,32651.32593,0.5
bc1qm2rg4gadca4757jz4nhk69g2pc8dds5sv39ngz,13,2.8094725536809184,36.52314319785194,0.0001235472872536059,3,10,598705.1527038334,0.2727272727272727
bc1qm2x4udgje95pu4pkt9wztm0j395qzh2gc9tu3w,16,1.7666174080066461,28.265878528106338,7.164835553189767e-05,5,11,502479.3146870667,0.4166666666666667
bc1qm5p7ah52j99tlkepj0a46d653jvs9n5qgh7y6f,18,1.7815084674446124,32.067152414003026,0.00011516358907849185,3,15,394500.68229476473,0.1875
bc1qm6twcknpsekr9e332ug5tgd7wrnfsvzxaenqz4,20,1.696912110584322,33.938242211686436,0.00011384561036037046,10,10,340696.68053510535,0.9090909090909091
bc1qm6vxxrs7fz8d4zn8z3q9d7qafxcnwakqalkc24,24,1.513800465539841,36.33121117295618,7.444100699569038e-05,9,15,306984.2332293043,0.5625
bc1qm7hkl2j4lk6guuer85ld3dz4mnl8yr7kkxrfxn,16,1.753032328850238,28.04851726160381,4.962824007968351e-05,3,13,439110.0131143333,0.21428571428571427
bc1qm7kd3ujn36l7mrxlhvgul5rcwdxcu36z3grwr7,13,1.5331493158232439,19.93094110570217,8.082176392743832e-05,4,9,579321.5862019167,0.4
bc1qm86gq3xvdnxg6dcsusrn9c6qjymghtznswewv6,22,2.4303548531268913,53.46780676879161,9.779097088866013e-05,4,18,330142.5787046191,0.21052631578947367
bc1qm96vntchhz0704d5x5sdev8y8zqfu7zf668wnl,2,34.95947629815315,69.9189525963063,0.0001179168134504556,1,1,717.086498,0.5
bc1qm9gfttzpvc8ugjsu4jam2ksjz3ynpecv79t7z5,21,1.593928397695545,33.472496351606445,9.689948296346933e-05,4,17,361744.2209217,0.2222222222222222
bc1qm9qc5nprm2fm386e6m0kcaxj8v066tkux5kctm,26,2.2631656140927734,58.842305966412106,0.00010541906999287108,9,17,306632.5264259201,0.5
bc1qm9wap7mh8mv6qudlrh93stxhch8x8w033cfmmg,17,2.364170232625896,40.19089395464023,0.00011045937476553408,4,13,398709.9834284375,0.2857142857142857
bc1qm9wpn4l6er46r8dnz0420v47qjsvy77rxjarwh,11,3.3891661867134104,37.280828053847515,4.446453213614527e-05,2,9,643731.3687802999,0.2
bc1qmaasy3fgea62pfklr5m9l24556hr2m6f6wv09e,24,2.4771982972643887,59.45275913434533,9.564393438820973e-05,7,17,329943.0529689565,0.3888888888888889
bc1qmdrhjwj4u54pffekkue6ytpelm289sw3c8ftfx,21,2.183405062080388,45.85150630368815,0.00010840621917495945,8,13,370562.242601,0.5714285714285714
bc1qmfrmma84yyjyv4j5kjyw0kyssyu0rpkrqe8w74,1,76.17521389597096,76.17521389597096,0.0001183241079292,0,1,0.0,0.0
bc1qmfxw9rtpvmevf38ftv29pp3mw87zg4vu3kpa22,20,2.625367686941938,52.50735373883875,0.00013978324872974688,6,14,354783.05264615786,0.4
bc1qmgkf0326hhf9q6jpus5vkr8lxku4pxvn33wts2,22,1.7324790052671901,38.11453811587818,0.000103495508952946,5,17,326327.37906752387,0.2777777777777778
bc1qmgl03g7uhghcg5pd295kp6p7d20fk63njfwdn9,21,2.4416793089271343,51.27526548746982,8.73305548356704e-05,6,15,334043.6766268,0.375
bc1qmgw7zuw5mh5txv98uwlsf65l7eugu5nf4y0u2z,25,2.881022255953222,72.02555639883055,7.586088790718081e-05,6,19,292052.44590404164,0.3
bc1qmh5mhem72ff9q4eqxpfty7q9tcrsw34c27ulh2,15,4.269146690108559,64.03720035162839,9.46787724359761e-05,6,9,434134.9715776429,0.6
bc1qmhctcmut8jx75pl4nr35cjsrfpdwgvxpj994ut,20,1.63166666878035,32.633333375607,0.00011290259114673975,8,12,360468.0819897369,0.6153846153846154
bc1qmhfxp8vk72n9hmkpkn5wsdsffep6j4fcn2x9nd,1,1.0,1.0,6.692601296593337e-05,1,0,0.0,1.0
bc1qmhrm9xa778zm47wtp64kawfekymn0r22qn65er,15,2.2798632526217117,34.19794878932568,0.00010294208846840947,7,8,459704.8243592142,0.7777777777777778
bc1qmj7gmryj6evpnwuuz28azlzeppudelp43gu3km,2,38.037128120717846,76.07425624143569,5.077450480855405e-05,1,1,406.715928,0.5
bc1qmjcpfh76gfl08gat5zc8lnz8sfpr0ylpqxljqw,22,1.9550916530903246,43.012016367987144,0.00010290431906775682,11,11,352388.0344483334,0.9166666666666666
bc1qmjdnvrju5zqntu65wje2n6t98lsd6g32y2mkew,16,1.7318088342060445,27.70894134729671,9.680109480771586e-05,8,8,477739.05324519996,0.8888888888888888
bc1qmjqq2zz2tlf5t69esyqpwcuu8383l8eawkl9td,15,3.1749795293154173,47.62469293973126,7.1164815729431e-05,4,11,542707.0048071428,0.3333333333333333
bc1qmjtu2psgvs8n95mp8hpyguywu9tjn7tqlegwdr,26,2.7892986841811522,72.52176578870996,0.00011387810717651893,7,19,264352.59875592,0.35
bc1qmk2742qx6mclpnj3nwap3atsl442grm36nydtv,15,1.0550714274275845,15.82607141141377,0.00011777263574668538,2,13,463629.4449211429,0.14285714285714285
bc1qml0r42kjge0n9df5w873cjmqjprmhwp7w3fnnp,1,0.3917061600793349,0.3917061600793349,0.0001746339146016,0,1,0.0,0.0
bc1qmlgkwz3ntyw2fpltwpx5yngp6nhevrj585mvqg,21,3.753061170380877,78.81428457799842,0.00012255540878452424,7,14,331617.70849685004,0.4666666666666667
bc1qmlh57e8qzzpsrytswxz0ra84hfgmsuxuuxqqaq,23,1.7600199141744615,40.48045802601261,0.00011508068786415374,11,12,336500.5767187727,0.8461538461538461
bc1qmmu4lcm72zdy2fmvr0e7fcq9guu49656ccjx2s,2,4.586234753916836,9.172469507833672,3.725392488536346e-05,1,1,1732.779501,0.5
bc1qmnm50h9464af6zdk8zjy2u7x8rfqk3w9xl5j7k,2,14.624568735908463,29.249137471816926,1.9018389573505162e-05,1,1,1395.234998,0.5
bc1qmpg0rqw7mzygf4xzrekcufjc79zxsjncgwdvn6,2,11.253963508760755,22.50792701752151,4.920910892747461e-05,1,1,399.445726,0.5
bc1qmpnr6782p8caghkeehe3cstre5a2tlmqgvfqqr,16,1.34617720951161,21.53883535218576,0.00012465002343398278,2,14,464818.7045602,0.13333333333333333
bc1qmq0jsleu4dj3aafgzs9za2kxg762ayfnfczm4s,25,1.7245609244869733,43.11402311217433,0.00010410504386818427,10,15,306109.96469424997,0.625
bc1qmqd6lp46zdn3c9vgwg37xhca7hfe2qu27z06y4,26,2.114497152302819,54.97692595987329,0.0001276973959696334,8,18,288321.45088736,0.42105263157894735
bc1qmqdsxqy274ekkf3dn0z5zewfqhgkl20rpcty7p,12,3.394918900579953,40.73902680695944,0.0001376296513000151,6,6,625708.4705360909,0.8571428571428571
bc1qmr4u7aez6zqkh24mygxv9mhxylxnnqefegtvqv,23,1.9964521740924437,45.918400004126205,0.0001466798053665797,10,13,290846.5585183636,0.7142857142857143
bc1qmrqqe5t6lxy4nzrt2ujklfk0mwmz5zssvxh5c2,14,2.830702742625855,39.62983839676197,0.00010285348131225871,7,7,486499.02147092303,0.875
bc1qmrs9tshs0f64mrzjqx5gjw9qd4qxfgk3g0rqrw,23,2.1780472025710322,50.095085659133744,5.893032073610139e-05,9,14,321969.872688909,0.6
bc1qmsgr0kv3lk8q9f8t0uw4esnwdp0cqdyulq00ux,1,5.376471981854253,5.376471981854253,1.417371700352581e-05,1,0,0.0,1.0
bc1qmsq793hyzmlp8ply60n6vzaq6c92sksngmx0gd,10,1.4635340778967822,14.635340778967823,0.00014769448995186394,2,8,542970.6369227777,0.2222222222222222
bc1qmsxpnnzjur5x84le5tgjl9f4xggrn8h9q8x26h,16,1.2218570180131114,19.549712288209783,0.0001369045953989864,7,9,463833.09259859996,0.7
bc1qmv0704t4t7k4gp7y6x05dkwhh7zmnv73ynat62,17,1.3070979913868679,22.220665853576755,9.557842078581992e-05,6,11,435573.5855645625,0.5
bc1qmwky0m73hcajfp3hmajduhxcg4gmzlc8p8fe59,15,2.9463872332699044,44.19580849904857,0.0001059597527128879,3,12,486164.4529185714,0.23076923076923078
bc1qmwtzthyk8l3hfjvhtzgzm6pgky8mz3q7f239xp,19,5.244812106836829,99.65143002989974,0.00010010087652280629,4,15,384772.0611625,0.25
bc1qmx6nd3z63z27df36fzvmn0agl9ecjkng4akahz,20,1.8896243345812227,37.792486691624454,9.894287685713751e-05,11,9,376994.7444210526,1.1
bc1qmxxufml0mpvu0euz8lt8tq5379gu83w88sw0cp,26,2.615103618422097,67.99269407897452,9.400645938086342e-05,7,19,284769.23060104006,0.35
bc1qmyya08505rxp99js6qag74kqkhpalqkx7r4snx,19,1.5998127081760318,30.396441455344604,0.0001177476859826941,6,13,414544.59719822224,0.42857142857142855
bc1qmz6fqtvht4n873aqwly8yjsshaujuk6y4nmz9v,1,0.5922767444362623,0.5922767444362623,0.000136231060793,0,1,0.0,0.0
bc1qmzyv6an7gt3ema5whmkx0s0aczkl9eushwxnar,11,2.4739904190779067,27.213894609856975,8.205766336191854e-05,2,9,669345.0684849,0.2
bc1qn2s84d4773ldt87wlnqt36eqk85gfd2d2sxmfz,15,1.3599570355631252,20.39935553344688,7.337556038196747e-05,1,14,405048.5681685,0.06666666666666667
bc1qn3dnh2qyltvl525ce5uvj9pml36nay6ku2mh92,2,4.999960184538681,9.999920369077362,2.1996158281811415e-05,1,1,18926.255415,0.5
bc1qn3pdkal5pdfx5r6k7jk5l6mhx2zyqg3e33u747,22,1.564856454439169,34.42684199766172,9.4647666564722e-05,3,19,336109.98576714285,0.15
bc1qn40v5xqmfrnr6hfg9p2q6earxycyy20hvae0er,27,2.821291518577467,76.17487100159161,0.00011126970321448471,9,18,257060.70154869233,0.47368421052631576
bc1qn48dr55jedhejmfrygf0wl798dsvt7rena4h8d,1,4.583982368092727,4.583982368092727,0.0001167718567408,1,0,0.0,1.0
bc1qn5f57462lpvmvypjmuztf9tkrv5yak945zeuav,1,0.10317385990231986,0.10317385990231986,4.16744872045684e-05,1,0,0.0,1.0
bc1qn5qvzzelly082uqhptu8j67uejxkuu73g2j42f,17,3.0883121238802014,52.50130610596342,0.00010458351376384063,3,14,448199.1464915,0.2
bc1qn63uag65n792vvslvxg7du2xpxt5l2r47nv6tt,20,2.281490509975727,45.629810199514544,7.394868221873054e-05,7,13,359961.69678826316,0.5
bc1qn68palhs4l8cazjsnu8x4yjy2sv2mejjtrqd9x,15,1.1205274810304364,16.807912215456547,0.00011515755962585469,8,7,468271.8542987142,1.0
bc1qn6zxw87zftuq9hvggy5stm2fhsgzgs5mujp7j7,22,3.65837825005291,80.48432150116402,0.00011065647605985546,9,13,284472.21876576194,0.6428571428571429
bc1qn7sdwxyvkq0kkp3fe5lw2wv3qhf3gtpjr3cpp0,26,2.327072705059771,60.50389033155405,7.178090301635734e-05,8,18,253776.85892204,0.42105263157894735
bc1qn98lvvkkq6ljkgsncgxgturrtclz2qu9qwm7ed,18,2.8584003465557046,51.45120623800268,8.813886613197615e-05,5,13,400771.1390755882,0.35714285714285715
bc1qna6x3q47wcdy77ehan65ystcyttvqx8zxvq5hk,11,2.1676036812008235,23.843640493209058,0.00011247145082204326,3,8,629809.9590231001,0.3333333333333333
bc1qnackg6d58shcl870wzjnqaf4wd2fjz5fzgrt6c,18,2.1923833226911746,39.46289980844114,0.000120864379295864,9,9,342656.773608,0.9
bc1qncu5kkcljp8rf3l46a7llm3gkzvsyfmm7xgw7z,23,2.5991220987901436,59.7798082721733,7.541479644605801e-05,6,17,338509.40404563636,0.3333333333333333
bc1qncwpuqhh3skwf76sm9tp5mfw5hkp4mduwr8npm,14,2.0255243108087964,28.35734035132315,8.819806246598068e-05,6,8,512658.1106956922,0.6666666666666666
bc1qncyglfq4vwk8zw7t504axsqw5tecdgzux6r6df,18,2.1277803240262076,38.30004583247174,8.289931419130323e-05,5,13,380826.6047909412,0.35714285714285715
bc1qng3gt9a2ajk5ce8h3e8tqufxzyfv7k4lvwpzfa,2,0.9997893038331107,1.9995786076662214,0.00013203766577893377,1,1,36931.124292,0.5
bc1qnh6qdmlhygfyex9fneaz209at93n7tpcyc29rm,21,2.5545020126294826,53.64454226521914,9.595774596504874e-05,7,14,375552.9081813999,0.4666666666666667
bc1qnj764eh0gfdr5xqpum3gs38ve6f67p7exwjmx4,19,2.0444698236098877,38.844926648587865,0.00010351311232697153,5,14,369095.7356636667,0.3333333333333333
bc1qnkqnphsjqjxl424383mgunfald2xmx48lsuy2p,21,3.208024521345279,67.36851494825086,5.907473854352217e-05,11,10,312415.93393505,1.0
bc1qnlap5epswprpwj2sg323599h6mt86zkdrn7erx,15,2.657120557965072,39.85680836947608,0.00011939833601541231,3,12,502058.77348057146,0.23076923076923078
bc1qnlgd7g3rj32g50zyc9xkfjjzk67cr8lnd8cltu,14,2.363803777385569,33.093252883397966,0.00010622660567636729,2,12,412882.78074430773,0.15384615384615385
bc1qnlpgguqgysdekxu6zvnsxgvld4zcp2rd3lju55,24,1.4411839383092067,34.58841451942096,0.00010762364083936821,5,19,313757.7973924783,0.25
bc1qnlq64e3aahygt0yp8r0ynnl64du6tnn79thuh3,17,1.7987875999452634,30.579389199069478,7.642182740875279e-05,5,12,359887.5534915,0.38461538461538464
bc1qnmdq06p25a8tzkg06fc239e723nnkkggm0lv9j,12,1.838666517359748,22.063998208316978,0.00012121131127005218,4,8,502644.60289999994,0.4444444444444444
bc1qnnve9trezkrzje4cuuu4xfesq9mwk7jkwptqjg,19,1.7753033970353083,33.73076454367086,0.0001072501723721033,8,11,386148.84281516663,0.6666666666666666
bc1qnp68eah4fwrjt6vuypvtsg4324p2d67639endz,17,1.7972291074352456,30.552894826399175,9.670490039967577e-05,7,10,400297.45894300006,0.6363636363636364
bc1qnqlaegnhw9syzm0rvplfydhh8jmwxpluclsnyy,15,1.5645563879267002,23.468345818900502,0.00013177716533918282,7,8,504580.60209871427,0.7777777777777778
bc1qnquhtdcn83r2uzskz5rfptjhceczmj28gjhgzk,17,2.276695379143503,38.70382144543955,8.15957826036835e-05,8,9,445130.087658125,0.8
bc1qnrw4gkprurned3g6cnrw3ntr7dp62je9wn9p4y,1,0.7857437852271331,0.7857437852271331,2.5725792046991906e-05,0,1,0.0,0.0
bc1qnryk3enfgvp4arvluxmpmx47dvejde9qmxhrnd,17,2.880252881444195,48.96429898455131,0.0001072871636980854,10,7,480313.9533260625,1.25
bc1qnshj2ctpl3873r8jg60andldp3sdwurevuzp0v,1,2.3063488390570708,2.3063488390570708,6.142784924287284e-05,0,1,0.0,0.0
bc1qnshztug3grlx2z0m2ktmtuykx72ktj5ellwet0,20,1.7812493810961687,35.624987621923374,0.00010127314136844494,5,15,393752.52974631585,0.3125
bc1qnskjhqme557crcavtnggr0u8g7f32yap7ctm65,16,2.058879211389228,32.94206738222765,9.112624498874948e-05,6,10,489030.9723594666,0.5454545454545454
bc1qnsxzhvcu6qszhuv505s3rv0xg09d22459895rj,22,1.4423046071967187,31.730701358327813,0.00011095794189650053,9,13,339826.89717090473,0.6428571428571429
bc1qntj4zd6r2mxjnntp8j4zeqhc59pmfvvgdz8mve,17,2.042775319804678,34.727180436679525,0.00010656805355233935,9,8,442814.4146344375,1.0
bc1qntsl9apylj534sgyya2jqckpxfx64gyfzsmdn8,24,1.5695552838395113,37.66932681214827,0.00012637850586549868,7,17,314810.07085286954,0.3888888888888889
bc1qnupqge3mxep6z7mlhph9nsklng4a2t8z8a0var,19,1.9728257596613137,37.48368943356496,7.972314338082895e-05,12,7,401323.3954477222,1.5
bc1qnuvzun5vtc7l3u83tfcenxvcc8ezg3g0wtdh4h,1,0.9994582437331162,0.9994582437331162,0.0001482787663566,0,1,0.0,0.0
bc1qnw8t96lv0e58gscrx7ekr8ppv5xkvle5zzhcxp,15,2.3844157132940746,35.76623569941112,0.0001105665083167833,4,11,500089.1237943571,0.3333333333333333
bc1qnxarx97emuuv3cy4lz3sdg0tczd9gq62grasrp,1,0.9644355655959039,0.9644355655959039,5.4951522495195726e-05,1,0,0.0,1.0
bc1qnye5q7wkztvuxa5nttcp8ea74yt24vqhz4qn6y,18,2.2891430415247447,41.204574747445406,9.827038348729607e-05,4,14,384520.88950623525,0.26666666666666666
bc1qnzgys7fm037mq2uedqrndd3xeuh2ey57mkrjty,23,1.9333060554253778,44.46603927478369,0.00011063845941201045,10,13,313659.79606768186,0.7142857142857143
bc1qp0ggflmap2nacsjpnnuy44qhr0gepgvkks0ldf,14,1.8199471839413697,25.479260575179175,0.00010414035268186009,3,11,591918.7213834616,0.25
bc1qp0hrl5uv3tp82qaylkclvy66trk9pmefwle55c,17,2.5773293502237613,43.814598953803944,0.0001475487839727059,4,13,457261.1111118125,0.2857142857142857
bc1qp2g0y2kkjladp2e50vtp8pay38lrh6gagqkvr6,1,4.999324464885837,4.999324464885837,0.000354170071843,0,1,0.0,0.0
bc1qp2hses245a6dqlw2awft88wqe7l956huuxllcs,18,1.6413615251306795,29.54450745235223,8.117660567251145e-05,2,16,402489.2963745882,0.11764705882352941
bc1qp2s4yjvv3xkzt8spt4f8xvh42uuagrhny4rm9r,20,1.912961135196523,38.25922270393046,7.614466949222248e-05,6,14,403082.02005668427,0.4
bc1qp3drtyd04scx8ren8xfx2dg4j26g52d2ncwp28,19,1.5205081106672953,28.88965410267861,7.541188638825511e-05,5,14,400512.81876199995,0.3333333333333333
bc1qp3ffr89cyzpprf4w52nq08emke7mhe4c6nvyty,24,2.228752903587004,53.49006968608809,9.886613533933937e-05,8,16,309573.42913313047,0.47058823529411764
bc1qp3syqugwhf92ud0tdc32z6nl3j9mml0ke7y9e4,13,1.9607254910090928,25.489431383118205,0.00012025682913440688,3,10,564046.2770979166,0.2727272727272727
bc1qp3wfyupwu3f6gw3nfr2f0vdtskz6y0xwj6zurv,23,2.118806899135894,48.73255868012556,9.631223868152749e-05,12,11,352765.55910159094,1.0
bc1qp55uypxl48lk3r3fk8vjjmah3k2n63ua3qcxt8,1,0.49352604279874723,0.49352604279874723,3.328385184588776e-05,1,0,0.0,1.0
bc1qp56kucyykun3phjl8u3y2vp7psackhmfmx4jq7,20,1.88968919791994,37.7937839583988,6.078392817731967e-05,5,15,384550.01095789473,0.3125
bc1qp5vc26jxy6annz58l5gdl49w3djwsafyge470p,20,2.4877081628463067,49.754163256926134,9.734708647314124e-05,7,13,345632.18447078957,0.5
bc1qp65w8grv2l34lvnksws55u7v9xm8as3tw3atu6,19,1.550045365636189,29.450861947087592,0.0001206195538699064,6,13,404204.73672499997,0.42857142857142855
bc1qp79sgp0pq3hq0kee2rkanjw7tecnsd94qac0jc,17,1.4418488010866415,24.511429618472906,7.403256184226001e-05,7,10,450005.9456891875,0.6363636363636364
bc1qp86rr2ey9q0k2v7gxs75xl9c4frw4s6z6e96ph,15,2.971393227051526,44.57089840577289,0.00011589246523137695,2,13,441459.71211085713,0.14285714285714285
bc1qp87e70udhjfttjdx2gdz7k43jz4vyk5f8e8v53,18,2.135251301566127,38.43452342819029,7.085153795633679e-05,10,8,425745.83895858825,1.1111111111111112
bc1qpc66k762k7x9shjkzfcdpr4d0nx9r9nudqxfny,19,2.239960475442811,42.55924903341341,0.00011070036703075215,9,10,381484.0579082222,0.8181818181818182
bc1qpceyfulk87hthm3feleepqnr2p2crq63amrjxq,2,29.940289866793616,59.88057973358723,5.582211426911896e-05,1,1,1351.431518,0.5
bc1qpcj38lf5mztpefdqazhem8rlnjpxyfvygaauck,20,1.7135443803481814,34.270887606963626,7.214690997440671e-05,5,15,351791.8710401053,0.3125
bc1qpdgwfslfe0063m5jtsd2gas7ucr6sys8st04tj,15,2.337684684514431,35.065270267716464,0.00010227700640191411,4,11,361652.425339,0.3333333333333333
bc1qpe6cldk3u53mvpkazdcu70h69htvuas0p509j0,23,3.7925826212059555,87.22940028773698,0.0001259457804889436,9,14,345200.0338067727,0.6
bc1qpe8ys0ga5vw0znfrl82hvzguk7hlgcfcmh97yl,22,3.611515931384084,79.45335049044985,0.00010383830202126766,9,13,351666.5478144762,0.6428571428571429
bc1qpepardxsfhjjs79mnd3nzglzra95ue8q9vxk55,16,2.4422666030166984,39.076265648267174,8.823517803203705e-05,6,10,446385.9477214666,0.5454545454545454
bc1qpezmkqrhnvwex3v9hpytk3u60k8vs9eeknwedx,1,0.988905888347722,0.988905888347722,0.0001563641183001,1,0,0.0,1.0
bc1qpf6ljhdr8uh642jdgmt9fzh0dheasnhvdvcuvg,30,1.6038763463911785,48.116290391735355,0.00013969916876212563,12,18,258740.5590928621,0.631578947368421
bc1qpfhw7ln3sx5qmrvl9j6yvznlc8rzla29wnmvnc,2,11.033721311966467,22.067442623932934,4.652215562607353e-05,1,1,222.551521,0.5
bc1qpgddy9nqcyc5yxcj2gvavrymhleq44ugruhm3p,16,3.032709311606259,48.523348985700146,9.30152475581383e-05,6,10,479254.9701821333,0.5454545454545454
bc1qpgmlw5p8xnjufqt5s4qtxgk6vmn60y67hzz6yg,17,2.2996487959514824,39.0940295311752,0.0001255647481447283,6,11,441130.10063999996,0.5
bc1qpgz8tlf5v2sc944xwef8m6rmxwl0j0fm3h9xez,16,1.7510202054364834,28.016323286983734,4.241738902969133e-05,4,12,394719.2276484,0.3076923076923077
bc1qpjyjqdq6cg06zwzqnue5m6tt6m47x9cwe3x8az,17,2.2719259762160506,38.62274159567286,0.00015074388761426714,10,7,416470.5013,1.25
bc1qpk2wqsy8v5nghuagpu59tl9w9vgvrl9sdts7rs,17,2.926093008232574,49.74358113995376,7.22685189068845e-05,7,10,456309.4407163125,0.6363636363636364
bc1qpk572hxenqpckhmyfa6gvgzjd6wz5sp6gg362v,18,2.601547432908614,46.82785379235505,8.580586937611002e-05,6,12,397699.5312651177,0.46153846153846156
bc1qpkaru20j93eya79g9v799guxhyhw5atg260q2l,1,6.183339869008961,6.183339869008961,0.000374829181652,0,1,0.0,0.0
bc1qpkcx0uqpetdf3peqws7awde6vv9we0gjrdxcxg,2,9.310308822675603,18.620617645351206,4.055445768098112e-05,1,1,1671.820176,0.5
bc1qpkm2l8qa74j8flwpcgcss3gpvxy9pmalphart0,16,3.216256936567479,51.460110985079666,7.389678969499978e-05,7,9,504229.44374660007,0.7
bc1qpkn4zeqnl3qcva387gadwgyg2ws00rpxme4kmt,14,2.973091517846072,41.62328124984501,0.0001052122407052147,8,6,494643.17161238467,1.1428571428571428
bc1qplg8z6lfvf3h3fjvq09fqlmxn5gusxtt808g2d,23,2.5494738537563673,58.63789863639645,0.00012346168547685513,9,14,311544.6572188182,0.6
bc1qpm23ej7p0umjqzzz4u2pyc39gfejatn2agq807,19,2.938344394367583,55.828543492984075,0.00011085909227249449,6,13,409369.1238715556,0.42857142857142855
bc1qpm6s4ecx4fd567eutttmgpsjgp2xngxppvccs3,20,2.0070369079645456,40.14073815929091,9.56711534167338e-05,6,14,392784.9989533158,0.4
bc1qpm6y6wrf2jw9kd355tvlsgq46k64vpqlx4mgca,28,2.3721479609778617,66.42014290738013,0.00010632934050170331,16,12,262761.8611395926,1.2307692307692308
bc1qpmfw74ygghg79w62rf3hjcj278fvvnj9mtyakd,2,0.999101059889554,1.998202119779108,0.0001348271944008189,1,1,33193.237745,0.5
bc1qpmhah0z2797pxhnsqwmgah7a2vezthtmltqu3x,18,2.351336513657626,42.32405724583727,3.824610058776305e-05,6,12,434402.0504610588,0.46153846153846156
bc1qpmjgrqkxzlz57tnq72myhtuu90yhkppj0yuky8,1,0.10406442272885259,0.10406442272885259,2.249505755754756e-05,1,0,0.0,1.0
bc1qpn4n9f5w05cz286j950td3a9ejfhv5ggt9runt,17,2.0495973678446826,34.843155253359605,0.00011231533274921268,6,11,474851.2552376875,0.5
bc1qpnja9ncm9xz0n54wum2sjzlsq9l3mlty3qz2hw,12,0.9442214043873226,11.330656852647872,0.0001539887539609329,6,6,627729.7399254545,0.8571428571428571
bc1qpnkddslveau6ten5a3u06ls854659njtdcjj2q,17,2.0396922238119535,34.67476780480321,9.051371427180692e-05,4,13,448994.275683,0.2857142857142857
bc1qpny98z9ml3ushnh4czu9agca0xuwp7cnm8xhu6,14,1.9485708980447731,27.279992572626824,7.437871890622993e-05,6,8,467089.4411334616,0.6666666666666666
bc1qppaukyf3at6k9v9ewvrwqnf8xlwd4njramffsn,15,2.629589032012569,39.44383548018854,7.527943053316027e-05,4,11,547339.7007462143,0.3333333333333333
bc1qprtfsxaplqhwxuu9l8edkyjrhverlmst5hly27,18,1.585405469699544,28.537298454591795,8.514935381909401e-05,6,12,355358.2756184706,0.46153846153846156
bc1qps0t667d37cpyfwxeqsqqmd0l2wlvr2hgmtquw,27,1.6270237537933292,43.929641352419885,9.09685519131962e-05,5,22,283690.8251042308,0.21739130434782608
bc1qpsqt0wesu8zw9jmackncuzwr5p0da5ksyswr5s,2,0.09990918860587929,0.19981837721175857,5.5709526926012675e-05,1,1,13594.12024,0.5
bc1qptsafn3p042x46ya29vf32nx9ccyg0n27fmk4d,1,5.0,5.0,5.726554040969716e-05,1,0,0.0,1.0
bc1qpu4g5e4vrpskle0q29knefp50trncqnu4mz3tj,23,1.565582202669658,36.00839066140213,0.00010478568970454186,6,17,338294.70411604544,0.3333333333333333
bc1qpu84zf8qyj6y407ektn8tqe6qrpggxhs2544s5,24,2.055539123387306,49.33293896129535,9.669912867808528e-05,9,15,330832.06984047825,0.5625
bc1qpurtqg8tx6ssfzdl358ca7ejn7y3rh8hdkzhtn,2,2.0799086634130064,4.159817326826013,9.210855668748121e-05,1,1,1563.296357,0.5
bc1qpvruc2pp0cepngmkgjsgzd66vv3s4ya0rvmemt,13,3.290121544740468,42.771580081626084,7.417247810927353e-05,6,7,592716.354563,0.75
bc1qpvtlwfr466yjm8j7dhzzd009uu78v8y96jsyap,20,1.384711024774067,27.694220495481343,7.904383317338884e-05,8,12,374933.4474574737,0.6153846153846154
bc1qpvvx3yl5mzswcpe0mdhq0srzz5sytujswwfhz7,22,1.4227890156491083,31.30135834428038,9.653622707960402e-05,8,14,343149.096258,0.5333333333333333
bc1qpw6xshum3ksskq7ruxlq08tgne2slfzw82xzvw,17,2.1895304544698218,37.22201772598697,8.356856578110943e-05,6,11,407537.51021175005,0.5
bc1qpwc8g3ffut2v2yrn8mpd2vmqljp6vwfeenfy2u,21,1.9552798243180962,41.06087631068002,0.00012681446391509983,3,18,344902.16891710006,0.15789473684210525
bc1qpwvmrxcvrvdtru8d4k958u2qrjjrc5ykymyh6c,16,1.4746549417632488,23.59447906821198,9.250282580309653e-05,1,15,429236.63981626666,0.0625
bc1qpxap9fu6kerymdvsgvklzfjxzrewpnug7x8v87,22,1.6749280371378825,36.84841681703342,7.85864149226673e-05,5,17,353354.05155109527,0.2777777777777778
bc1qpxcc72s2v8jpfah6qkrgq7u935pgp3vvdaa9fd,20,2.199988586231524,43.99977172463048,0.00011878238848230846,7,13,375176.19918900006,0.5
bc1qpympqahrrwawfkm3gt4swcj4h86ce6cseqj4lv,22,1.9342639295574244,42.55380645026334,0.00010246573978177271,3,19,337454.6586086667,0.15
bc1qpyzt9d7h3gl0yzsh5r2qfkp9jncf0s33rmv4au,15,2.5145770957987263,37.71865643698089,9.627609456444335e-05,7,8,516101.7539628572,0.7777777777777778
bc1qq0kwgh70mg7fwjp99sgkjuehl8d3qs523x0yfw,22,2.285701964417583,50.28544321718683,9.890627763789694e-05,9,13,359735.80178738094,0.6428571428571429
bc1qq0mu43sh9y4z2qudhq7wul8vj7tssr2a9a3hc9,9,1.0729510151446096,9.656559136301485,0.00012094835281163126,1,8,787337.16576975,0.1111111111111111
bc1qq255ghc4t6r64wnuhvfgwd3lrpf80qzca4vmys,1,5.0,5.0,8.986157009989466e-06,1,0,0.0,1.0
bc1qq4sn4mjdfg4tzamuny58r7c0zrnqqy32uv0cp4,1,0.1,0.1,0.0001566383958262,1,0,0.0,1.0
bc1qq7vs0f0grhg5daeak35dz04nn3jkq82lesuy9x,9,3.130846221636114,28.177615994725024,0.00010194994775025723,4,5,940041.4282783751,0.6666666666666666
bc1qq8fjlatpdmklr5zdll8p43y5p9kgm8zk3m46lv,1,0.8818028177198708,0.8818028177198708,6.31425759810782e-05,0,1,0.0,0.0
bc1qq8rvxv9gl05cmnjsnfslh3tkm88paw43qjktcm,23,2.4727217453321515,56.872600142639484,0.00010323209338821042,7,16,314274.14672290906,0.4117647058823529
bc1qq9f6fw2nc2h357eejxh6fv2g5ttr2nxz3fwn97,21,2.5556159276013473,53.66793447962829,0.00012340313952941183,11,10,372602.9428525999,1.0
bc1qq9gjrw088sdk7zjwky52xx6erwhk4gdj3tu3gw,17,4.163547584193843,70.78030893129534,0.00010281805747977737,7,10,429141.40028187505,0.6363636363636364
bc1qq9sq5q2fklkcwun5cg2cal5y6qsgj6jl70edus,16,2.1780363250779224,34.84858120124676,8.697948671986597e-05,6,10,474707.39025513345,0.5454545454545454
bc1qqcta5hcptvx8tlsfxkwc0ayet5yqsw743lzzks,1,0.9964714926787734,0.9964714926787734,0.0001504734834623,0,1,0.0,0.0
bc1qqd7q6m2rq53kuznkeeyfr787yk6t7632lp06wv,12,2.115121779215481,25.38146135058577,0.0001687200265238927,2,10,552037.4391259092,0.18181818181818182
bc1qqd9r5wtgm4c5lxcqw37mdf6fvpmuscj85ectr7,27,2.2338688910367464,60.31446005799216,9.377485283656077e-05,8,19,275766.360005,0.4
bc1qqdrdal9ldhk9tfqy0kst5z305x7l7lmje2qasq,14,2.6434383703909994,37.00813718547399,0.00012691500957206673,7,7,534275.7087066923,0.875
bc1qqdterpdakneqlqfdl5rw400t7kd2n4g3n8zh49,19,1.7168021262911966,32.619240399532735,0.00011089407220597968,2,17,409771.24361072225,0.1111111111111111
bc1qqduu6n5cxmtejphus3kdva4dstwnzavgjlugdy,22,3.557577227967968,78.26669901529529,8.521419893168757e-05,6,16,317131.2150870953,0.35294117647058826
bc1qqdxkkjrszxfhpwv34pfyyv0rjscqgc6mcsp73x,19,2.568564345953932,48.80272257312471,0.00012328801742425802,7,12,375010.4204572222,0.5384615384615384
bc1qqedsfds5hvmafqq2g63qhglzsr9pxde0s9rze9,24,1.7422113675404012,41.81307282096963,0.00012274517170546634,9,15,321627.49661882606,0.5625
bc1qqeurjpjl4dclykm6nn8czta50r7jfjl3ldew8h,20,2.124310138479628,42.486202769592566,0.0001434866993316616,6,14,347403.87618057895,0.4
bc1qqevs9ln0p7uugrz6923z9k9klme0djaxmwddz9,29,1.9974997164546087,57.927491777183654,7.86279381890381e-05,11,18,268439.47226025,0.5789473684210527
bc1qqfgz0u3h3eyfdualvt8zje6z4yt0f4hppygwga,17,3.472196400000149,59.02733880000253,0.00011484808548666094,12,5,440029.7357906875,2.0
bc1qqg8el8gjd78fxsufn623944wv58yydq6jm9wge,21,1.2999351618595458,27.298638399050464,9.787459112012586e-05,6,15,368827.75183415,0.375
bc1qqh07zhfv8l8t3xd76959jye6h5tp2xh4fkmv6y,2,0.09988394364954636,0.19976788729909273,0.00012827734636885002,1,1,22192.730891,0.5
bc1qqhm4jwc7zeh087s2zpx3ff74wguyt66paxtvuw,20,2.173765428031134,43.47530856062268,0.00013950247591630512,9,11,365137.4592231052,0.75
bc1qqj42snjav6x2aal00zfwy605u86q7fhwe9ka88,14,2.0612247154116665,28.85714601576333,7.537010128266194e-05,6,8,573991.3430036923,0.6666666666666666
bc1qqjpqp83dc2tkygyynster7reccsv3vreqgztmv,23,1.7127409642587812,39.39304217795197,8.351210236069873e-05,5,18,341783.24931572727,0.2631578947368421
bc1qqk0y03jl8yywegdezrzl8jjjkn375t2r6spddv,14,3.8845387474188513,54.38354246386392,0.0001189338989973415,5,9,526246.3668579998,0.5
bc1qqk886fzjepxnzpxxaqhqdxcmfkf9qsgpjj3sls,28,2.376171238035934,66.53279466500615,8.357454968822656e-05,7,21,253359.35891492595,0.3181818181818182
bc1qqk9xtq4tszqcp4a7knt08ylha8ajzh03l7wuq8,17,1.8122931240116174,30.808983108197495,8.667501465243224e-05,8,9,454035.3171396875,0.8
bc1qql69tfxjclgtdxxjztvwt9rp0jfnlflkcskg2r,20,1.77262042924696,35.4524085849392,9.797645032203716e-05,8,12,401440.9904887369,0.6153846153846154
bc1qqlgvw0d03gszktwhprrq640dx2x7c9g8kpjs2u,17,1.8362889188255556,31.216911620034445,8.466700502359757e-05,5,12,446850.32111537503,0.38461538461538464
bc1qqmtj3tmhgt7npt8f62p3azc6f6ea4mltx0fp9v,1,0.6859432473027703,0.6859432473027703,0.0001654212729716,0,1,0.0,0.0
bc1qqmxwcva7c789xjk7mlflc73cjjg2ssd2868cnj,17,3.0101701235391722,51.17289210016593,0.0001624266047595911,7,10,374099.21134225,0.6363636363636364
bc1qqp90ew879r22qf4d2686cultxps8uldrnwkhyh,21,1.8732664301445163,39.33859503303484,0.0001014424596098665,6,15,329460.14385785,0.375
bc1qqpc0247unkwyl2uj2sp265vf560u2ys6szuazs,2,0.09991179352403522,0.19982358704807043,6.692539841012771e-05,1,1,13379.820011,0.5
bc1qqpjqj7yz4qjcwhwl52dvadzgqc5h9xet37y463,32,1.9410254492790364,62.112814376929165,0.00010202057410185188,12,20,223527.4436549677,0.5714285714285714
bc1qqq2tp3cyhj9dmzlyutufsrakr3xkuk0mvfdguj,1,0.3124385744137515,0.3124385744137515,6.803579107615115e-06,0,1,0.0,0.0
bc1qqqvu9fcl7kf4296v7xpnktrrxz6vrc7fc6r5w8,27,2.639202394371082,71.25846464801921,0.00011304925158087825,14,13,286555.92709042307,1.0
bc1qqrakm7x674p2sz9tsma5xxs0dayuhft682nw04,2,0.09923926250921614,0.19847852501843227,0.0001574083644965198,1,1,13781.131355,0.5
bc1qqrf60npw9d70y7w9axlmh3l8u0g45ljyhc6pyt,15,1.8095589369342462,27.143384054013694,7.543651626098466e-05,6,9,495265.7477342143,0.6
bc1qqrz2enwzp33n7990mjvck9yyeg7pzuw050wtsc,14,1.971176387683375,27.59646942756725,7.057136702034884e-05,6,8,552248.7146928462,0.6666666666666666
bc1qqrzer3xwxv927jqs2qdp2kqkph60ldkdrxz9n7,18,1.4887205568855435,26.79697002393978,9.65873663892279e-05,7,11,445906.5960068824,0.5833333333333334
bc1qqsjaflfcrhu7vte56uaysdr7uv3n7xfxpn3qqe,13,1.7020644663705107,22.12683806281664,0.00011064026517105964,4,9,538904.1448258334,0.4
bc1qqtadqtx0nvvyhgak3tkzmczk299gcrdv4g6apd,19,1.7270103420739598,32.81319649940524,5.7478846768883094e-05,7,12,374295.9896345556,0.5384615384615384
bc1qqtzlaf9tmtjfvjxcpj2nt6qhjuzd5zhygyzfg5,22,2.4671306565769076,54.27687444469196,0.00011352584436692364,7,15,323310.68559671426,0.4375
bc1qquxghf62mmcgtdy3n0v4ayj7hat0hk5jhqp5fj,16,2.0044910401981384,32.071856643170214,8.355160539931367e-05,3,13,473522.66308613337,0.21428571428571427
bc1qqv2tshn4lmhuw3c3p0nrdt6s2eqlpa7xyc7gdl,16,5.631407890109649,90.10252624175439,0.00011436468874901148,9,7,507189.07033699995,1.125
bc1qqvvapxak5gq0mt9as62slh69rasmp8su3yfk7z,29,1.6453234678254272,47.714380566937386,8.601110312767644e-05,6,23,251352.1889699643,0.25
bc1qqwgs2j5s8uh0g4rf0tr3792n6f436tjzu7j0yc,21,2.711457345946838,56.9406042648836,0.0001156857632286557,7,14,363026.2484586999,0.4666666666666667
bc1qqx3fyk6su20jjg89fv84qa3hgdvsukq756f39g,15,2.304299865676014,34.56449798514021,9.760124250550904e-05,2,13,522934.64069042855,0.14285714285714285
bc1qqx7nqhvmnk2ue23yv4tk54e9x5f2f9lhq33r7g,20,2.1759998100623914,43.51999620124783,5.734055130401336e-05,6,14,354829.3705529473,0.4
bc1qqxcln8nq4hyfp0x735ds7ruxw3jyw0amqnwq8a,23,2.904640533069241,66.80673226059254,6.806115500357285e-05,13,10,337043.9307786818,1.1818181818181819
bc1qqxqjtaca6ff467e4ygd6nv7wdfk0qpf9h5uxne,10,2.099452100575223,20.99452100575223,0.0001040508138343287,1,9,831895.9600985555,0.1
bc1qqzd9zwzde6gkpjqt406394kshuucvqtks97vey,17,2.051246434788668,34.871189391407356,8.449910940949342e-05,6,11,455079.4507075,0.5
bc1qqzy7vlfagscsxusu3zfa9cg7mwncpa8vgv6sm4,21,2.325913929020647,48.84419250943358,0.00011873297387996159,5,16,367869.98864480003,0.29411764705882354
bc1qr03ajump7cx7e62r7jv4mg90ne3cetgft3xn27,2,12.778218408970226,25.55643681794045,1.882834811534362e-05,1,1,1786.326581,0.5
bc1qr253jswr5gzc043qgqz4dle4632t95a3guj7sq,29,2.4689308522354194,71.59899471482716,7.677606953812229e-05,10,19,252930.05426375003,0.5
bc1qr29avcmwezj9ndhfjltva93mvh4n2mggnzj2mn,1,0.09969892567698962,0.09969892567698962,0.0003010743230103,0,1,0.0,0.0
bc1qr2h9p7xtsuruq2zfkcgzuwsq3dqupdwzc3783u,19,1.4001625172910257,26.60308782852949,0.00010795793900282348,5,14,423582.8924556111,0.3333333333333333
bc1qr2hpnc3k8ttpdwelxkxrjsavlp324a6xu4w2qk,1,5.0,5.0,6.933180569392349e-05,1,0,0.0,1.0
bc1qr3fk77z7s5xarjfkr462nxans49jfd7r7kea7f,18,1.986488833208688,35.756798997756384,0.00010368233909100205,8,10,390002.8094407647,0.7272727272727273
bc1qr4dftn8aafpylu9w7wlrhsykms3czwl2dawuzz,17,2.0299822613895877,34.50969844362299,8.950434047781044e-05,6,11,448461.75978943746,0.5
bc1qr4smzzlxfwa7eugat6edmur7dej56zt0gwl8fp,20,2.0064974038714554,40.129948077429106,9.565156530360671e-05,9,11,349679.39266157895,0.75
bc1qr53r7qeaew8huzy667u0nej96erzvzd5qc7h6k,1,5.0,5.0,0.0001441878585486,1,0,0.0,1.0
bc1qr5ahhnhpggepx89d3ke2psjlcucjha9shyvfrr,25,3.089701028412772,77.2425257103193,8.573358570362299e-05,5,20,306697.9132612083,0.23809523809523808
bc1qr5pwvhtkk7q95h477a36uzzf24salsn34a6z74,2,0.09979178347983864,0.19958356695967727,6.979745190215832e-05,1,1,7504.544597,0.5
bc1qr6f7qy4chelfdrv2g2uz7fw4kzy935xw6uus2t,22,3.6698081185627482,80.73577860838046,9.684275725785667e-05,9,13,360884.6909919047,0.6428571428571429
bc1qr6mzefkm8av4r7cumh0wsn8srm3ptueepy6pl9,19,1.5350492257210206,29.165935288699394,0.00011055377169201893,4,15,358441.9326503333,0.25
bc1qr6py9yr2mql4c2p9pkc7h65kj8neljlmgjk6a9,13,3.1755079809158877,41.28160375190654,0.00010190274483301054,5,8,605593.2080144167,0.5555555555555556
bc1qr738c9fm4nqtv8uhyls95lmkfjtsrxh62cljxn,1,1.2434182428621046,1.2434182428621046,0.0001389882268945,0,1,0.0,0.0
bc1qr742m20l3n97z3gfwzzuyx6hxzh2rclgcja9hl,2,30.88047708419409,61.76095416838818,9.453239172577707e-05,1,1,1777.156612,0.5
bc1qr7dpkqknvrcv3uvrh7m90k7hluj9cngg52m5m0,17,2.9772575817621916,50.613378889957254,0.00011614423220846958,4,13,423564.56306187506,0.2857142857142857
bc1qr7j7vmep4npm5a83f49pj2krtr8p9qyqppt0za,24,2.2791814994737245,54.70035598736939,7.536206910594055e-05,6,18,324189.07063139137,0.3157894736842105
bc1qr7wyszwc3y5fthxcuyx27cqz2zrkc8nkqkrsp4,26,1.7430838367309294,45.32017975500416,8.930520618176865e-05,12,14,291934.10565051995,0.8
bc1qr7xcq0cr3ptxs54h38cxrngqgw2gtmq6y3xtyv,20,2.278689666621471,45.57379333242942,9.07355620985505e-05,8,12,354545.9249752631,0.6153846153846154
bc1qr8gxwg9agrvc6rj2aedgvnhj08fdv22fsjdmxw,18,2.7450388463263296,49.410699233873935,9.942513777481478e-05,9,9,397422.6439701176,0.9
bc1qr8yxzxvzl85rsf02e4lxy73nsdq8qhra4r4hgk,22,2.966233314983405,65.2571329296349,0.00012012327894328382,9,13,313933.76729314285,0.6428571428571429
bc1qr96j654s2mufw390lnu6w4l8sef3ua3c2409px,23,1.7785715881717252,40.90714652794968,9.005780549644024e-05,9,14,293985.9555103182,0.6
bc1qrcmd9eees4ywfqeclykw8tmzaz5a28tx0vu2uf,11,1.393077483537802,15.323852318915822,0.00012554923195431724,3,8,493622.5368659,0.3333333333333333
bc1qrcyj056a0us2r6wjl6k5sypzduqy2p3r56vgd7,20,1.7404341698303416,34.80868339660683,6.297161362291935e-05,8,12,388308.7436466842,0.6153846153846154
bc1qrd6grtm35p9v4g5gx3yryey7ye8ccrs5d35y9d,24,2.256655435597979,54.1597304543515,0.00010899056033016119,8,16,324018.18970913044,0.47058823529411764
bc1qrd8zqmdg40x67p4nmfsn73cgqryn5ep2a4ngyf,10,3.136447337000951,31.36447337000951,7.601394822996974e-05,6,4,738179.6049844444,1.2
bc1qrde4s5w83yzrrmm40fqsawku6qvpvnhw865f38,25,1.2711499522107914,31.778748805269785,9.119123019276366e-05,6,19,296034.6140579167,0.3
bc1qrdlmqtzcjm7csgp5ktnrxlxhsqt5zxdkf3pgkh,27,2.6502367120483945,71.55639122530665,9.561400547810595e-05,7,20,275487.84428276925,0.3333333333333333
bc1qrdw2mn6qskdza5yuu2fdyt55yzsyfc63zauql8,16,2.701507557887813,43.22412092620501,0.00013432596174129386,2,14,499584.10770746664,0.13333333333333333
bc1qrdyulavc4a6hs5cr6nrvyrrlkyulpuqu360u8p,22,2.1317974669703874,46.899544273348525,9.576521405742466e-05,7,15,350364.5240099047,0.4375
bc1qre2kw3ry2kapazt0p9kpm6t90gg6zrluk7xkzy,18,2.6148848365971924,47.06792705874946,8.329760121757579e-05,6,12,434404.48858376476,0.46153846153846156
bc1qrfmlht5ege23s58e24qz09v6fawkpl70583ayn,18,2.296277311942509,41.33299161496517,0.00013728760675693933,7,11,398740.0813501765,0.5833333333333334
bc1qrfp8xmn68mqrrx97tvfx0ppws6nkx8sfzrtx2e,22,1.7282429110529365,38.0213440431646,0.00012898247203182786,8,14,350078.1103865714,0.5333333333333333
bc1qrhlnvmt92y2u2n3sv08gkerc4q0gdk2765dh5t,24,2.815070558512494,67.56169340429986,0.00011887130260351814,8,16,323460.2867616521,0.47058823529411764
bc1qrjfqnkpdjda34u6fmeexecuqlls3qthzszhv8t,15,2.29858067030498,34.4787100545747,8.173317778189784e-05,5,10,523298.44739721436,0.45454545454545453
bc1qrjtar35mqvdlm9fr4e2k0w7nlkmgjqfasew5au,17,2.1907358052316788,37.242508688938535,4.3166597516147156e-05,8,9,340174.4565039375,0.8
bc1qrjwrxg9yx8kr3p47duqzharu0x63skzrlsxaht,16,1.4746931740489788,23.59509078478366,8.223334196602335e-05,4,12,473292.2479502665,0.3076923076923077
bc1qrjx2gcfpc5ulxr4gkhpczctdu7r7vsz45d5svx,2,0.9998210470508363,1.9996420941016726,9.82090649009763e-05,1,1,22419.319622,0.5
bc1qrjzggv4t25lq5tpx6l6yfhgq9z5agewcwdgat6,15,2.323456199713577,34.851842995703656,7.952307915425844e-05,5,10,522084.27413757157,0.45454545454545453
bc1qrk4d8mnkytk08cx057dmsetza8eupn3x6w7d83,12,2.551197230890453,30.61436677068544,9.956923000424534e-05,4,8,691921.3511839091,0.4444444444444444
bc1qrkzvd3xhp6tscfmyrvcy87aenfwr2cfug57xpk,18,1.9949428545108236,35.908971381194824,7.018808564792091e-05,5,13,409783.077033,0.35714285714285715
bc1qrlf9aeu9gpzh75rehcxzw5paxufn790sqymgfr,25,2.78515634581374,69.6289086453435,9.028304557899529e-05,16,9,303508.96789045836,1.6
bc1qrmee7l8cdvrwjpek0yv52qmq8m6jvdf0ysaa9c,20,2.120812335133805,42.4162467026761,0.0001390036822909281,7,13,366252.014217579,0.5
bc1qrmlkm2aat6j9ksraxceslnvhx02vcr0yqqcn4u,24,2.7490330042924174,65.97679210301801,0.00010039982127291117,4,20,299753.5750309565,0.19047619047619047
bc1qrn8enxqd9dwvayhq30ek0c9da958g3cjjk0kn0,19,1.568271815033077,29.797164485628464,7.850539057397458e-05,4,15,342123.37710922223,0.25
bc1qrnlhnr8z6lg8pzx63ha0pad9qdavcmt5uclexv,18,2.8933299083954322,52.07993835111778,6.568559470561182e-05,5,13,437243.4788982941,0.35714285714285715
bc1qrpwyu3l4d66qxfuh4kefzxtshzrqued32ck9ec,22,1.5488421652684872,34.07452763590672,8.499271272119858e-05,7,15,332162.95032571425,0.4375
bc1qrqe2hptntq3mxhnu0pmknpwl2zg88jw4m4v68y,26,1.513998491994659,39.36396079186113,9.336622902847542e-05,10,16,285244.02055356,0.5882352941176471
bc1qrqyhnjxz64vpgm9q0s484lf4xl9f0pzc93l4dd,22,1.7989379391526912,39.57663466135921,0.0001585109071447793,7,15,331344.65575128567,0.4375
bc1qrrt85l60u8vlgjfs39rsq3ujquzdetgp2wh7rg,23,1.7603195870230863,40.48735050153098,0.00010687788747623492,6,17,342647.0704532727,0.3333333333333333
bc1qrsrkge9dtlg52c2s4pt9jmz88ag6t6gmhkkw77,20,3.0921742492373445,61.843484984746894,8.833122449538004e-05,8,12,370296.567391,0.6153846153846154
bc1qrtpeq2dhrqm8kg8rujattweakzwcvrl8uu9plk,1,0.5224920517315149,0.5224920517315149,1.4537024880592083e-05,1,0,0.0,1.0
bc1qruredjm949vm37tftjd99lhue4wyq4x7q0j98d,23,1.3316490805130765,30.62792885180076,0.00011620276311053662,6,17,342026.17209022725,0.3333333333333333
bc1qrv0y308lxkram5awftnank4zukupeea8dnyd40,26,1.6259669872743814,42.275141669133916,7.819852973192582e-05,11,15,303119.8208856,0.6875
bc1qrweytvztsaaptzcau0jcv0hplvcj46klmvsa06,18,1.7153296071547885,30.875932928786195,0.0001213945135224601,5,13,415652.1848751765,0.35714285714285715
bc1qrx50xjgvwtq0jl85cpt45rcxsqk769cpcthuke,22,2.489812794322271,54.77588147508997,0.00011544205241188131,6,16,361529.8957173809,0.35294117647058826
bc1qrx70ucvv066mvd8mat82hyu78vwyqv03vpxpax,17,1.7833930210952256,30.317681358618835,5.909367964614773e-05,3,14,460600.234463375,0.2
bc1qrx82w9665ew8wr2wdwc0jj3t0jjg6qs9lmgnk2,1,0.09981410939723902,0.09981410939723902,0.0001858906027609,0,1,0.0,0.0
bc1qrxgfna6f7hc6f7jfnagyhms2xpr0t0xas00clh,21,2.4084902092640132,50.57829439454428,0.00012388322349129007,7,14,357641.75423995,0.4666666666666667
bc1qry0revtwtwcpskew83eq85awe4e4rhwu049zmm,1,1.888435278352229,1.888435278352229,9.06187136245818e-06,1,0,0.0,1.0
bc1qryxkgw492v0g57jz435jz5vc506qreq6z3m9gw,22,1.9634625206305563,43.196175453872236,0.00010340263709083448,10,12,358265.7885905239,0.7692307692307693
bc1qryxyju25dxj0486uqve9kp4k44tx4etsg4z3rw,22,1.7078183071073392,37.572002756361464,0.000136823384841699,7,15,324169.24906023813,0.4375
bc1qrz36xpr0mmtl6jzp2yln5xrzx8l84u0u6j86c3,18,2.7655730220301185,49.78031439654213,9.645925789297788e-05,4,14,375344.382607,0.26666666666666666
bc1qrz8jdt85gxvzxeucjmdk95s9zs5edle0t6yez5,21,2.4645676813290516,51.755921307910086,0.00012159934926310993,9,12,371256.8986146,0.6923076923076923
bc1qrz9d4gwmkurxfgqgc2wqct6plrnum6juqqj2u9,17,4.050848777201098,68.86442921241867,8.352168619846825e-05,8,9,457268.3022236875,0.8
bc1qrzgwg58lyh6cdryvdadv8h2m3nxl34c64vuwv0,22,2.577319515447413,56.70102933984308,9.956409854517029e-05,7,15,357260.05239299993,0.4375
bc1qrzt0eqyw9a6h4700vzh4dgk7qyjcf469jn7mzf,2,1.8362387621314742,3.6724775242629484,1.3024553844163163e-05,1,1,1323.622856,0.5
bc1qs08ae388udx9qs6sk2v8huw8q4e4u0l0jrvrvj,18,1.862313340876081,33.52164013576946,0.0001021784897725477,6,12,432320.3147856471,0.46153846153846156
bc1qs27sk3ppvrp9khhcndhmqs8ex947re6pya2hce,26,2.111570262894801,54.90082683526483,0.00012279574012606174,10,16,282539.47266923997,0.5882352941176471
bc1qs2a3ldjyxlus79fk7l3cf430sqpj2wap5clm4w,1,0.9998863524434183,0.9998863524434183,0.0001091313701975,0,1,0.0,0.0
bc1qs35ttu4qfa4k2akw44t6vm6we726atuayzcugq,17,2.375711069054301,40.38708817392312,0.00012340021755159083,3,14,460021.1109849375,0.2
bc1qs39tqfw8ez9ggnvh9ezxk58hksj746jl4zz4ke,22,1.622451485866135,35.69393268905497,9.282691595641518e-05,9,13,358200.3989049048,0.6428571428571429
bc1qs4xzcavkwu7fxrxdn4fktc7mxz5aqymle44pxx,2,0.09947992452925986,0.1989598490585197,0.00014657314403175,1,1,13520.61745,0.5
bc1qs543qp3surwt68y6rvdqwwznejlu2rv8y0vsx6,26,3.052171076831022,79.35644799760657,0.00011697240133963555,8,18,285664.60074248,0.42105263157894735
bc1qs56cxvu8lsa68ktcqctqyvu6trhk3lsu09purz,1,5.0,5.0,4.933860679715782e-05,1,0,0.0,1.0
bc1qs5ah7gata838tw6m8kf7armxusz23xzhx54ezr,24,1.4564505584889318,34.95481340373436,6.681440424612318e-05,10,14,321546.5030661739,0.6666666666666666
bc1qs60l5aq9dn9kj5f9rq88lg3ltwp0wykj7lcz9z,58,2.9750875258014764,172.55507649648564,0.00010068481708131746,1,57,37212.336337964916,0.017241379310344827
bc1qs7eteq7yqn237a0qwseejzmjg8pdrltwjhegkv,21,2.358113815564649,49.52039012685763,0.00011849859370865514,7,14,378805.76488130004,0.4666666666666667
bc1qs7gqnjndk3u045wz6l0swey98ugcvky494n2tl,19,2.1472594291529212,40.79792915390551,7.436240995955786e-05,8,11,394286.2703930556,0.6666666666666666
bc1qs8835ykt7yujluep2p2mesykqdx66fld3czacm,1,0.21486084697447097,0.21486084697447097,3.499803122212699e-07,0,1,0.0,0.0
bc1qs8a6m73jrmqzjxj8cwveyhqga92dcf9y7ndp5a,15,2.0340385534589633,30.510578301884447,9.419290611402398e-05,5,10,515738.34129064286,0.45454545454545453
bc1qs8u6surlza7e0xgf20cxe5mtjr2qlgvy7x30hh,21,2.77198873002228,58.211763330467875,0.00011667768270240685,8,13,339588.1237138499,0.5714285714285714
bc1qs8zduleydmr23wvk76x7wazus9e6ay7aqx4ymp,24,1.6154484252382495,38.770762205717986,9.218434289719759e-05,8,16,329972.62907230435,0.47058823529411764
bc1qs9urflr9cgsg45epcmv0lllcxhq046gf3vnf4t,15,3.441777479102254,51.62666218653381,9.599996258693929e-05,6,9,468227.3956715715,0.6
bc1qsa0uaq6e26aq0wemrtnua79mjrtudsv07l2v2k,25,2.0519085532290684,51.297713830726714,0.00015465346975947908,11,14,287911.752779,0.7333333333333333
bc1qsa4nzv98lrspkmtv2nrcpq0p8chw4d2tw393ts,22,1.8377902091516871,40.431384601337115,7.106751376069729e-05,9,13,338880.0576505714,0.6428571428571429
bc1qsajgxwkncr4dtta69k06xjxauwlvm4ff2ntf5d,26,2.587403547296477,67.2724922297084,0.00012484282735781765,8,18,248835.61567548,0.42105263157894735
bc1qscaam87cr53rtf2xf2mwuryhtcne06t64r5pcs,18,2.5346337655470492,45.623407779846886,8.563522324523792e-05,3,15,410419.496714353,0.1875
bc1qscuahmpy0jwxl3vkp675g8g52zadcpl5lz6mtk,2,0.9998515727336396,1.9997031454672791,0.00015025608358995,1,1,36886.538295,0.5
bc1qsd2dgzp52hddkzllgmc05pqzrqsfmf9v4h2hfn,1,0.4768974437243078,0.4768974437243078,5.162446345720351e-05,1,0,0.0,1.0
bc1qsdpfr6jnexctuf5j8ufcn54afqp2mq3pfkdnx4,2,10.965393450532657,21.930786901065314,5.180933899670166e-05,1,1,924.969181,0.5
bc1qse2us0533enmvgvzq875tjtwecfqq2ef20yyrw,20,2.0527603688077196,41.05520737615439,0.00014508350779355206,8,12,391305.0627289473,0.6153846153846154
bc1qsec8f8fztljprr55cmyasdmh0mfa6s239me3lj,1,4.999956007683436,4.999956007683436,4.176855244772351e-06,0,1,0.0,0.0
bc1qsezwr2dh9qn3qmlunpr2y0lsh9camtdf00jg0t,13,0.9523241171085524,12.38021352241118,0.00013494664280203265,2,11,530040.9014228334,0.16666666666666666
bc1qsg8jfxpj0vqr28ydwrfnnqktjmfjfcxjwaeles,15,2.2157817933965607,33.23672690094841,8.961805963998545e-05,2,13,498200.13930349995,0.14285714285714285
bc1qshddxy7sqgzt94g4gj0xl63k823ru60ukcc004,20,1.858467449021348,37.16934898042696,8.057590386463518e-05,4,16,390542.4935785263,0.23529411764705882
bc1qshkna0cjperznvd2pwkvf64dc2ytyhkykal7ul,1,0.09708968425085347,0.09708968425085347,8.614631864822098e-05,1,0,0.0,1.0
bc1qsj6fp6hnk258t0whcdtwlpm3usq524eghze9l0,28,2.2946507798257585,64.25022183512124,0.00010952128085096255,7,21,274886.3946674815,0.3181818181818182
bc1qsjwwe0n54cn8gtz98m8lz2u7469h2vuvrevldq,24,1.6024847608454558,38.45963426029094,0.00010688553350641005,8,16,323232.3257141739,0.47058823529411764
bc1qsjy2w5yzvqs89p6nwfrnen2g2n0k497xw29jf8,10,2.183803026920439,21.83803026920439,8.967375146690161e-05,5,5,791111.8140115556,0.8333333333333334
bc1qskpm79zrftqyq4glsxwekhvtcadhrf2wm7ja0s,1,2.0279686415652343,2.0279686415652343,5.435456674903878e-05,1,0,0.0,1.0
bc1qsn0668ks59sayqg35dja4je5pcq7k5gjnhexm4,20,1.7032623986489288,34.065247972978575,0.00011761811108877052,3,17,362530.24028610525,0.16666666666666666
bc1qsnwdk5anych2undtmt3vh2f02vs22wgj45vuy2,13,3.152223667959802,40.97890768347742,4.338435861368486e-05,5,8,568887.3526618334,0.5555555555555556
bc1qspddm3a6qs0rn6443vll7svlkhngztkc2e0rh0,16,1.2734916409585837,20.37586625533734,0.00014527945926955365,6,10,418156.5469543334,0.5454545454545454
bc1qsqf2j6vz72duvrg33z5ugst2xl3rwl2dfyxvhg,18,2.478667276300767,44.6160109734138,0.00010713008846050938,9,9,381629.02759923524,0.9
bc1qsqjsmuq8xmgh3hhy07x0mqqaju43gh7xue89ga,16,3.493965796483484,55.90345274373574,0.00013287698431677477,8,8,461982.8488271333,0.8888888888888888
bc1qsqp55f3wf2fj3tfwwu9mx955xv32lg6hd7aaa0,17,1.4979229775616403,25.464690618547884,9.286631375605723e-05,5,12,435285.64990775,0.38461538461538464
bc1qsqx4jya0j5vypzpl3eahdwtxqsgswlfk7ltlak,25,2.3545075065348913,58.862687663372284,9.02268812189898e-05,10,15,309047.96836987505,0.625
bc1qsram7jngvea4z02mjr3973ls452wsp3llug0a2,14,1.5749841226378964,22.04977771693055,9.142625187909096e-05,6,8,516527.58932061534,0.6666666666666666
bc1qstp0ylj0ysa9m77ly77cagveelg7fhywmzxc7w,2,33.06563611550683,66.13127223101365,4.4734523226370605e-05,1,1,1565.228636,0.5
bc1qstudpnp3s68fczfl053luhemah5l3hqlea6pvd,18,2.705506566388373,48.69911819499071,0.00010664132453035788,8,10,374226.31427788234,0.7272727272727273
bc1qstz9fcykt873kdw9rsfr0gcavejlfq0dfc5zdv,16,1.9859259721260414,31.774815554016662,7.118468452055466e-05,4,12,508953.6512634001,0.3076923076923077
bc1qsujv8yyaafpr5eaz9lmrwx7f5kqsfxlkwz5grm,20,2.2796383423735103,45.59276684747021,0.00011459455990015946,7,13,388392.0548707896,0.5
bc1qsv5f7n2fp3zuj8cd4gjjerlfecprsnkgj4sjfh,13,1.7656979356666498,22.954073163666447,8.092527573737414e-05,3,10,583241.2043400834,0.2727272727272727
bc1qswrjxgentym43s5efrwpclgg8ma9fpjmpepr4t,17,2.262774471457151,38.467166014771564,0.00011940575909143286,5,12,415496.9006946875,0.38461538461538464
bc1qt042s0c2pxn9l6qhm2tgyeechewv4ynluseyep,17,0.9849856106451405,16.744755380967387,9.893986447666728e-05,2,15,434453.29104974994,0.125
bc1qt0864wcmvg6pkpgd6qa25q72vftuerg33vaxss,26,2.0032537420581438,52.084597293511735,8.75357672531447e-05,12,14,300244.52228592,0.8
bc1qt22ckptzaqf7gvg5vzve4t7w3jl95t56s8kps6,23,3.0358100490678877,69.82363112856142,9.79101227151277e-05,6,17,339190.62209545454,0.3333333333333333
bc1qt2uchhn2gsvl72flsvv5jhc4nttwz5jsgrsflj,1,1.0,1.0,9.73545762045436e-06,1,0,0.0,1.0
bc1qt3ejx07g5m86jv2jwme0whez2kke249zfl5m0h,27,2.143019642888489,57.8615303579892,8.649774810392367e-05,7,20,274122.6323621923,0.3333333333333333
bc1qt4zvhcg79zwqe4p3kzz58fkxgrt5dp4ldymp69,19,2.5700520589395865,48.83098911985215,8.327947429286678e-05,6,13,425127.6796301666,0.42857142857142855
bc1qt54pxtmdc2ghzhjdzua40j96mufxppumtlmhrm,20,2.384313480790006,47.68626961580012,9.965536121093698e-05,5,15,386511.86594142095,0.3125
bc1qt5ztzg8k6r0p4fzwdk38895kyvadauy7kxwfqp,20,2.3470495387171644,46.940990774343284,8.731332745179958e-05,10,10,373276.52699473687,0.9090909090909091
bc1qt6879x5ndp4sjelceq9pp94zmzsfr7am4n9gfs,23,1.3522574725249756,31.101921868074438,0.0001258935034920428,7,16,343097.29035709094,0.4117647058823529
bc1qt6nk5790ejsf0hm2th4qqwda2jjejwr3sdxkh9,2,0.9997177035760285,1.999435407152057,0.00017509882378585,1,1,35181.361398,0.5
bc1qt8ey2fggf9rd6phllj5vf6gezfwx8sagzet228,18,2.24065399358472,40.331771884524954,0.00011599336424541002,9,9,409883.365584,0.9
bc1qt92zdvu4gc2rqc9r35ehwza049ahdzp97a6h8f,13,3.1181627860937904,40.536116219219274,7.824751706416915e-05,4,9,565736.119087,0.4
bc1qt9kcu539p924guglt9wp8z7kr60n9uvrp53gk0,18,2.1012694379891617,37.822849883804906,8.639899505088547e-05,10,8,399556.28204841184,1.1111111111111112
bc1qt9ph9jedt5dq8wlhz4e3s3jayhy6werrs64ddf,18,1.9610472941329629,35.29885129439333,0.00011817799969690366,6,12,432555.1182191177,0.46153846153846156
bc1qtamcztt98x6w24t0d898scg2p0fnsmva2hymw6,20,2.80040916389,56.0081832778,0.0001052454343372681,3,17,379782.53106584214,0.16666666666666666
bc1qtaunqq556xcw995pruvn2mw05tmvvk9t2735ne,26,3.1340295965994853,81.48476951158662,8.53634095425359e-05,8,18,305741.1727096,0.42105263157894735
bc1qtdmmdj57e7aftz9gmkusy4c0x57jdus99v66he,13,1.8553928041083205,24.120106453408166,8.671519465495199e-05,4,9,570407.06382475,0.4
bc1qtdtjnxh9wa6h4lpkms30qrhk9t9u7a4k5vqayg,15,1.9867645734720847,29.801468602081272,8.491116243396518e-05,3,12,531370.1372704286,0.23076923076923078
bc1qtf2g58gdsv0h4vu7z0rwuy4948m45mf5leq280,19,3.0464469639140916,57.88249231436774,0.00014785741390816354,6,13,373033.3983367222,0.42857142857142855
bc1qtflu0d00ec650jgdvn9c9ea2ntn9ffk06yh3sq,1,2.599957981994386,2.599957981994386,7.062033582504281e-05,0,1,0.0,0.0
bc1qtfvu2428sj50edytp8w2c4adl4qnqtjjp4968y,17,2.2053826982420675,37.49150587011515,8.198646103869585e-05,3,14,453220.91047025,0.2
bc1qtgd8872c0mwlcpme0wje2xuyurv7sw902z8yrj,17,3.2120162829459153,54.60427681008056,0.00011257072129467796,7,10,412886.440255875,0.6363636363636364
bc1qtgjcqe095t094wee6gh2evcut9em5h4h3f0gjr,19,2.5016415831780785,47.53119008038349,9.223152064942005e-05,7,12,414899.7426628889,0.5384615384615384
bc1qthc9x8jxwwhlhvn02rq3yfhukc9uez0dn8ajz2,19,1.6481583813674225,31.315009245981027,0.00013485973703132852,4,15,405603.31414522225,0.25
bc1qthd0k29he9yswcjk5chtrgpzehu53534yhxrh9,17,3.383191840828885,57.51426129409104,9.35454429476051e-05,6,11,429665.050201,0.5
bc1qtj96vgclux43kk9xm99mrunhlndc282645qms0,14,2.3565503446484324,32.99170482507805,9.93429468062816e-05,5,9,539826.0241057693,0.5
bc1qtjpy49yva7u85ek3kyd32w79a5q8eu2chd2thz,14,1.4562695947422295,20.387774326391213,0.0001237787910183601,3,11,552501.6459272307,0.25
bc1qtkdgvm4vgfkenu875d6j50hx3wkqfzjnssurmg,19,2.669168689085993,50.71420509263387,5.397571677389855e-05,9,10,407542.21390088886,0.8181818181818182
bc1qtlnxjex6yjzzqhq2as62arzg3scyn0nl6uxxs3,25,2.6681975931554685,66.70493982888671,0.00010471090289456099,8,17,316189.4871812917,0.4444444444444444
bc1qtppanhmw9g5k9u0xxlt5g8mylak2jas2xgla8c,18,2.1281684468651263,38.30703204357227,0.00011267669199896782,5,13,436187.22281264706,0.35714285714285715
bc1qtq2a9ue74rzjkcn97sk8fd2fre9pgaqyyws0w3,15,1.7519358877077853,26.27903831561678,8.250971815315228e-05,4,11,476333.5440116428,0.3333333333333333
bc1qtr6xj2jk7twah878zrcevrt0xh78hgkzhh5ncj,16,2.4839400929463884,39.743041487142214,0.00010319940309286624,4,12,445204.4972800667,0.3076923076923077
bc1qtrf7uvzd5qhrqck96alqeufvaukcwqrm0t6k2q,17,1.5650554537548405,26.605942713832288,0.00010330953676525923,5,12,368762.45131393755,0.38461538461538464
bc1qtrtgewce8xf5kyv3uvv8ppal4kxe4pj3agmxuj,15,1.229424588603918,18.441368829058767,8.376901050617827e-05,3,12,546774.5693628571,0.23076923076923078
bc1qtrtu6dfumlcgn6r3cdjkvaf2zpxcvhxvvmvkvy,15,2.991091625129306,44.86637437693959,7.479191324042374e-05,7,8,544277.9923231428,0.7777777777777778
bc1qtu0hagmd5khaqwnlsq5p0m8vn73jat4xphgpjc,6,4.610752942833392,27.664517657000356,0.00010479208684371104,3,3,1315706.8627516,0.75
bc1qtuc9gm5vxt885455pcltun2qxkwmvm0a402gy9,15,2.424058859182378,36.36088288773567,0.00012995689538766852,5,10,523168.96150435705,0.45454545454545453
bc1qtv7a2zgq557dqlx9rja4d0spz60lzznusgc4x3,16,2.2773651770851657,36.43784283336265,0.00010219009262331891,5,11,468775.53496786667,0.4166666666666667
bc1qtw7mcy4grjcdz9culjvxcqy46eqes6r4h2u2ty,26,2.8993509664132735,75.38312512674511,8.521196746714085e-05,7,19,305976.8557216,0.35
bc1qtwe8rmw26sl3nywr6f8q7cm9fqc5qn2t44wgvc,22,3.5967273736847987,79.12800222106557,0.00010199643741775704,9,13,295686.2666299525,0.6428571428571429
bc1qtxurp2n9ct4ps0per92fwsffmq50z2rlvksye2,2,0.999657580804454,1.999315161608908,0.00018163915258714316,1,1,36517.022968,0.5
bc1qtyph7f07zjdz26fzwemdw6rjjw5qsyun5ddtj4,1,0.6170752648709479,0.6170752648709479,0.0001207541328078,0,1,0.0,0.0
bc1qtz0uy28dscdjn5r3wnak4sr9navjmcpyhlzhr6,17,0.9645101647025172,16.39667279994279,0.00011827047040088024,1,16,400981.48501443746,0.058823529411764705
bc1qtzz0a7e7sf5lv9dtmf4v0dd0acdyz0td62gz0n,16,1.4852515135491229,23.764024216785966,0.000129777277042636,3,13,484477.18797860004,0.21428571428571427
bc1qu08t9vl3xq796mq7kk26hwxe0hak7ftnh9zu3h,19,1.805436719529334,34.303297671057344,0.00010212708897418898,5,14,397769.60709149996,0.3333333333333333
bc1qu2eemls6lf7ytsj6sfxdx84tplsjf3vl506t0j,13,2.2462070341498532,29.20069144394809,6.367339936270794e-05,4,9,603025.2326007499,0.4
bc1qu2klzjq6xr6sxvfpdagqqjf4mt95plg5g05f9j,20,2.775141495474402,55.50282990948804,7.070025153173036e-05,5,15,335446.3668585789,0.3125
bc1qu2t72lstlyxspqt826x4mj42ngvxkex9kvkr9k,18,2.5581221742414493,46.04619913634609,8.086501931706407e-05,4,14,371319.69733688235,0.26666666666666666
bc1qu356dqss78mtx06jx33le5xh5n7hfvl3pcv4nl,22,2.571829014827325,56.58023832620115,7.928703588943121e-05,6,16,303912.81189528573,0.35294117647058826
bc1qu3a6h6njc3t6m25qt4sp5je0mzupx8qhk3xjff,26,2.4129070557093844,62.735583448444,8.49251217118884e-05,12,14,268923.86400352,0.8
bc1qu4arsnu9mya3eaxlvup6mfnuax2fkje8r54jwx,17,2.1203073148224414,36.0452243519815,8.779787637092444e-05,7,10,435690.2998390625,0.6363636363636364
bc1qu56amnq9jqwvwcj44zjwqmuzhza8h5j6jpkukt,24,2.6414758547141584,63.3954205131398,0.00013742643257060074,11,13,314845.6583284348,0.7857142857142857
bc1qu5uts8fys2pg4wvc7kk98f92e9822v4hre0v29,14,2.00645076755028,28.09031074570392,0.00016921366446856373,5,9,533405.7158823846,0.5
bc1qu6dd2n26npt7ymwtjn92kmld657fqchsy2wwr8,19,2.2742203357759068,43.210186379742225,7.393567032946597e-05,2,17,382986.41321005556,0.1111111111111111
bc1qu7qr2vfzx9ln4y5e05n92lxsz9p3k68tyu5duw,1,5.461363474934839,5.461363474934839,5.814432568312757e-05,1,0,0.0,1.0
bc1qu8f0kv9vuecdcny5d83dwnhgve0eyhvlt2vmjx,22,2.203968737933151,48.48731223452933,0.0001147441896540531,4,18,337992.4468422382,0.21052631578947367
bc1qu90wm0khhvgeqpcq7zg3l0ne6dq8956j37wuqy,15,2.4758787424229016,37.138181136343526,8.655148236607714e-05,4,11,496964.4458127143,0.3333333333333333
bc1qu975l34dhf2uah6439xndxe53ad80shmhfgh2w,23,1.7707135241110696,40.7264110545546,7.174030607528065e-05,5,18,302316.9742109091,0.2631578947368421
bc1qu9e3tkpm298c329wn2a258906y6wwpp02rt0m2,23,2.3535933701742837,54.132647514008525,8.941432691587367e-05,10,13,322618.81925795454,0.7142857142857143
bc1qua0ln8r3s8mhf95j3w2escvqfwcrt834uacw5d,21,1.3468704022136044,28.284278446485693,0.00012150432872286351,6,15,371234.93004184996,0.375
bc1qua5mml4sdqngdw50vg4fd436635pzsu7hu9qgk,1,4.999950067019891,4.999950067019891,4.993298010902702e-05,0,1,0.0,0.0
bc1quakw7stk5mrfwfj2dth80nrnhrx2t0tqlcvfkt,22,1.3580149513313589,29.876328929289894,8.555906736073639e-05,6,16,366620.44649080955,0.35294117647058826
bc1qucdpejwu8yc3ma4rtnvahx479uvwt3f0fh0yxv,18,1.551600765041367,27.928813770744608,0.00010520050139249014,5,13,363885.8860021765,0.35714285714285715
bc1qudgjq2je49tpnz9l08qp4vxn3g8h36082js7tg,15,1.7649464111172775,26.47419616675916,9.917760371139583e-05,6,9,533057.8367397857,0.6
bc1qudrkdjrnac0qp8kh5wh20c6p4r36chp3a4vxg4,24,2.813925806188498,67.53421934852395,8.578692104286032e-05,11,13,300548.565074913,0.7857142857142857
bc1quec0ns5z3kzu496xhtng2hngyfjupspwd2gwdq,15,1.1388782836610887,17.08317425491633,0.0001303299763294054,4,11,518157.32414421433,0.3333333333333333
bc1queew0tjcdykfkv8903v5qgnl8kscsq9fc29402,14,0.863157935410744,12.084211095750417,0.0001129139765261671,1,13,569086.6687299231,0.07142857142857142
bc1qugkyu6zavl7xuzw3pme54twq27ytr50t5jxx5v,17,1.7144856314138754,29.146255734035883,0.00014854843467671249,3,14,481938.6546593125,0.2
bc1qugsmk2qkhpsup2hxkegahl52zm2s6acsygq3vg,2,1.7081451614604592,3.4162903229209185,2.1803617815340433e-05,1,1,217.448954,0.5
bc1quhcn59yjtw2wgz78wr8gruj0625rpzrr2p9chc,19,2.07248221353098,39.37716205708862,9.792610594288546e-05,5,14,378823.9972688334,0.3333333333333333
bc1quhpl7c4rlsr7kkt9lajju3mjp7kyss0elq325l,22,2.1806667601797685,47.974668723954906,7.865942848737437e-05,9,13,352571.3697329047,0.6428571428571429
bc1quhr3caq9hgpdzw36sds0x6e5gurwtmk0sxxdgf,20,1.5013930033914082,30.027860067828165,0.00010880016562746296,3,17,379195.9945807368,0.16666666666666666
bc1qujf40czlg537xp60hxlj97vlgfegnqeacap9wr,1,4.999907342508911,4.999907342508911,4.33188842911368e-05,0,1,0.0,0.0
bc1qumpejtgyuu2h9u5rh3he7naj7ru6756tt4nte4,23,2.096305792335113,48.2150332237076,9.988385099626013e-05,6,17,274000.87106522726,0.3333333333333333
bc1qunccs8d5um5rz3sa2zd9n9nwpg85aq957z8d4n,20,2.6230574035991987,52.46114807198397,9.768138917186256e-05,6,14,350461.51293610525,0.4
bc1qupxc0w6qnw3fjkmwlv9jjw0w3ec6jkcrm75mnk,16,2.1737108006076933,34.77937280972309,0.00010146535852036539,4,12,412606.8314628667,0.3076923076923077
bc1qupz8xq55st4lx8vge5unlvasxw90gjdes0fkp5,17,1.6266457769405998,27.652978207990195,7.655591865206165e-05,3,14,455138.7299656875,0.2
bc1quq6nhmgf9q9wdu2yukkkulrfgshmxjrnddk8z2,1,3.9088647798581815,3.9088647798581815,2.5699980133647698e-05,0,1,0.0,0.0
bc1quqnjkqpp4ccw2dsh3fmuul8mm08f97dvawjprh,20,2.415792903742356,48.315858074847114,0.00010439399860663594,8,12,382706.275508579,0.6153846153846154
bc1quqq73cwpxcxd4jupahy5hlt2ljxay8d8h9372k,16,2.178298222076531,34.85277155322449,8.465440740995406e-05,2,14,494472.7311150667,0.13333333333333333
bc1quqthfye4uu6lsuvq9p8r2dhl24uu0l6llfzx67,13,2.3585902683934803,30.66167348911524,0.00016320002441655505,5,8,596814.0993785834,0.5555555555555556
bc1quqyfdve8zw793cujk86g0xv9zgaelwvexmsfnc,24,2.6007085540714967,62.417005297715924,8.717858141347621e-05,5,19,329174.94271726086,0.25
bc1qurezp0lp95uprd5lr0h6wnv5jgdyjnmgnktqka,30,1.7553005559860506,52.65901667958152,0.00010318003630011634,6,24,227750.90761196555,0.24
bc1qurjhsqr5p3rwvnq583n29kqr84h2q85qxxz5n4,10,1.8589537834929133,18.589537834929132,7.071083904171319e-05,3,7,794568.9720344445,0.375
bc1quskkjngcmcn9tc3fx60znxyglk8dyy88ht9ej6,1,0.10366497418785643,0.10366497418785643,0.0001017955636044,1,0,0.0,1.0
bc1quswdmzxndlws5pls7nx3rx7p9k2t4j7d87wfk9,17,1.5536317599882117,26.411739919799597,0.0001289633542635779,4,13,400248.0245661875,0.2857142857142857
bc1qutxct9r7kykgrvrmyvhevjxu893q8vneue2txj,27,1.8668112673133688,50.403904217460955,7.473525676654751e-05,7,20,275009.384378,0.3333333333333333
bc1qutzrecdlrynulrer7apskc6xpelvsf7edleggt,17,2.8502664059533007,48.45452890120611,0.00012805335325079669,8,9,374519.0301633125,0.8
bc1quvspxhntn5evgfnf6e3czfv9zx8j80p57ckxvf,13,1.7228778230491686,22.397411699639193,8.197973967842467e-05,3,10,636746.6030268333,0.2727272727272727
bc1quw5a4rvaaqkjk0xjezda76fqwvx9j2jl97vv6m,1,2.08310614621259,2.08310614621259,1.0209227809449868e-05,1,0,0.0,1.0
bc1quw7hhktpw7xe26skw3r05qmjc3z27ajpft69d3,19,3.039720611100191,57.75469161090363,8.936008290522398e-05,9,10,416455.49910244445,0.8181818181818182
bc1quwvxrse08vylf076dhvnv8fem9ywq46lykp0ez,18,3.4861143574944133,62.750058434899444,7.607302710783482e-05,8,10,399993.1889284706,0.7272727272727273
bc1quxexxqhhddh7dy7f59mrrzmayjudzvznkwugs5,2,0.9997616293631681,1.9995232587263363,4.666193871544159e-05,1,1,12008.285294,0.5
bc1quyhg65ppzezl7eun9rj4ttqfkakyyljyhryem7,20,3.7120192247637265,74.24038449527453,0.00014555534264761868,5,15,388399.8708625789,0.3125
bc1quz8d2rhf5y0lge2q9n936urs4ysgttcz45l49u,15,2.2731789354631076,34.09768403194661,9.070935009940375e-05,5,10,489221.6754192143,0.45454545454545453
bc1qv06j9apy0x9z307qk6qcwxv4zwu9l6nk7fhrsz,14,3.042404960140679,42.5936694419695,0.00010890611667853176,6,8,521751.5780156923,0.6666666666666666
bc1qv082y3vmsvkwdd9nujs3a0jkvehl5kkfcxsd5q,17,2.18201263369566,37.09421477282621,9.535031053264846e-05,4,13,466352.04590125,0.2857142857142857
bc1qv0u3xcfr73j7dt3436qcw8jus5vanjjwvw99qy,14,2.416087264914529,33.825221708803404,8.471126914958948e-05,5,9,501770.16991230764,0.5
bc1qv2ct3yq233ndu0jl2a80jencr3a6lh2awyjnsx,17,1.7602468131734281,29.924195823948278,0.00011142077556631644,2,15,336288.46846018743,0.125
bc1qv2p0pfj6nx8ghy6g68cra04jmk6krl885rq83h,14,3.0689582208759787,42.965415092263704,9.003654377718108e-05,7,7,509706.7152316154,0.875
bc1qv3hjf4guypgyg48t5rhtz99ug55psg6678f8w6,15,3.0908526981735265,46.362790472602896,0.00015016805049687554,8,7,538621.7097637857,1.0
bc1qv4mcus67rhzd8p5xfl64nd6tdyvsjj3rl5m7zd,24,2.034314839571739,48.82355614972173,8.224608752985421e-05,7,17,315067.77716191305,0.3888888888888889
bc1qv4x2d9ds6yhf44gzf2acp3pqtu7453ur2y6h0t,21,2.0646184157344045,43.3569867304225,8.627064014723657e-05,7,14,379149.1013074,0.4666666666666667
bc1qv5qknwupnxss4wvdjs2np0ffaslyycdpdh8afq,1,9.471235118578413,9.471235118578413,1.980070702553256e-05,1,0,0.0,1.0
bc1qv5vtenc3a54htjd6aveqj8aamfqegp7gu7tra8,23,2.8393066152276414,65.30405215023575,0.000105462587141892,9,14,336306.2100210454,0.6
bc1qv69z0mvxn0838erg2d2ap4dc93gp9z4lnfk90m,15,1.3115945174540227,19.67391776181034,0.00010940675380231443,3,12,405870.8989622143,0.23076923076923078
bc1qv6xvrkxga2we6u92y2fyagxk2twyjzxd2fgpyn,2,0.9997976137442391,1.9995952274884783,0.00014971982678835,1,1,11624.009466,0.5
bc1qv7f9j9ttru0k84r2399fttxm077x5kyr07xgnu,21,2.646056538492864,55.56718730835014,0.00010674087254989633,7,14,376080.4587684,0.4666666666666667
bc1qv7hl5rd0ttswd82funa4aqjhz2gytvt6x3n5cw,20,2.47343251701128,49.4686503402256,6.869347530683312e-05,8,12,377867.1856669474,0.6153846153846154
bc1qv7jsfgu2t0c296n8vr4l3w6xlar0tg68986rc5,2,8.549841393478742,17.099682786957484,6.189028796724943e-05,1,1,1578.678493,0.5
bc1qv7nqnnr5pv05q5t5raggps8hw2xdu3ssmatswu,27,2.083149005262087,56.24502314207634,8.987594200318935e-05,10,17,269325.7510364231,0.5555555555555556
bc1qv7xlcuh69w7s7v27y79rlp7z2ege4rx8y904g2,25,2.6449858099749877,66.1246452493747,0.0001404891336304432,7,18,283220.76382504165,0.3684210526315789
bc1qv8amrfaac2pku4a7ppqwta936rcr9tk5hnv8rm,14,2.5573802038491067,35.803322853887494,6.364192735629588e-05,4,10,568291.2658401539,0.36363636363636365
bc1qv8gxm8xxqy64nv9ppeq8gwf64uwn60897ydys0,21,1.6857701360212585,35.40117285644643,9.03997322376346e-05,6,15,384767.27254945,0.375
bc1qv8jp70dqcg4gh0xyvj9qu4v4mldrh2xqg22pxl,1,0.5999477438768528,0.5999477438768528,6.091837623683481e-05,0,1,0.0,0.0
bc1qv8kfjr3s9na7eaydlcupns97p0pd0stqxcekkd,1,1.8254406242519143,1.8254406242519143,2.5671547733843187e-05,1,0,0.0,1.0
bc1qv955af2tqr8lh7k0xwvtxw5jsjyfnjue32jgw7,16,4.0457362052414885,64.73177928386382,9.767058370570677e-05,5,11,445594.9854856001,0.4166666666666667
bc1qva3xr56lzflgmx2t0csnqu3ux8rntnn029mxul,1,1.1705687715257522,1.1705687715257522,7.470681443840786e-06,0,1,0.0,0.0
bc1qvazsf9ghjtljwwy7wu56w750aumn028scp4f3l,21,2.033235190314958,42.69793899661411,8.723416963007641e-05,12,9,363312.0604762,1.2
bc1qvcm9cph2fs7tns7hrdkzzvkctadft8r8p85npn,16,2.3167815851243083,37.06850536198893,0.00010529533696814652,4,12,451970.20307239995,0.3076923076923077
bc1qvcvuve0mg588raxnyj4qss2hza4lw4ens2yzz9,23,2.4615066705870747,56.61465342350272,8.32606069072241e-05,8,15,336297.5055691818,0.5
bc1qvde998534t4pqwk89pxwyz6j8gmn29xwmaetzh,2,25.604506847232038,51.209013694464076,7.345726670725258e-05,1,1,1155.712395,0.5
bc1qvdpun0tdvq9dlrz5ecg7r67qdza8q45f80aec8,1,4.999880678014216,4.999880678014216,0.0001028996246575,0,1,0.0,0.0
bc1qvdy5ggqv8kwgqpkpw79q0w5k4q2aqexwjq0jlc,19,2.397971046635848,45.561449886081114,8.60137579244765e-05,5,14,422777.8618558889,0.3333333333333333
bc1qve085nu7q3vmqwgtupd9cyes7mx4fjsnmasjp8,14,1.6198097971970522,22.677337160758732,0.00014223170245001156,5,9,595146.972526077,0.5
bc1qve3p36kg39qjvc3pjxjrrde6jgcrw5qy9vvttm,18,2.0596480997041766,37.07366579467518,9.77446776358853e-05,7,11,406194.8763677059,0.5833333333333334
bc1qvfmv7s22zhgdv6u30vg0sytfy6e3qjwgwjqq7g,21,2.1182533169724813,44.48331965642211,9.676613752414903e-05,6,15,377499.98425374995,0.375
bc1qvfy8hdymzszqntwfpsrc04nsd3jtj9sln9d047,24,2.0732516896987825,49.75804055277078,8.255785337232838e-05,7,17,335902.4655049565,0.3888888888888889
bc1qvg49mxvpwvg67tdeze90mz0us8t58t5yl2m9pz,15,5.164897903897507,77.4734685584626,0.00011292850542579287,6,9,488422.5847077857,0.6
bc1qvg8uelyxmxg7wsg0x686kp2kn876ncp92xntlu,1,0.19098683870006972,0.19098683870006972,1.285012747923709e-06,0,1,0.0,0.0
bc1qvgyma84cz6zkku9m7v5hk4stlc2yzjn7scj0rq,19,1.9063791021617575,36.22120294107339,0.00011093341551701542,9,10,390728.47396383336,0.8181818181818182
bc1qvh0q8yvpvc3mza6pw5ek7l5mn0f7saz7cz423a,20,2.6019877035671697,52.039754071343395,9.401127924354276e-05,7,13,366127.1748075263,0.5
bc1qvh29r6wrp8zx0gdxfa63tpscdtv4gaypafc6t3,14,4.394111097523841,61.51755536533377,9.122879967249653e-05,4,10,583559.7354160768,0.36363636363636365
bc1qvh3lyvqx066uygs0ya7jprcuzdq2dk0wums0y8,15,2.3612176946889982,35.418265420334976,0.00014784904180585332,6,9,486319.24496107135,0.6
bc1qvhyuv0az5xgfmcf0qtqq2agzcg4p29cn3y7dxw,1,0.45962282016760675,0.45962282016760675,5.969676505932645e-05,1,0,0.0,1.0
bc1qvhzr6h387rthjkvegmc2utcyvzjf04pz5444ct,17,1.4868094731034869,25.275761042759278,8.416008433976493e-05,6,11,463127.15235456254,0.5
bc1qvjhvh90a0fm5w0fh5xfsjtas8vutxuy63xpc2j,17,2.2594484774997547,38.41062411749583,0.00011689484170765164,8,9,465367.3500270625,0.8
bc1qvjrv3ay5wqh8qyp7tu8pkhaqn5fvkcaegcexsv,2,1.957913464867485,3.91582692973497,6.086902284230601e-06,1,1,905.343396,0.5
bc1qvknf6k804rxyq8unnz37genv6l6xxgnmhm07gd,13,2.589086828462724,33.658128770015416,6.96311515995524e-05,4,9,564572.5949730835,0.4
bc1qvlfrfmc0gwz3fdyl5gqh055mxlrt42hcsyp2nw,22,3.0857738189628297,67.88702401718226,7.000512110411378e-05,10,12,332867.89538876194,0.7692307692307693
bc1qvlx85c2j6phxmw5wrs0qqu48wlhdxcaryn9nht,17,1.5620872375772723,26.55548303881363,0.00011736409903412492,4,13,463825.15814425005,0.2857142857142857
bc1qvn6e75xny8s8cz7h9f5jn5gr28jjmqjfj6336c,21,2.095461693645416,44.004695566553735,0.00012019404962850375,8,13,345155.8326012,0.5714285714285714
bc1qvnalsxk4tyck85ws5mzvnk7s6wfzygxmxulz2z,19,2.4223977672903123,46.02555757851594,8.300507122524507e-05,8,11,397126.80647749995,0.6666666666666666
bc1qvnzg43vaeeenhe29gxljawsruzg2xd6pl83m32,16,2.785331981992941,44.565311711887055,0.0001109335468241468,6,10,489555.91825753334,0.5454545454545454
bc1qvpelharn5z85luujeyryzymfpky7hs0vl9t57r,15,1.9966368218810084,29.949552328215127,7.648850894829878e-05,5,10,535891.3545082143,0.45454545454545453
bc1qvq84jmdq56d96me3zdywlvumcx4sjaa9wr7d47,21,1.2056799669335545,25.319279305604645,9.489082268790834e-05,8,13,319236.6770014,0.5714285714285714
bc1qvqetntuwm40epyc5qss2f76p7e0477mld0pnr0,2,0.9995963499654575,1.999192699930915,0.0001355798319931,1,1,34874.742714,0.5
bc1qvquz0ql9crhglkygnpz8k8gpku4xce2wah294y,1,0.9625987311677301,0.9625987311677301,3.441131631767279e-05,1,0,0.0,1.0
bc1qvqws09zzf9hv73wq6qnekk5mdklwyw0xfl7t0z,14,2.196256777229758,30.74759488121661,0.00010328044325910042,4,10,460990.2306396153,0.36363636363636365
bc1qvrvm4qukqdqfw4rvhy5rs4vfpwakhkk6jsxyg0,24,2.06654913208513,49.59717917004313,0.00010910713649805267,7,17,328527.76074917393,0.3888888888888889
bc1qvs5470ut0cycyjczdd5zhgvsj6nkth8fsr0g5j,15,1.7735630851099617,26.603446276649425,9.550801607957088e-05,9,6,508772.13537314284,1.2857142857142858
bc1qvsakcgnnxgzltvfnn3583csttkcymekgsyzpx0,17,4.89146465101729,83.15489906729393,0.00011789043551510827,4,13,376093.148912,0.2857142857142857
bc1qvscf824vq43jk93z2a0hur4fa8z36pptm2k6rn,2,8.994897154558645,17.98979430911729,3.653186453986281e-05,1,1,1668.059872,0.5
bc1qvselqg2syt3mz7vutyk92s5sptyyxywlke9793,1,0.8285410529678634,0.8285410529678634,1.980070702553256e-05,0,1,0.0,0.0
bc1qvts2xr0xx8rkvd9jfnp4dvtwgl2z8uvpacy6hu,16,2.9690720401026396,47.50515264164223,0.00010229159814352473,6,10,500673.1359009333,0.5454545454545454
bc1qvvchacnnj4p5awfz8cdgy387aye2nsge0e9rls,20,2.360197374177206,47.20394748354412,7.238250697152463e-05,6,14,395957.19795031584,0.4
bc1qvvsnynkn68u97lxazvc6wmpz3zmj072y2cdsl0,1,1.0,1.0,6.008598659270547e-06,1,0,0.0,1.0
bc1qvwru2ggg2x9sw8ex5d900fjpsz3w4h52kq4acl,23,2.852797151753035,65.6143344903198,9.211292881537086e-05,7,16,312976.188786091,0.4117647058823529
bc1qvwsnpvcpf3dqyrjsnhrs63asa8pn9s9zxe6rxa,14,1.9440941682313586,27.21731835523902,7.120840871294516e-05,7,7,530235.1679867692,0.875
bc1qvxqus7el9unjl2vtfl8veafvwzc2rfl2g2n97l,12,1.3156174568606993,15.787409482328393,6.321363243033168e-05,3,9,415341.2316265454,0.3
bc1qvye7dqgsldx24mxqud36a48kwtam7sfr3qqm4r,1,0.13018441852891233,0.13018441852891233,3.543752080258953e-05,0,1,0.0,0.0
bc1qvyrqakpfjwx0qmsd8qz3m6ej34rqr4r4ejxljh,11,1.5938060556901836,17.53186661259202,6.850649548263437e-05,6,5,665434.2070969,1.0
bc1qvza3utrpsm4fx27dfg4qzp5aplhqsmlrhsf7p3,14,1.697336120309491,23.762705684332875,9.790863294987639e-05,7,7,396357.6726904615,0.875
bc1qvzncesdd8ha898dw34n0smycqsq2lj75uctaw9,21,3.2807688713911185,68.89614629921348,0.00012560389263575617,6,15,380153.74121105,0.375
bc1qw0h99j2y3zus09sxjfk7qe572znufdhksn4nrm,20,1.3613063760574315,27.22612752114863,0.00010986254471656406,8,12,361540.0253662105,0.6153846153846154
bc1qw0nyv9skw2hp4kudkyttqkewquh6qdq3wngwlp,18,2.2764553708163313,40.976196674693966,7.794759120534311e-05,4,14,382846.4534671765,0.26666666666666666
bc1qw2jrxsml430h3ar8vxdp79p5apuwjdawj0anch,19,1.9940646432975386,37.887228222653235,7.864400209194298e-05,2,17,407730.2525696111,0.1111111111111111
bc1qw4g4lk3jhukdyje5p025chxsm9tqzzt50e0uht,19,1.727690495294962,32.82611941060428,9.509588035261762e-05,7,12,409014.8944542778,0.5384615384615384
bc1qw4rshg8htuefdzj75sgat7usg54pnk79wlv99p,24,1.0570589770710896,25.369415449706153,9.386168745663697e-05,4,20,334727.43029008684,0.19047619047619047
bc1qw5aw50uc56cxnddhc0c3yu4q58tqy0d8t0h6us,12,1.5398396506800243,18.47807580816029,6.160463475597727e-05,3,9,561795.5834775455,0.3
bc1qw5u0s9aplk3sknpsa6sqqlt6gy4s5jpt8mn3ax,11,2.1709575070030738,23.88053257703381,6.455086406827496e-05,4,7,591727.2165971,0.5
bc1qw6l4jsdsaggdrdc3wrzrf3fkty6kusw8dqj85n,22,2.040880397523654,44.899368745520384,0.00011715835114862274,4,18,340328.6667450952,0.21052631578947367
bc1qw6p9yxhauc90jvuwu448dm6n07sajldwgu0654,14,4.342560319481807,60.795844472745294,0.00013184390237163055,4,10,477639.88454700005,0.36363636363636365
bc1qw7dmqxqp75lcydekjkwg9j9g7gvfzqhcnak78f,13,1.7987579647283622,23.38385354146871,0.00010816222266479013,2,11,621252.8562688333,0.16666666666666666
bc1qwc6qdvja2ppmw687cnneaygzrhert2yc5hayms,18,2.7628057169367914,49.73050290486225,8.366034147221819e-05,7,11,410883.5224707647,0.5833333333333334
bc1qwcgun09pqyqav6wpq5qk6d9v9tp36qk8af6wdh,20,1.962864184228529,39.25728368457058,0.00011328640868996948,3,17,366628.30416121054,0.16666666666666666
bc1qwcsxveyqldtxlaqcsu3zq6kemfcxdphtyvh3ck,20,1.897200232509837,37.94400465019674,8.414114138513562e-05,8,12,394679.66483942105,0.6153846153846154
bc1qwdy2q7xgahutjd43q6w2lglmmk5fl9dryh8sf9,19,2.5106290711005563,47.701952350910574,0.00015498222378856858,5,14,343150.3565605,0.3333333333333333
bc1qwg98gnt76er2jdfvenkc84tgher2guh0zr5fgh,19,2.965371484811156,56.34205821141196,9.214709574552663e-05,8,11,420012.16734,0.6666666666666666
bc1qwgexz95v5djetykv5eg7yulcdclv9taqhspnw9,26,1.8664626921527554,48.52802999597164,0.00014638585577561404,8,18,284306.76178836,0.42105263157894735
bc1qwhjzferpm252t9mqp4wpg50k6dq4gyt7n2nyy4,19,2.807412156708635,53.34083097746407,0.00010113870045317122,7,12,403599.8031695,0.5384615384615384
bc1qwj2ad0jxkvpyn484qt46xgn6h5cv4e472t2l00,2,16.129377298484982,32.258754596969965,3.28489290757347e-05,1,1,630.307168,0.5
bc1qwjum5dy6484rk2ktu8kwhfhhg44u752hp3wxjl,1,0.923313210476112,0.923313210476112,1.3619891997838212e-05,1,0,0.0,1.0
bc1qwkfa7f5hlzrvfd9wh784s8s8mgru9dlfugxeun,15,1.9472515834631565,29.208773751947348,6.62314199846771e-05,7,8,389064.4137356429,0.7777777777777778
bc1qwl45qvwdxfxmka6g6pelghcjf87vma0chmvjae,2,0.9993098905647202,1.9986197811294404,0.00022288508570755,1,1,12204.672713,0.5
bc1qwl9j6w5g7sxzcgsxguhp8pm2nkq7ctfuhl29q3,2,0.09949158644244863,0.19898317288489725,0.0003133450316366,1,1,27056.403901,0.5
bc1qwlnp30a7suhdfdjp3jxmmqst4zpl80fmgsjzl4,19,1.5720226752206632,29.8684308291926,4.6893478415666844e-05,10,9,375516.1167008333,1.0
bc1qwmczzp9uhshcuecz05ejxaghqtwvvlwkn22w04,18,1.8413269138343087,33.143884449017555,0.00010621480735985795,4,14,454131.6444418824,0.26666666666666666
bc1qwnfufc5fmyh3xzh7la0sh3kr8a3zveakx2uk08,23,1.8486570307305443,42.51911170680252,0.00012703161253661333,6,17,313595.3670946364,0.3333333333333333
bc1qwp2wdafeg04nldpcf2jpmfecns9u56vr0x3n2q,19,2.9361136262500978,55.78615889875186,0.0001008290885768837,4,15,390894.31877555547,0.25
bc1qwp6d3uvhkkkwnhg5fsj295vaesaqslppqmkuk0,22,3.379935012327391,74.3585702712026,8.167248969468606e-05,11,11,325855.03788219043,0.9166666666666666
bc1qwpn2hpa7s64k6mlzygxvtjf67ycmvllxx9hxsn,23,3.004769894929691,69.10970758338289,0.00011007287070669977,9,14,307879.68368690903,0.6
bc1qwpnhjajcvnkfdzu0a8e4qk9f6659682d6gc2hv,21,2.7149695961693405,57.01436151955615,8.832949287266397e-05,9,12,363303.96220635006,0.6923076923076923
bc1qwq5vcvntl5n9pdqjqrhs8s7pvx4nznjvkntmhm,11,3.315750728947792,36.47325801842571,0.00010047738078871605,4,7,557300.1757544,0.5
bc1qwr0er37sucgpgwyw9n2qsshqnspxn0kjdryz9e,23,1.8873723275520953,43.40956353369819,0.00011718083486984832,9,14,289398.4863425909,0.6
bc1qwr4y8knzx0l2r9wyv82r4dv2uqpdrk0upkeuml,14,3.802037461225896,53.22852445716254,6.900383511532898e-05,6,8,520028.1579328461,0.6666666666666666
bc1qwrx6feqvpp49g3cfw05x2dhe04udszgtry5u79,20,2.7412277895598076,54.824555791196154,0.00012526041599628685,6,14,318294.1909858421,0.4
bc1qwstq87jr2s09hhhz5v7w7ekzz47wrhsga9x762,17,1.8706092577629505,31.80035738197016,0.0001042130872795623,4,13,449309.8591125,0.2857142857142857
bc1qwt2hzq5rvwhq462eupuc0thmpkkqvsasvnqz42,21,2.3816562453839687,50.014781153063346,6.354092064528523e-05,8,13,239303.68406275,0.5714285714285714
bc1qwu9f3zyn0wmluvj32t0q6c8df4p755zzyjxs8y,13,3.363742827345402,43.72865675549023,0.00010364474300599428,4,9,602054.9135981667,0.4
bc1qwuh9q9re5dpjf3eh3sfcf4sge22jp87arh2nkc,25,1.2392519777744513,30.981299444361284,7.574286833875068e-05,7,18,303119.7572365,0.3684210526315789
bc1qwumkpm3ms0f50q6k8tl85vf0npg7f9wg5nz7vd,19,1.8521909109630144,35.19162730829727,0.00011587541909746532,9,10,412002.12238472217,0.8181818181818182
bc1qwumpxcnpc4deqddsednz3y8gkugsdjv5a99nyy,14,1.335256542716641,18.693591598032974,0.00011550755856859828,3,11,556737.9775722307,0.25
bc1qwuxzdsnhge5sq0h7m0xer50y0e03lqyzxlhayk,17,1.7432026901067947,29.63444573181551,6.724984252473258e-05,4,13,401032.969217125,0.2857142857142857
bc1qwv02c3kx2qv5hsm098nqxj7ukydk6h69jcdp69,23,1.435446946728678,33.01527977475959,9.471702833168416e-05,3,20,332285.59192581824,0.14285714285714285
bc1qwv97v7ncv0mjdxj9k5ecf7kh54hwuac8kln02n,21,1.9491521957696176,40.93219611116197,9.125408664725826e-05,5,16,367206.45996985,0.29411764705882354
bc1qwvk4ehu6m8qyhz2p77tvsvmuey9jnw9l2zxh9q,2,17.896279352960562,35.792558705921124,0.00011187024138407123,1,1,1020.855031,0.5
bc1qwvnt89x42pkhzkmja879udan7kvmr0lceyc4cj,19,1.588234724183892,30.17645975949395,6.945328849743818e-05,5,14,411386.5531299444,0.3333333333333333
bc1qww0ntdr637ytpf56tnvkkjzcyduwd94wrc22wx,18,1.5933065064711824,28.679517116481282,0.00010096050710574056,4,14,439115.105398647,0.26666666666666666
bc1qww3hsfq8gtyjp7f8dfgsnft77d6xpatqsawuu8,2,38.89846320687609,77.79692641375217,6.121334386512405e-05,1,1,1697.562023,0.5
bc1qwx9n0eqh3af4r2wynnv7r2g6s746uxthrwy706,29,2.6448912261932396,76.70184555960395,9.900384644807185e-05,12,17,272605.44884267857,0.6666666666666666
bc1qwxwj6xkzlhy06uftg33a3n9r56ph08f5hce8vu,20,2.9350484000916612,58.700968001833225,0.0001121780926708018,3,17,382841.32523584215,0.16666666666666666
bc1qwyfu24xkpxet3ukds5syt9nemp607hrd7wvhjm,1,4.999907449368479,4.999907449368479,7.404864593390076e-06,0,1,0.0,0.0
bc1qx0z72a6c4ffrtwkjffy2s9ue83s9thr3rznm5y,2,0.9995504235323652,1.9991008470647305,0.00012063193252829448,1,1,12438.511577,0.5
bc1qx362n5scmd4gquhsm537s2e389xu6wepjg7wr0,26,1.6082885307236627,41.815501798815234,0.00010684691785928596,7,19,294642.85406640003,0.35
bc1qx36ezsmx50ndm2vnrrq4y4pne00hjq0zvp3haf,16,3.9788045896087034,63.660873433739255,8.915246861620907e-05,3,13,477276.1475407334,0.21428571428571427
bc1qx3kt8pscqftza239t002ff75v8cn66jz40jgtq,24,2.076448626673042,49.834767040153004,9.431675909738571e-05,5,19,280860.4792508261,0.25
bc1qx3ufdunds829u9dlwz8lspdetv6dlspje5tl9t,18,3.915503251912878,70.4790585344318,0.00010463734448953806,11,7,406010.01760300004,1.375
bc1qx44nhspqd7ffxm54vug3jfj59hgt6wwtf2jhvm,23,1.378750487843985,31.711261220411654,0.00016431610557896632,5,18,332516.76375031815,0.2631578947368421
bc1qx4fz096mq9qclg96qqtnecn6e7mcstey24vhgf,16,1.2971655810312837,20.75464929650054,0.00010217244933778899,4,12,372520.21716686676,0.3076923076923077
bc1qx54ylmzrfdrl6d0n8x5twcumwfz7yuuhg36m82,1,0.529843774167935,0.529843774167935,2.7416127036456217e-05,1,0,0.0,1.0
bc1qx5zanuhahyf7pkcwv73z8qu7kmzh6qrk7fndm9,20,2.986729372795634,59.73458745591268,0.00012899297321846895,6,14,366234.00637657894,0.4
bc1qx6ccker5k4ff4jyr4jd4h5zd0qu5gcn9ygdcmm,26,2.6745256594817937,69.53766714652663,0.0001264739699137531,14,12,262687.20795304,1.0769230769230769
bc1qx6fhpt4f7stxkgc9ujggstrp0nrt2cscwrw4qz,17,1.882519633678272,32.00283377253062,0.00010379168845968226,6,11,397617.5386863125,0.5
bc1qx6gnswv23enlk8arc8gujyg5gwkg2x3tpvxk4l,2,11.64635041439913,23.29270082879826,7.673557189997845e-05,1,1,208.682278,0.5
bc1qx6wfd2jrkn2myuczjpnpdctv4tr46rkzpfshvc,23,2.014250574757852,46.3277632194306,7.185140711211126e-05,4,19,344452.2461272727,0.2
bc1qx83aggsmpgxtgx04nawyhvcfnrlguhj3lnwgv2,14,1.4036032031527572,19.6504448441386,6.32725769567492e-05,3,11,555493.1122406924,0.25
bc1qx8f8ekr20tx0maeu4yx3y9n48wvj0lvetjyv5z,13,0.8842946063497299,11.495829882546488,6.590901825139122e-05,3,10,579303.0450945,0.2727272727272727
bc1qx8gfqr3tm90n2v44de70p9sza375wmr5j22e5g,13,2.2139512088244806,28.78136571471825,8.352088658461153e-05,5,8,598262.0965263334,0.5555555555555556
bc1qx8jwcum2eylt48n7c8lc969tp55jrzh5lhfeca,20,2.7809301932160397,55.6186038643208,8.120445257689721e-05,5,15,353473.4703593684,0.3125
bc1qx9tuk6hey7hqxe40jxnm0dn3z9x3ghnrcwe83s,22,1.5020733303432137,33.0456132675507,8.292995711116001e-05,4,18,342150.180056381,0.21052631578947367
bc1qx9yeephhl4ludvxvtjq23uhchn76amxk44fyu6,1,0.33887597774707917,0.33887597774707917,0.0001363740132135,0,1,0.0,0.0
bc1qxaat9hravhnwm5pywq6h4awxgzn8ertzc592wu,21,3.270048820227798,68.67102522478376,0.00010662179231283139,5,16,354270.60764239996,0.29411764705882354
bc1qxaw7vx5q3vlah3lzsdw8wcrhcu6hwwt3q3ml35,13,1.5345378406320422,19.94899192821655,7.446637947033714e-05,4,9,481811.79455274995,0.4
bc1qxcfeu895yt0cudajfzyxtwclgh0vsyalve7dl6,22,2.0303048058071016,44.66670572775623,7.47137956953436e-05,7,15,358965.9677381428,0.4375
bc1qxcjuu02v8ud59ym6utqw2zpgqpsl7425llxk4t,15,2.7322967858371134,40.9844517875567,0.00011366154886010694,4,11,354156.5979707857,0.3333333333333333
bc1qxd0drjfxwvgy0keep70trm74zpwmlm2pxte3fr,21,2.3464032649332567,49.27446856359839,0.00010606906069154924,7,14,370454.69626234996,0.4666666666666667
bc1qxd8p9lgjy3qux33r7qwhfhh2q9xvy56u79lqye,23,2.5306585081915762,58.205145688406255,7.341770840881633e-05,5,18,320680.4421023636,0.2631578947368421
bc1qxdmr0jneeuemffpucd3atw309q3cardpuf2dap,2,0.9995856318478907,1.9991712636957815,0.0002624238761162,1,1,32915.992871,0.5
bc1qxdmyqkw3ksfyxwtzz42vmrx5hh407e2wymymdm,16,2.635168163856456,42.1626906217033,0.00011029752283958519,6,10,385072.7481446666,0.5454545454545454
bc1qxekwhmtmpz0033kydam0n0hjxfgxjk9umsdysp,29,1.7472596167224055,50.67052888494976,9.914217305230276e-05,5,24,272540.0513363214,0.2
bc1qxeqexpnltq3jpuvujhqf4r7nv5avdxd6890s9f,21,1.9940695031285876,41.87545956570034,0.00011401290210964651,6,15,320879.6877297,0.375
bc1qxfsl4yyzjxwut2qtz9lhkfc9xsas4z48z8n322,12,1.858990055050472,22.307880660605665,9.190349014048033e-05,5,7,447623.79080163635,0.625
bc1qxg7ct9msf42ejesauqt9yemj5cswjczk3f8uzj,1,5.0,5.0,5.530352811848279e-05,1,0,0.0,1.0
bc1qxhlk98f08tqv3qs44p8ct9cnswprhh8fc5s3xh,15,2.031049580517409,30.465743707761135,3.4200325951859367e-05,4,11,500786.6864454286,0.3333333333333333
bc1qxhqaaqhwah4nt5tvmj54d64d7md7d2sdljqpnu,13,1.8604051518778268,24.18526697441175,0.00011163297990774264,3,10,550047.5179771667,0.2727272727272727
bc1qxjdpdtjw858na3vdvewph4pvq7snmrdlwmx09j,16,3.992312437874184,63.876999005986946,0.000124130832581429,5,11,486846.2032167333,0.4166666666666667
bc1qxjnh09rvrf4284dwp2uzjvktkdvq0dvkxnygll,13,1.5133678279350127,19.673781763155166,0.00010346240435109606,4,9,623858.9779783332,0.4
bc1qxjzfvg7tpatl56edpd3p5vvhm0gzfd5l6lke24,16,2.0309908554581964,32.49585368733114,0.0001082495136442201,6,10,394556.2348114,0.5454545454545454
bc1qxkc5zkhtvhtdctv6x70l3svqltuvk6v3st8e4w,17,1.3717280013315545,23.319376022636426,0.00011810566182135684,6,11,449588.71411475004,0.5
bc1qxkkyx5jwv2v5qjgncrsrgfpaaph8u4ghmvlqa7,22,2.4881162874222884,54.73855832329034,0.00013921075239389078,11,11,354844.936941,0.9166666666666666
bc1qxkv2hlpchlk0unxcln2qc6zmxjnm0eqefgdghq,13,2.806552448891546,36.4851818355901,0.0001178676792036496,5,8,573273.55916825,0.5555555555555556
bc1qxl23cx3f372am4ldn3kvc2hvg64sq43uqma0lg,20,2.501037011303927,50.02074022607854,0.00012863363266339066,6,14,382035.02881536837,0.4
bc1qxlaera4q07nfd2qrxw5p8dn0y93kmrw5cesy5u,16,1.1195951733141378,17.913522773026205,9.797346550873507e-05,7,9,502942.9580081333,0.7
bc1qxlenz256a2jwl9ttc7v44juvnne5qzvfvejkzn,17,1.9200632624396652,32.64107546147431,0.00015297020845943753,6,11,358000.802533875,0.5
bc1qxmn053dcfg5683mth0ghtnd04a0n4x8m6x2t5k,22,1.697607091928887,37.34735602243551,0.0001016391053642112,7,15,364933.9266238571,0.4375
bc1qxmq8mmyndqwt42j5xkxmpzjg26eg9694gegp3n,18,2.6351317219601595,47.432370995282874,0.00011665754610301774,3,15,409776.1226729412,0.1875
bc1qxneq4pppv7s2m2qseu9ual0l3qyf8a2cl5y4uk,23,3.731357161561686,85.82121471591877,0.00010048903764264783,5,18,324186.8715263182,0.2631578947368421
bc1qxpzq47spwl7qyv0v9kdsxfqnvcefcp6002e6kt,20,2.331896795072895,46.6379359014579,7.769432066007974e-05,5,15,353597.5846814737,0.3125
bc1qxq2wcpe0s36v340xfjevrxsw8kpgzd5nszsuq9,20,3.8583224871834787,77.16644974366957,8.056295941070993e-05,9,11,354369.9544261053,0.75
bc1qxq9lg3ccrwkpyfkx49klc965kkh36ld90n5d2l,18,3.6162845294861268,65.09312153075028,7.868540317223938e-05,7,11,418630.2628034117,0.5833333333333334
bc1qxqhlmqg488m5e82qqtydezpycdh98ktm9vgq3g,26,2.680220498766764,69.68573296793586,8.872482313859967e-05,13,13,267957.44257312,0.9285714285714286
bc1qxr7wuckakw3r7x94256mwajn934ufnjzz4uzzy,13,2.9226199825414914,37.99405977303939,0.00010610591949174137,7,6,471024.5603775,1.0
bc1qxrae099areesc25tlu2e7yhcgrlrmz8l6gmplh,25,1.9042806693218282,47.607016733045704,7.59535341733696e-05,10,15,299990.8898271667,0.625
bc1qxsazp7k6fpwfumr8yfexgs3pnfuxfnx0z49a4g,22,2.818020331254275,61.996447287594044,9.895622908361028e-05,6,16,356739.76994433335,0.35294117647058826
bc1qxsgu0lp04w98fcscnjwekm7yrazzk2myg37g5d,1,0.25215735934620837,0.25215735934620837,5.778052938898414e-05,1,0,0.0,1.0
bc1qxsta2t6r9qjpf98elzv3t2aes4t6xw4vt53qqx,14,2.3699259626512554,33.17896347711758,6.653097813352486e-05,7,7,457590.0140089231,0.875
bc1qxtwwn2szzkwq98ggvdeznwjfgf3ke3vq62056j,26,1.992693186169614,51.810022840409964,0.00011186807997290236,8,18,298556.8838496,0.42105263157894735
bc1qxvug23e59tzpp0df3g6f8je4xdh94utm6ptwvp,13,1.284307574168109,16.695998464185415,8.680115835795442e-05,4,9,542845.79459175,0.4
bc1qxw566vs78kj608aadygncuwfh2lq4rrqh5vp9l,23,4.492366224250534,103.32442315776228,9.15378882212532e-05,9,14,334732.03017050005,0.6
bc1qxx2gzqjc9jgg5l57t4l5kt5nr873q2yymvmvax,1,0.5315841633396063,0.5315841633396063,7.72306680787503e-05,0,1,0.0,0.0
bc1qxxjpvvzg8c0hr97yut9upu9namxhrtcnswpqss,23,2.267899890488041,52.16169748122494,6.986443484233324e-05,13,10,325892.66452895454,1.1818181818181819
bc1qxzsks08zst8x6n7x4g268gps9au08xtmheevtf,1,4.999763232157008,4.999763232157008,0.0002014293694532,0,1,0.0,0.0
bc1qy0yjy59r3e6qmmw8p7ke4h4zv4gz9m2zrr2psu,19,3.363295804651246,63.902620288373676,0.000127865422328632,9,10,418479.1734835,0.8181818181818182
bc1qy2qf65d6l3jkrgadmtkhc487w5zxkyq2d7k8fh,14,2.5605453963014475,35.84763554822027,8.53679466726416e-05,6,8,531143.311486923,0.6666666666666666
bc1qy2r9fc55jq2c8p96j7vg7daclcgvuksvw6z543,19,2.107916568389518,40.05041479940084,0.00010167343945302504,10,9,386883.7490076111,1.0
bc1qy3r02t4qu0d84nt2z0xy4vu3ddnpw74cdk8ge0,18,3.5354625126914314,63.638325228445765,7.818595518135336e-05,6,12,349807.94728747057,0.46153846153846156
bc1qy3v7jg0x8h2q5xzy6estrjjwrg7yarcyapfhjw,2,12.152798244606837,24.305596489213674,0.0001566803999971,1,1,1569.643486,0.5
bc1qy5kyvuqrfnl29wt7xqg4ggv5uj8h29yw0lrgfy,22,1.205062394937724,26.511372688629926,0.00010976289605899642,6,16,351976.1527604286,0.35294117647058826
bc1qy60jhd8z4sasp2tpq574y2netkqsng3fezlwpx,21,2.1832020777435455,45.84724363261445,8.09776375477178e-05,5,16,364048.1001919,0.29411764705882354
bc1qy85jc5gwfpyquupa6h57hghehz22u8gw43r06w,16,1.8889303488993687,30.2228855823899,8.372469407622798e-05,9,7,451985.1670242667,1.125
bc1qy8rgwvw4zckdfqysqcpvn6kn0tu0zcluhcsvt7,33,2.0023391919089724,66.07719333299609,0.00010084642265709586,11,22,238578.08573471874,0.4782608695652174
bc1qy8xrt5lshda6kzcgagfxmjdzv48gcmt2jvzc8j,19,2.048005708806553,38.91210846732451,8.787045951685143e-05,5,14,407160.05519172223,0.3333333333333333
bc1qy98hf2d09vwhw6zlluqjxd7fvghvyckhucs095,17,2.4503779889498882,41.6564258121481,8.495266978247712e-05,3,14,447139.0276179375,0.2
bc1qyamp5q2sq2m6dlqfz767uk0acpmmuxfnpqcav8,21,2.253621981931972,47.326061620571416,6.324322398127514e-05,4,17,332817.90030109993,0.2222222222222222
bc1qyc0lhmeq8u6xjt5nynuasn6uucttg23j2h75er,26,2.394793806917914,62.26463897986577,8.515039647297951e-05,10,16,306332.11889047996,0.5882352941176471
bc1qyc69h26949tsh8wtjphrmq99xz08q6va4sf44v,20,1.7457090255818453,34.91418051163691,0.00011513023638130956,7,13,398438.4146802631,0.5
bc1qycetvp3uhxnzafz5cyvaj5gwqf9tj45ujte6sc,17,3.191433632924318,54.2543717597134,9.131427022392946e-05,3,14,463633.2290916876,0.2
bc1qycscwnl6w03l5zehzjp4v2g78upp7fn0q7yhka,15,2.619450256777392,39.29175385166088,0.00013613638462196695,7,8,459244.9701477857,0.7777777777777778
bc1qyeddtatrxdps2ucv0ewjlspspzg8aq4vxpnwns,22,1.239088465119442,27.259946232627723,8.03230740627749e-05,8,14,334225.4688386667,0.5333333333333333
bc1qyeh3fxav4jrmfaf52m67q6fc3ywmw5zwzxpz66,13,2.016626979765392,26.216150736950098,8.389569632356273e-05,4,9,595620.6809505,0.4
bc1qyeur0lv8ydvdm0293lnwzjdcdaeqxwvyvw4xnh,1,0.09976579014189556,0.09976579014189556,7.759063857036798e-06,0,1,0.0,0.0
bc1qyeyqahaty435kjj32wgum46sgh47ndu46lgmqe,19,1.9028715000782797,36.154558501487315,0.0001272802612859925,3,16,401822.4125207777,0.17647058823529413
bc1qyf6z28cht0ja28eln657qz9n3r5yhh5sl44h86,16,1.761403943703303,28.18246309925285,0.0001373490100043029,7,9,481195.6106179334,0.7
bc1qyfk34gqsy8lp9rptrqxkkqdcj3p4q4enaqyc9m,15,2.310038766859303,34.65058150288955,0.00012162001666426364,8,7,504222.40230599995,1.0
bc1qyggqs24wzalh9zytcntl225qa7qs8n9uta4hgw,16,3.3611323775768795,53.77811804123007,0.00014383752685215425,6,10,454696.0091779999,0.5454545454545454
bc1qyhc985kcehvrmg06gjrhtmlwm32wrfsk85m260,17,1.3859886440338458,23.561806948575377,0.00011660181980148355,4,13,472954.6421408125,0.2857142857142857
bc1qyhwg80vzzmeteg8ut8vw0vtas6vhjv220ezukl,17,1.9295177428301449,32.801801628112464,9.615633966851678e-05,5,12,412336.4744905625,0.38461538461538464
bc1qyj66rtxz8jvq2mm4rdprwe5v0ev2q0cg65trlx,1,0.09985548987491302,0.09985548987491302,0.0001445101250869,0,1,0.0,0.0
bc1qyjenv8expz4lq46h6lhnk3qqswzc8gdu02yq33,20,1.6662098291398064,33.32419658279613,0.00011107796437380565,6,14,395707.234701421,0.4
bc1qyjwje8n68t0nwvva5l6g7xqr4ka8g2plfq729k,18,2.42681449492498,43.68266090864964,0.00010836890559304267,5,13,376526.1635238823,0.35714285714285715
bc1qyl05fx0jw00vlhg6ujv7grfgkwxvtmq5tayeuq,12,3.240073979237382,38.880887750848586,0.0001142651033822543,3,9,585211.2283614547,0.3
bc1qyld6krkaurfgqkm3j9qvx4st97vyp04j4fs3vg,19,3.2720342360652084,62.16865048523896,6.811569456126555e-05,7,12,232950.52278594446,0.5384615384615384
bc1qylfmzzkc2wc265hwe9mjk5lj6whzt2729u92f5,21,2.2581034828159536,47.420173139135024,0.0001307583746802948,6,15,315245.20587195,0.375
bc1qyly9lychsy2e2zz77hynme4geu83va2xj0yjvm,15,1.9101814997295417,28.652722495943124,0.00011153761521588629,5,10,537355.6774495716,0.45454545454545453
bc1qynm3a4hxemdqeh2qkghy9q8g6q39d6phnrln8t,16,3.598308296295174,57.572932740722784,5.781863017916199e-05,3,13,470357.74247113324,0.21428571428571427
bc1qyny9683mc3xjxnc5sn55dh27xcyzg08c4m0l7f,22,1.626933309071814,35.79253279957991,0.0001323999649548646,7,15,333127.0241948571,0.4375
bc1qynyzm0tmqzxma7t8ed7g0cgq52tyqer7w684au,22,1.8064640468302893,39.742209030266366,8.70502388980335e-05,6,16,355692.141212,0.35294117647058826
bc1qypfpj04gzc0hzd5x55plehgnlq00k32p6wy20y,16,1.3206296170755742,21.130073873209188,0.0001488335840202377,0,16,345899.223495,0.0
bc1qyq7e8ja6gfqe2hecmvqg0pfyj9y84kke7hmp26,1,6.000943608835188,6.000943608835188,6.95796096033257e-05,0,1,0.0,0.0
bc1qyqps0j6yytzjm49dgcqvya6gplgwk2umyglvkf,1,0.861278281153631,0.861278281153631,5.680500461092196e-05,0,1,0.0,0.0
bc1qyr3yr08ky84zp7tuwdt9s2upfgfxundxlwwt34,1,2.1286893490361525,2.1286893490361525,6.44688237253609e-05,1,0,0.0,1.0
bc1qyr690mrefn8rp4gfd0ve5wk8dgv7qrfv33e7s0,24,3.1290975851436715,75.09834204344811,0.00010050433705319864,11,13,293206.5477952174,0.7857142857142857
bc1qyrapgy7h5rgs05506tq9mtleexlhxgjmy09453,10,1.7163616424317887,17.163616424317887,0.00012338838243148288,2,8,693263.4417773333,0.2222222222222222
bc1qyrsa090zgnm69dqulmvcq83earv0uuyma0ecvu,16,1.8533568450857028,29.653709521371244,0.0001148033151079165,5,11,438142.38727466663,0.4166666666666667
bc1qyrwa0vkzagcvsem20z00xaj7xy8hhkhzycah63,12,2.3698789519267454,28.438547423120944,5.844367603413105e-05,1,11,563975.9307345455,0.08333333333333333
bc1qysqfwhe647vapghysjyl09vex7ls8umml27er4,20,2.801792744241265,56.0358548848253,0.000137500710449193,5,15,374840.2590552105,0.3125
bc1qytqe58genqwfq7e272xa46d42yap55hd9vapw2,27,2.2952379422188596,61.97142443990921,0.00011441442194311621,5,22,269059.7354506154,0.21739130434782608
bc1qytqw06cxvamkq2n2lgnwgrxtl8v00sgrryjjhj,2,0.9997176460962607,1.9994352921925214,3.7379765082678535e-05,1,1,11706.699445,0.5
bc1qyu690eamypyjp5pysjnv4h4ezau5zhar62x82g,19,1.7727945352222676,33.683096169223084,7.28231945972095e-05,8,11,415389.9982025556,0.6666666666666666
bc1qyu7ff9j76k2fjdekulcjx253g9vnuwa7ff9p0f,21,2.5107863619224404,52.72651360037125,7.66803309429418e-05,8,13,348419.19112284994,0.5714285714285714
bc1qyvv7h42lylfrf24xk4d6ryea70vmmvnr6zjudp,17,2.517969157591844,42.805475679061345,0.00016848336551542544,7,10,442835.70264118747,0.6363636363636364
bc1qywjrv972ch24049arvwnhd2luv3prq9mvas6gr,7,0.9777064902756074,6.843945431929252,0.00011497143913658673,1,6,756252.8075838335,0.14285714285714285
bc1qyxea44ylrwhn8lrjyds0cvut48ycrv9enjxh02,24,2.063995060708323,49.53588145699975,9.944238126826303e-05,7,17,281347.57264817395,0.3888888888888889
bc1qyxxur29vmn8catgwjedsr6wp0ygc4gmvssy62z,20,3.374964483914586,67.49928967829172,7.481329637659563e-05,4,16,398432.97950815794,0.23529411764705882
bc1qyxyllmezsf7da9ja2934kdexu9vwqlaze24jkp,16,1.5269999299476997,24.431998879163196,8.08168552767741e-05,5,11,441092.8818886,0.4166666666666667
bc1qyymmh6jrht07avgy9z2nc6gcmr3unt03y5lm9u,19,2.5914660126641382,49.237854240618624,0.00014177461825265478,6,13,416180.84529844444,0.42857142857142855
bc1qyz87y2ws2gtgnknj0nmdlkyz7p48fx4mj8ejnv,14,2.0612768275777067,28.857875586087896,9.636165059910976e-05,8,6,515923.44636807684,1.1428571428571428
bc1qyz8uqxd3u4g29csqufa563u6qsrn5ndz6y543j,20,1.5178184369910386,30.35636873982077,0.0001115854763647915,4,16,396353.38619389466,0.23529411764705882
bc1qz09h8ec4x9uecr848rfelp89dpxq2t7e55j6dw,19,1.8123631222999963,34.43489932369993,8.907740308932472e-05,7,12,384283.1962198333,0.5384615384615384
bc1qz0ctwymf45hd9vdvks72d2dlu3w8npcx5u3c8q,19,2.252911235547849,42.80531347540913,0.00010775300494075554,3,16,426598.1471548333,0.17647058823529413
bc1qz0fy0ccp2z3nf4ttgswy7x2xjsde59jhe8eqmk,12,2.676075445906935,32.11290535088322,9.234042645879139e-05,3,9,639756.753487091,0.3
bc1qz2czesajeuc377xfv72wxscj0xygaaz6x5ucnw,2,2.1258427173734917,4.2516854347469835,0.00011197323816916186,1,1,1720.881509,0.5
bc1qz2m8456tt205slv43qrm2x6e0f8elzl70rs2m4,17,1.9467791702562054,33.09524589435549,0.000111699075873295,6,11,398033.46419524995,0.5
bc1qz39ay2yempa8c8896vsk8pdt8zm75ptz3zfmd8,17,2.2652053533008902,38.508491006115136,8.531908318580888e-05,3,14,451715.3668553125,0.2
bc1qz40hyv2s7wn25ggg3azk24elurrqunjhyhcu48,21,2.0605793682338,43.2721667329098,0.00013768673345766915,5,16,367039.7269847001,0.29411764705882354
bc1qz48vjts8th4ygvec037gw8g4kg32xmcljp4jhe,1,1.0,1.0,4.516186384160826e-06,1,0,0.0,1.0
bc1qz4n738mcpm6qjkdlperr04adddjsd0pu49grg2,11,1.0255454200033212,11.280999620036532,7.767661712364691e-05,4,7,518321.6063387,0.5
bc1qz554erp6x3m86ffftfxv4rcazt2u9t9caxmndv,10,0.9316973304152834,9.316973304152834,0.00012099801534790243,1,9,644156.9023665556,0.1
bc1qz5dhnml403w5d4dp7vuucyeh8jk6h925yw4an8,13,1.6558260610658726,21.525738793856345,3.768269229376117e-05,2,11,604577.48295325,0.16666666666666666
bc1qz5lzsu0gwrs42awgsz4kcacs59aqhg27k3tuly,15,1.8931219605452285,28.396829408178426,0.00011590272214472774,8,7,436989.439394,1.0
bc1qz5ndyr3ycnrkjmzyhxtv6wve52s43egczky9em,22,1.2429430118331828,27.344746260330023,0.00010089094613217318,4,18,351521.2408308095,0.21052631578947367
bc1qz5p328u076xzpeldx2gtgs9mw97kmjcpy8xtuy,11,1.9239833330966887,21.163816664063575,9.464992573784912e-05,3,8,539163.7663636,0.3333333333333333
bc1qz5q49wsydvjwx653rwzn922sx39y7ahmhxkedk,22,2.4658563595104956,54.2488399092309,7.388733146019046e-05,8,14,345504.9558683333,0.5333333333333333
bc1qz62uhvqdfkgz6kpwvmvf7hwrwmqa2t8u5lh5ye,13,1.6350134432868837,21.25517476272949,7.919649654963182e-05,6,7,599137.6130152501,0.75
bc1qz6y6vpgtncske2lqyqf2mz2pmadvf2h5nu7mcn,20,1.8244705940250383,36.48941188050077,0.00011839461843376217,7,13,377287.32275757904,0.5
bc1qz6zn9suvclurn3sgkmmm8h3l2rft605lsswawc,18,2.168759666147805,39.03767399066049,0.00010957674929223753,6,12,430385.9963484706,0.46153846153846156
bc1qz7fgks5nv32l4pfhxl9wwt0ajtc8cymfytzv9g,15,2.264946990176697,33.97420485265046,7.458639351742604e-05,7,8,505432.3867915714,0.7777777777777778
bc1qz7lq6pr42edckvm4mw77wus3m7ecz6kj4f2yd0,21,2.73622771269526,57.460781966600464,0.00010523871977577942,9,12,374936.91603295004,0.6923076923076923
bc1qz7yuxczg40kh3d2wv7dw9f4t848wgrpn64fjsx,22,1.5716472931163161,34.576240448558956,8.267558958489477e-05,4,18,341282.6475969524,0.21052631578947367
bc1qz84qmf453lca84tfdyws6zxluhrcykyv3ynxwa,18,1.9108049453030058,34.394489015454106,7.933402585501162e-05,4,14,429150.1642127059,0.26666666666666666
bc1qz87lae4lx3f72upr4a7vugpj40mp47tzerwpe2,17,1.4913344536665027,25.352685712330548,0.00010404808523279134,4,13,415196.8630836875,0.2857142857142857
bc1qz8zvj7s58xylymya6ez805kyhrq45mshs8yx0g,15,3.0725811948636124,46.08871792295419,7.095066871626853e-05,7,8,529882.1161502858,0.7777777777777778
bc1qz9w9cu7yypfhk4yfks9l4jedrtr5lre35au2kk,1,0.47524729961331913,0.47524729961331913,1.665113459575437e-05,0,1,0.0,0.0
bc1qza09cfkgvy6zcrsqe5kmml0kkzf28xgh54u4h6,15,2.744405647980643,41.166084719709644,0.00013332680450361145,5,10,533407.3466528571,0.45454545454545453
bc1qza98ctgw9c3arwmd7dh85s7cfam5kaarmxxgum,2,7.742216311103839,15.484432622207677,4.9171204366864435e-05,1,1,731.638269,0.5
bc1qza9re36jygpfr5pv4dpmen7xzedph0jfyea6sf,1,1.091003979310501,1.091003979310501,1.4652570464359022e-05,1,0,0.0,1.0
bc1qzaugs909lqgtd4jw7zy8dvh3tg8tq8a7h8jzum,2,0.999966013883426,1.999932027766852,3.3247899904162603e-05,1,1,36711.47225,0.5
bc1qzc8j03nqzp83eel9zl88g2v6tsamkv35rxmvng,1,1.941012266496568,1.941012266496568,8.194621079936327e-05,1,0,0.0,1.0
bc1qzdd5lnh85v3z6y8v6ptl42nkkyqzfk4ye4acvf,17,1.5327978373855042,26.057563235553573,8.583010074085877e-05,2,15,418283.05800393753,0.125
bc1qzdn0ze9slrh5hxgneffsxgfwntcmz0se4qcukc,2,0.9998907428666732,1.9997814857333465,3.2084330075049026e-05,1,1,32806.366548,0.5
bc1qzdu98zzm9hxr7nrz8jwuyhzl742az2t3sqvukc,31,1.7070665885775242,52.91906424590325,0.00010477965082931898,9,22,240479.1703794667,0.391304347826087
bc1qzdwldsvwjjhlrdcjzqdtwk5fex8njjp7r0djds,17,1.8237812221239138,31.004280776106533,9.731809976108023e-05,3,14,434263.38246268744,0.2
bc1qzgr0mj4xecms8ane7h44hjmvdsuf3p4rwftr0m,18,2.103343418464036,37.86018153235265,9.350018524044651e-05,8,10,414113.63924129406,0.7272727272727273
bc1qzhphptn5xc4nau3j4l532uj6tkxnxp2fxz9qkf,23,2.5959017415932912,59.7057400566457,9.803434097373582e-05,9,14,292885.09031563636,0.6
bc1qzhwje46fdq0pryvxc7d32nh0qpklpwu0sga85w,26,1.3899071895442385,36.1375869281502,8.053678725800845e-05,6,20,288353.13118644,0.2857142857142857
bc1qzhx73stcnfw3thtyz9wtwywdye23jag43g2qg8,20,1.8538755140127505,37.07751028025501,9.88434558849931e-05,9,11,371993.24056673684,0.75
bc1qzhzjt8vmlphtn0pzxptrttzle6nfvmswsw25ae,20,1.777625980558669,35.55251961117338,0.0001057767063936928,5,15,310672.1727557895,0.3125
bc1qzjchua0s3hdz5dyvsjvdpdfyq4m7fhg03n535x,24,2.3281417415624692,55.87540179749926,0.00010979188837361758,11,13,332746.7311136957,0.7857142857142857
bc1qzjjgr05dx2hm5tznx7tykj6t68cp5kyp283868,1,1.0,1.0,5.202787159463439e-05,1,0,0.0,1.0
bc1qzkeg7exfxwru30qxxel20xjrvlmast5l0v9uvs,11,4.12662404421716,45.39286448638876,0.0001458626644375396,5,6,565196.6616389999,0.7142857142857143
bc1qzkg09aletvzt3t83smer93h82s9mcm94g84tvk,1,5.0,5.0,0.0001723616184708,1,0,0.0,1.0
bc1qzlm7zajkvrufl4vhknp93c33a8tcvfmxg47t9f,1,1.8470764018759829,1.8470764018759829,3.802792466257672e-05,1,0,0.0,1.0
bc1qzlsg3jxywzzfmv47x63t7q7np3p2xms4v5ak3r,16,3.0074577052487186,48.1193232839795,0.00012809346441215827,7,9,483837.78840600007,0.7
bc1qzlypfkader8pupm8hec3ejs7q588k56y6qctjt,22,1.6886069228866702,37.149352303506745,9.670289763852262e-05,11,11,358157.97784271435,0.9166666666666666
bc1qzmcfcnhgsprruwgfzsy52da52mpg6rjhhr278a,2,4.999787597943897,9.999575195887793,0.00019368070789866986,1,1,17298.826655,0.5
bc1qzmt7ma0vf5ykv5gyhxaq7jt95jhrcydrf4kvsn,18,3.240696609031613,58.33253896256903,0.0001062840235578666,5,13,439997.8501235883,0.35714285714285715
bc1qzpg73qjmcj7a6345eewqjp0y26wgdkpedmm8sy,26,3.0818746007096323,80.12873961845044,8.877102532785187e-05,9,17,294583.58028607996,0.5
bc1qzplce9euu3eez5rysm5ry4nywcm0z8ufqy459x,19,1.3017747032095124,24.733719360980736,9.987473071855364e-05,5,14,428531.2616086111,0.3333333333333333
bc1qzps9q2cvnuq8hlufnk9jc39f7sxg42k2572sx6,1,0.09990012700970687,0.09990012700970687,2.0304910384788535e-05,1,0,0.0,1.0
bc1qzpy97p56lu3f7ejp4q0fj0cqcnmm7suqmrk8hk,1,5.262591141511013,5.262591141511013,9.72338554455008e-06,1,0,0.0,1.0
bc1qzqcpgh8nrcvmpvml2qd836zegvtrzct4kv2jy8,18,1.405173216380394,25.293117894847093,7.59729729716798e-05,7,11,359622.74758776475,0.5833333333333334
bc1qzr9kn27xxdsqnhs0mxvjy0d0aftsq3j37pg83r,14,2.19333177761078,30.70664488655092,0.00014846009764645513,4,10,489910.8312250001,0.36363636363636365
bc1qzrdf4uhptpxuwpxq3wzhjq92v9s8cpfts2mnsv,18,3.0681989362415356,55.22758085234764,9.090583092580669e-05,8,10,408389.73208611767,0.7272727272727273
bc1qzs0ewzrg7tc09rrmtxze2cv2keunj5dx7y9r89,18,2.6727744799081457,48.10994063834662,8.503592309050536e-05,6,12,442725.2669260588,0.46153846153846156
bc1qzspht4n0ty8cczqxz79axajkn88fywvmyy2vjy,19,1.2971263941153932,24.64540148819247,9.963380518488795e-05,3,16,394890.44405583333,0.17647058823529413
bc1qzsvtevun80s89glkyhkxlnq4zhtu9ql8qwnq7t,2,0.0994133680910669,0.1988267361821338,0.00012318764250675163,1,1,7545.262627,0.5
bc1qzt8pczjr2z93lxxgkv6rn0eu7yfe04uu32uzzc,2,0.999809980203933,1.999619960407866,0.00010819459973482257,1,1,22497.376299,0.5
bc1qztjwjmat3wkn3jnacm8fdwdgskxdzeknqrayjx,19,2.550711395843051,48.46351652101797,8.678598414048851e-05,5,14,404512.56785766664,0.3333333333333333
bc1qzttvdrmevym3kg5s200fr26hq2s2ds6mrze550,21,2.2038194026395836,46.28020745543125,0.000123494281622294,5,16,355480.81825494993,0.29411764705882354
bc1qzw0lelfy7zh8llt2z8nlguethvf0lhgnuu8tcz,20,2.241505154827342,44.83010309654684,9.254015129128366e-05,6,14,343964.55402236845,0.4
bc1qzwq4mxlj7ad54jd97cctsaxfcdpwagupdvrx5h,17,1.2411720563824928,21.099924958502378,8.50850333084144e-05,2,15,447046.15810975,0.125
bc1qzxhryadplnll73lsj5tjutjkn3pgwgx7wt02ah,15,1.170612057796706,17.55918086695059,0.00014172857059562818,5,10,485610.58591714286,0.45454545454545453
