wallet_id,address,scenario,scenario_id,role
W00001,bc1q3mrjht238fsmh4hlmuy08e9rktrazzmscej7vj,legit,,normal
W00002,33unpGuFzmER93tBY2jrcf8ietD7uvU9cN,legit,,normal
W00003,bc1q0mtcd6e7lxtms8vexlvwzcdn356luay8dsk4gj,legit,,normal
W00004,bc1q00su33v2sga39ayv6z4e6ct3hrcgxu48075vhv,legit,,normal
W00005,1LtnReyCEvXxsBZDqYQVGpub9HmbCAHCT4,legit,,normal
W00006,bc1pxshetgluwdussf8jy2ex9vzfv0sny7e5edvf9yv8f3wm4m38p88s969m4e,legit,,normal
W00007,1CBShAeVEYDMZhcQ5uiLrgpNDF9icsPSQ2,legit,,normal
W00008,19Y5Hzu1BbspHP1c2MfuNToq3Hkt1kT2XF,legit,,normal
W00009,1DHGD42otN4PcGuh9j6xB2YQ6mZWoquCyh,legit,,normal
W00010,31paem2oBHNZDvUSCbGgQGG6ifjJcsBCUP,legit,,normal
W00011,bc1qwpn2hpa7s64k6mlzygxvtjf67ycmvllxx9hxsn,legit,,normal
W00012,bc1p25a903v9ss49h00w8f744v4nr2mvwfdv5l4jkphl0w478jn6z6usrxlam2,legit,,normal
W00013,1Nyj47EL32BfV8fddyVcfENTVPQoMQwvn5,legit,,normal
W00014,bc1p64tacxdd7gz2ddvknzetvt2yllc8t6k8py583kepjmluaxpnffks2klag5,legit,,normal
W00015,1261ar399Dik2oQyx6Zovk8YgTWwcY9rnq,legit,,normal
W00016,bc1p807g4ftcs2kpslcxdyj9v8z43zzvurtnr7yf3dq4cdqeldj3u2ussxkpty,legit,,normal
W00017,bc1q3hzp0lt2k5pxsgcadjcrtzs0pwez9e40muuz5z,legit,,normal
W00018,bc1qfcam6q5yakyw5k3q3trzuw6fkaezct3l2yxf9q,legit,,normal
W00019,3BWKumSoC2MKJ39PfajBAwJbbNbpvNHTra,legit,,normal
W00020,1Km2io4jMbJTZVeCjPJS5ruo3TtKfzr5G,legit,,normal
W00021,bc1q74vqln4mjvvuf6yaassdpzrvntjz0l8k4y59kw,legit,,normal
W00022,bc1qfem06jeampq49an43wgd7pfldjfa2nq96whd47,legit,,normal
W00023,bc1qywjrv972ch24049arvwnhd2luv3prq9mvas6gr,legit,,normal
W00024,bc1qmq0jsleu4dj3aafgzs9za2kxg762ayfnfczm4s,legit,,normal
W00025,17fheLPjC7LruB1YKEvi1xAtCgkJtewsWQ,legit,,normal
W00026,3HQ5AVJPFu1LBFEfY4J4MeaWMQkTNWgRHL,legit,,normal
W00027,3MAEY2S9PxNxfq8BzN971K1eo1numCfUQ8,legit,,normal
W00028,bc1q32mtt2j8cfs7866aflrmlpkjjvt0gj5qk06djc,legit,,normal
W00029,bc1q2gku09pg07cyrdq3jx4xmqhzlp7fzmncuunxx7,legit,,normal
W00030,1DCZJc1Yr2wa9yEn4s2zRvy38VXZAr5ZbQ,legit,,normal
W00031,bc1pll9xe5m9huuz3hrk3039sush80psvrwqexy58j5n3wje5dzqznqsw62ns5,legit,,normal
W00032,34mqYN9xruwH4NZpVThTP4QXz9XstGiKDM,legit,,normal
W00033,bc1qc8ag85jy5wvyuakta9csrxvs32pg3z304x5gqq,legit,,normal
W00034,1Mu6P7wwPR6K9mkJxDrKiYxy8Uy8WzgbMh,legit,,normal
W00035,bc1qn68palhs4l8cazjsnu8x4yjy2sv2mejjtrqd9x,legit,,normal
W00036,19YquF5RyFTVr9zxzixruHQ6opLyw9Tuzg,legit,,normal
W00037,bc1qa6j8kuvps2u033ejshg7fpk5wqysl3pa62feah,legit,,normal
W00038,bc1qrrt85l60u8vlgjfs39rsq3ujquzdetgp2wh7rg,legit,,normal
W00039,bc1p44j2nuhr5n7rvs2askw5l835ysaql2hret8484xxxzqsfqq7hf4s9qz2h3,legit,,normal
W00040,17xfm18rYBJHY4v3BrdjUMX2UUYgBGZyM3,legit,,normal
W00041,bc1qjzyetedzmnxkvq92un07fz56ngrvmz6l94nmzy,legit,,normal
W00042,bc1qcjexs6lle6wp73e5lktdnnj2j7rdjqxu9vjxcq,legit,,normal
W00043,bc1qkej64cn8nmjlv6uy6adtp2zl66twvyjqhve62n,legit,,normal
W00044,39GKF1R2Tt7JzQQ9q6f15Bu1PomTG3CmLZ,legit,,normal
W00045,1PKjir2aUjvKrVbMyzWZWMsK4aLSYuhAj3,legit,,normal
W00046,19Mx3HwHaJC6yeBDhKk65rm1YCCsNqXKq4,legit,,normal
W00047,bc1q3r2kxx2w6a85lkld79m7wf7jsyjxzzcl4zfu40,legit,,normal
W00048,1Hxq6nSruCYkXFjVTpo1x94W1tXDwhv1er,legit,,normal
W00049,16Lehsi5qWUpYAxNB99YKgTD89NMryFiXH,legit,,normal
W00050,bc1qpwvmrxcvrvdtru8d4k958u2qrjjrc5ykymyh6c,legit,,normal
W00051,17zMmAkmxLRAJs2Sn3CooYchXFNu9VhCut,legit,,normal
W00052,bc1ppvsxgyfe2svpefggwhpywv439wpfsfsgjlq57tjmkcpx432jsylsjttunq,legit,,normal
W00053,1DA7wZKC8e8Sgth83zW1PngRSDZhjSRNov,legit,,normal
W00054,3BaDRkyafomsm3ybqCUtbmnLkEkhCpGBrL,legit,,normal
W00055,bc1qxsazp7k6fpwfumr8yfexgs3pnfuxfnx0z49a4g,legit,,normal
W00056,bc1qqzd9zwzde6gkpjqt406394kshuucvqtks97vey,legit,,normal
W00057,3GV5QBAooxvBkyRq6M3zS4y7nodzW4GxfD,legit,,normal
W00058,bc1p7wsl0wpqe2sgwgwnc8x0eept7wvyze9kwa6janujerzs6twyhzeq8qsa3s,legit,,normal
W00059,33ztSLcWkVy6LDpDmxVsAYFps6nbHLZJ2r,legit,,normal
W00060,33pS2xheSi5cPmRQp8yK6eYQF28dVZdfbp,legit,,normal
W00061,354PiF4QoKvMkiShqC4UqN6ooNNmbZRSyX,legit,,normal
W00062,18CwWZhfekpUVyX1LzkcPUhFqYLHbgLKQc,legit,,normal
W00063,1NRfMDuoUyrysfEVvr3ueyaoBzeXzgxJTW,legit,,normal
W00064,3JpkambptVrArV4dcnjJByoLGnrVTZdBtZ,legit,,normal
W00065,bc1qqrzer3xwxv927jqs2qdp2kqkph60ldkdrxz9n7,legit,,normal
W00066,bc1qq7vs0f0grhg5daeak35dz04nn3jkq82lesuy9x,legit,,normal
W00067,13dhnZd13cuRLP7L3cFzwwWxvsTzD6SPDE,legit,,normal
W00068,bc1qh32m8j70l4uvaz6lv0wqnd9fx8c3phcuplgz9n,legit,,normal
W00069,bc1q05a43jme6cdc440ugtn9zxypcyg58rhxx00axp,legit,,normal
W00070,3G2HEXEiQTcmuaz1ycREVruxx1Kr5Wf6DN,legit,,normal
W00071,14NKH6nbmaPWkH9KnNeTXnkP61wk5sZSZu,legit,,normal
W00072,3M1Jbr4qhDK1Ykcj2A8C5AcsAQAc2SavZ8,legit,,normal
W00073,bc1q8rpluxdglmmny4ulud30c8ej3s6rlsgekttuel,legit,,normal
W00074,32e4PRsgcTbA6JSotL6DtYMkkQ5dqRVbDo,legit,,normal
W00075,3D46gr8neUR1T8YtLpXgkWLoGECftwU7KD,legit,,normal
W00076,3CvEVbarPg2PL32Au2DL7cT9ST2vupjtzv,legit,,normal
W00077,bc1qu2klzjq6xr6sxvfpdagqqjf4mt95plg5g05f9j,legit,,normal
W00078,1GbeQRW2EatUAGipbQKTrTeciW7rgwwjF8,legit,,normal
W00079,19i7PgKwdq7w46L6DgiGUuBLUo6fEYH3Zk,legit,,normal
W00080,bc1pleyv8dajaek2zqfdev6zx5qn5eupzvt5eg52jr5f7y2tfgza77xqgkltkg,legit,,normal
W00081,1G1is8csiw4fSNRNXbi8aff9TGV2KGakTG,legit,,normal
W00082,bc1q7053m87znryltndra756a82uqf0a4jnxkctfmg,legit,,normal
W00083,bc1q0gu9hyrcmmzaazx8658vjp2fymcpnnxeen5ay0,legit,,normal
W00084,bc1qh9cv96u6rz5rxhxqs3fsef0ckx7tc30gzka573,legit,,normal
W00085,bc1pdwkpnn7h9r7k8fnstrwwfde67lqhmepa6sknhvsp7y4q9ntnjtashhngw7,legit,,normal
W00086,bc1qd7r0kv5h5mwagudyatc4r26vnxlm6h7sla3ftf,legit,,normal
W00087,3F1h617isuATp9yT7abL9nPyvw4Whggsay,legit,,normal
W00088,bc1qzdu98zzm9hxr7nrz8jwuyhzl742az2t3sqvukc,legit,,normal
W00089,1EEp6t9kh6A8oQYkkWtHmtArwuTwMqFpWG,legit,,normal
W00090,3ChfT4vVRm1rSrghuzPixAFmSqrktTkYCe,legit,,normal
W00091,175XY2UEVZT2rvZCJnegyyt8kFjw37ABsk,legit,,normal
W00092,35Ax8QDREvmb7PiWQPL4tEYQMniEAipTje,legit,,normal
W00093,18M7D28ZoRHi8teVZXUaXyCv2ycDxGat7s,legit,,normal
W00094,bc1q3ktvrkvl00g8drww0dh9fevh7lm9v2emzakg4c,legit,,normal
W00095,3Lod9RgBVGUp1fc6dJmqwH3xkw1cwnbQoa,legit,,normal
W00096,bc1qx8jwcum2eylt48n7c8lc969tp55jrzh5lhfeca,legit,,normal
W00097,14bQg4nbWWbzLkdgZBeYScnuWHXUvjKFGi,legit,,normal
W00098,bc1qnquhtdcn83r2uzskz5rfptjhceczmj28gjhgzk,legit,,normal
W00099,1D3hXSuX6oZ3cdaBurARDkG6GvFpyRPnYG,legit,,normal
W00100,bc1pz5ejvgx57v7kkzltknu49mvm38nk5kvskdd9akztrxt46f8j3g8q0p4hll,legit,,normal
W00101,35BRBMgLDqcrBfPpsswAep6zodDq3qbKDT,legit,,normal
W00102,bc1q8q4urj6qjnx0xycu065r49s5lz07tw2g4u82dh,legit,,normal
W00103,bc1q48cff58czxk8472eve2scj0vt8j95ckcquqlh9,legit,,normal
W00104,3KDk9zAZD8ZEF2jNDxhrerVBtSSvyzKWhV,legit,,normal
W00105,1Kwcd1pRE2fANJ3yBKva3iPFx9mG9qjZa9,legit,,normal
W00106,1HAscMy5H6xQQaVk5sF4GDAHutinGd8iX1,legit,,normal
W00107,bc1qqeurjpjl4dclykm6nn8czta50r7jfjl3ldew8h,legit,,normal
W00108,bc1q4uzlfg7x3ee8nelu8cafh57zgxz3kk3l6hcl32,legit,,normal
W00109,bc1qwq5vcvntl5n9pdqjqrhs8s7pvx4nznjvkntmhm,legit,,normal
W00110,bc1q0h854svp394ckphwa0a7nmxhe8p5caacrxv8q6,legit,,normal
W00111,bc1plg2wlfsan8e390rxffnnnkel0eqwgkmc6zej8vgqhswxppy30acs97862g,legit,,normal
W00112,bc1qacgzp6t2kn2qn6xuye4rld0l8fhvy5n8ue2lz6,legit,,normal
W00113,bc1q37j8tgnajj9mg9qew5ef6xpxrx750f4w8mw9n3,legit,,normal
W00114,bc1qezs4csvm5vvf73ns6anff82cwdxkkxxz4j5d2g,legit,,normal
W00115,bc1qm9wpn4l6er46r8dnz0420v47qjsvy77rxjarwh,legit,,normal
W00116,bc1q48z99fvsld8wwhkvsq74wtpx5g9jpru7vuyygn,legit,,normal
W00117,bc1qk5rwpv5g84zkcsttrc2qhrjt9nrju8hrawz8zq,legit,,normal
W00118,bc1qke2gj8nqq60xtg737z369cmhemfdatt2gzkesm,legit,,normal
W00119,3GQcdYhmreE4PnDPScUvpE15PhAa479vgy,legit,,normal
W00120,15ZCwpGfpJvaKeFLTve9YUVRr1CH9WvXuY,legit,,normal
W00121,1PvghpBPYkQp6U9f3G79CqgPGvdUnaENUR,legit,,normal
W00122,3FakD1jnimxKrqbzVMPFBg8KU7CbeRNgnD,legit,,normal
W00123,14xnZV3vecPt4JMiLRNbjH61xqdF4Z7neL,legit,,normal
W00124,bc1q8xu3aj7658dgerp3rtacxg8wkwu8t3hdjqcqta,legit,,normal
W00125,3DuHYksoH9QJ95pkpDt6RrcFjXovBfh1ny,legit,,normal
W00126,1BsX4fKQXigiUZB5h2dUWa2Vjr7XicQsP7,legit,,normal
W00127,bc1q7dv7nw3w9ay9yk0hhze95h306qv2d0dy9mevan,legit,,normal
W00128,bc1qlqvg8rv9h0ewsx0ky46gpjg2pkl5egftqkvz0u,legit,,normal
W00129,bc1q50hwg8pcezkjzd3md2frug2h52facalcv645a8,legit,,normal
W00130,16xhr7XSnjJxisHpqW2xMRd4w2vnsT2t8f,legit,,normal
W00131,39DYxo5pNwNkFLMWmuLUuqN3VGyAgAykoF,legit,,normal
W00132,1gEHXKSi3ExKYuFNsf3FsqWaEUa1KsxU3,legit,,normal
W00133,19zogjxHzDRrQ8N9Ngyr11g7VqgfSkEuJi,legit,,normal
W00134,17xeXwdcBTyACrqcD7mu4LcU38KCu9yE11,legit,,normal
W00135,1CrvZLEgUhsJx6mQkbax4CEYXZethb6eni,legit,,normal
W00136,bc1q05nm8rqhulpe42pmxjcju44jam88f3wt6dq8sw,legit,,normal
W00137,bc1qtq2a9ue74rzjkcn97sk8fd2fre9pgaqyyws0w3,legit,,normal
W00138,bc1qc6m4e4lezvfruy5xkvh785m3k0fgm4fyxkq0ex,legit,,normal
W00139,1GefNJSafZN7sZukYfuibVnCAwgRCwbcEe,legit,,normal
W00140,1CB4T8FFUR7pqxVxobPMMsVo9xQwLNerHA,legit,,normal
W00141,3NsBuw55x3UWPGXhPurcusEqhCG68fiYiF,legit,,normal
W00142,bc1q9s6qsh7kyjmdxy69pcwgcs3cj63rccjufy7gqk,legit,,normal
W00143,bc1qv955af2tqr8lh7k0xwvtxw5jsjyfnjue32jgw7,legit,,normal
W00144,34BGu2tMRnCZwny82MADtQP2yWoBmGoJBt,legit,,normal
W00145,3CwyyvSH9rANfvcyvQor6pkmmJDyJaEhE8,legit,,normal
W00146,1Jpvh4KoDeDvQQxTwWXz1XZUnnRXGbkghb,legit,,normal
W00147,1DVsH5M9tBJQkhCbXtkvJ3L8tXcabm2fKD,legit,,normal
W00148,3FpXNruhCkichn13dtGhWWgF9Bh2WaeigF,legit,,normal
W00149,bc1qjmlz0z5k7dhgd057tj6vf5fwquklzvh3m8w6yy,legit,,normal
W00150,3C8gwcCZKddzfxAttErCKxZ2vUA8aSg1Yi,legit,,normal
W00151,3P7zLmegAg3trVjWzzRpzwGAhjiKUNM2Kp,legit,,normal
W00152,bc1qyu7ff9j76k2fjdekulcjx253g9vnuwa7ff9p0f,legit,,normal
W00153,bc1q9grmwg6n47x2ze6cu2aesd3pn3gcks3rdasnyr,legit,,normal
W00154,bc1pa8sfn50qnu3ukkvcl36k2u03zhyjg9yujyf9jsysjmrlpfc9hqrq50guu2,legit,,normal
W00155,13xmZ5hAVep7VKQwTRQWgr6tC9xtPTobBU,legit,,normal
W00156,1LPQrjn7ytuCHGLAHSsn4m6JNxw4xKUqi1,legit,,normal
W00157,3HfzKeF3EHZ7FGo7j9XsraAN69QeEiyHGm,legit,,normal
W00158,bc1qeejpmaxn39u5xkuvztr6fev4a2cu28z2t89amc,legit,,normal
W00159,bc1qke58trsyt4cv9424gljpw2wvszdh39nmwdfu44,legit,,normal
W00160,bc1qd2j2050828xeu9d89hs79kdu5x29ud2shwasdk,legit,,normal
W00161,bc1pllv0htqtt0x8vd3dc3xd0zswcqetxl24lxswzv3vjq7cv09mp8lqsdu56t,legit,,normal
W00162,bc1qc8vd40gsjhrzdszky6tg2363zcaqad7e3mny2c,legit,,normal
W00163,1HEJCiBEnoujqpcmQjQ1U4Pz1DYD8m47At,legit,,normal
W00164,bc1prspd7rgrrk0s9nl5qlgk2cveeg6csuygggdsj7wy3q5s5yj88mcqwsqv9p,legit,,normal
W00165,bc1q9nvwu9aj5y8tyfrkatwmly5rh4utcvtq40z8du,legit,,normal
W00166,1EF8YMNUgr8FpkgYxMN1yTGysKs3RnpYwo,legit,,normal
W00167,bc1qppaukyf3at6k9v9ewvrwqnf8xlwd4njramffsn,legit,,normal
W00168,1HCtky58GmjN9ZZyq7x3mE1xokpGBiZhM5,legit,,normal
W00169,bc1plsrdkq58u5dx0zu2n8fxy0jg8ueafzj7uklfya3s5y2lpn84k06qqzc69x,legit,,normal
W00170,1AMu8tBqoAa1AdNY4zzLLcNwkPftVhp3Uy,legit,,normal
W00171,bc1qy3r02t4qu0d84nt2z0xy4vu3ddnpw74cdk8ge0,legit,,normal
W00172,3MLUvX6tE68hs1aCYFKrgwBpCodvrUUmmF,legit,,normal
W00173,1KVbjqqBEVB7PYW45tvCab1xyTchkvLUP6,legit,,normal
W00174,3FBHRGcN18Rv2VE9TUC99Co3tXxjACkQpa,legit,,normal
W00175,bc1qf3pu3sfhn2xqrxjf9puus2ltmat50ym7qmh4sj,legit,,normal
W00176,1G4hUnKzDbtXw2CNpRpwUXpcH4LzjMz8HV,legit,,normal
W00177,3Abr4MHLmSSsAgpLDYgUwzuzUxtZk93hV5,legit,,normal
W00178,35fonCEDRqTvfGcCaRYAzuJrcgobQ6GgkS,legit,,normal
W00179,3CHXqEaBFTJWeC6cZkvq2BHcH9LxPgPDQt,legit,,normal
W00180,bc1q6zmanrvr7xrahcp88p34h845tme27yhel7jxrj,legit,,normal
W00181,3Qqc3JVh9FYuXN5xLPSXKiR1YbCurgnYDh,legit,,normal
W00182,bc1qwr0er37sucgpgwyw9n2qsshqnspxn0kjdryz9e,legit,,normal
W00183,bc1qpk572hxenqpckhmyfa6gvgzjd6wz5sp6gg362v,legit,,normal
W00184,bc1qgrn5u9dpxkxu060fxx2n0e3nvs9087djzk02jv,legit,,normal
W00185,bc1qxhlk98f08tqv3qs44p8ct9cnswprhh8fc5s3xh,legit,,normal
W00186,bc1pke2nrwqzlax4g2u5n9llegn92q24jj7xqnh8nwjmee6zwx7tygkq8k8nu5,legit,,normal
W00187,19G2UufgzaZPhPkJYc45mMBL41SJXJt9EQ,legit,,normal
W00188,bc1qv0u3xcfr73j7dt3436qcw8jus5vanjjwvw99qy,legit,,normal
W00189,bc1pvncqwjr0aylxrmslqd66lpma2dl4akwe0lzr0g9d0t7vgky5d6asutd0j6,legit,,normal
W00190,1J2sT2jxWyoHgca9Pk7AxMU264ZV4Qo8Fq,legit,,normal
W00191,1DzUiD1E5A4eXHUafLuDe1CvAuMwZ95ecL,legit,,normal
W00192,37DwkUW4kxqCD8TvKnA2T2MuqBak2mn6a7,legit,,normal
W00193,1F6dUVETBiN1N6kXXKRDZPmsP6pjQQt9eC,legit,,normal
W00194,13kRDm8JMg8sf8GWm1MPB65aWRsUgGTVkF,legit,,normal
W00195,bc1q7hqvux2cysvs93yexny8fpkr6raq5q94cnhptq,legit,,normal
W00196,bc1q9w79ugnvpm0dngq5admrfwvzsfdtpj3s0fw5cu,legit,,normal
W00197,174wZZL1Kdzc4aAJ5bah3xo29Es6dAt4w9,legit,,normal
W00198,bc1pfhy835t0kx4jal5k09teemh6q5rx98vy43g8a9s2cj07ujya4mwq0lwtnn,legit,,normal
W00199,1NDk8hMbZeGQpAs3TJCUiVcx9449urrkKZ,legit,,normal
W00200,3Adc7XLL6gRBSig6hemZvoAFeRyRnsNzq6,legit,,normal
W00201,bc1q20w76y7wrfthu3426hl502zdd7wjucn6ml7nj5,legit,,normal
W00202,3QAnQWY9YRe5bvLNiR1S98Fw92hAn2ZUjt,legit,,normal
W00203,33mHC27ocr6xvUsvaeYgppEAdDdXViuE3d,legit,,normal
W00204,3PugGGNmekPKqtJRNc2TxvHx2uKnFGDY63,legit,,normal
W00205,13QKtiHvY9YhtczbGjdNDgrSMGu6tdN7dP,legit,,normal
W00206,bc1qt4zvhcg79zwqe4p3kzz58fkxgrt5dp4ldymp69,legit,,normal
W00207,3GqY8tRmuFEDYgHqGBSwE9ZXNLBvRUTAcq,legit,,normal
W00208,1HM4pp6UVNou3ddb6T9urpch9xSNyJAsor,legit,,normal
W00209,1sfHhaBX1Xu3tzouyDoUYzYBWYXRFBh5J,legit,,normal
W00210,1Ghn4PtpxfivnkkdyYDssxA4HCEVLZUDn2,legit,,normal
W00211,bc1qs39tqfw8ez9ggnvh9ezxk58hksj746jl4zz4ke,legit,,normal
W00212,3FMVJbWoD3MvqDbU5dRZ1Rqi4CoXJMBveS,legit,,normal
W00213,bc1pe0mwv8slgksq76hhpu05kjpvcmj8kkadgk68t6fhwcspsl8a247q48jm76,legit,,normal
W00214,bc1qztjwjmat3wkn3jnacm8fdwdgskxdzeknqrayjx,legit,,normal
W00215,1PpLgHB3tji6rCJEfV9Y6aAPpvQ77JJKnL,legit,,normal
W00216,1FXLDx3smZZuSBg3kDxYiafGfDC6TVauYk,legit,,normal
W00217,bc1qv8amrfaac2pku4a7ppqwta936rcr9tk5hnv8rm,legit,,normal
W00218,1CN14rHZHH6t8tjyQx7984GBSNv33HGD5E,legit,,normal
W00219,bc1q9mznwkqph08ng0qyt9duwlz5dy4w833uexj2p9,legit,,normal
W00220,bc1qt5ztzg8k6r0p4fzwdk38895kyvadauy7kxwfqp,legit,,normal
W00221,3991Awqjv1SYwvQTLTNc84gx1uPpZG5ERB,legit,,normal
W00222,bc1qt54pxtmdc2ghzhjdzua40j96mufxppumtlmhrm,legit,,normal
W00223,3N6E2mbpNeuybCcR4rfrsL5r2RWYp4xTQY,legit,,normal
W00224,bc1p9m5d0ehfedazrklrlmmxcqhlwyfyvv3h7udmpnfxxcezsgdhfv4slm00zs,legit,,normal
W00225,bc1qrfp8xmn68mqrrx97tvfx0ppws6nkx8sfzrtx2e,legit,,normal
W00226,1656iceHBr8Lma2uEoZyDeRkuSQwz2uXxa,legit,,normal
W00227,3PkSTA2hvk3Q4AFh8zGp7J55rNzueWhu14,legit,,normal
W00228,1MZDovuzvowb3RkVpZUx4aRWdEJJbwtdWD,legit,,normal
W00229,1PEbV54XeS7y8T5riyhTM6gNSU7nbKwZdK,legit,,normal
W00230,1KoekCDkHWVtFCEJ9wG8t2Hb6StbR4ajSq,legit,,normal
W00231,18inUm3ScCxy4UFdrkNz5qGhPhkhbqSKj4,legit,,normal
W00232,33VKQ1Wjy5LjyagXpvrRPXc4HQc96o28tb,legit,,normal
W00233,bc1qlu4d99gjztep2a8t6c9updc99u4w2sl0npka9d,legit,,normal
W00234,125QbbMpRd1DUKbhhhRkocQJbcpjQdBwyG,legit,,normal
W00235,bc1pknd0gxtfuelqj4ydeepph6dzq35l8t4ygltetswvh7lfcfzaft7quqmaxm,legit,,normal
W00236,bc1p0udu0ctjj35fv593as2rfm0v9rseac8aqgnjgt80z24jujt70zdqgdv3zf,legit,,normal
W00237,1NBNZAJ9ojau45CW2HWvHX2EQfJgHxaEpf,legit,,normal
W00238,1P4BwvKVGuSfanHrMbk9zhauo3Sd1upJgb,legit,,normal
W00239,bc1q2p9lujh9gfrnp3lzzfna23uv8cmyj97cyywaa9,legit,,normal
W00240,bc1peejkk44anp95aqkfs4hhs4x070amyksyykv9wmalnkwqey23n29sxeh95h,legit,,normal
W00241,1BpnAB6kmLSaAzaTWHGzHyFLAad49yFJMo,legit,,normal
W00242,bc1pk4xfe72sel6mut9zdp3xpxpqk3m7y3ge2434n7tu8kwqw440xwqs3yfge5,legit,,normal
W00243,12wxLAxYXqxwFR9AZeEHK3Q9gKuq1PJa6a,legit,,normal
W00244,bc1qz40hyv2s7wn25ggg3azk24elurrqunjhyhcu48,legit,,normal
W00245,bc1q5ptwvg7uph9mv9u2wdx2y5h38fs4dnqj3vpwr0,legit,,normal
W00246,1AbHMMPD6Y64NNpY6zhm3izxADnT1N7Gbv,legit,,normal
W00247,1AGJc8fM7q8NJnLTmwVtdgWYer7WTBM2VU,legit,,normal
W00248,34QNGKvkoW9XxDts4jBHuZjbsQqpCQq4E7,legit,,normal
W00249,1LysM2zSrYjkXYLmGreBeLB6izqF9oQNsj,legit,,normal
W00250,16pWSSCEDgJDAuULyFNK6ZFn2j9GjXZuto,legit,,normal
W00251,1PCzKHoCNoBGDNq7dRBJt3comLJ6TN7yy,legit,,normal
W00252,15WXMQoZM5FCM3aHwLQUNQNpGyQ78k6swL,legit,,normal
W00253,bc1p3v0j7lvz3drtdwyzg597yn5zj3kz265vup5uwt9746eh98lt6ynsmf7xdp,legit,,normal
W00254,13LwB4ZwBjRrVsxVvy9PbczFx71sqXQc6i,legit,,normal
W00255,bc1pehvw6hc2s3upgwn4ncckue95rvt7xtydzyefcqqgn3tr36xzcsxsxq5jql,legit,,normal
W00256,bc1qar538rsenarygtvdvzsh2jhfwdqww9zdjw5sw5,legit,,normal
W00257,bc1qpe6cldk3u53mvpkazdcu70h69htvuas0p509j0,legit,,normal
W00258,3CCWv4XPcZ5UNm4y1pyYFi8uurdiYdpTW2,legit,,normal
W00259,35HtC2vLhm45zTLJfuZ7MMiCnKins2o7D5,legit,,normal
W00260,bc1qdn6u99p29ajgumnevasl9x56px3w52xqmmw4y8,legit,,normal
W00261,3GDyS4PQoC6eJ7WJD9McDMoP7EYgqnTTk1,legit,,normal
W00262,19iXk5XLkM9X8vdu2kB27AqimjhPgZJjTZ,legit,,normal
W00263,3FtWdvxyxxFGXFgQnhfrfZDf2fJTshKmBc,legit,,normal
W00264,3PydjzZ8itmVpKuVNTGX3j677j9VxPxMXZ,legit,,normal
W00265,1FiAsVKg9ixCasbsVbyfKbQyEfkgExa9i4,legit,,normal
W00266,16DBRkR3k3BAgqNLJXAnvnHYSVZJijvbNr,legit,,normal
W00267,1FwNUXdivf7uYK4fvN5s1rdm7AHWZs9NKk,legit,,normal
W00268,bc1qakau8e4xsgjlth40zjsmym5zyyghr5rvnkjnz4,legit,,normal
W00269,1Mev32kjfpn9c1aD4SDdHy1CwWeQCyptkp,legit,,normal
W00270,3KGCQbQFVg9a9asXn8vHzJiucc7LQke3Ss,legit,,normal
W00271,bc1qk0y0rqpvwwc8l8ag2kjc5jdcql5dr03kt3tmux,legit,,normal
W00272,12yg17FtbdsHbuaf8ZAHs1FCpsB3Tp7Gnk,legit,,normal
W00273,3EWRwiuzDo2VySuL3Bn4Bzxy7i9XW4NFRz,legit,,normal
W00274,bc1p0kc8ng7wtr0jrrs67s8peqescglv23sc9glgh80ssf282ndud2qqhgexww,legit,,normal
W00275,1Cisd6L3XDvkLAn7rdfGcfS1Qt73Q6N8RF,legit,,normal
W00276,bc1qemshhxul3m885qseaz0smyja3nu9fvwfj3ajrr,legit,,normal
W00277,1Lhk529X7kdHcBNG6tLMDiUMDPRbs8dBi2,legit,,normal
W00278,38jmisJqSNiVbwsDhhnmmCNRPkubnY8Paz,legit,,normal
W00279,11jYGVUJWJUahoXQ9deiEYH8R9G7nqRtU,legit,,normal
W00280,bc1qntj4zd6r2mxjnntp8j4zeqhc59pmfvvgdz8mve,legit,,normal
W00281,bc1pm4eumw3h6slscrpcgeqz7usu458fvp54udm4fdcgk0w8apq3dntqvk80ml,legit,,normal
W00282,bc1qhrnwdd6pvzj5zhapwxa4mrqlgmd36e497a6gle,legit,,normal
W00283,bc1qjk5t89rcy4cunsk6rm6wrzu7j8nc4cptzm7lec,legit,,normal
W00284,bc1q6wfgey775r5xr8s55r2xvz39rca6uxtrcj3yw7,legit,,normal
W00285,1KeTRgVTK9aPSoZHTv68x2rWUtn3bn2Wns,legit,,normal
W00286,bc1q0w8v2yjmjgn2zhsqsr0hxmn6jrgn3e92cqx5k2,legit,,normal
W00287,35hTEQeTx9NjDZ4bcAHd5XDwQrLDK8Q4WP,legit,,normal
W00288,15bogkzS6FoVQGtkDzTZ3FCkD1QNSKd4Ad,legit,,normal
W00289,18wVHC1Ckf3p2QdSpKiY8hfCFpAwahxG9v,legit,,normal
W00290,31wpwpfwMqA4ZZEcTzAFFgJY4viN9pLZVB,legit,,normal
W00291,3P4VcwaLrt6UcwJbrwQvNtNegFJUwVxURD,legit,,normal
W00292,bc1qqdxkkjrszxfhpwv34pfyyv0rjscqgc6mcsp73x,legit,,normal
W00293,1KPJZhGZX1s6TzKY4eGgPg9neZ42HDqHe4,legit,,normal
W00294,129WxNh1xu6JL5C5wVPFuXMggYogp9MSWu,legit,,normal
W00295,bc1qzspht4n0ty8cczqxz79axajkn88fywvmyy2vjy,legit,,normal
W00296,1FsTW79Sw7RCaSA5PJp9EmGwAJfdpUGfHU,legit,,normal
W00297,3D9EdMTugBxnLEvus6zNQXrF1hpBWvfJ6f,legit,,normal
W00298,bc1qjdncqdhd3uhnxcdsfjhk7mlwedtww6u0vj2nlf,legit,,normal
W00299,1H1VUYC8K2Si7KqWfCrcg5c22Tj598XWe1,legit,,normal
W00300,bc1pdtny9xk02xkalcxh33wcxlqpwcl5ngwufjm2e5hhe5rand5ashpqmytpkt,legit,,normal
W00301,bc1p5khagd8wjgau3j3kpfjlc2v0ze4x3hvg9kxue5hrdakwepwx2s4qd8ne6m,legit,,normal
W00302,3BKUM5MaY4RBXu8469XBJJzMBfqH21QYLb,legit,,normal
W00303,3DgTadGz11eXbZ9S8bnsV2yEtL1DoqfvqB,legit,,normal
W00304,1EGZCBcC2iWbChzWV6fUHMHrrwM8T4Fsgp,legit,,normal
W00305,1MLW6zSeKeUBk6wcZCQB9DbiWM2NuaQUvN,legit,,normal
W00306,1EzacVodLKkz9T7i3a6odZVQSNxWB2St1G,legit,,normal
W00307,13Qe1XbA5zSuuqJmUuLK57hCMmCjnUBQpR,legit,,normal
W00308,bc1pxam5rc9gmk5jns9wvkpl8c6cjw0ruglelqmyfnck7j7xky3yn6qqz6d6fd,legit,,normal
W00309,1CzSwTDkjWEhruPNZefjeUkMzWC1ZenSAJ,legit,,normal
W00310,15SumECVAGsMj2dYQw9HyBZjGsWYHMABX9,legit,,normal
W00311,1LFJrLfkaDmq3UboQLtnb8U83Jrc4AnWxH,legit,,normal
W00312,3KCNS1svJKWSRinvLxCzGpXGN66MK7yAtL,legit,,normal
W00313,bc1quqthfye4uu6lsuvq9p8r2dhl24uu0l6llfzx67,legit,,normal
W00314,1CCt9HFDJHWwj6nauacyFAmQPwMU14n8oU,legit,,normal
W00315,1DTR9xh34XDf9bevj4ZjoofEL9owCraiHC,legit,,normal
W00316,bc1qxhqaaqhwah4nt5tvmj54d64d7md7d2sdljqpnu,legit,,normal
W00317,bc1q09n6suyslf2nf2jg6q9serhyj2vc7ph2p3tj8l,legit,,normal
W00318,3PXo6FYQ3gq1NgpCf5xJ1kKhLa4Hvoodhf,legit,,normal
W00319,1cMvNX5GmC36mmTpvoJ6L4Fn25BnMJ7Ah,legit,,normal
W00320,bc1qr6mzefkm8av4r7cumh0wsn8srm3ptueepy6pl9,legit,,normal
W00321,bc1qk6xmh24nk5m4zcy30s77memrheyh0tueuh6ptd,legit,,normal
W00322,3MByYEW4DEzLzETx8VR6gJpDX3DgNWzTbD,legit,,normal
W00323,bc1q5l9zpemuxdtdknq65edr6ptf4tuq9ee8jwm9x9,legit,,normal
W00324,1K6aiuTQz7qGKhSo8pqchjzDaBc9Gwc8RZ,legit,,normal
W00325,bc1pjfvu55mg5uz8mevhv2p5d3d2lencxau78zkgsq36kza6h27hmdxq4r3fe7,legit,,normal
W00326,bc1pgvugkd9talh4hw86ft0404cyvg4tpckx8z3q430lqrhgpwhsd7lshk3eha,legit,,normal
W00327,1JTf2RapfHnDB3fpwZfeyxWncNxYMts215,legit,,normal
W00328,bc1q3ph4lgvfjp3mm64re8d4s7ylyv5tq0ayhlcmse,legit,,normal
W00329,17ovnfWuLwwb18RGGNY7Su7tKX9hVw6Kpp,legit,,normal
W00330,1DJZqor8es4rp98QgLEEe6gEisnq9ttvih,legit,,normal
W00331,bc1q5mj2nj3rrvz8lwckgdvtjnvu2mcnqq6wln9dep,legit,,normal
W00332,1BHuUXT6eX2RCHuhGGZZJJU4gKjipwZyFL,legit,,normal
W00333,1JwCT77SyYirqkcw4qSRSEDhZGUGCgUY9E,legit,,normal
W00334,3PUAd5tLP5hp5rXj52FMiZ27X8twA6ntmL,legit,,normal
W00335,bc1qvpelharn5z85luujeyryzymfpky7hs0vl9t57r,legit,,normal
W00336,bc1pkyej2jjug2f5caqdmfygj62c8k7jvhcp0h9evewtspa5j45huftswlq5yg,legit,,normal
W00337,1NiWg24VpLfFdH5GzmeWinQbJ5VdaVsjrD,legit,,normal
W00338,bc1qmr4u7aez6zqkh24mygxv9mhxylxnnqefegtvqv,legit,,normal
W00339,189n8kP2r1Fe6VeGba3GisXMe3Bf492Rrj,legit,,normal
W00340,1P3g4nXdh3rr4TLGnG5PdegVEm7xE45kdG,legit,,normal
W00341,bc1px6xx4dphfgxak5x4mzag2vhuahlsj4jnfn42lzpdkva6djqmrllqln6w73,legit,,normal
W00342,bc1qyxea44ylrwhn8lrjyds0cvut48ycrv9enjxh02,legit,,normal
W00343,bc1pr4vmrlytrl78jm5s3502eejx43qr056dmzx8n5cqa68lkf2pexmsmx79xh,legit,,normal
W00344,38Beh7rDh6ejLntcLuLDZat6GGijHuZMqZ,legit,,normal
W00345,1FofsGKd5YRFeKYNMatcBA5Gj2jpTUTGVh,legit,,normal
W00346,bc1psc247kyn2uqfm8lhyq86ddy35pqdv2cyg8jw0a52vv89qpeg8e9sjt2vlf,legit,,normal
W00347,bc1ppd9cev3xg5spuz4mfaea0pnzzpp0jpkxujjk4wwwa0a56utsch0s4chwxk,legit,,normal
W00348,12NTGkGgSQ5gGRqMijyJ4MrNX1YjSVeN6h,legit,,normal
W00349,bc1pd95yn30dz69he7pyn6sweuxu63kvv3wvy97yux4mjqcz5uj4p07s3m4gxn,legit,,normal
W00350,3JvDJYRusW19fivNkyzenKbaLpyww7bsZk,legit,,normal
W00351,1AZTQ1PyajyR8zoMXPuPaPmRhq18HysFQc,legit,,normal
W00352,1KGHND33XSYfnNpvRRKNHt7nKLiqQx2dAT,legit,,normal
W00353,3CXKjp415t7Qq3KXxsdvgvNMAfu2AA9a7b,legit,,normal
W00354,1PEyxKuo2DdxTEmZ8nse7BgRqrbF2BF4XV,legit,,normal
W00355,bc1q3092a9mtv4ejgyn9ajezugatatzy9rn2rpder6,legit,,normal
W00356,bc1qyjwje8n68t0nwvva5l6g7xqr4ka8g2plfq729k,legit,,normal
W00357,1NUb3kkKBURPHWc2uDP7Qh8tH6nPsKG2NF,legit,,normal
W00358,1GKdkrEeUSfkwqHmEcKdZ9Vj4R4BkyJrUs,legit,,normal
W00359,373HavDeViRvxg45BKqbmR18VMST1M2u26,legit,,normal
W00360,bc1qzgr0mj4xecms8ane7h44hjmvdsuf3p4rwftr0m,legit,,normal
W00361,1DFAkQ2kUMMzw3Nxd8o1bhLDhQzbyTtALo,legit,,normal
W00362,3JAQAgi4QKrqTbv36ha3sqnpgJpFdfrwQo,legit,,normal
W00363,1D3XtrUZaC8AGJyh7L97bWxiUKXgceFWMn,legit,,normal
W00364,33zTKT8iRKDyMSGKtv8NYF8z6VmEoxmfDX,legit,,normal
W00365,3EZNPwdTnxAp4662Xe3XhnwveZKU9NCfNk,legit,,normal
W00366,1LuyBxxEu4on8xwXZ6BaG5e6scPF3NzjMG,legit,,normal
W00367,1Kv5V2eP59bsqZ5YozEJ74Z6CxDDR2GYjk,legit,,normal
W00368,bc1qwp6d3uvhkkkwnhg5fsj295vaesaqslppqmkuk0,legit,,normal
W00369,bc1qwc6qdvja2ppmw687cnneaygzrhert2yc5hayms,legit,,normal
W00370,bc1qrcyj056a0us2r6wjl6k5sypzduqy2p3r56vgd7,legit,,normal
W00371,1FnfbanZawBux7CZk9XnHsfa1LjS2BDiW1,legit,,normal
W00372,3H894hz2vf9g5fGmhFeVVzU6yy5WLMrUDn,legit,,normal
W00373,bc1pdldejh4jwgktmmqs69pypezn7v0rlst5djn3zn9s3xfq38tpnf9s5z524f,legit,,normal
W00374,bc1q6en6agme65ujalrs7frswgzwxvc9we4wq7zppr,legit,,normal
W00375,bc1q220htvuslt5pznly7llg6sc3h9up3y00akwvrg,legit,,normal
W00376,33Dw1udURSHbMEH6R9kV7h4SD7zx8zj8PF,legit,,normal
W00377,14oBBrgNrToxwbS6nFSE89BqJcSWZzf2rS,legit,,normal
W00378,1Bvfhc9K4QJdLgXg2t88DaLW5KnR724PqV,legit,,normal
W00379,bc1q38nys9wx0mepffpnpnz0s8nrtu4k3sxqnnzkkr,legit,,normal
W00380,bc1qm0vc8exv8lx0s386ksmesf3n6y8pauqefhxv2e,legit,,normal
W00381,3MP5fPT4gtG5fr318jZ6jCfxpSNZoXjxE6,legit,,normal
W00382,bc1q60x4zurspnlz3clwjfwm7fdv28prgxfmjr5a8p,legit,,normal
W00383,3AXMhEgApJNLF6ksdqxooY246wzQQSVy9S,legit,,normal
W00384,1ERDfSnXeSySb2viPJdUdANUe9zQRbnH4g,legit,,normal
W00385,1AjENtqtd9Q66sZpv38kygTJue8JGCBW8k,legit,,normal
W00386,1N8WRqt6BGcm28CPmXY3VMeh2RjCUm2aZ3,legit,,normal
W00387,bc1qkemytw6tfwrvt2sj9aka9u3tcpfmz6ny5gedeh,legit,,normal
W00388,bc1qv4mcus67rhzd8p5xfl64nd6tdyvsjj3rl5m7zd,legit,,normal
W00389,3A1TVXLFeC4jk7R6qGhGeYV59c3kuFhQGA,legit,,normal
W00390,1HKNSpGf4AuqXiLvRSgtX3V4DV27JRj1KQ,legit,,normal
W00391,bc1pp7njynm289s6g5xnnzly328gd0sv5pvg8r8syufzskqltgqj4arqgjefzu,legit,,normal
W00392,3GZHUpZpAvJph8ciRSoyupcDaTcgkhjDsr,legit,,normal
W00393,32hZNoBLvwLkHzDkrRY5vj5dz5Wsh3Wd5P,legit,,normal
W00394,3GiqmbB1a32bjo1VcBBJyce2a4973ur1d1,legit,,normal
W00395,1GDAmrXUJ9WEeTqdkVvGAEsdVJk9BAFKkU,legit,,normal
W00396,bc1q4yf0k4jucafydpw0mdkxph4dnhvn48udxnhegs,legit,,normal
W00397,1ArsWbrbnCcxEShmR1sabncHu1Mdhg2QpK,legit,,normal
W00398,bc1qvq84jmdq56d96me3zdywlvumcx4sjaa9wr7d47,legit,,normal
W00399,1EJU6GDggTrixR66U38qiDyjLqpoczEnA4,legit,,normal
W00400,bc1qr7dpkqknvrcv3uvrh7m90k7hluj9cngg52m5m0,legit,,normal
W00401,3JXmnA32Ys8maTUEmvW4LQFEzc8EdvfqFR,legit,,normal
W00402,bc1qtrtu6dfumlcgn6r3cdjkvaf2zpxcvhxvvmvkvy,legit,,normal
W00403,3NgwTez3ghU1sFKJnnF32ArhEhn73YuBSj,legit,,normal
W00404,33VagvEvBhRcBefi6htdfssqutnVvdM2e1,legit,,normal
W00405,bc1qr253jswr5gzc043qgqz4dle4632t95a3guj7sq,legit,,normal
W00406,1Ea2rBGqDdhS3yHv5PJfho5BGYLRx9ztwd,legit,,normal
W00407,bc1q9cafwhsd6904xt6u443fwzzk838hf7q0mp0xsj,legit,,normal
W00408,bc1qv2p0pfj6nx8ghy6g68cra04jmk6krl885rq83h,legit,,normal
W00409,3DiWh7HQagYvFFKiZjh3ScACpc3Q2EfrA5,legit,,normal
W00410,1Pd9cAZpiEqGHE6TMrPbDmf9qbjseoG8bB,legit,,normal
W00411,3PjRaju3FLav6j4Tccqm4obzFWoEMERpQt,legit,,normal
W00412,13Hzys3EdLzDs4QnUbqAGMww6EbnHMfoj6,legit,,normal
W00413,1CixuCsjzUdhZVXNcrJqG8CAGtRFpwJa1z,legit,,normal
W00414,3FBKESCU9GaSd45mzejuguPKMLTKUrHo4V,legit,,normal
W00415,33u4SrXToXzMo9Rpwc8SwuqDryYQwcMX6k,legit,,normal
W00416,1LUpVFEz6nt8e7TjaEparmztTSaN9mhTg8,legit,,normal
W00417,15siRXnG5BEAegMtYYLCLxYFGc6rD2ZxMC,legit,,normal
W00418,3BoPu8ynA1dFvtN5DtmTaqME3TLEVUpqZa,legit,,normal
W00419,1BTbcGxdDEbcef4f82w38ucVj4DjHQmcsg,legit,,normal
W00420,122VyLn3EbK76XPEB8CHNqw4TPmU9yrRw9,legit,,normal
W00421,bc1q75cvaxses798cejmxdqtc70w3smp03wywmfkz8,legit,,normal
W00422,138tCF5UeygHPfggVzfat1iCB88k9WnnCq,legit,,normal
W00423,3QpgoaijFJ2pNr4N89LqrWUT9EoSWicckj,legit,,normal
W00424,1DkNLBstaiF4CqRpV4nuz6eiRhQnGKZXdB,legit,,normal
W00425,13UVsHWXVCyLE6m24rX7cW7x7SG7MZ6ctP,legit,,normal
W00426,bc1q3jwrcnq367y4yhgum2q4craapfyry2xz8vpady,legit,,normal
W00427,39f67MGWAaDJJqfC1JAczrs2CiqFQYTwCJ,legit,,normal
W00428,17JrYxQNdkcjwcP6te4UTdJZFcHftFgVZt,legit,,normal
W00429,38RGHham9aoXDi2u8nZ3tqDmEimESeR1MH,legit,,normal
W00430,bc1qpu4g5e4vrpskle0q29knefp50trncqnu4mz3tj,legit,,normal
W00431,3BZvBEHvRrjE2GmGcTPodiSegdtw5oSaFH,legit,,normal
W00432,1LsTWk2paT6ZWwx1SLTXEVSNayQeVRc5cD,legit,,normal
W00433,bc1qu5uts8fys2pg4wvc7kk98f92e9822v4hre0v29,legit,,normal
W00434,bc1qqk9xtq4tszqcp4a7knt08ylha8ajzh03l7wuq8,legit,,normal
W00435,bc1p96r0xvkx5sf2alc8dc82w6una894r5df293c59ffpj8pf7hmva5qsrkrn4,legit,,normal
W00436,1NGR2W8d3r2DqDGgFXXJ5tRuaQGkCc7ini,legit,,normal
W00437,bc1p36yrg5ye2lsmy2ypdwhsq09k6rr85tm7u2qsuez7vz5x2qf34f4s6a6wrc,legit,,normal
W00438,1PgfbNj1wGHEYynjUTfYvydKXjNP3PJi1m,legit,,normal
W00439,1C4F5775kmpjoFNnrnfpgYcVGzbeP96h1b,legit,,normal
W00440,bc1qy98hf2d09vwhw6zlluqjxd7fvghvyckhucs095,legit,,normal
W00441,bc1qr7xcq0cr3ptxs54h38cxrngqgw2gtmq6y3xtyv,legit,,normal
W00442,bc1pmtukvl0rly9dkdwswrg4gfqswhdsntgw5regf5dnzy8rxtlaamnqh5m2hv,legit,,normal
W00443,bc1qrhlnvmt92y2u2n3sv08gkerc4q0gdk2765dh5t,legit,,normal
W00444,1LmN9fh4LCDT4z6gENPewNn2W7pTU4pLG4,legit,,normal
W00445,bc1q69pmfd4utdtm6jtpfc680xz7l87jugys8e7vwc,legit,,normal
W00446,bc1q8w4as9suxlqf7ackpzs6ss93cjp6ka0v7f08lg,legit,,normal
W00447,bc1qh2qz3cx7uef5lhs7t4qdhfcke45gkjnq7fur7y,legit,,normal
W00448,1Bve6WHJzBC8xqAazfNQTTSCP7n63XHqYh,legit,,normal
W00449,3FxbbmrkSijWY5t6fXthXJwwGnsmXNPjp8,legit,,normal
W00450,3F6TZ3x649LiquxZv7Vp7XkBsGbVRZv7QX,legit,,normal
W00451,14w7vGYZmoQvyNy7DqR5xZxgirfT4vTBfK,legit,,normal
W00452,bc1q0g2e9w2jqjkwpmrwr24sq5e6lzdz9ql2k7y34m,legit,,normal
W00453,bc1qvhzr6h387rthjkvegmc2utcyvzjf04pz5444ct,legit,,normal
W00454,16qeLfznVQHWktAdSeKGy2s1zbadFtnAVX,legit,,normal
W00455,3MiuhR7DQGfEJ2wekgLTvKuUN2U6Bc7C41,legit,,normal
W00456,1Kn8npREQpEdHnmwzZK1jqKCwVERL2RFgu,legit,,normal
W00457,37V8CuZAapwKQhRwKy3jLXy26enPASDBmo,legit,,normal
W00458,bc1qefmz25yw0htfrjnfkmsn4xw6vzwp3wzafwr7a2,legit,,normal
W00459,1FgPhWdoJ4pHYXfwwxx7Qbx8jX3b89uKYT,legit,,normal
W00460,34nKMmBS2BM3q7ZhmjkvrUYjREpkhCVssj,legit,,normal
W00461,bc1qqtzlaf9tmtjfvjxcpj2nt6qhjuzd5zhygyzfg5,legit,,normal
W00462,bc1qzttvdrmevym3kg5s200fr26hq2s2ds6mrze550,legit,,normal
W00463,bc1pf9l0d5aj87w7qxac66yxy9xs4rm4saht9z2t9dtwnukpusxx0s2q79ltxc,legit,,normal
W00464,bc1qmrqqe5t6lxy4nzrt2ujklfk0mwmz5zssvxh5c2,legit,,normal
W00465,3CauLRycfcS8Nt3rRajqEbZBaAXPH23cci,legit,,normal
W00466,bc1q52tg6tg06a3tnpf65nw3fpjc586dj5xn03v9s4,legit,,normal
W00467,bc1qfep0cdryyfkkdfmhv7rk22pvzfpf6s62vjzsvz,legit,,normal
W00468,bc1qeyygz8hw2htuhx05hpgp35084x2c9u9rfdaqj8,legit,,normal
W00469,bc1q29txnny4luj4v5zrq43c9larwl7hxtndu8rkum,legit,,normal
W00470,bc1qrfmlht5ege23s58e24qz09v6fawkpl70583ayn,legit,,normal
W00471,13qjQYogerB8JyWu685PoUXhrjTMLkGRuL,legit,,normal
W00472,3FCva75sTxeZcDGMP7VnKCBCandUTRMCGP,legit,,normal
W00473,1EVZfdj8kKD2yJHW1GbfdEB9vPEd5FpxxE,legit,,normal
W00474,17XZRUXzPLeokCrivCGYne5ScSBBM1pJBF,legit,,normal
W00475,1JkTCBbAr9k1hQU3dbY9bYimYUxyVSLjBC,legit,,normal
W00476,3Q4TnE5qpABd1zTUHfz8p5pBp1AvmmhzWv,legit,,normal
W00477,13uLreEaDfnUeYEPKFkn1YSir2xqRQCxfe,legit,,normal
W00478,bc1qrqyhnjxz64vpgm9q0s484lf4xl9f0pzc93l4dd,legit,,normal
W00479,bc1qquxghf62mmcgtdy3n0v4ayj7hat0hk5jhqp5fj,legit,,normal
W00480,1m4HSQKuEp9oMEeDxynHUiyvwodxGCETZ,legit,,normal
W00481,bc1qfhd8xu8u9y73ff7jacvpkklah94r9yhqwm88h9,legit,,normal
W00482,1M1avLkssumDRGS7X4LhYUoU3xD2g1Tcgt,legit,,normal
W00483,bc1qumpejtgyuu2h9u5rh3he7naj7ru6756tt4nte4,legit,,normal
W00484,bc1qwdy2q7xgahutjd43q6w2lglmmk5fl9dryh8sf9,legit,,normal
W00485,bc1qtv7a2zgq557dqlx9rja4d0spz60lzznusgc4x3,legit,,normal
W00486,3PmWjdgoE6kEp4Ty9JR3ePjjHm2LT86o3v,legit,,normal
W00487,bc1qhwpeyr66lpvhs5e5a6aa7fp5gllh5qamak3lmk,legit,,normal
W00488,1KDrAvgbJVzoaXYxvA3V4BYNEtmgNU6jVD,legit,,normal
W00489,1HamvW4WfYu5RBLqHtfjnPcMJNpQAZ7J2q,legit,,normal
W00490,1B2xsY362a68NbBpcCJVt5PyYrCavThAmp,legit,,normal
W00491,1Aq5W2wki4zkNo55WCDbWx87mQxCPKdJkg,legit,,normal
W00492,bc1qshddxy7sqgzt94g4gj0xl63k823ru60ukcc004,legit,,normal
W00493,bc1qkcl6rdqlhvyzafjz0kxzzknh6rqpjmwkx0ewxw,legit,,normal
W00494,bc1q60j0va6l0khz7yu83chsgv7057pcnn449zhnjs,legit,,normal
W00495,1BispqmHMj8uZXVrQupTN6Gc9QeeK4ZFQq,legit,,normal
W00496,bc1qx6ccker5k4ff4jyr4jd4h5zd0qu5gcn9ygdcmm,legit,,normal
W00497,1D3fEHrFoDjrzsyRKhmpoSfbGB6hrz7xAo,legit,,normal
W00498,bc1q0452kjmmt0v8vvcqr5qzxk8hqwzjfa6jadapvr,legit,,normal
W00499,3BYXRjJ64ZH9Zgw55PGnY55ecgNCktqp8B,legit,,normal
W00500,bc1qmv0704t4t7k4gp7y6x05dkwhh7zmnv73ynat62,legit,,normal
W00501,3EQiCtEPon1XrFYYjtFAk7G7VhjccXzNfy,legit,,normal
W00502,bc1qrmlkm2aat6j9ksraxceslnvhx02vcr0yqqcn4u,legit,,normal
W00503,bc1q9qrntqe9qyeydw2nwp72kwefkx08ysgz3m0cds,legit,,normal
W00504,bc1pk28znvey76enw005ppxt7ldtxh59lqhvzpw8jg3kkngte8sdch4sjgheak,legit,,normal
W00505,14rmmPe5dH8gqqWRsjiQfv5oZxH3MG4Aji,legit,,normal
W00506,3BC5C5wi2XevU8dGHe8SzWbqXfYk9vPNTd,legit,,normal
W00507,3AWTeZ5SpstRHT5a5rHRx9Xpa11D7XrfB2,legit,,normal
W00508,1DARTD5wNMiMfbptKW8ph73KHuvjE9drSX,legit,,normal
W00509,35rvcuKjmaV33FmCLg5bkKfmnjUnwcBXia,legit,,normal
W00510,bc1qvcm9cph2fs7tns7hrdkzzvkctadft8r8p85npn,legit,,normal
W00511,bc1qt92zdvu4gc2rqc9r35ehwza049ahdzp97a6h8f,legit,,normal
W00512,bc1q23ngn7kj2ksm8rhdlk48facdk77spyvc79qs4t,legit,,normal
W00513,bc1qg35dqnc75s4ujg3rnp3mfs8jumkxn83rxga29q,legit,,normal
W00514,1M4MAmAqjjfei1eH29Uvq5NYqjhY1VXLPx,legit,,normal
W00515,3JQFdqbZgfi9zESrpE85K4RcxSzgmiKQVJ,legit,,normal
W00516,bc1qex655s0t06rc3jrmdgl39xs0trqvu7kdxelg2l,legit,,normal
W00517,bc1qdd06zhyyhqsu9qf9f4z68cxre3j4hm3tx270ks,legit,,normal
W00518,bc1pe5gfmk5g7uwj9jy6l386ktukkd8wjtcuh64hma0c2aap4eyy0hkseh8r4x,legit,,normal
W00519,bc1qqwgs2j5s8uh0g4rf0tr3792n6f436tjzu7j0yc,legit,,normal
W00520,3Df3biGgYb8A8fGsiCexWYsUzpNpGpeDaf,legit,,normal
W00521,bc1q8jqnt8q72n7rs5ctrwr25vfutggrn5z7ckx6fg,legit,,normal
W00522,bc1qkkc2c2ed5rv2zcfwp7v40arngprmk4hylcq48l,legit,,normal
W00523,3KVHdaeVNv2qmJY89NmC1GedrDsRW99G8f,legit,,normal
W00524,1J6BRT4VRdXoELB2uMyT4XQ3ReY5bZtyRT,legit,,normal
W00525,bc1pgcwxvta6jazh9wrqduvr6fv4h3mwxzc370a8ul7w7wehze7pl7aqq357uj,legit,,normal
W00526,15cFcWBMpfta2ZxRorjuC6hpruiitQJX6T,legit,,normal
W00527,bc1qjmzn2am8hxdrhzwg6afzuqup865ldpljjld9t3,legit,,normal
W00528,bc1qalsunz5n9zt3qqukwj0sfpmhggmyk4f65kjq9y,legit,,normal
W00529,bc1qxkv2hlpchlk0unxcln2qc6zmxjnm0eqefgdghq,legit,,normal
W00530,1EvFENoYUYxFt22ZGFxQAZjuWwjypYCqxd,legit,,normal
W00531,bc1q0k2cfgjd0xepa5pffu9w6dufvd328xy5svnzyl,legit,,normal
W00532,12eYinf96apEwRXuS4hRew8WWqx6A6FGs3,legit,,normal
W00533,bc1qfaagj06rnwxw0rqu5syvrs6ut49tcjf98gv87n,legit,,normal
W00534,bc1qpxcc72s2v8jpfah6qkrgq7u935pgp3vvdaa9fd,legit,,normal
W00535,bc1qvwsnpvcpf3dqyrjsnhrs63asa8pn9s9zxe6rxa,legit,,normal
W00536,bc1qdvkrrfnrnzkgl4cdyk6lxt8n06z3kj5hltj764,legit,,normal
W00537,3GQbwY8QFkHh5sURECKYyksJu4TAgEABCC,legit,,normal
W00538,bc1q2n4w5l3lk5v3p6x608eums4utawnls3sgdapkf,legit,,normal
W00539,bc1q73lzjzmrup907juv2mpkyj9kdtvfhg69gkvz8p,legit,,normal
W00540,33DqagZBDxSGjnN4pkkgF1mQPnUyTYz8e3,legit,,normal
W00541,bc1qh7583m8yavqdvgjv0tn30ldwqmdau6m84hzh9x,legit,,normal
W00542,3HchawqbZj9gvypqExEWRarSLJqYyUuncd,legit,,normal
W00543,18XLwPXNcEX5RufpRXEe29dUCXAyykVkX1,legit,,normal
W00544,bc1qxaat9hravhnwm5pywq6h4awxgzn8ertzc592wu,legit,,normal
W00545,bc1q2y8c097a9t2uqrz7c63ml896a9p0n7ge8du092,legit,,normal
W00546,bc1p0z9s8k58jm239cks8p8njlc94en2473f2x5c29n70gl4g60ljycqs9zta0,legit,,normal
W00547,bc1prfp9ddhd2lfyrva80sqv5xfce30g5xvcjmeyqeu40un96vllpxws2a9szv,legit,,normal
W00548,bc1qr96j654s2mufw390lnu6w4l8sef3ua3c2409px,legit,,normal
W00549,3FPmGsSTWzhWRMvX1i8V1RmhGNLDsdtaJp,legit,,normal
W00550,16Vw3iiXC8Q71QdnuUkvWuXWYQgvaWQjbD,legit,,normal
W00551,bc1pkx2sgwxw6svmpmx3xjdrx302qvslrak952vvkwr0cn5q73prjedqney4qa,legit,,normal
W00552,bc1qrjtar35mqvdlm9fr4e2k0w7nlkmgjqfasew5au,legit,,normal
W00553,3Kkgw2Rz7Aq7kfConfEohwuJnzX2zXPjNC,legit,,normal
W00554,13fo9DT7Dnbu2hGbPoCnerxfKaDjgDcfRW,legit,,normal
W00555,bc1qyvv7h42lylfrf24xk4d6ryea70vmmvnr6zjudp,legit,,normal
W00556,bc1qrx70ucvv066mvd8mat82hyu78vwyqv03vpxpax,legit,,normal
W00557,bc1ppxwvwzns3252x6lru5yycm222h2hpy2pyhzpxajaa2vudf8v7h8qc8x2tl,legit,,normal
W00558,bc1qzdwldsvwjjhlrdcjzqdtwk5fex8njjp7r0djds,legit,,normal
W00559,1J3seTqHWYhuPmcmsw5qPxF8SmFda7epGq,legit,,normal
W00560,3MFeB58yyTT85Rj69o62qkqprAK2BzkwGh,legit,,normal
W00561,bc1qrd8zqmdg40x67p4nmfsn73cgqryn5ep2a4ngyf,legit,,normal
W00562,1B73RrdBhA1KnUTTpGGzM5XbFYf7rpCeDa,legit,,normal
W00563,3ARY5ComZxX2s1YDUGTwsAMQD2ornF1Je3,legit,,normal
W00564,bc1qd97h7dv7kq5c35clddjrkf5sshreesn6v678pu,legit,,normal
W00565,bc1qxd0drjfxwvgy0keep70trm74zpwmlm2pxte3fr,legit,,normal
W00566,16XBaf8F2bPQUFfrf739D8v5E32vPdMYc4,legit,,normal
W00567,1Fm8QyYszcX4umBSTeMs2H6FHiDvZQdvc9,legit,,normal
W00568,bc1q9nehts7vcw5cu7fgyt5pqekw2u82xdnc9mjz4m,legit,,normal
W00569,13E4B69dFg9TaJFLCtXHsbgBEMse1hy1KQ,legit,,normal
W00570,13byWBiw5t6owGZeTjb9FPKuQaaCNykTZr,legit,,normal
W00571,bc1qs27sk3ppvrp9khhcndhmqs8ex947re6pya2hce,legit,,normal
W00572,17WWhuRzrkKecjnW4AdgbNjnQt7kYEsuYA,legit,,normal
W00573,1Dz4T5yiy3vWTFESKAsSPAsyhWZnbEY7vZ,legit,,normal
W00574,bc1qd55058f5uh9d849ez6pjf07s6txgyd2w7x4yd7,legit,,normal
W00575,1JubdekdU9jsDHvEmLcwLpXdH1JXYb3EKq,legit,,normal
W00576,bc1q9m2w9zgg7p2k8zsgnkhvvyp6prv7npx2p2r70n,legit,,normal
W00577,bc1qh4mu3ysnag7q9re8kltp9qgx9pj9tfgswygw63,legit,,normal
W00578,bc1qrdw2mn6qskdza5yuu2fdyt55yzsyfc63zauql8,legit,,normal
W00579,bc1qm9qc5nprm2fm386e6m0kcaxj8v066tkux5kctm,legit,,normal
W00580,1YPWhzRqigN2MEEH5ZA9quViS1by9SVsf,legit,,normal
W00581,3DtCkgN4Bg5WoiwgxsRqW1vr7x7oojTWfp,legit,,normal
W00582,3GxKYjqbTJMEY57jwgoqT2HMnysD9nEmTN,legit,,normal
W00583,bc1q7hxh5tcsnz4k65yddcskkez0rzaln0sfungwuj,legit,,normal
W00584,14qut3CWAZGmvGmHZJt6aoNAKRjyZSnAfK,legit,,normal
W00585,bc1pdy4fwug7mmz72m4vwmmg8uwwl72ena9adltge30p5ydfdlpny9xspmhmsm,legit,,normal
W00586,3F5ZmDKk9QkXuXeEVeWsayGACNLizAXdEr,legit,,normal
W00587,1DmfiYxz1m7Kz7ENJECGwjVZCjvxYChB2h,legit,,normal
W00588,bc1qd7gxexypymcavg694ed5whrw6ejhpdu5krvc22,legit,,normal
W00589,33QgPcso5iUogMzWFhB4ph7y9bkfbcGUkG,legit,,normal
W00590,16x9AP9zdKa6t5LCwYQtVsmRVS941wQrhF,legit,,normal
W00591,1LZEiV3k2TzYEvRonFWvJT7jJyLwRZm8Cz,legit,,normal
W00592,bc1qwcsxveyqldtxlaqcsu3zq6kemfcxdphtyvh3ck,legit,,normal
W00593,bc1ptw0ngzdkshu8ylf466cp08wptx0w9sasc6gqdgtk79tk5z28cenq8llwx4,legit,,normal
W00594,16BEVoCXs8CPZP4KZZTqPXaCk6y5q4Szt1,legit,,normal
W00595,bc1qjejsvkntgzmvar9tuh3h20xppfr7qgct3zv84n,legit,,normal
W00596,bc1qtppanhmw9g5k9u0xxlt5g8mylak2jas2xgla8c,legit,,normal
W00597,bc1q6z52053k56gjecepmgfhz9yrhnqqv7ecar0m7v,legit,,normal
W00598,3M6yh8nbt3SZRdqy3jR8VnFmdePcYyFodk,legit,,normal
W00599,3KMriK4HuH6EufyBm9bZiU6w3HS8p9WfFS,legit,,normal
W00600,bc1qdv40sk8ev9ahsrthhxl9nx85sn77wnz6t6gzyv,legit,,normal
W00601,bc1qyhc985kcehvrmg06gjrhtmlwm32wrfsk85m260,legit,,normal
W00602,1NFbVP1TsKPDPyDL42US6U47UqyKXno7zx,legit,,normal
W00603,bc1qfuy27llqwq3v8fr5qc07aj48t0uuz2jd06ghy4,legit,,normal
W00604,bc1q22h7cxmxd65gfwfze392cfggvvsfm5vj54p5w0,legit,,normal
W00605,bc1q5fpqz5rrns6hs3r0qt6dxdz37zat82dav666dk,legit,,normal
W00606,1D5w7K8CRMHEESu9WGRepYbVNqKLwXU3p4,legit,,normal
W00607,bc1qy8xrt5lshda6kzcgagfxmjdzv48gcmt2jvzc8j,legit,,normal
W00608,3JpWnXnSEHs4SkBvf6S82VMLuTiujhjLfP,legit,,normal
W00609,19PFLbQTSUUZFkjMnMXnsMBkWtv2AePWWv,legit,,normal
W00610,3KxJaViyjnLvaJbDDqYaJV67wXbE7KYScx,legit,,normal
W00611,14NzBd2QSv2wYD5MQj6Hhraj9SVVzH8Mo1,legit,,normal
W00612,13otBzAH8axvwnDoaosfLEqF6iusrVNL1N,legit,,normal
W00613,3Ej8X2YyHFUCfwGKUL5jR3tSEXgFPL9hjg,legit,,normal
W00614,33svb4L1D98WHFn8JvubxmfjJWRGwa5YWx,legit,,normal
W00615,bc1qd840yjq6a07kxvrsa0s2rjytzwe4cq23ew2ad8,legit,,normal
W00616,bc1qse2us0533enmvgvzq875tjtwecfqq2ef20yyrw,legit,,normal
W00617,bc1qthd0k29he9yswcjk5chtrgpzehu53534yhxrh9,legit,,normal
W00618,1s1VnVNuCGg92bvJqgefyR7uK5vDzWhum,legit,,normal
W00619,1Pp2dZN4AecnrUupcpYtCZbEmBYAiwn9St,legit,,normal
W00620,bc1p9ttmv43tmtsj7940j8zapax3lg8gckn0aa3gyethpyz4mz4fre2shjazf8,legit,,normal
W00621,bc1qvza3utrpsm4fx27dfg4qzp5aplhqsmlrhsf7p3,legit,,normal
W00622,bc1q2w0pjgfsj53dq98kcjspymmc7xnzy0aq2wgt4g,legit,,normal
W00623,1Cuiky4NwoVKPrECu373p6sh2gfdvvhMmh,legit,,normal
W00624,bc1q66rpp0a38eqndaekyncppvu9ftzcl57nynltpa,legit,,normal
W00625,bc1qgwrcuu2uc94lhtexn7v89ek49nxl7kuzkuyw7p,legit,,normal
W00626,1DwAy1C6wXy3jp3g97LCCmZeAVTCyv3Y3Z,legit,,normal
W00627,39upCACopHcXrftiXLviVxkfuaxtrB5zFJ,legit,,normal
W00628,bc1pw05znfgc6me06yrawvnps7nr2x2xm4hn596gtwnwghpwr9wl4ugqpm35yx,legit,,normal
W00629,bc1q9veeprcqpyvlnmk0pkkretcmadne69l6a6c7eu,legit,,normal
W00630,35T1enfdKYXgR88akok69tAx6Y3G1ERqpS,legit,,normal
W00631,bc1qd39tua7w7wlgu26whfq7cvup52wzp69zyzdhrz,legit,,normal
W00632,1GUSdq2oG8L1wTqcTjfM6dPtT1qVyFojtU,legit,,normal
W00633,bc1p9tjd9re0sask7z70fechhtl3ejjk6ufa8y3pxpk3g7e2enfwvsrqgtk05l,legit,,normal
W00634,3JgSq8gpaNJyCdAGVxRDJmsj62QmS9RCwB,legit,,normal
W00635,12hHh6jWmofDhTqjhn3y3Gi1AyF65AdMWd,legit,,normal
W00636,3EV6gF3g1V5PSrQ3CXq8yRYNjZDSMmLyED,legit,,normal
W00637,bc1qjfzz5vr9pshs8xk43x6wcdk6tyw9z6lzmpu625,legit,,normal
W00638,18ZQW879DYBnABjePp6FfcjWBNPB955mM7,legit,,normal
W00639,bc1qn3pdkal5pdfx5r6k7jk5l6mhx2zyqg3e33u747,legit,,normal
W00640,1DaVYmw7JGS774UUsSc4LHS7HT6JqP9qHe,legit,,normal
W00641,bc1qf6ccrjxcyjhkvzq6mcrzy8uddm2z2dvwukttst,legit,,normal
W00642,bc1qplg8z6lfvf3h3fjvq09fqlmxn5gusxtt808g2d,legit,,normal
W00643,1ABJQgH1HZaB8EqmW2gXw888faJACHLuBb,legit,,normal
W00644,3CNzZ6XQXg8ZrKtq2Lj8grBZK2G7UGBU7m,legit,,normal
W00645,1EsnkLaM3DoNYuGYJHrJxevip8vyyd7Qbr,legit,,normal
W00646,bc1qvsakcgnnxgzltvfnn3583csttkcymekgsyzpx0,legit,,normal
W00647,3L6jEUEynwscLvF14RYbMP9f6x7DUiw9FT,legit,,normal
W00648,bc1qmdrhjwj4u54pffekkue6ytpelm289sw3c8ftfx,legit,,normal
W00649,3ECzhM3jRBDgrJQB3BpBo4wrDGspAhY46h,legit,,normal
W00650,12ahbqvKXnqJTWLuyEnqY5Y1xaWWDXsdUX,legit,,normal
W00651,bc1qsujv8yyaafpr5eaz9lmrwx7f5kqsfxlkwz5grm,legit,,normal
W00652,bc1q2zd372xf3xr8x3untrhjpu4c7pnxyr7pagecxe,legit,,normal
W00653,17cQA7ic6PthrFyehsaDcrhJM15bABn51K,legit,,normal
W00654,bc1qgklxjzatszlz8w30wg0jacag4n38rupf8dd9wj,legit,,normal
W00655,1FbnuTdRxuFXp1PDa1HDmokHheocYkb4km,legit,,normal
W00656,1PJT8vJrMtz8bWaoqw5Eb1xdpt1KaiJEGE,legit,,normal
W00657,3MfzFV445jytwcoderaB1Y13VyVvYMa51d,legit,,normal
W00658,bc1qstz9fcykt873kdw9rsfr0gcavejlfq0dfc5zdv,legit,,normal
W00659,1FYFY8wqaRmwwnDuDGu9t44qunLdaJMHiG,legit,,normal
W00660,37Nnri5C4TMBs6mJ3rXCiixwSuNsNBwoP8,legit,,normal
W00661,bc1pu4mak8lqxnsmkphu0uk9gd7fcs3vwnmgkfvj8g997layajrthfms8gst0p,legit,,normal
W00662,38y7c1vXXwiXHPjRwzmg6sskuvRCC91tQe,legit,,normal
W00663,3FiU6shpHmSj1idX3k68LVYzFeRL3aq4W5,legit,,normal
W00664,bc1qqg8el8gjd78fxsufn623944wv58yydq6jm9wge,legit,,normal
W00665,bc1p4m565gdnnfs62286xgyp3grk58j4hltd5uesndcyguwgtjw28f6q058t46,legit,,normal
W00666,1HwHzVPzh1NAu5f5A6NZwqrX7c8evfmKax,legit,,normal
W00667,3KpssiUWZwAAp7h4htMQd93bcj9shBbRY6,legit,,normal
W00668,bc1qj3qzu9t4rjp0whvupf3mkrarrksfdr8dsmenn6,legit,,normal
W00669,1CEWFKiwNAkEZSEqv5BaiCgPBahXkibT5H,legit,,normal
W00670,16eaNWQdGJ3H3sK4eeXBbuydKiHRqHvDeZ,legit,,normal
W00671,3PewNqoZubMd1sDxYrZtARqQbuPfds9KuY,legit,,normal
W00672,bc1q9rh2keye5ppw9cw8q43e8fl08mc8ss7xvu3d4j,legit,,normal
W00673,bc1pujpnl2hs98zxfl8aw36fevtxazmj7lkx5j7yqe35atthszju7qdqclsd6d,legit,,normal
W00674,19jbMdRqf3rYvsVXT172BajriNn5oDxDzA,legit,,normal
W00675,bc1plkjpu70t80xyd0pa5pqcfaln8xum393kklj9maz2eqvygyj9cykse09x68,legit,,normal
W00676,bc1q7chpnrl6e070qtv8psngtfj8u4l4macjznwt2l,legit,,normal
W00677,1LoyqN5SHXbxKaEjpg4dUSo2KyYKVhzDoK,legit,,normal
W00678,bc1qstudpnp3s68fczfl053luhemah5l3hqlea6pvd,legit,,normal
W00679,bc1qarxl9c80mknwg97e7gkdz3kd785c65dcx0efaq,legit,,normal
W00680,bc1p0tnu404l4p54m74c8yfc6qt0a2ml2yx2ssqy7hhluqy4er4r6ahs804z06,legit,,normal
W00681,3AQQkXiVeg7UXbN3PAoRZ8VMGGPioryhYt,legit,,normal
W00682,bc1qu6dd2n26npt7ymwtjn92kmld657fqchsy2wwr8,legit,,normal
W00683,bc1qu3a6h6njc3t6m25qt4sp5je0mzupx8qhk3xjff,legit,,normal
W00684,bc1qf08za26n8hdsf8xuvrzgaatankly0f65d3a47k,legit,,normal
W00685,1BgB82WWYvzFWBFBUNMRas49bzUtynM5fp,legit,,normal
W00686,38rdYMnbfYD5s73ddK8xj8bTGpEvBhVQvB,legit,,normal
W00687,1LAFXKxQYq8j71gJXj2R7w8KcHS4m5Ling,legit,,normal
W00688,37sJW5xeu2F1wUBF6JfCqbA69HvrfUVzSw,legit,,normal
W00689,18pgErckPsSdCmyaDpfC899CRTY5SbVwWV,legit,,normal
W00690,bc1qz5ndyr3ycnrkjmzyhxtv6wve52s43egczky9em,legit,,normal
W00691,bc1qxjzfvg7tpatl56edpd3p5vvhm0gzfd5l6lke24,legit,,normal
W00692,bc1qj5nxpt7l4df2e4uc9zvuyuxtxx70vrgmzvpnwu,legit,,normal
W00693,bc1quhr3caq9hgpdzw36sds0x6e5gurwtmk0sxxdgf,legit,,normal
W00694,3Hx8Wx7hBrUjLxW6dAiWPGbRwvJXuirtrf,legit,,normal
W00695,bc1qrz8jdt85gxvzxeucjmdk95s9zs5edle0t6yez5,legit,,normal
W00696,3KYsc9kDPKnHFMhfCDj8dNPDWu7KozRind,legit,,normal
W00697,1B1LqvAJQjJ1kmjC6WYKgf1NACucTR9uPm,legit,,normal
W00698,bc1ql2fgzcyngv7pgxu76ca34n22xr286dm3w76mgf,legit,,normal
W00699,bc1ps0r6465kjvz20m3mc8wtettln0re8dpvspvxzg0m5rzr4elehjqqkmvgxy,legit,,normal
W00700,bc1q6l4xy6ptr3vvyk2r7pegwxfx4cjlmnnx0gl85l,legit,,normal
W00701,3Pii9JtvVtyz6TVsqS4A69fJzNuhqQuVuU,legit,,normal
W00702,bc1qqk0y03jl8yywegdezrzl8jjjkn375t2r6spddv,legit,,normal
W00703,1K9XyyJMfv89v1hwqSGYuwr8Yea21Y7dUo,legit,,normal
W00704,39QcJuPJNxbtKDkBTAZpQuQphigUpWqZmP,legit,,normal
W00705,bc1qzplce9euu3eez5rysm5ry4nywcm0z8ufqy459x,legit,,normal
W00706,37E9GE59rBjDxerajZn81YZWrkJ2dDa67P,legit,,normal
W00707,14TFHkkTq3sw919Coufr74GeTPt8qzU76o,legit,,normal
W00708,32enAeiZ1LV7NW5r5CJBVPGSzTGQGttDA9,legit,,normal
W00709,1CGxTirRQVxrntcoVMKRoVGxfBrcxMJ5fn,legit,,normal
W00710,3EftjpJ8dA28uEhr3o8iwp8BzoYcHbQtzC,legit,,normal
W00711,1GALRm86Bdo8vmGeuWzFJ21h845wnSPHFu,legit,,normal
W00712,1KErkeDcJTdaXScM9qw8gDEXmdC8gds7g6,legit,,normal
W00713,1GyJRX997wkpZvLX8AqKf2epcHoS6aPnUr,legit,,normal
W00714,bc1q6m3paz3h5znfjqmftdp02u4zy4m7tay7gekn5y,legit,,normal
W00715,bc1pz9zcjhvnw9fvjxk0ymfshx63fqhstwd2yj6lm2c0zn6h07edetws76krlg,legit,,normal
W00716,bc1qtjpy49yva7u85ek3kyd32w79a5q8eu2chd2thz,legit,,normal
W00717,1G8kZtVSVtsP1GgkTrWhDWrTaY7gVwrmzE,legit,,normal
W00718,bc1q6am9ngu9383uda3jpm4mjqx9cna4vtr2e8063k,legit,,normal
W00719,bc1qsqp55f3wf2fj3tfwwu9mx955xv32lg6hd7aaa0,legit,,normal
W00720,bc1quqq73cwpxcxd4jupahy5hlt2ljxay8d8h9372k,legit,,normal
W00721,1FsARceCSVkq8irqehwKu6Cjg8h2up9e3r,legit,,normal
W00722,bc1qu975l34dhf2uah6439xndxe53ad80shmhfgh2w,legit,,normal
W00723,33EbkysyaxfvrbVi1Bbnrg2yjFQpb88DtZ,legit,,normal
W00724,bc1qffvw3c5haks380c8r8v80anjtlvjd0rvfu2lkp,legit,,normal
W00725,1Mw5qxqiRQu1he85b596dQka35cwPxW4hF,legit,,normal
W00726,bc1qs7gqnjndk3u045wz6l0swey98ugcvky494n2tl,legit,,normal
W00727,bc1qs08ae388udx9qs6sk2v8huw8q4e4u0l0jrvrvj,legit,,normal
W00728,bc1q0gjwcg6zlkhsdx463xx25kmx26kldx6t64tjdj,legit,,normal
W00729,3PY3sEauz9hD1hY3iibE517sK56vB7u3zR,legit,,normal
W00730,1DwW5CdjM22ibBAP3u2DKBmFR9e2TGSNzq,legit,,normal
W00731,1ARB6wFYB7dtkcD2mxUFVLtJd7F3ZJnbQT,legit,,normal
W00732,bc1qudrkdjrnac0qp8kh5wh20c6p4r36chp3a4vxg4,legit,,normal
W00733,bc1qg0us9287uvyw5h28f99t4uzsql6yzstwr2ph38,legit,,normal
W00734,15q2mduJFiscEc6qAsGx7e8gJqQgZDwqfv,legit,,normal
W00735,3H5i2Cg2eWvctabu9cxiM2xspmcHxrBnZy,legit,,normal
W00736,bc1qdsrkmpg39gvqrtv9jwtx0tgxtmhje350wp6wkz,legit,,normal
W00737,bc1q5g5kvlk3vzat3phqqpkmuzxx0ujw0n76mmhzkv,legit,,normal
W00738,bc1qcru8y3zsyyyhqfz7k43wv7nld4ht2qp48dw3zy,legit,,normal
W00739,3MzfqQVgxQEPmwHc8DpZqWTa771pMw7Unk,legit,,normal
W00740,bc1qw4rshg8htuefdzj75sgat7usg54pnk79wlv99p,legit,,normal
W00741,bc1qqp90ew879r22qf4d2686cultxps8uldrnwkhyh,legit,,normal
W00742,39cxgLAsVjTyA2GFETxPrsCmTc1g1k3dRE,legit,,normal
W00743,bc1q4yrqwwpy9qjzu8l29ajj6gcfjytxemxd09kepa,legit,,normal
W00744,38TT5qFpx1fHc4XcEjMB5ifinQGd6ugNeq,legit,,normal
W00745,bc1qr5ahhnhpggepx89d3ke2psjlcucjha9shyvfrr,legit,,normal
W00746,112tZqtPVvuyTQU2wqBraywuQkerimQX3j,legit,,normal
W00747,bc1qx3ufdunds829u9dlwz8lspdetv6dlspje5tl9t,legit,,normal
W00748,1CfWXLAab9Zuws1B2GHtGEDFh95g7cVVsp,legit,,normal
W00749,bc1qpkm2l8qa74j8flwpcgcss3gpvxy9pmalphart0,legit,,normal
W00750,16xabLqYvZusdAw8FeNSwnqPzLGuBVvsom,legit,,normal
W00751,bc1q8yrjpuyw7mm63jrr4vry6twyh2a8r0sj77j8tq,legit,,normal
W00752,3Q8yahSJeDoQcimRCw6hamRFV4fSTwZbf1,legit,,normal
W00753,bc1p9w6el2xexundshj40n94asvtuankkhd5qtv60yf330ycpjeydm7qe7grmd,legit,,normal
W00754,bc1qnye5q7wkztvuxa5nttcp8ea74yt24vqhz4qn6y,legit,,normal
W00755,12JWsRsFMcrKiw5gdYmvF1efrhxbJMRES1,legit,,normal
W00756,333YwkBFXdrfD9b5JkVbVP6qk6mbjuZnvK,legit,,normal
W00757,32dqgCvg6TNMKWyMRFbLNujkA9madXeHj3,legit,,normal
W00758,18MdyET68cVUf2ri8K4nSgCjT9DuKD1Tr,legit,,normal
W00759,bc1q3yerlmfs059fpgxetsdn8yvrn2zmdmeah029nf,legit,,normal
W00760,bc1qyggqs24wzalh9zytcntl225qa7qs8n9uta4hgw,legit,,normal
W00761,bc1q5q0xqf5td2luqyj77u3qmzpxzq5tknl805kv4h,legit,,normal
W00762,18RTB3tcKRnP6FeGZ1Wu4w9dEBXh8XDJg1,legit,,normal
W00763,bc1qv7hl5rd0ttswd82funa4aqjhz2gytvt6x3n5cw,legit,,normal
W00764,1BNvsyY4i52me2i9jnWRP7YVkt43MMhCnW,legit,,normal
W00765,3G46kAtzboiqsGoQVVK5pqPzAncWd5H1YG,legit,,normal
W00766,bc1q0hhey0pvs2zqw3sxv5520g96ncu7trsyrlyz22,legit,,normal
W00767,bc1qpnkddslveau6ten5a3u06ls854659njtdcjj2q,legit,,normal
W00768,12i57ZBGRFGoZ3bjVPsAYJH4AVTrBvwdp3,legit,,normal
W00769,bc1p30f0qf3vfj2j43tlhztucfdcwer4jx5yeujf55z40wzq82ftcdrsqwhchk,legit,,normal
W00770,bc1py6pmft7r0f2tzcvvjjmdp0229fy7c8mvaetvqw9armll75vcj32q3pch62,legit,,normal
W00771,126HAW6oCv4X6nAmy4qPmjsKKtWMHiFwE9,legit,,normal
W00772,14E5awXsiEKwUNahH5tioffSS3UaoTB3BK,legit,,normal
W00773,3BgLhDammeeswvQC3teLpF3jZvn3tVbhW5,legit,,normal
W00774,1NS8Aj35Mz1ySEs9w7bwi1ASsVDyNN4zFv,legit,,normal
W00775,bc1q3j0endswnlumatpxdax6jkjxujvvhzjhfe5tpd,legit,,normal
W00776,bc1q8l0cv5mqfe0zlttehd0hc2xasxmxvtjx30v6jl,legit,,normal
W00777,1EKfvpw6nKbtMfFgbZnUPmyZ6jPtHQz4yi,legit,,normal
W00778,16G5qhrooxidAd8yrt1jZk6CwcPTgC8gn5,legit,,normal
W00779,1E43jXPJasndfRo8ehRvWxdoA1HtaL77PW,legit,,normal
W00780,bc1qyamp5q2sq2m6dlqfz767uk0acpmmuxfnpqcav8,legit,,normal
W00781,bc1qfh4y2wgfaxfpav33k8tghzt0d8qm9y43ydmfm0,legit,,normal
W00782,bc1pf0t86eee406605ud3gwlrt0djmy92td7e6tany5d5egzuxkayqashqzywx,legit,,normal
W00783,1KPwPMtCxGa2QmjYc8FiM6ky15pdT4u2to,legit,,normal
W00784,3L2xj3giATSP5hgC9vKHheFzZWJkuJfdUy,legit,,normal
W00785,38XhJZqstMVunxwqmfpXsd8nMRRp8qzsq5,legit,,normal
W00786,bc1qmjqq2zz2tlf5t69esyqpwcuu8383l8eawkl9td,legit,,normal
W00787,bc1q6smzv36tcw9rma9t5n4kftkc59kzskr9k4xxs7,legit,,normal
W00788,3MDmv3jgxUxWjpdPur92yuRMcXPBxg8Lex,legit,,normal
W00789,36iYCdcvLcjhBMRBLkHoRz6PFtQsGW48vd,legit,,normal
W00790,18qEtQUkkndGEE82Q5ArF1Aj3oYHt32PGS,legit,,normal
W00791,3KB8LqRHMuFt5hxu4gVEQepbKxBxTaqu2q,legit,,normal
W00792,bc1q45p7fx7lupeqmp7a2dq4c8zgmvn7s8yex6mhr6,legit,,normal
W00793,34D5rfAUgbLKtt4FFN2GtBDZyYWptGnkKN,legit,,normal
W00794,142BF9RgpBhbb8UVt18ehohgAJakgyohgv,legit,,normal
W00795,bc1qja76huxa4sy3f6pywcp7k2sr4ycw8632d78v8y,legit,,normal
W00796,3NNuUr34ddxpus7Cj4mxU5sVdBdgr1aGnG,legit,,normal
W00797,bc1qxkc5zkhtvhtdctv6x70l3svqltuvk6v3st8e4w,legit,,normal
W00798,3KX4fzXsghRVb37Rxxe7mvwoJpm5VZiVNR,legit,,normal
W00799,bc1p7sf4clct923wt7ygcxxh7ksvk94tszm8etvga5zvsqmgak7n6cqsfy2cn4,legit,,normal
W00800,12S8nEifemD87TNF17rM8UgxQ5uNKvtPDU,legit,,normal
W00801,bc1qj0nnxh33dmvzwq3j6985j3874lgs2qnam9af8q,legit,,normal
W00802,bc1qluf0ng895940rnuj9sn7xd6jhfeyrwztst5066,legit,,normal
W00803,3Mue1hYbinLTPqG7MRgm8tdTFVvDPs4vtv,legit,,normal
W00804,bc1qwu9f3zyn0wmluvj32t0q6c8df4p755zzyjxs8y,legit,,normal
W00805,bc1qyrapgy7h5rgs05506tq9mtleexlhxgjmy09453,legit,,normal
W00806,bc1q96uwde64qphy6dv74mgn5t88uv632mq4v7jc8c,legit,,normal
W00807,36Rgi5qmLXAxmz1Q8sbVm7yZnFGk4o6Kd1,legit,,normal
W00808,38jfsUNf8Qeb7w7jjfQFFPxge9fqRmNnb3,legit,,normal
W00809,bc1pd90t4qeecm7kvwqmzxzc7n2ansujrrxrx7yekvuldtazq7cq5g7seytjjw,legit,,normal
W00810,bc1qw5aw50uc56cxnddhc0c3yu4q58tqy0d8t0h6us,legit,,normal
W00811,bc1q0mcyw6jvp99anmerpyq9fctkyrxz8k29e43uwl,legit,,normal
W00812,38vdqEHFWYojxbEtr35QBWMVBKcuudE5C6,legit,,normal
W00813,bc1qvyrqakpfjwx0qmsd8qz3m6ej34rqr4r4ejxljh,legit,,normal
W00814,32k1ezeGU1zWRzJMKEMFmfhNXAurDvGd5p,legit,,normal
W00815,3LzThMXgrxCCB5xqMcMyH2rXrJA3Zd9Ywe,legit,,normal
W00816,1FBywQbncJwu7DftvH2kpPg7Tvh1L4LGAy,legit,,normal
W00817,bc1qwumkpm3ms0f50q6k8tl85vf0npg7f9wg5nz7vd,legit,,normal
W00818,3E9XUwwgAJTqq8HDtzgG6gbBkpYyb5Phcs,legit,,normal
W00819,16iiUtoKN5bqvj8zVWDEdWDstH3bJCgAeC,legit,,normal
W00820,bc1q6hzn9yqtcwdx7gekrm3q200y5glraz48zgzgpg,legit,,normal
W00821,bc1qtwe8rmw26sl3nywr6f8q7cm9fqc5qn2t44wgvc,legit,,normal
W00822,1FvMrmDwoSHtG4s89jxaLYUjtSsDNgs9kA,legit,,normal
W00823,12uETrAGBWbHx1vskeS7UP5zeqwCtUxLHB,legit,,normal
W00824,3GT8Rbvaf79MmGcUK5xYhcrh4Gckju67Pg,legit,,normal
W00825,1JrsQiUoU3iGKHjmk5LQwpgq1jLRNmbYrj,legit,,normal
W00826,bc1qzhx73stcnfw3thtyz9wtwywdye23jag43g2qg8,legit,,normal
W00827,bc1qrd6grtm35p9v4g5gx3yryey7ye8ccrs5d35y9d,legit,,normal
W00828,1C3eja53PhJmpYtgpPXfiKooB9YcKMXjw5,legit,,normal
W00829,bc1qmhctcmut8jx75pl4nr35cjsrfpdwgvxpj994ut,legit,,normal
W00830,bc1qmsq793hyzmlp8ply60n6vzaq6c92sksngmx0gd,legit,,normal
W00831,bc1p5sc9qyvxgm27tq0k2re37qu0809zpdhj2ehw0sdzjrnk4gyfa4rq5uqvvn,legit,,normal
W00832,1McJR3z3HgWiJSseMKVUv2bvpYjNCpoyuv,legit,,normal
W00833,1KTqYp5po5RmVNqe4L72gSMUUPFQHrGtpQ,legit,,normal
W00834,1PMzakt5isEs5mMySNEUvcjJxpsXjnYe8P,legit,,normal
W00835,bc1qesar9mle0lc9q5zmzn0j48vj77rgg7jvv88vgl,legit,,normal
W00836,3LaJxbYzhSqSpTWGhSTPtuCuXweWXUqttj,legit,,normal
W00837,bc1q8du8qumspxxnqy46vtggmfeejhd68dzwjthsv8,legit,,normal
W00838,bc1pq00w97ma73fn4ghcrlh0vsru85m9pcak4gxra76s6j9rfnfenfssw8l97x,legit,,normal
W00839,bc1q9pa985wwdka9ylw9hqnhu9trng2uchys8c2qva,legit,,normal
W00840,1GxTUrGPRRbVEzVWX5amQtizpA3jL4vJ6f,legit,,normal
W00841,bc1q6rtw8tjrljztseq407dug07hu9h7s8w82vta05,legit,,normal
W00842,bc1qs9urflr9cgsg45epcmv0lllcxhq046gf3vnf4t,legit,,normal
W00843,19WwoYietdmgtp8oy3Nxj5X9pd2C9yTDwr,legit,,normal
W00844,bc1q266qf898mukt06vh0vusggclxtu79w72wdhlw4,legit,,normal
W00845,1Du1KTFmvTT2PahwCKFZE1L1jahcNwJzrk,legit,,normal
W00846,37nAZ5F7m3e3oLv8FxHoPFRiLaGC7cGneS,legit,,normal
W00847,1N7V1xodrWagAVBevX1BTb1Gt3cxABdfo7,legit,,normal
W00848,1FzK1dDu9oHUMvaVBqwKyKgVXSfdMqpSKn,legit,,normal
W00849,3KLpR82WiG8JX4omJ3ZT5Ngs4NLP859LkS,legit,,normal
W00850,bc1qd6mypv34qy65pz34dtzn5dus7eqj2mdhgh7m6y,legit,,normal
W00851,bc1qc6mm2eld2pl9dl6xhndfy7ux4ddh9pg5v6jds9,legit,,normal
W00852,3Q5kvDx82mYWvR1PFomyS4CJR5YwerA7Za,legit,,normal
W00853,bc1qhqxqt3pxdk3w3ve8ltzw96qau6lls3k5jqeaa9,legit,,normal
W00854,bc1qclfssndq8qhv2lq4qwx7q580u8zsz92s99nchg,legit,,normal
W00855,3BNsGRMVykB173b752RgH6hRabbACtyPak,legit,,normal
W00856,1PzB7pVkvdXxc23y2w3VKr291SCuiLhB7a,legit,,normal
W00857,bc1qhtn6ke7rhyzv04yzls277qt8ddkyv3hr0mr8nd,legit,,normal
W00858,bc1qlp32guzde7x7k6706cgadqku5mcne237wn5mg2,legit,,normal
W00859,339QAqgx5s5r9HHntDW2zacyCAKZS7xFkg,legit,,normal
W00860,bc1q9plfnw8dmlkk50vn0j4uzp665g69ktnhp5eux4,legit,,normal
W00861,bc1q77ff3jyx9vjrd3ghnl38x7r09srrf0yjylnjjz,legit,,normal
W00862,39BLJod5qQET9hSJaAB2KMWZNs92qCqmFj,legit,,normal
W00863,bc1qynm3a4hxemdqeh2qkghy9q8g6q39d6phnrln8t,legit,,normal
W00864,bc1qvrvm4qukqdqfw4rvhy5rs4vfpwakhkk6jsxyg0,legit,,normal
W00865,1C1cPuVMg3A1QnLwaEgb5nscY1D57sHVbR,legit,,normal
W00866,3EerSSgu19gzKYYmP7v8BYk8TyzMtU8RBR,legit,,normal
W00867,1AHZv2RC9yW7t6GYCvbAjPDSFekc46rtGX,legit,,normal
W00868,bc1q3ras6jvlh8hltmjwpmz9vfhnh0hpx885q3ynmv,legit,,normal
W00869,bc1qa02m36ma38mpam65gjr9yf92d4anfp0c6gv4j2,legit,,normal
W00870,bc1qps0t667d37cpyfwxeqsqqmd0l2wlvr2hgmtquw,legit,,normal
W00871,3FbNPYHgHtnQDrvna86tbtwDRur9Lq44G4,legit,,normal
W00872,1LYZmVaAbZuBVyB42ZFcanLW1mKk8dvxMZ,legit,,normal
W00873,bc1qgddecrwxjsvr36z40zgxx3t020afsu3u6pelrf,legit,,normal
W00874,15S16WBx2LVJidvXkjoJry8vvN7W3MuX9o,legit,,normal
W00875,1EwoZ1fqAQoQRbXP2CBnjUBTNJpfLto6Xk,legit,,normal
W00876,bc1p5zpaammyyvfnvesycvncnyy4du6n0hdz66ncye3l7sd0yfwxqfhqjkmhvc,legit,,normal
W00877,1FEhaN2ShD6aAruKMUu5PFuwgzhKjyMPq9,legit,,normal
W00878,bc1qhmxhwc5a3vatyucg837zwygvzp2arapuka24vf,legit,,normal
W00879,3G8UAgaZHXrqmbQFWFf1fn8H5gYhKnTEu4,legit,,normal
W00880,bc1pm0gxs0jmx9ueg4dm7pxeq0ad7nrkufh2f3h5vkkjxkace36gs3tsv627q5,legit,,normal
W00881,35uXJV691Bg2KUm9x4nzahGUToxzvz99mJ,legit,,normal
W00882,32kFdxUrWJSSWT3eTT3dsmUsDv4z7T7KUp,legit,,normal
W00883,bc1qntsl9apylj534sgyya2jqckpxfx64gyfzsmdn8,legit,,normal
W00884,bc1qsezwr2dh9qn3qmlunpr2y0lsh9camtdf00jg0t,legit,,normal
W00885,bc1p4e63xjr4h7vzwh4d2gyyllsdjwepl8q4s9clu0ntjzfgsd7wygvq2hrc6c,legit,,normal
W00886,1BBWZFUgKYZLk3oMHsjebdHXQoDYZRx5G6,legit,,normal
W00887,3FEg4kETnmgyFWWzWodwJGd2WEtRuYxpmp,legit,,normal
W00888,bc1qrjwrxg9yx8kr3p47duqzharu0x63skzrlsxaht,legit,,normal
W00889,bc1qe7y2r22trmyzxr5j46rlet8sed74u6fj9jha0v,legit,,normal
W00890,bc1qx44nhspqd7ffxm54vug3jfj59hgt6wwtf2jhvm,legit,,normal
W00891,bc1q8x7hs47ue36sl0u8kwktxuls3crdmkp7g8j6ym,legit,,normal
W00892,1ZRWjrYmkGR8x6VMrRZjEgnxvTW9MvyPt,legit,,normal
W00893,14M5KPoVMtyRMvoKN1FZGzuFGkmeSA3woJ,legit,,normal
W00894,bc1qanvestlh0a8watte4twm59jtyslvl8n6crumr0,legit,,normal
W00895,1CgmBRhoHJDF6iJ2GBYv25NpebB4HNLx4o,legit,,normal
W00896,3KbPPt56zfQjopaQGzEBvf8uTDqu9Ns7CG,legit,,normal
W00897,bc1pvh4em3emqq65nf7k84gqt6xcpfevm4z6u67h47f23awukp6faweqfq4q6j,legit,,normal
W00898,34DiUKXDhFFTWhH9B7FVYYiKCadurNBhZK,legit,,normal
W00899,3J45B8Hb7C2vSQPRBPyWzb8KWF4k7BAKFg,legit,,normal
W00900,bc1qeycxm3e3emaar6hk32q987zhlsdd0hnul5ks2w,legit,,normal
W00901,1Bp64wvsFsRMu3ywPDL8KFvuPpLKGCVSZH,legit,,normal
W00902,1Km7pTS6EujFsrzhPasg1KN42pTFJEW9zC,legit,,normal
W00903,1BwRmjRnYy7FjY3PWnVtm4YYd3vvZ7jyKb,legit,,normal
W00904,17KfYv9bdSF63xGbtDzgsL6BqkSkeVzoj6,legit,,normal
W00905,1DMFKR6cMRcrJEJsfsEkqMSQpCPyE43ifg,legit,,normal
W00906,bc1q54x04c65tc3uzlfznhgc0chgej6um9zeq30ve4,legit,,normal
W00907,3HrBd2PYFb34RyyBGKQEpuRyuy6D5uNrbx,legit,,normal
W00908,bc1qz5dhnml403w5d4dp7vuucyeh8jk6h925yw4an8,legit,,normal
W00909,3Js8vHLjAYffzVJUwfLGKAw9tgq4P1wieN,legit,,normal
W00910,3Qw5EBmR6fcXKPvkJM7hHfLET7VHNYXTAP,legit,,normal
W00911,bc1qpn4n9f5w05cz286j950td3a9ejfhv5ggt9runt,legit,,normal
W00912,3BHxB8kTKuNFQR9Xv3casDSPWhh5bJerBa,legit,,normal
W00913,1u7fLFep68ZxM3romddYQ92Q8SM97HbNV,legit,,normal
W00914,15p5MxUGzvLnaCSaqRzNNBzp9MVNpvYGxC,legit,,normal
W00915,3CBcaLWFevfC1rqppo877JNWyiSgG8oPsf,legit,,normal
W00916,3HqW9gkZ5ASKqKgNJ5ew4NPaU8WZRDt9a6,legit,,normal
W00917,bc1qqtadqtx0nvvyhgak3tkzmczk299gcrdv4g6apd,legit,,normal
W00918,1A5XQ9VPGJQAvh9sDXdK8CCBnMFHjZUfDK,legit,,normal
W00919,192NtjkK7eRmE63ywhZhBBiPDWPBoe7ihi,legit,,normal
W00920,bc1q6n7568aj59meesk57fphu6nkrsd557vl2a54ju,legit,,normal
W00921,bc1q6kt577gjcq4sumx2xx4jeukchdn69a05q9fr6j,legit,,normal
W00922,1LR5Zq51nvCwt4Crquk4fBWi47YKVcCLoc,legit,,normal
W00923,18ShTJ31DUUgMkzxi551vkao9QacMbkFfb,legit,,normal
W00924,323dBqUFk615YjWNPtbFjG7Wkb3sMVWmY2,legit,,normal
W00925,bc1qn5qvzzelly082uqhptu8j67uejxkuu73g2j42f,legit,,normal
W00926,bc1p2ec7ylzg4tnejradx0ztr88lr7tkhlw0kaerg5gk60z9k8ke4c7qge7sm6,legit,,normal
W00927,14reCnYePvNj8WPtnastkQTWfCzSVhGc5i,legit,,normal
W00928,19fZpzwB5oecWEzjQRkJyvFicXDvsSQUP7,legit,,normal
W00929,bc1q9v40c5j84qg5ye27zjpwhegwxcf84ptk9sz36g,legit,,normal
W00930,1QDaj949XX6wgKRPu5kMqGqAMdH1H2Y9VR,legit,,normal
W00931,bc1q62fwy8jkmvm0f090yvhaf6y6qhwptxw7g3rrk6,legit,,normal
W00932,3HBgTPChYemUSFdeXW7Ly5mhYdK8v4MWjU,legit,,normal
W00933,bc1q56ma9kd0yd6vh48jkm7ssteqkxdfle38zh27da,legit,,normal
W00934,bc1q855zxgcn6lw238eyxt0aayl2uudxtxxy49w885,legit,,normal
W00935,bc1qmsxpnnzjur5x84le5tgjl9f4xggrn8h9q8x26h,legit,,normal
W00936,bc1q8sdare03l3szhv8k0f0pp8y3wfx59ehx06m9nc,legit,,normal
W00937,bc1qx362n5scmd4gquhsm537s2e389xu6wepjg7wr0,legit,,normal
W00938,3NrfLwSK1DzrDFmaeaGyNaFwN4vxePBXSq,legit,,normal
W00939,bc1phdfxz4x7jmq8wdj8mveqtcay2yu2vftfalcv6e0eh0xagmn3zv3qvzrf43,legit,,normal
W00940,bc1qyny9683mc3xjxnc5sn55dh27xcyzg08c4m0l7f,legit,,normal
W00941,38QNJq22ZE26rzmR92SArVfsjF93rXBKYx,legit,,normal
W00942,18ZAtjh534xDv8BEfFjrJGktYiufQgBSAV,legit,,normal
W00943,1HbM5uyC3Rq48XqTBqiUjjfz5Yfzn8vyHk,legit,,normal
W00944,1CELtLMEbMEsrPXwxnfCYKWKH2fDHf1KsT,legit,,normal
W00945,bc1q6ml76gk8tpmdxwrjz7sdgsvve7nqdmxp0lqz8j,legit,,normal
W00946,bc1qfx0csg80zwvshk6j7khqfxel863jscdhfz73mt,legit,,normal
W00947,bc1pkfgxewgqt6yxtkp05fexvfgwuku7fq537rt5pxda68cye2ymh9zq2mw4f3,legit,,normal
W00948,bc1qa2gxqqe76pcucm0fej26qswwjpmwhn6wyrpmu9,legit,,normal
W00949,bc1qhxln9xgwz93vrtmdlrjll5f6ncwaguz7v02lvj,legit,,normal
W00950,12FU6BYxC2m6266rD6KnqTDqEwRzwgutDm,legit,,normal
W00951,3KiHA7xTcaEHEtcxK1kurahYKnKjxDJkeR,legit,,normal
W00952,bc1qatf6ethzn9ty08qzssl38p0muwys8t69nr55k8,legit,,normal
W00953,bc1pam5l3muynk7jj69jxq4g48fpq50d3xzfs0wy57wnyg0645cqymfsj7vv5s,legit,,normal
W00954,bc1q24h008eaejsppv6h5ndhqaqgejcpt0mx5ulwnk,legit,,normal
W00955,bc1qqd9r5wtgm4c5lxcqw37mdf6fvpmuscj85ectr7,legit,,normal
W00956,1BfTHQa8q2h2MtXM7cNiMpMPVAbfLGCbZb,legit,,normal
W00957,bc1qj6knw3sqhuadl3llw98q3y8h84n6njgn0qpjgh,legit,,normal
W00958,3NQpFj5ubmmn9EFrazimF4eRUijfCwxLSm,legit,,normal
W00959,1CpGzssCtcj76vKrhgE3jFATQgSuXhrY8Y,legit,,normal
W00960,bc1qh8njl792hfuvp3kdldn26jjz0syyqjpw4r3dpe,legit,,normal
W00961,3NDw2hCK46S9iVtGp6PEpV7Mc1ui4vBAV2,legit,,normal
W00962,bc1qtu0hagmd5khaqwnlsq5p0m8vn73jat4xphgpjc,legit,,normal
W00963,1NPuHHBmfhHPajNjN82NtAm5r3YUz9EDxn,legit,,normal
W00964,39DWNDgLChTzJ82HcLA63ENFxm3fUCPYvj,legit,,normal
W00965,bc1q98yce7hefc7smnrcc4y8n5lpxhrxs0zfpzmq3w,legit,,normal
W00966,3GtcFbmbGTtRTDSeUkSnEjy14B9GUhjK7P,legit,,normal
W00967,bc1qrpwyu3l4d66qxfuh4kefzxtshzrqued32ck9ec,legit,,normal
W00968,bc1qqv2tshn4lmhuw3c3p0nrdt6s2eqlpa7xyc7gdl,legit,,normal
W00969,3DNBdWZcmcrRtgH6sVBKarGpUwB1aeTuHK,legit,,normal
W00970,1J37QpcGD5Mz2BRecNDj6c9CzfWrwHRdUW,legit,,normal
W00971,bc1qp2hses245a6dqlw2awft88wqe7l956huuxllcs,legit,,normal
W00972,bc1q63udf9yktjt8zlw39rp9ppeq9v9kcutdzm6907,legit,,normal
W00973,1CEiPQ21d1GyAGDcwTCjN1eMQRNsUibxZN,legit,,normal
W00974,1FyvopZsrTmKiLEsob15doMQ29ES13zSEt,legit,,normal
W00975,17tthvi4afdn4oMVtBffycapU4w1fUb2PF,legit,,normal
W00976,bc1qdxfrg8espqh36he486mztmkucd6s9kx6cr2tmq,legit,,normal
W00977,bc1q0ktjy4mtade05jnf45hevygnp8f3t68heachtd,legit,,normal
W00978,1AbSjybiAQfuX1BrWyxP7AagXxisDR2CH7,legit,,normal
W00979,bc1qglf7ctpf880hqykunxzx89k08wg5phcl2q50mu,legit,,normal
W00980,1LKTtWqSgmYYiv5KmFbA5piLnY35ygkyUZ,legit,,normal
W00981,3CBL27zzFUPo9KtcqKqJqCu5TSdGsx1XHk,legit,,normal
W00982,1B5WWgNztTnBBdgMrwTp32y6KJWzTdRhqA,legit,,normal
W00983,bc1qqxqjtaca6ff467e4ygd6nv7wdfk0qpf9h5uxne,legit,,normal
W00984,bc1p27yp655ay4us3d7sd3v4rwlld29a3hau3ckg2vnm2jpdhmmcj4qq6zydqe,legit,,normal
W00985,bc1pulhdlyt40998gt59e36jry5wmpetaxa454lqx6m33pnu5ejt2ptqqrqtc7,legit,,normal
W00986,1CuWd9rJdhmiomvYihWsRKYyBtxxfNRRMQ,legit,,normal
W00987,bc1q5v2vwtccwd0d635e365zrjv5fjuzmrcscj6z2y,legit,,normal
W00988,bc1qjf2zmmee5lqa6dpu9hk2ue4cc7mcrwukmaxpak,legit,,normal
W00989,1BSN4SrRsmPUogpzxAZAUXFFJH1Dhq1cHz,legit,,normal
W00990,3KS7BQYSctNTPAMZrQQJ5CLLptwTUBBKgi,legit,,normal
W00991,bc1q2tg8a4v8thdvzdzzqmv2et3cmcpc5r6tqd9pw9,legit,,normal
W00992,1983hsCg8a7apWED4dTyoYLpjVh7JFHcQs,legit,,normal
W00993,bc1qvzncesdd8ha898dw34n0smycqsq2lj75uctaw9,legit,,normal
W00994,32x6ArB14J3mcMUGRHiLa3vg6EMkUxFXJm,legit,,normal
W00995,bc1qmgkf0326hhf9q6jpus5vkr8lxku4pxvn33wts2,legit,,normal
W00996,bc1pl0t6hcvy3ha76s63ejdmhdprxqjljgarpp498xqeupf3n7gne7eskd470x,legit,,normal
W00997,1E21axDtuf4kPzMoroXPfADaXyz1BhJ6hr,legit,,normal
W00998,1GHyPi4EZFGjTrjAUnj9QQrHFK1uwfxqrs,legit,,normal
W00999,1MupoK9nJ8cvoTBwsdzhyNrcgxGjnFTQAH,legit,,normal
W01000,32fwD14jUfQtNaqQBB1YHnbdeRCdUKJbc1,legit,,normal
W01001,13kBU3fcBoLZL2LnTD3Qz53qaww8CvAUQH,legit,,normal
W01002,37xQfBbetRUPUQEduXDTHtmPzwa66BxNEV,legit,,normal
W01003,bc1qgxvd48t6hnf3utuvzwnwz8t7rf4t2gt49p6sea,legit,,normal
W01004,16nnufmKKA3te159XgEHDdx715VRF51kpX,legit,,normal
W01005,357QQmybLYiLNmAHMHBtNyK5RQ6PVJ9bVm,legit,,normal
W01006,1xgUsZ8Bme4vseYMw1dayaoCZTux9vRJP,legit,,normal
W01007,bc1qrdyulavc4a6hs5cr6nrvyrrlkyulpuqu360u8p,legit,,normal
W01008,bc1qw0nyv9skw2hp4kudkyttqkewquh6qdq3wngwlp,legit,,normal
W01009,3AuXfAdtfD49xmg2TkpBN6AR4bkdQP2rGU,legit,,normal
W01010,bc1qncyglfq4vwk8zw7t504axsqw5tecdgzux6r6df,legit,,normal
W01011,143Vh3MWiToDCxmmFnJuH75kUGagk6iSb5,legit,,normal
W01012,bc1pk4lqjz2mxgc7k25kpkf9n3mkcwdydgvd0atlm80pp6jld5x2a5wsyuewtc,legit,,normal
W01013,16MqQUQU6UoYQVbCNE5A5GHoVoVED4Z4d9,legit,,normal
W01014,bc1qtuc9gm5vxt885455pcltun2qxkwmvm0a402gy9,legit,,normal
W01015,3JFwDNSnxJDMvq3MtmTNPFpBzw9s6LB3cf,legit,,normal
W01016,3CfLeVbJV2YqhFdBFHY61ZwmxjfcEs33gf,legit,,normal
W01017,1HXCi7GXPTKRvNAmPrhskNXpY62DQCuW2C,legit,,normal
W01018,bc1qvfmv7s22zhgdv6u30vg0sytfy6e3qjwgwjqq7g,legit,,normal
W01019,bc1qcacq84sgnlkv53gelz7m4fuhz4ft3cdrf97vcf,legit,,normal
W01020,bc1qvjhvh90a0fm5w0fh5xfsjtas8vutxuy63xpc2j,legit,,normal
W01021,bc1p8ex0newpxqgkvsxtrdpm3f5cr72mtxlr3wy2lfpmlp6ckfy088rq8xs2sa,legit,,normal
W01022,bc1quwvxrse08vylf076dhvnv8fem9ywq46lykp0ez,legit,,normal
W01023,bc1qlnar3uysxf2aymhlntaccmm2wee59pqmfpap6z,legit,,normal
W01024,35vbGYrdi21N1fpubreUyovx6pfYArbTVd,legit,,normal
W01025,bc1qxpzq47spwl7qyv0v9kdsxfqnvcefcp6002e6kt,legit,,normal
W01026,bc1q6cm55nder4ufragfquxvqnvtgrsdz0q7vg08q4,legit,,normal
W01027,bc1q2a0ttnchynqmah2rhjd86q3g5gw4l57lke9e7l,legit,,normal
W01028,1PgyFf4VZBTDpmCMKfqJBHvA2GgAcYZ4jL,legit,,normal
W01029,1DEw1viA9NbXF9S24stgPSrfC6z2vRwCwv,legit,,normal
W01030,bc1pf79zj0jf8tuy0pldcfnmucxkdcyr08h2uq0q5y6q6606346s3z0s52z42n,legit,,normal
W01031,bc1q9q8yvfwt9rtjrl5wc7zvtj8rqht3ggvtqe4050,legit,,normal
W01032,3Eikd6YibFCQjw6U4a6PqhcNbUtM62EW9z,legit,,normal
W01033,bc1q24e70vwqaxt7w2049rlcms7wus2pz6zlmnas8h,legit,,normal
W01034,16v4BbRphCZP1JPXJsvvUcBi7pHFvVUVqs,legit,,normal
W01035,1D7xgeeYnogzdkVh5JSasGFTaFcztAgdxk,legit,,normal
W01036,33TVoxSbDYXFjAm64Zac5K5einfx37yUyX,legit,,normal
W01037,1PXXG22R8qcj514hVaxqqcsVjR4nYZTSZz,legit,,normal
W01038,1CduF4mc9fYDmHhEnJcsCxJ1ZBtA3SMBaF,legit,,normal
W01039,1MU1geLoKtXYFcQbUj3yJStkWNAuTfSwcB,legit,,normal
W01040,1HcaNfEiH59rnYD7qDetCMrtDhnQZWma4W,legit,,normal
W01041,bc1qmx6nd3z63z27df36fzvmn0agl9ecjkng4akahz,legit,,normal
W01042,1MZDSDKsXWYCwq6284riYFnAm3z3NEwLSt,legit,,normal
W01043,3MgKma6nuBCbNh58fLfmQhPQkSyhcLpE7L,legit,,normal
W01044,12CxJ3kQrYJSKT4cGsU8SLuNNVWtYddPz2,legit,,normal
W01045,1EzkofXanR9FYNgoG8RLtqTRWxjMBe2Bwq,legit,,normal
W01046,bc1qtfvu2428sj50edytp8w2c4adl4qnqtjjp4968y,legit,,normal
W01047,1G3U8fShMsTAszELhpY4J3FobKXWTwtMc6,legit,,normal
W01048,bc1qg0vlcp967ysw7zsffu7kdfe5uwt2cxk6t354ej,legit,,normal
W01049,bc1qqpjqj7yz4qjcwhwl52dvadzgqc5h9xet37y463,legit,,normal
W01050,bc1qgjjmn0zy3e5a0ksf5m28pc9pwjt9r0jkuzu4ah,legit,,normal
W01051,1Jn9KiMwSWH1zvL8rD8pwjhDUwd4QmDiZW,legit,,normal
W01052,1DBf5emUxaBqHHxt3rtho3SN2dKFFBMNxH,legit,,normal
W01053,18fa278Ypit7ZHad1GxDaWEbSshbCWiDRg,legit,,normal
W01054,bc1qpvvx3yl5mzswcpe0mdhq0srzz5sytujswwfhz7,legit,,normal
W01055,3HKJd2Ky3nBmwEkBNWwBRNVUsFVFLNtxdD,legit,,normal
W01056,bc1qxq9lg3ccrwkpyfkx49klc965kkh36ld90n5d2l,legit,,normal
W01057,bc1qzlsg3jxywzzfmv47x63t7q7np3p2xms4v5ak3r,legit,,normal
W01058,3AAuv1MfC8ChrTaL3oVgh7fExuhSQC8yTW,legit,,normal
W01059,17gWVuwTYfS7wEdrUpmUNyhbECqGBTtNQZ,legit,,normal
W01060,bc1pzafmsz8dc35acgs3m93rfva7luvf8kl5tef4cvqkf7lxkneafqpqc4006k,legit,,normal
W01061,bc1qthc9x8jxwwhlhvn02rq3yfhukc9uez0dn8ajz2,legit,,normal
W01062,bc1qw0h99j2y3zus09sxjfk7qe572znufdhksn4nrm,legit,,normal
W01063,1JVSmSvVPxjFr1uTNNSQoZ9E5nf1eRL8fP,legit,,normal
W01064,bc1qp3ffr89cyzpprf4w52nq08emke7mhe4c6nvyty,legit,,normal
W01065,bc1qt042s0c2pxn9l6qhm2tgyeechewv4ynluseyep,legit,,normal
W01066,3FVLWfy47sWADgFccYC9g6yykq8QPVRHEN,legit,,normal
W01067,bc1q3dgwvckarh79a4tcyguxnsv6646dn4ztqxlalm,legit,,normal
W01068,14Dq72BasDgh2YwSG5ZVTpzMYyGQoXoycQ,legit,,normal
W01069,bc1qgkvc4d6zqjjhuy9pajkqttufzcvwqkkykc6uen,legit,,normal
W01070,bc1q0pnec4sp3dv0rngzw2gr3lr2pzc5xnls8vaw3e,legit,,normal
W01071,3LVKi1WtqpuHR1bTUkfjcf4pFvw3HCnCes,legit,,normal
W01072,bc1qunccs8d5um5rz3sa2zd9n9nwpg85aq957z8d4n,legit,,normal
W01073,bc1p2lh9ymdh38s50087t8jzqs9amcve2sxezn0v4chzuz8nvh2u73dq98xcns,legit,,normal
W01074,3Gb421BY6vhN9Tbx9RiyBMNEwjbPLyUfcy,legit,,normal
W01075,3MnWhdHwpB3kRGf4G6zchmW7wmNZYTZoBr,legit,,normal
W01076,3DZv3oBiiHmxMYDLVggffBSn8qpA4mdWg8,legit,,normal
W01077,bc1pwhalpm0cpw9ynhvaushl43hpuqrcsy4pk95nf98xsrwz6p38ce4sdj5vne,legit,,normal
W01078,bc1pjx4t9u9hf9htcdwmh5da3283s8jmalzqxzt8r5qjtvqw0gs7zzwszgch05,legit,,normal
W01079,1Ddzqzc3WE6FD7YMsMpdqcvcHTzmjy7TCf,legit,,normal
W01080,1CMVEP8kiZJ4HZxKMUsm2ptWx1jTBT9Ubm,legit,,normal
W01081,1udGUunS7QRmy4aL4MdYCiX994KrD5eV4,legit,,normal
W01082,bc1qght833t97ckkdqan92pu5k7pysgq7d7w95ks58,legit,,normal
W01083,bc1q94xmynzuheu6edggalmg0v7e5mkj6yz7t7djkw,legit,,normal
W01084,bc1q3jx96w6fn82z8g5a2wtuk7aasr6cym0a62cdvr,legit,,normal
W01085,1FD2Sm5gBHNo1GfuUg9uzmZG5WWvhAuErx,legit,,normal
W01086,bc1qhyfhgjncrzp4vmym6qqkmdk64h330hkmt3t9fg,legit,,normal
W01087,18k1UzLeSkqbawJN9Aoy9DizucnVt58af3,legit,,normal
W01088,bc1qdh855aalw2ergc7w56ywhw27hwdukyp83jyc7j,legit,,normal
W01089,1BuietXCnFpAyA2XGtUeKWvm6kWJrmK8yY,legit,,normal
W01090,bc1qpgmlw5p8xnjufqt5s4qtxgk6vmn60y67hzz6yg,legit,,normal
W01091,bc1qz09h8ec4x9uecr848rfelp89dpxq2t7e55j6dw,legit,,normal
W01092,bc1qprtfsxaplqhwxuu9l8edkyjrhverlmst5hly27,legit,,normal
W01093,bc1q05pqv0lafg6pnv89s3rvs8pa3lmsvwfqfd72yw,legit,,normal
W01094,bc1qx9tuk6hey7hqxe40jxnm0dn3z9x3ghnrcwe83s,legit,,normal
W01095,15teJETreUJy4AfoMEjYvxSdMHPMD31REd,legit,,normal
W01096,3MrAM9GJaxM85dUN1neL6einksL5DbNKAG,legit,,normal
W01097,1FQjhiBDr4BLjyBsTGzU3zgNwfVvhPaqJZ,legit,,normal
W01098,bc1qt9ph9jedt5dq8wlhz4e3s3jayhy6werrs64ddf,legit,,normal
W01099,bc1pvqk277u6lghjqugunq4vtm47h6hn257ppq537peqjxqnef9frd8sq5z5t9,legit,,normal
W01100,17XLmJhoSTTVDSZHVBPJiyMDfB9eSsXbYu,legit,,normal
W01101,39A4wuXkDgHjgKPEcyhyeF3BLPz5sC3SRM,legit,,normal
W01102,1LAHXxjmENm6q9eDtSu16J3ueB8HYW73mi,legit,,normal
W01103,bc1qx4fz096mq9qclg96qqtnecn6e7mcstey24vhgf,legit,,normal
W01104,bc1qpvruc2pp0cepngmkgjsgzd66vv3s4ya0rvmemt,legit,,normal
W01105,1K3Zm95HXpkLD6XNLt3YmoSqeMvfAEfuPN,legit,,normal
W01106,bc1ph228qd03zsnr4q2hr5rq76pmvrsnwuqhczt5n0a9vc7g5hadxppsshr2yv,legit,,normal
W01107,bc1qhjzwgrkeefartf984ch0sk48rarv64xgaphq5p,legit,,normal
W01108,bc1qyxxur29vmn8catgwjedsr6wp0ygc4gmvssy62z,legit,,normal
W01109,3HmMeNBc3tT5pxU2zZ4JerUz3ALnvBnVn1,legit,,normal
W01110,15yJjCr5oZHW8KFcEv7ydGJMxFeors1y9p,legit,,normal
W01111,bc1qpgddy9nqcyc5yxcj2gvavrymhleq44ugruhm3p,legit,,normal
W01112,3N2yu9QpAVYnb8mEYPwsE27rqmodQsUwc1,legit,,normal
W01113,3L4JdSBKMxAqM3LZwxYhhVaGANzwfaWe2w,legit,,normal
W01114,37hv9a6bsn85zHFXCgW96MXphjj7LXQYzA,legit,,normal
W01115,bc1qu2t72lstlyxspqt826x4mj42ngvxkex9kvkr9k,legit,,normal
W01116,bc1qqmxwcva7c789xjk7mlflc73cjjg2ssd2868cnj,legit,,normal
W01117,3NdDkGWjEv8qWwX8kmaoLfCQLRB4QHtSk5,legit,,normal
W01118,bc1ql28engtngvff5s85lrrmyslqac2xgnuj2yprjj,legit,,normal
W01119,375My18G64BbqRhPbYA8wMDLu1fDRbfRxs,legit,,normal
W01120,3ECe5ynDLrRUexRsDR8vU28b4J7341mChU,legit,,normal
W01121,1L7w5F4r1WR1a6GpzQa31zJhsU5ip3BVdT,legit,,normal
W01122,bc1qsqx4jya0j5vypzpl3eahdwtxqsgswlfk7ltlak,legit,,normal
W01123,bc1q3kwgj8tk2g8p7y9gunkyxlxtyymj52uwvff0gt,legit,,normal
W01124,bc1qlc8ylf392umk4qs9839f6syceg9lyh5hl84rsm,legit,,normal
W01125,bc1qxcjuu02v8ud59ym6utqw2zpgqpsl7425llxk4t,legit,,normal
W01126,1MnRARFovK4EAon5j48Kuye7ntRHfvps4v,legit,,normal
W01127,14p79gRaDD1PLVZetuPmufNZFw5Uev6UjR,legit,,normal
W01128,bc1q2hf2hkn4tjaymxj2rld56fdedzh87a4kq6ann0,legit,,normal
W01129,bc1qxtwwn2szzkwq98ggvdeznwjfgf3ke3vq62056j,legit,,normal
W01130,bc1qkfwmjjmqumh7kt9c6rca6nulkzl4zru4xf2h89,legit,,normal
W01131,bc1pzq4l4d6rp8quhgm0mkuxlkatvhcm60etdfgtrqwmqj4pvrct787qglhn6d,legit,,normal
W01132,bc1pmzyy868k6eth4a9qaxp590qdfq6qnqmwuq9tfvwf0pjqta7spndsgjk20k,legit,,normal
W01133,1HGdrqMKB7FAN6AZpN7wFpJeSXPqM3b4Lv,legit,,normal
W01134,16Vccf9oCrSX4XhR6JecR4VQ4px1kNtjvM,legit,,normal
W01135,1BR1BznZJHMA65reJt8WwD4qpUUtV3u1k,legit,,normal
W01136,1J3oRHX3WH3DMBVvTn19vp1KkMMpgRtQRr,legit,,normal
W01137,bc1qjnvhr3jvyk9sgnw2calprq69vfxa320a4gjpry,legit,,normal
W01138,1NawQGs2auAmrhjMS9pFn3ELg6bc3Xc6uA,legit,,normal
W01139,35YyVDs9GU7ZtVXPom2Ar1vV4fJgV3cGVL,legit,,normal
W01140,1BJkTVXwgJeWUYpVG3g1dVxPj7a1uAJYNG,legit,,normal
W01141,bc1qd3tuemsnctnyfk8mqpn4w5tce78p7fp2qkaht0,legit,,normal
W01142,bc1p7zfc837gefhzrgsaj72vp4k9cy8mvc4vspatay72tfhx7akn2pksjj0ysc,legit,,normal
W01143,1PvyaMPcTovzVZevFF5qyd2cLNzHAwiyu7,legit,,normal
W01144,bc1pwugvcah3kq3eh6se5j8nqztyu9tdwq483c5fn3gs8ynszf0wu57qlcpy50,legit,,normal
W01145,3NYmN6Py9hK2J1MSPRG9iyUpnFFjYRwfmC,legit,,normal
W01146,bc1qs8zduleydmr23wvk76x7wazus9e6ay7aqx4ymp,legit,,normal
W01147,bc1qre2kw3ry2kapazt0p9kpm6t90gg6zrluk7xkzy,legit,,normal
W01148,bc1qz0fy0ccp2z3nf4ttgswy7x2xjsde59jhe8eqmk,legit,,normal
W01149,3Er796VMTRpPmiaqhPtd5X2SYvSKffGDSr,legit,,normal
W01150,36iGsrs8Bg3EPd9rBLpvkKoPHyWH1YCu7Q,legit,,normal
W01151,bc1qhryennks9h7zcscaqg3tj39v6mm825k660ytpr,legit,,normal
W01152,1LBvWVX48UzwL3ckJVRzjtfec1LB6yLZCu,legit,,normal
W01153,12ampQvxCeY8yPeusY97TriNpfrk4Ukhoz,legit,,normal
W01154,bc1pyuhs0lsvf4n95pg6ycsxexttyjghxxu6wutze0pclnjtz9vfkzcqkenlgz,legit,,normal
W01155,31xT3V2PFnYJ3e1duCYsh6id56UTPUCBMg,legit,,normal
W01156,1LhuGh8KjH72vzX6f6Y7jBMJaTRRQEE2Ev,legit,,normal
W01157,1JPPcWQpA14J6Y1YQ6PkGZ5HxXbMR1UNQC,legit,,normal
W01158,bc1q00vw5dfeyawkhnuqly5y88nmk4dvyv5mgw8fr4,legit,,normal
W01159,bc1pnpxh5f8ncvn8kljz8v6p3vgdzqezep4ny8trfrwpw4vdued6edaq9arw3c,legit,,normal
W01160,18d3bKxUJp8UaJPZtMBe4c5ap2UzvUewXr,legit,,normal
W01161,15vEF22quZz3FqKs8HdeaYGP5HURkPLv4d,legit,,normal
W01162,1GcoGdqcNx1KWriEHaMf9fRD7pdc1XAz9u,legit,,normal
W01163,17ZN7cEgEVYzDipdCsvyA8N1dDgTmQSbEu,legit,,normal
W01164,bc1pw6lpsk69egchndfctz0h6euvaaw9rslcd3nh65zu0fxr8gsuxhas0g08hj,legit,,normal
W01165,bc1qesps5pnyrzs00j7u94776mmstwsruuqcc8lkzn,legit,,normal
W01166,15gqDTdY6ZSF9P2kwGq13Cw378CzGNbehT,legit,,normal
W01167,bc1q8qdskun5k0eg2a2k6g3wu4hl42mk8kcx95n76y,legit,,normal
W01168,1NFWL2kWbdLwNpCdqyduVWAKjbfm5d7SYH,legit,,normal
W01169,1HhRwsfTvP7Pr2SCTcummaB1g1eugGdocp,legit,,normal
W01170,bc1qrnlhnr8z6lg8pzx63ha0pad9qdavcmt5uclexv,legit,,normal
W01171,19CLrowwoPtLypsGFJZ2Gv2vUAqb8mPLt5,legit,,normal
W01172,3GBUQEtS7EQmUsp4qQmQHe5vpictH66Jm7,legit,,normal
W01173,bc1pn0r60n2vgwuarjenr80lglf98slv025p3pqt0kkh7pa3gmvwjt7s8p954l,legit,,normal
W01174,3JecDg1q3jhmNW5965kufUeFYNdyButeB8,legit,,normal
W01175,bc1q3ghms9v0khw3fhqtw273wu58e3746csp4u0qtz,legit,,normal
W01176,17TCF8jUpCwycdZsGhCeUHcALZf2maE5qU,legit,,normal
W01177,3AC195bx9mqPmxGeHXKiu8YnQw2gLzC9er,legit,,normal
W01178,bc1p46hjgq0mq3cv97maad9d4yw7xz0dqa8g4vunl6wc2zperz35p87qw4l9k3,legit,,normal
W01179,bc1qalyh6vy7wzv9qns2f90tkukm2chvsn8tdc9y2g,legit,,normal
W01180,1DNe6BE5gqg2x49UZKjVKj6tip2pGvf6vq,legit,,normal
W01181,bc1qmgl03g7uhghcg5pd295kp6p7d20fk63njfwdn9,legit,,normal
W01182,1GsfL5ncrUgbQXAxCNMmjKHqChavD2UJdW,legit,,normal
W01183,bc1pral6ermf90z24dyh52w5gss3aax096rzxxse26yg5edav9udp9fscmnz7x,legit,,normal
W01184,bc1qgwmwg679p32jgs2v2tczvnz79zh209rdndm35u,legit,,normal
W01185,1LShjJYP3QKrtyUgQ9DyG3gXnhocDidpbg,legit,,normal
W01186,32k314CBV7jejkfJp2Z12SKG72YyXgs3xu,legit,,normal
W01187,37TpcUdAjQtoTxzf8xLyEfe5CB8pcorGsZ,legit,,normal
W01188,bc1qmxxufml0mpvu0euz8lt8tq5379gu83w88sw0cp,legit,,normal
W01189,bc1pyj24hgzzdvshtlu4c0x9u3utyx2sp8jhd4fv2g38w77n4z9rtn2q436mum,legit,,normal
W01190,1NyvjHYKLuyeE1cN4J6bRks9i4fC4X1pQ3,legit,,normal
W01191,bc1q60fqyek4p9ztxm3vdx3fyufne466g5spxrujw4,legit,,normal
W01192,12KRePDgqwWV61FfaVgrgZ1m3Ws3CQKpQd,legit,,normal
W01193,38L5t43kEVoCz3tQ6sZtYL1FRLceNHnftV,legit,,normal
W01194,1AEkrFsD8RfhfT2Su671wXtsNTgkQ8x8Ro,legit,,normal
W01195,151x9JB5JkLm35MQTiTW8kP6iSMVnRoFJv,legit,,normal
W01196,bc1qc8n34nv0qss7t3paduzlextz5m497z2auyx9tj,legit,,normal
W01197,bc1q7r3s4djhkdkha8x8kjjtushc60mwj2jl253q8q,legit,,normal
W01198,bc1qg59zf88z9ypyj09p22zaylkuhm7sf4qwy2s2zt,legit,,normal
W01199,3MPUfvcZLkgC18AbhWJwU5ptwsME28yyYN,legit,,normal
W01200,bc1qyeyqahaty435kjj32wgum46sgh47ndu46lgmqe,legit,,normal
W01201,3PogyciSDyyw2zNGrS4aRtbeMXCqu7cwKM,legit,,normal
W01202,bc1p93k0epp07pq9vwrjn4s9gphasljf0trje8ppmv7xexg7xrv6pmusqezkuy,legit,,normal
W01203,3P77iykQvRhvo7y1CR7RGwitL58BLGukde,legit,,normal
W01204,bc1qgwl70qjty87ey83l7ce89y7rk3lf7hmzph02um,legit,,normal
W01205,bc1q246dszjzf6g09gacvmv5h4xrp7tmqa3xvl0jfp,legit,,normal
W01206,bc1pvz7kj0wmaad69l3nujav3txa9x7nh969599qy73e3m3jcj36tftq3yt3d6,legit,,normal
W01207,1HdYkFYnKxSTj8FpLANKRyk7CS5wysdye6,legit,,normal
W01208,bc1pe6m49teh298mzr06aufcgqkfv06nchc6d3ws7jsxcu98tft6jcqsa7mnye,legit,,normal
W01209,1N63edySEg4yBnLSqtTC72QCoxF5d7W6F6,legit,,normal
W01210,bc1qj9ce6fdx5reglyw9j9eeqllec8g7gc9k0djj0m,legit,,normal
W01211,bc1q6nmdv53g92lhgcupmwyfksz9qznkfqapj89nl8,legit,,normal
W01212,171QwnG4uN14jYoFxRagTbBGozYCrRKSq,legit,,normal
W01213,38jDcd6gDnguqjqpu48rgSPo2euwb2uBi3,legit,,normal
W01214,bc1qxcfeu895yt0cudajfzyxtwclgh0vsyalve7dl6,legit,,normal
W01215,bc1qak5s5d7c2n05w20lasxe7sn5xt2rm2vurqymga,legit,,normal
W01216,33N8N4ZehWETK67xkpnKXAwz5XV8v69fAQ,legit,,normal
W01217,3CMoCdLthFK2KY4t4SrzaM2vhYAcaZzbLg,legit,,normal
W01218,bc1qyxyllmezsf7da9ja2934kdexu9vwqlaze24jkp,legit,,normal
W01219,182dzBHwFqKezL91j3TFBQcsHBLEgZNhaY,legit,,normal
W01220,bc1qgh3lpy8hxat7x62l7npzcz3rwzvxdcela6av56,legit,,normal
W01221,bc1qe87dl5vunfk50vhezqewcuplnxp6wymx5gqe2c,legit,,normal
W01222,bc1qxekwhmtmpz0033kydam0n0hjxfgxjk9umsdysp,legit,,normal
W01223,1MVV5rY1hF3se7kGa1UbFDXhFSiy6J4Frt,legit,,normal
W01224,39sYHZjiT6ScJXfKYhkAPXneYSwwoSDZ1x,legit,,normal
W01225,bc1q63fgs3n3fl5ug5qpw57n84t5yvarwzymnjchgw,legit,,normal
W01226,358DTMhKniHRQeNnhMDKoKDAzS8HiyqDES,legit,,normal
W01227,17uegZdmGAVyRbaRH9S5xjnjobnvuhLVX9,legit,,normal
W01228,bc1qc6klkyt4zr7yazvgptar0z3kvg5h83n5k57z5s,legit,,normal
W01229,1MH5KTZgRkt3Mb3LJVFyVdBXrYrd8eBZxz,legit,,normal
W01230,1E4UqJh9TjcPcBynknjRdBRaD4odriaJN4,legit,,normal
W01231,bc1qyeddtatrxdps2ucv0ewjlspspzg8aq4vxpnwns,legit,,normal
W01232,bc1qrkzvd3xhp6tscfmyrvcy87aenfwr2cfug57xpk,legit,,normal
W01233,bc1qcxjygpstumax8kwdrwmald4e3czspwgxkpwg9s,legit,,normal
W01234,1PYKw3e2YCgCsr1bGSz2Xp3aBM2ykC7pxb,legit,,normal
W01235,39qqiSCBBVxefeQbFyXzqsy2xeNREfX3Fw,legit,,normal
W01236,3F8xdCB3aEBUnKQ2BJ8waz756fcj2vxyu9,legit,,normal
W01237,19qZ5VX2wfmLC6uuteKDPoQGj5mpBcXWSv,legit,,normal
W01238,1GEhwgXap2qESEX27zXPwRPB12w5iqmhS,legit,,normal
W01239,3NAtyLSQ3TYsukDoiugiA8sprxCbMxnNML,legit,,normal
W01240,bc1qf95c5n3pxhk0vp4mn3e6l3u685ekjp9mr6jmvd,legit,,normal
W01241,bc1qhxsv6h7hl2nxl4f5v7vyxgcy4l35n6y25cyfcj,legit,,normal
W01242,1GF8uYwJvsGfCUBt1dWv8wPykRvrPWAG5D,legit,,normal
W01243,bc1pmcs6r38f3vfjsx3uan08c8pqk7lxc0enexhnex2954rl87d5737scawsvc,legit,,normal
W01244,bc1pprhtk8dhyueznk9nujheufduqvhmzc0rv6sgckstpdk8kl94spdqd2enkv,legit,,normal
W01245,bc1qdevjrdgk2shs23a47zx0pjxy8hm8nxmql83xym,legit,,normal
W01246,1KnCmYVVtnq9icdH1XBEDDqYxF9z56MANM,legit,,normal
W01247,16HXd6BbCqr7z69U5W53ZPq1VhU5kSVezj,legit,,normal
W01248,1BTgWNTcxZSQWV3KnreAwzvDn8AYGRvomJ,legit,,normal
W01249,1HEYyMjTBaFckHURGqNDeU79qCYCA6CMpS,legit,,normal
W01250,bc1qzs0ewzrg7tc09rrmtxze2cv2keunj5dx7y9r89,legit,,normal
W01251,bc1qpw6xshum3ksskq7ruxlq08tgne2slfzw82xzvw,legit,,normal
W01252,bc1q7h834fdvk4ypw2l2lzvl82enq2wk8u3zj6xl8m,legit,,normal
W01253,bc1p80758vlnuvpmfxlwh0llseurdvd5wkra2tn43e6x80daq0tpp2tqh7ta8h,legit,,normal
W01254,1AHAmb5Vu1KUA3CeMyMLwfK8rPky4Ui6D7,legit,,normal
W01255,bc1ppgehn2jfhrr56g6e7zj2ltw2zkkw93azhr0948l6g6dmv3t5ynysdz354u,legit,,normal
W01256,3BRYc6WPpT741tHuK8wNJvy2XkcDTSwZoR,legit,,normal
W01257,3AUxYFTQ4TyZkFNLPMfcHpvKN2Ce1mDwHZ,legit,,normal
W01258,bc1pg5ter3wa7u7kpvcg2sc98tvcjl5eve49cs004yuwsxxjud5drcjs982zg0,legit,,normal
W01259,1kQ62U8UUXqvMj8z51Vo46skJwyWUqk9M,legit,,normal
W01260,bc1phhppnn0l6dgw70gy008wy4d8tr9jnws54jm6q6nua77gkul6l0mqp6hnn6,legit,,normal
W01261,14dUixoa9Cw32VzJTC6D9abiAx7QNY3ArP,legit,,normal
W01262,39myMzTvxVEXtLMza6je38FmZws5CcD3RN,legit,,normal
W01263,1EgRcRAFnUXk1yZGJtYQTzaVvUHqNAQAFN,legit,,normal
W01264,3DMWewmT5GzKbZCRbBo26biw1QP69okVgr,legit,,normal
W01265,3A3RW5EsWYaPk2QH5KM7uSPcygwYZPPLir,legit,,normal
W01266,1HZmaFRfRDukBXSwV3xEFFbBAiXuVStKF2,legit,,normal
W01267,bc1pn5gfh7lr7upsu5vmy93q97d8dxp22g7kwftwyrmejukmznh6hs3qwqc8nc,legit,,normal
W01268,bc1qvh3lyvqx066uygs0ya7jprcuzdq2dk0wums0y8,legit,,normal
W01269,bc1p7fgqqhwwp6trqaj3h5cfrfw7kvyulz5aqnkggupeyrf66a0jgc9qs2n44m,legit,,normal
W01270,bc1qxaw7vx5q3vlah3lzsdw8wcrhcu6hwwt3q3ml35,legit,,normal
W01271,3NDoNquMeKPQCZw4PgEe1GmrkZdcywkDX1,legit,,normal
W01272,bc1q0fv9sz9k92ugmefz5cupegdewc6rgunncj9xmt,legit,,normal
W01273,bc1qmlgkwz3ntyw2fpltwpx5yngp6nhevrj585mvqg,legit,,normal
W01274,12SduHzDWmZCMAnQYbBbQYES9NsBSKxQPT,legit,,normal
W01275,1GRVofxj5rckR14iVCj3CrhV41BJJKDwMx,legit,,normal
W01276,1GSmCheM4GPmNdmQmCtmwjm5TyKB8VnTb2,legit,,normal
W01277,1JvyiBn9qaknmoswhu9qPUszdz7ef85Rra,legit,,normal
W01278,1icuqAK7kCEeqkE8yXFVPJmRdEuyhkkes,legit,,normal
W01279,1Eyn1cJygUmKgnDPrSPQ6fr2qjCRQm8Qm7,legit,,normal
W01280,bc1q8spdsq434e76hnqtglgcwsm57v0qlhtynpzm82,legit,,normal
W01281,bc1qn98lvvkkq6ljkgsncgxgturrtclz2qu9qwm7ed,legit,,normal
W01282,bc1qc4c4j66e39mrpce48fsdqsqcqkasxqkphek45l,legit,,normal
W01283,bc1p6lmx6gg8y44e9zn6m7dmczdpc7lqwl0cfyqvmlxnlq903sptzeks2agg9d,legit,,normal
W01284,1wyzVYtnPbKnGW9eY46Esxxe1ne9pJNwq,legit,,normal
W01285,3DQZjuVuyAAKjztfW7X3U6dykDWmn3fQvT,legit,,normal
W01286,bc1qz87lae4lx3f72upr4a7vugpj40mp47tzerwpe2,legit,,normal
W01287,bc1qv69z0mvxn0838erg2d2ap4dc93gp9z4lnfk90m,legit,,normal
W01288,3HyVv1w7Y1AbaymLG6mbEoX7WdErg316SB,legit,,normal
W01289,1C4XerZjg2vRMiQwPDuAv346cUQEpD22o9,legit,,normal
W01290,bc1q3xk0d3ks059gxw0gz63js4zd5e32lmswprx4la,legit,,normal
W01291,1LtRJ4DMPPpHAZeSHiBRpUPwWkvJc5kfLc,legit,,normal
W01292,bc1pzckzazx44zmmglea06r062d99dedxe6wg59ca6yf2y8ncj6a8khq4cz5ym,legit,,normal
W01293,1KdZWKuPDwcMT7mRL32uNHYH5wvo6zC99a,legit,,normal
W01294,bc1p33l52ejpfzq9mmaez57w0s6ju2nerzddefqp4pw6yhkmtnxdpatqs5c05g,legit,,normal
W01295,19RvUEpX5HYxXTQmPkxhJc4bysAcevvneq,legit,,normal
W01296,bc1qmjtu2psgvs8n95mp8hpyguywu9tjn7tqlegwdr,legit,,normal
W01297,31xY4baegCDRm6D1HwhLW7GCfWdmmv5LzL,legit,,normal
W01298,13XAzA7TewpeKZnm6se2TYGQ13janwjrbT,legit,,normal
W01299,1Egs5Q1rKMhHfxUKPf6Ud1rvfxyxcdJs6M,legit,,normal
W01300,1F9S1HUUSMnRHavFpuVm3PUjfqpBteSoWA,legit,,normal
W01301,3QhwCvHzR81AvEMYkpXsauVBYHqJcMyFMK,legit,,normal
W01302,bc1qdldcsgamsvglmkamxg63q49egyrdvtwy0wx93l,legit,,normal
W01303,bc1q39fvy3jn0r4t9uakk4jswmypg8jtswkgq363g5,legit,,normal
W01304,bc1ppru02et3q0x0cz0p3yf8j90qejjzuersusm8e6sqcgplyhqjjy4q7r0qda,legit,,normal
W01305,1EpfUz4oyWDevbDk2UwAjZ2batJq9ScbUg,legit,,normal
W01306,1CEsWSWwiKP2ZpUHNX7Qd8GK9LNWcLE997,legit,,normal
W01307,12jEqoHdNw8Puw8d23GFPTXAZLo5QNt3VZ,legit,,normal
W01308,3FnYi8RV4omTi4SHCAk5gVD6JzcHa8hkcs,legit,,normal
W01309,bc1qldvpddsvpg5a7uxstqkvvr2yq8tastkus7p9ja,legit,,normal
W01310,1ASrVo8RuRHq4QDdJbtGowjeBg9oZ8wY5L,legit,,normal
W01311,1FR66NUqyZYqRaDtg5DpxuRDTcRRqcTFQw,legit,,normal
W01312,bc1qdrh7f52z0l5ccz9662672hpv73zkh8aswt4pn0,legit,,normal
W01313,bc1penwfys6ycy5eljqcskt80fgyjlgs0fystp6md5aasamgwq20pdjqgjp0xw,legit,,normal
W01314,195Zh1GbQXFwzpGv8KjaU5Cr2VD2S9v6hN,legit,,normal
W01315,38Bw6aXojumCg9vT7LqmpUU85onyoMvr7X,legit,,normal
W01316,3DNoVDGSNpFg1nFPuSN9foLNcw4wimE5ZT,legit,,normal
W01317,bc1pkg5skt05k782vgzl0j606pxrh9x60gx2ggprkuvsncamcd3a2v6s3nw6q4,legit,,normal
W01318,bc1q4lczqswx9lvh8x95tjydhps6r5gj89h2h8dv2s,legit,,normal
W01319,1cfhqCpkRWQrGdnNFHikXVoC2gMqdky5U,legit,,normal
W01320,1Let1GkqE5fU7tjZh16Cf21GmM9vdXPDhJ,legit,,normal
W01321,1PNRuyJ3xDq1C1V9qRgZSLD97ZVR7HcSmB,legit,,normal
W01322,bc1q07n2r90jea27mhdae9wruafh78dstncvwsxcsl,legit,,normal
W01323,bc1qzqcpgh8nrcvmpvml2qd836zegvtrzct4kv2jy8,legit,,normal
W01324,38TnY7qNpaY89QcirLo6i1pJVEQvkeH2Nf,legit,,normal
W01325,1KevqdPny51iZRWrdF2bPJ2QZNx3oMTajo,legit,,normal
W01326,3MhJx4pfPMQvwcCmZ6MxQoBcrdVER3R5wd,legit,,normal
W01327,bc1qvs5470ut0cycyjczdd5zhgvsj6nkth8fsr0g5j,legit,,normal
W01328,bc1qu90wm0khhvgeqpcq7zg3l0ne6dq8956j37wuqy,legit,,normal
W01329,bc1pyev7u3xuqrqpstwmfg42ex39wlgrs9j77r622h74pzu8kdfcrv9q23tz5e,legit,,normal
W01330,37tba2piPQWJiQxoqQfuaePwNKKJDTCDxn,legit,,normal
W01331,bc1q6kgrtwsmpx9eccgz6ksej45juy2dsgl5z6t0gq,legit,,normal
W01332,1JxpfBgyhDEMDq81WZX68AtoLxkjQsTGaq,legit,,normal
W01333,3398ZpKWMfRXf8sa1tZrY9DW7wiWRzRg27,legit,,normal
W01334,bc1pg3gwc86ymeydfxrm6r8x3w0p8z8q5vhhsme57ntym4q7alktz0nqrs2nlq,legit,,normal
W01335,1F7rNJ8zJuhcbK2gzvpf8s6XB5w9rwM3sy,legit,,normal
W01336,1A4g5eGUfrh6X2Ws7ZjjUa1Jxnh1GfRLSy,legit,,normal
W01337,bc1qyly9lychsy2e2zz77hynme4geu83va2xj0yjvm,legit,,normal
W01338,bc1qpwc8g3ffut2v2yrn8mpd2vmqljp6vwfeenfy2u,legit,,normal
W01339,19shw6Td2N8wwAbVU3bxWeWbqBWntcTtbX,legit,,normal
W01340,bc1qaygffmae2kqw8r9pxwchheczjehfpm8f0vn23e,legit,,normal
W01341,bc1p5g7slgzscrzmzlefjtm7mvsfxh6dq9qu9wmas2kws2jtkk4wjl2s9mxs3v,legit,,normal
W01342,1MJaP5uDtsE1ECqnv3GhdLPZ3p2FYTV7ba,legit,,normal
W01343,1LRueLxL4QRaDnJBfDWdd59dnSZo9VXMX3,legit,,normal
W01344,15K2QMu7dVnQ7xk7UcavQHri9EUyDR5xfb,legit,,normal
W01345,bc1qvh29r6wrp8zx0gdxfa63tpscdtv4gaypafc6t3,legit,,normal
W01346,bc1qzxhryadplnll73lsj5tjutjkn3pgwgx7wt02ah,legit,,normal
W01347,bc1qlghescghg9vl2k8mn2c70d3f3csg7nl9946v0e,legit,,normal
W01348,14wpGYxuJSBJ5CdpoAhmAnC5a3PLWKLF7A,legit,,normal
W01349,bc1q6cmlpznda6e7cy32rju3vjrzv9tu0495v56ukd,legit,,normal
W01350,1P8TprJBPS9mFei4P9RKoZSi362DqM71ZS,legit,,normal
W01351,bc1qgpmft96eg0kk0veq8d26q4234da586pqwt5rcf,legit,,normal
W01352,14xJaM5XmFviNqCGZKKByJH6BzLvFZRGf3,legit,,normal
W01353,1QCRVm9HoorSskcXVmcLqHptBrbDrt5UHi,legit,,normal
W01354,bc1qpmhah0z2797pxhnsqwmgah7a2vezthtmltqu3x,legit,,normal
W01355,1JeRYTuXgorkCY8Rw2FTzs4RxMfY7eiyyr,legit,,normal
W01356,1JPQGGF1i6KLaXp7BMLQx9ysnCk3BKNHmg,legit,,normal
W01357,bc1q3v764tarjwspv38ejnexzaeztytjeflhk43rjv,legit,,normal
W01358,18s9XsPZU5xsvwmHGUYqLofF5CSp7MVwjs,legit,,normal
W01359,3NSrF1nLUCuaYwwu31uLSGz6G4xVnMEyAh,legit,,normal
W01360,bc1qtkdgvm4vgfkenu875d6j50hx3wkqfzjnssurmg,legit,,normal
W01361,19vUmqhTWrrdMx6BECXKcxiBaCwrZRkNYW,legit,,normal
W01362,bc1qaw4hdp6534g34vjlvr6qefnhvdmvjjvnwflxxz,legit,,normal
W01363,bc1q0a3r4wmn4yzwhg6kufacljlrruqfdz0dtk6676,legit,,normal
W01364,1HqvsiZGjBNg3Q3JCz8Ws7hmh2QX3kyzDJ,legit,,normal
W01365,1Dj1AnaN6aa1RbgYwYtWHNQjLeeFwbsq8t,legit,,normal
W01366,36xu6PVSU8wv6NTqogo1HokM4nBZttnuim,legit,,normal
W01367,3DBPRKFUViHeMLsRrVRUL4a9iK2gbokaFt,legit,,normal
W01368,bc1qeryr2c93w8p5f4qvxdx2und2z6k37uhm5m8zqy,legit,,normal
W01369,bc1qj9z80ql4ul9k20kzal29h7z6v9wc7gl2k80f4n,legit,,normal
W01370,37wjcf413YfMLGa9ckd1KWmMSTKWRFYLy2,legit,,normal
W01371,3LZWZA3hkj9FYzZ5BwYGXnZGQSk2ftnkpe,legit,,normal
W01372,bc1qga089jgjh08aymz0sunfhyk8ey9aqyf789xfdy,legit,,normal
W01373,bc1qhjxpf93hnjeh7d66exnyl9r40pk2nv2n572r4c,legit,,normal
W01374,bc1px84hp3cckr60auntyf8qe8uwfwqkre8gmgtyd2k5akr29qxxpvpsj49whx,legit,,normal
W01375,1JCeKrbVqtJd5N3LLpLLoKkX8TYqVyxDQC,legit,,normal
W01376,bc1qp65w8grv2l34lvnksws55u7v9xm8as3tw3atu6,legit,,normal
W01377,bc1pvvhkk4pdrhc9ddckmraq5k488c6rzlnzqg7nyak9726vt740cuzqpatzuc,legit,,normal
W01378,bc1qwx9n0eqh3af4r2wynnv7r2g6s746uxthrwy706,legit,,normal
W01379,12kGsjDvmFMGugEeBKWypc43Uu2AKGLUxd,legit,,normal
W01380,bc1qpm23ej7p0umjqzzz4u2pyc39gfejatn2agq807,legit,,normal
W01381,bc1q6hxtm6wy5k6jr90anhwz4p737nx3lds35u26es,legit,,normal
W01382,bc1q3t783chq3lc0l6d22aseunazppgmnhes0gzjsm,legit,,normal
W01383,1J4qHptjp5Py2zdqK8T4cgDWXK52u6B3e9,legit,,normal
W01384,bc1ph7w7g7ett5y0g56z4jwet4yn0re8x0yycd9sh3q2t482w42eextszmjl4n,legit,,normal
W01385,3L8tvFvH3YKs4DG5e6VDJfxqHocE49jD1j,legit,,normal
W01386,bc1pqg8qh26cj7zw7hu2n7nlmqf43lw2p9rwnnfwgawjemuhhwju5azsnch9mj,legit,,normal
W01387,1HV7mWyP7ekbSq24HmqSV5G6pdut7GCDwP,legit,,normal
W01388,bc1p9qsuz6sm55xjjeka8c2g89puzmfnfwasggszld8l2vc80qhty6ys0rh5rh,legit,,normal
W01389,bc1qylfmzzkc2wc265hwe9mjk5lj6whzt2729u92f5,legit,,normal
W01390,bc1qq0mu43sh9y4z2qudhq7wul8vj7tssr2a9a3hc9,legit,,normal
W01391,1G4czrnt2XZt74xn1u7xyipQnaQN77Fjfw,legit,,normal
W01392,36NJSBXnMPBVVz5wx5Lk1KLhGdH4qMCjzo,legit,,normal
W01393,1PwrspztDQ4TtEX1ikDopYAPRRSr9s7Hp2,legit,,normal
W01394,3FT1S1UqurHMjMCJ4ux7NwGzVDzKgnGNve,legit,,normal
W01395,39bzwN2Ts9fgZwZ679dELAX7DTx8wd3qB6,legit,,normal
W01396,3DEYpQrdpaMm3psvKzK96XdjPrataVFjFu,legit,,normal
W01397,14X2yJ7NK7BxzzCyeB8nCA1U2buYQuJg24,legit,,normal
W01398,14geZkVWtuRTkx8D1Az9NdkuNDVami278N,legit,,normal
W01399,bc1q9g4s7a46dg0yny9ersrnwzl453tmqtdxa3a42y,legit,,normal
W01400,1EFdKFY5nXdQapqDiuH5Uj27ePN9n15AJf,legit,,normal
W01401,bc1qmlh57e8qzzpsrytswxz0ra84hfgmsuxuuxqqaq,legit,,normal
W01402,bc1qs8u6surlza7e0xgf20cxe5mtjr2qlgvy7x30hh,legit,,normal
W01403,1AFCD4Q82TTE8nYcVLUQvKfvkVvBsbj1VE,legit,,normal
W01404,1FfrWXio4QfsyAvfKGm6VTsJZTZ7QrQ8eC,legit,,normal
W01405,bc1q9rr0v0hqlkvpxfpste2smlslf5w5hlv8e8awzd,legit,,normal
W01406,bc1q3wckkdf6lu43sdr3y75pwwvmlzdql6s5huw2v6,legit,,normal
W01407,bc1pqjsku3djdkwptqwfxq4yd5lp30q5cn2g9atn9nd7g0qpwam5wwaqcnek9y,legit,,normal
W01408,1G5YjcHwDLHxkuyLAzCbzM6pxTfhWsYwMn,legit,,normal
W01409,1DqPD3VJQsNUQCVBiMp41ShcT6v8J8JLen,legit,,normal
W01410,bc1qrv0y308lxkram5awftnank4zukupeea8dnyd40,legit,,normal
W01411,1CskAQfkdLd8ETsCjCp1HQsXyoH1ZHU5U1,legit,,normal
W01412,39qov49xr8WRLVqoavPeDo99ixC5rGMnNs,legit,,normal
W01413,bc1qpm6s4ecx4fd567eutttmgpsjgp2xngxppvccs3,legit,,normal
W01414,bc1qm7kd3ujn36l7mrxlhvgul5rcwdxcu36z3grwr7,legit,,normal
W01415,bc1q7ydx5gx6le4lkajd35h4ed8773j6wu6k6kk47t,legit,,normal
W01416,1JjKQFhMrjkooAokT3j2JbQw46csjvqtRn,legit,,normal
W01417,bc1qwkfa7f5hlzrvfd9wh784s8s8mgru9dlfugxeun,legit,,normal
W01418,bc1qsjy2w5yzvqs89p6nwfrnen2g2n0k497xw29jf8,legit,,normal
W01419,35dh3fX8wjQyZiJTNcSEbV5XsQWJ9RRE18,legit,,normal
W01420,bc1qgc4v6tcwu83c05fzy3zpfd39wryvnytttk8nuj,legit,,normal
W01421,19MQaHGxRwnSEHTf5yGpTEeFCSa6SmwR1R,legit,,normal
W01422,34SyNVEBNwwtDCLbNp5MKeaNADHh96f65Z,legit,,normal
W01423,15L5UCMvYKZptVX9mcsgfUpifR7u91TRFq,legit,,normal
W01424,19qbWG2ENZ5tgG1Na7U6PyjA9ow3E4L5Zh,legit,,normal
W01425,1QDT5HFYmyP9FJfGXFteHpv4p1ZUz9ezyU,legit,,normal
W01426,19Uzmn5zs6uqSYsk65XPBmFTYqFVSecVNc,legit,,normal
W01427,14X9qAK9rXa4jJPdzArrQupD13eiPf18i4,legit,,normal
W01428,1HzYwa3bJ67RDGGYiSkbZetuQJ8ruqSH5r,legit,,normal
W01429,1AHUkZUqw3exMB9GNquES828hR4myH113D,legit,,normal
W01430,33tuTUjShd8QmXLF9UnPXPtGpZFSQAsgQY,legit,,normal
W01431,3H8SqtZQSWvJXYk5dH1VEcPqtLYccwxZ2m,legit,,normal
W01432,1FFtziayuf5axYpe8rX1Gd3R7wSYamTYJ8,legit,,normal
W01433,12xH5LQysxP9DNQewjrVFVHfAxRcy9Bahq,legit,,normal
W01434,34wpjEfH1HefXs1QTYY8H2ST6gy2fia2PE,legit,,normal
W01435,bc1qvvchacnnj4p5awfz8cdgy387aye2nsge0e9rls,legit,,normal
W01436,3K1LXyo45hpo75easBEq6G3qRnxxGZgKLW,legit,,normal
W01437,bc1pcx2zqvq52y3ee6gkt34fkt2gckkzp5sr6cdctf3wq7ugxsmeqjkspz6znf,legit,,normal
W01438,1ArYzPxvjJGbrSzL5Mw2LMS2bxonGjsSd,legit,,normal
W01439,18h1AffpVMhNkdE3hNx1qWxjh91B8ejrkv,legit,,normal
W01440,bc1qrcmd9eees4ywfqeclykw8tmzaz5a28tx0vu2uf,legit,,normal
W01441,3798MBA47GU6WStCsmm67jYrdGAjgvnJA8,legit,,normal
W01442,1L1YumFUhdkNQeooEYrm2TSFByzYhfp8yd,legit,,normal
W01443,3JnDAxayZtqspXDigTsaT5NH9oc5fmYtZt,legit,,normal
W01444,bc1qd6q3arud6cy5rlq249e8k82cluk5cq084gtx6y,legit,,normal
W01445,bc1p88n7q4z5t2jutgx0q2yxcfs4np64skzrvh3fg6t29hr92d67d6asd00p8k,legit,,normal
W01446,bc1qjftfcjq4t7gn4p08dz7hy5ysttv6l3zclmtsq7,legit,,normal
W01447,bc1qhzcd3g5hmhstsrrrsvgc5sd6hkqklpnnvp768h,legit,,normal
W01448,bc1q355r8hwpcdf6cpqc7w48velgqvva8kw86alewd,legit,,normal
W01449,bc1pfurcft9ag8ahvcp8rr2gxtv3jqj5kl7sh3fpw5yme2wxvxvfwggsapeysg,legit,,normal
W01450,32BSsmpST1DsUW1hsBpranyo1XsNRkVBeF,legit,,normal
W01451,34DTdxxhVBLPV98Pdeuij8aRjLFA4Ffj8Y,legit,,normal
W01452,157L5YWbExqQrgQSt7n2zSdoDguZ2WzR7p,legit,,normal
W01453,bc1q3guav9dw6p3qpuhy6en83554dsj453ys63f5hc,legit,,normal
W01454,1ABJBYxkMn9SVSUGHJLRG5fM2ZgLei5aZ4,legit,,normal
W01455,3Pn9TvQrvR68wuhXkmgqCENpsdoNymZvBd,legit,,normal
W01456,1PZjFu1kd5pe4mCMi2BYDYVjQgj52udWWV,legit,,normal
W01457,bc1q9x4t9ufeltacjycjl0l4km2psgwh5wmyen2zwt,legit,,normal
W01458,1AqNoMuofy5pdR7z9NVJWN4H4Br4pZK21B,legit,,normal
W01459,1DBXuG5hV4S4RwVUqt9NAawCLjFhHM61F,legit,,normal
W01460,1DkNEM7BCT3NJjqvKxu2o4h9zUJou7mPZE,legit,,normal
W01461,1FsSAsa7YcdkdfLedvpG8TKiwYBAs2svg9,legit,,normal
W01462,3GL8HJKkmRYnBqMZGFpKhdUyyQuQQLRjhJ,legit,,normal
W01463,3J12ePzDRkn8f124kBv3VvKiZVu2r9zMPw,legit,,normal
W01464,1Kaz2A7Fm1Rz4ziWw9w2iP1xnQTP8zf6g5,legit,,normal
W01465,bc1pxpwsan2u2w0kg5t7vqzhvj9tr2rv5xfza3meghnhu2dsk6fqz47sma8w9d,legit,,normal
W01466,bc1quz8d2rhf5y0lge2q9n936urs4ysgttcz45l49u,legit,,normal
W01467,bc1qve085nu7q3vmqwgtupd9cyes7mx4fjsnmasjp8,legit,,normal
W01468,bc1qx6fhpt4f7stxkgc9ujggstrp0nrt2cscwrw4qz,legit,,normal
W01469,bc1qjs5yg24jz2se4mw6sq40tnd06dj4qw9e7gyp7u,legit,,normal
W01470,bc1q346geksvgk34vy6lwdtj6dn6y2tt4l3l0kgl49,legit,,normal
W01471,1CedgQ6EtwonWthw8HjREgPUv5dZrGmAgK,legit,,normal
W01472,17xfZMCLEtyu7S5RDenvs43wVHi2XTCMLz,legit,,normal
W01473,bc1qvazsf9ghjtljwwy7wu56w750aumn028scp4f3l,legit,,normal
W01474,bc1qqzy7vlfagscsxusu3zfa9cg7mwncpa8vgv6sm4,legit,,normal
W01475,1L4XJN4XrJev3wdd37kwNMEJc52WC12dzS,legit,,normal
W01476,31pQ968Y8sVTiLwisUFf6WBSxdkFHWXXJ9,legit,,normal
W01477,bc1q848574czcna9xl0pj4ylt5j8nkn769uy5amve3,legit,,normal
W01478,bc1q35zzt389zdc0fgv9l8qd5pwncq8h25852em9mz,legit,,normal
W01479,1BgQENi7SWZLKGkKkhebkUEaKDE2YyDQMm,legit,,normal
W01480,1Dnxjg1B12evb2MpVzmfzWnNzYc44JEdUf,legit,,normal
W01481,18vrpUVcrRsd1UidBtv2XvurgW4Y4cNJVX,legit,,normal
W01482,1NPoBhJfE8bY2i373W5DKEn4t7raZFKeYK,legit,,normal
W01483,bc1q9amzwtraqa7wu9kpu2sp7f2z20y9nxdduks99l,legit,,normal
W01484,bc1q38az694jgnhyylz4vvexxdlnfpgnyu54geks94,legit,,normal
W01485,14Pfh5RNQ4F19DHdZkh6fJeHxeyZALJmf7,legit,,normal
W01486,bc1qpcj38lf5mztpefdqazhem8rlnjpxyfvygaauck,legit,,normal
W01487,bc1pqc3xfx9h7xmmeg4gewmj7hx7w4teld4p2zz780k72ayt26wdg7cseyt33a,legit,,normal
W01488,bc1qs5ah7gata838tw6m8kf7armxusz23xzhx54ezr,legit,,normal
W01489,bc1ql5cm0lwj85sepm0fd2ztvzfkhkty0u7ewfslaq,legit,,normal
W01490,bc1qc4nj8vq26exkceuyafldxe9ecvh5sg5vwd4cq6,legit,,normal
W01491,bc1q9qfv5x9gaxqpk4j6q2yqtdrud82fhhepqm7pgu,legit,,normal
W01492,1JxWWgAvmVMijGdjuYFdPXvVvthjzz8P5h,legit,,normal
W01493,bc1qv7xlcuh69w7s7v27y79rlp7z2ege4rx8y904g2,legit,,normal
W01494,157wuNQPwme9aUsYtSUa5BWuScs9FVwRUu,legit,,normal
W01495,bc1qpxap9fu6kerymdvsgvklzfjxzrewpnug7x8v87,legit,,normal
W01496,1GWoAeVvmmi4pgqNxPStdwGwBa1iRpWBcF,legit,,normal
W01497,18SvcvGoFg5ToQLvAFVVhFY4vT1HAyBkoJ,legit,,normal
W01498,bc1qekm2h20ghqtyse3s6grzzy2u066n28eklath05,legit,,normal
W01499,39H7mdk8t6Z8XxihM6XTCXVVWJQWDGZCFH,legit,,normal
W01500,bc1qkylu4ktj5246scjpxc0f3x0egng0f9dg3s6dxe,legit,,normal
W01501,33VmFyGTBeEpezWs2xbksqTvddSkhMXHji,legit,,normal
W01502,bc1qcv3a09auy9ex65mvk3q37apu94kp3a4yrg3qr0,legit,,normal
W01503,38mXvkLLVNypHKNYxDRCVVeuTS917QpZ5Z,legit,,normal
W01504,113FxAvv9u5NMBraKUGZJWY5m28iymszHZ,legit,,normal
W01505,bc1psd8vfylh9mfn72e0ce3g45n85kd5lkrdzmw0d7mumlhrklqukfwsvqxgpr,legit,,normal
W01506,bc1qa6f7y34ascptfqngfn5885tpjuwgjetkz5uzkh,legit,,normal
W01507,bc1pyxgjwscd2zry5ztnh2fjgjznhqdychh893ndtf703qufq7m0xftscmgrhv,legit,,normal
W01508,bc1pxjpqj8qnj4cwguxhtn53r929ga20kwkazya7g0p24jwlfyz8deus076f45,legit,,normal
W01509,bc1q90vql7udnrdql84zq2mthf5wjkz2pykjkek5qp,legit,,normal
W01510,379jUJ7rJbKMi8ZPFokzTn4XvVQug6cbPq,legit,,normal
W01511,bc1qwpnhjajcvnkfdzu0a8e4qk9f6659682d6gc2hv,legit,,normal
W01512,1xArNmPF7a9iTEErPCRnApTBynPrpbMVq,legit,,normal
W01513,bc1qalmjl7g7ehjh0znsjt935hzv3d379hf9vv2lnv,legit,,normal
W01514,bc1qsa4nzv98lrspkmtv2nrcpq0p8chw4d2tw393ts,legit,,normal
W01515,1AZBbXFxBgxnWRMWBDRMZxCFsrQTzneiJM,legit,,normal
W01516,bc1qy60jhd8z4sasp2tpq574y2netkqsng3fezlwpx,legit,,normal
W01517,bc1qyrwa0vkzagcvsem20z00xaj7xy8hhkhzycah63,legit,,normal
W01518,1GiS1dRGAch4YrusbzkVkCPEfUQqmESNNq,legit,,normal
W01519,1KyAVbcLkFPEWF75DSjtWbmvv315a9nyhN,legit,,normal
W01520,bc1pt4qheachpj2wzy5l5qcrtf8kzg6fs7t45f5l86shfvzxywl2ra9sdavhfe,legit,,normal
W01521,1D8cKHL9KEbboaJ7U3nRymthe4A5DxHEYc,legit,,normal
W01522,3FNzxSRGCiN4N1xb194dKjzLaKnVa7sNyx,legit,,normal
W01523,bc1pl9d2aa3629ldn93v7d9e4s3y84eaq5qx7uqaxpvh7lyqc2q2thqqxvqsd9,legit,,normal
W01524,1NuXVQ4qugLH54tqEogybbpWCZ2zURv2KZ,legit,,normal
W01525,1HWdAiH8tEFaNTZ5RJwm59edHavLAEzxbU,legit,,normal
W01526,3EYhtcd83WuCNe6aWPVkvgkYjHhHgzLZrv,legit,,normal
W01527,3KEo2MR2KZs1K7ck2y6ync775CrTLFXRYk,legit,,normal
W01528,1DQrtd38McLFMnncW9PVevsniyQoezAEZQ,legit,,normal
W01529,bc1q2tdmahwut776rt0hwnwe6nqf0h0hf3jtmxslew,legit,,normal
W01530,bc1p2jdm5d0t7taezyukygsxkfuglvuyeuq0wxurgalxvga73u8uzphshy4jqm,legit,,normal
W01531,17nQY2Dwx574VvbYyNmoPSvGcHE7GPEppf,legit,,normal
W01532,1G2hha7FHxm1t9tCpiofJ8tpHr2qBMNHQN,legit,,normal
W01533,1BbTfPXFo2agumdkQqqNoowFCszEQX51uu,legit,,normal
W01534,bc1qurjhsqr5p3rwvnq583n29kqr84h2q85qxxz5n4,legit,,normal
W01535,33iXYLQtcXWFGqGzHcsBoXoSpCRJ9K2HL8,legit,,normal
W01536,bc1q3ha6lq6x6g3y86c5aph5llf494gxn86mmfnez6,legit,,normal
W01537,bc1qakvrzrud6kvl5mdv6rswrf9szy9lkz2069lpsp,legit,,normal
W01538,16xvEq6cMCXvGiXyUA8J4bDJZ23AvE1bJy,legit,,normal
W01539,35g4LJfVQXqdNupaMCSLZamqQNPCNSaEwW,legit,,normal
W01540,3Env9GAcrHiViSLK8dYT3WKSZBcN2Tvk1P,legit,,normal
W01541,1GNe45fAVAMgZ6wuAsVJk2gVNx2fPzJqRP,legit,,normal
W01542,bc1qxfsl4yyzjxwut2qtz9lhkfc9xsas4z48z8n322,legit,,normal
W01543,bc1pnvh0gnp5nckawc7ycgcnn5rymehjhafw8lypu2c0qynlllm8d2nsdsupfj,legit,,normal
W01544,193eeCuQB6XZWjePqyAa4bTJ8sikgASn21,legit,,normal
W01545,bc1qzhwje46fdq0pryvxc7d32nh0qpklpwu0sga85w,legit,,normal
W01546,1L8nypo8YcKwbUTpVEbaHFA3c83t5RZbZy,legit,,normal
W01547,1Frn8kmQjiaxENe4eXD3fYYuNuhV4ZtNge,legit,,normal
W01548,bc1qlwuq8lzsv49psjnm37mjwz7fmq9sp6g4t59zjp,legit,,normal
W01549,bc1q6x4s6hr8rtmcg6ept7gd7qact9ev34nz9x69ry,legit,,normal
W01550,1P169CQ8BBdPY9NsJZWoFfR7Um4izc9pPt,legit,,normal
W01551,bc1qdp97ugnr920mj8umquhx3a3t5vg0dde5k8qzqw,legit,,normal
W01552,3MAzis24t1DeSQtUqvS4amNnjKv2U3Q5CR,legit,,normal
W01553,3EiJLkGmat5bhTfb2cSwARb6aSTPf4bFtN,legit,,normal
W01554,bc1q7ullhe02303v7lurtljupwye9tvax4tu895k5h,legit,,normal
W01555,38kNdgAqVxBsTNxQrUUguWgRSD9Qbat4nf,legit,,normal
W01556,bc1pmvgl759gp3c2s8jtk0rfuxegeg5hz7hftja8lc9k0awg6696wsxq3mkke6,legit,,normal
W01557,13C3UEzyuJ8rR4VNFwBpXybSojMopPKTyE,legit,,normal
W01558,bc1qxdmyqkw3ksfyxwtzz42vmrx5hh407e2wymymdm,legit,,normal
W01559,bc1qhnkz0ccc9pnmyvkqcsy2x9fhq0vms44jmnlufd,legit,,normal
W01560,185e127utq5pqQFDAfH7pc7sNFzb3SBRjD,legit,,normal
W01561,bc1qxneq4pppv7s2m2qseu9ual0l3qyf8a2cl5y4uk,legit,,normal
W01562,bc1q2wn535q769an962q3e2hnfuf2t2vkcpx80qhrj,legit,,normal
W01563,bc1qxxjpvvzg8c0hr97yut9upu9namxhrtcnswpqss,legit,,normal
W01564,bc1qwxwj6xkzlhy06uftg33a3n9r56ph08f5hce8vu,legit,,normal
W01565,3E8d7KxVDqvSWxFCMo8CvEQg81k8C4DxQv,legit,,normal
W01566,39zHmCAWjYhkDHKYU3znTCUbTuVCSCNoqk,legit,,normal
W01567,14icDQCnywKKcMrd9r41AdfVURi3y3Aq34,legit,,normal
W01568,1FgBZ1zi14aS1Knjp2GLtCALPXXRnQtPyR,legit,,normal
W01569,bc1q4dnq5484zjdsgpq8a3l3qfvcktc9wuzpxwn6g8,legit,,normal
W01570,bc1qewyyu36ggpth20j04let8cchd79nzenwfk3zp9,legit,,normal
W01571,14WiPfQTpxoVUpy1PGHFhBtohU8Vegj5Tt,legit,,normal
W01572,bc1pv9d7yctexyr9nla6dj0qypz5a40efhzwhzuvd5wt2sd8fcs7v9dsqw9drc,legit,,normal
W01573,1KNUvttPjMFqsUHm8FWDYzprb4cNMX5Us4,legit,,normal
W01574,1Cjhr9bcmNpBBMH7XDcGSTF1y6cAPSXJco,legit,,normal
W01575,1DEGWmF7roVKkMD8QTbnvmxsQhXxZMh23N,legit,,normal
W01576,bc1p90h2sa64ttfkc7he6q5unfmmsphey7yn9x5wvnmfmk9h3mj06zzswgm52k,legit,,normal
W01577,bc1q3ug3vxuds7009zugmp0dw3x8vda50r79426xkp,legit,,normal
W01578,bc1q9fjl0j88kr9l0rg5wv9nysaad52pcnkaf0vhhq,legit,,normal
W01579,1BDiLon5Q7mKcVXNUmfqBjU1QRqDNUkUJr,legit,,normal
W01580,3Fwq4eve5GF9iLoawyL5b9We1TP6H6VDki,legit,,normal
W01581,18rkuiG2khAVN8LTdLB6eHmEzkG9awkWCA,legit,,normal
W01582,bc1qq9f6fw2nc2h357eejxh6fv2g5ttr2nxz3fwn97,legit,,normal
W01583,1DXmaUCBEZ2yJcKjM2qerXz1R5cwAm8qg1,legit,,normal
W01584,bc1qmjdnvrju5zqntu65wje2n6t98lsd6g32y2mkew,legit,,normal
W01585,bc1qg5uaust8gxjvjenh3jg6lejandn9fu3k4a2p8z,legit,,normal
W01586,37UAsKCLUhCpb552r4QCmuSTfm5eXjhNyr,legit,,normal
W01587,bc1qmqdsxqy274ekkf3dn0z5zewfqhgkl20rpcty7p,legit,,normal
W01588,3F5NGHgoJzYu6ckZ18PWSwnCBYm2nMo7ZK,legit,,normal
W01589,bc1qnlap5epswprpwj2sg323599h6mt86zkdrn7erx,legit,,normal
W01590,3CV7LzwPWk2srnQ3A3QKvwMmYJKubRhxb5,legit,,normal
W01591,1FS9qX79JBeJGXTfE9tetVNMjVjv9jeEe9,legit,,normal
W01592,bc1qcheqkry066s3jq5mt3ka2ucvnjlchelttdu3rf,legit,,normal
W01593,199vGXS2c2C7m72SrfdZyWgD9BNuQPDhgj,legit,,normal
W01594,3HHpmXK1ubARkKpQ7NRcZvF4DtAFkT5wBZ,legit,,normal
W01595,36iFome7Wu6xgrPM7FUmqdz2ZwrqAdtMhz,legit,,normal
W01596,36pLFcWqwHJC3poDWmsJtMaoqmh66PKxJ4,legit,,normal
W01597,bc1pmk4xsynze0mkhed954mwjau4knjwfk4gl6mx6pjecc2ayqxyu7psv6a7z5,legit,,normal
W01598,1L6rV5pg3vnpxHhFbdM6Twu8aFP9rtnypS,legit,,normal
W01599,3Cp8j5yqL4CBuc4XV5N4Am3XUnHwYVWRPZ,legit,,normal
W01600,38wzJRM5aVCr9xq3qY7rf7KwgSXqvi3X5p,legit,,normal
W01601,bc1qcqt7hkm49gqf0pt3qnpge470d4w4v5fxw97nnt,legit,,normal
W01602,1Nqj9Jhogn6MLQUbPNKJrqFDg5cW92ZXpP,legit,,normal
W01603,bc1qqx3fyk6su20jjg89fv84qa3hgdvsukq756f39g,legit,,normal
W01604,32JgXcvRyhSqbPDG1S1LwuFkfcwewHHjbb,legit,,normal
W01605,bc1qtj96vgclux43kk9xm99mrunhlndc282645qms0,legit,,normal
W01606,1RQbuSvcMaUTP6HdyFCnvWPWbxQycmeid,legit,,normal
W01607,1EyVt5cJ22CSAmAToZXLxYUQ3w3dpsKpVc,legit,,normal
W01608,1AZc8RhRj5hLBCgh9MPottWnZUxFGTmknR,legit,,normal
W01609,bc1qtrf7uvzd5qhrqck96alqeufvaukcwqrm0t6k2q,legit,,normal
W01610,1FjxvKH8g4EGWFFTr4xR7BPhEwaHGU6GhA,legit,,normal
W01611,1Mvr1WnznpgjqeSSsc35iUGvm8ue41NxFC,legit,,normal
W01612,bc1phnaapgmepx29xsqakfrn6k0xur62m8d9wwu4s20vck2wt9xwmzls52da6p,legit,,normal
W01613,1FrPfJStsQG398SYZxyM1TSTFH5pbuMJwY,legit,,normal
W01614,bc1qysqfwhe647vapghysjyl09vex7ls8umml27er4,legit,,normal
W01615,14bHPLbB1FKfWZsczX1CnoCaM4DGMW1enJ,legit,,normal
W01616,1Jvr4iJVDWo7sHNtSKcbNsGCunGQRnaV99,legit,,normal
W01617,3NvS16sraeh24Fti1i9tAgvhPhZTMzSbLH,legit,,normal
W01618,bc1qz7fgks5nv32l4pfhxl9wwt0ajtc8cymfytzv9g,legit,,normal
W01619,1DfgyQH5V7pooFMmrpgj3eeHbSUVnWN4bf,legit,,normal
W01620,19dy1MBVXZ4tYh24R4mBir3DgNE3v7iCHd,legit,,normal
W01621,bc1ql9ltg26kqrnp9vwqtaa8902g2umy3kwxu8cvn4,legit,,normal
W01622,3DV7Y1ndSMGrihxAUbEhbxm8VxTyAwy7g7,legit,,normal
W01623,bc1ptxzwz7pugw8ax7zkx5ccprdjld94yvhav90l45e37huus65mxe0q3k6emq,legit,,normal
W01624,bc1qwrx6feqvpp49g3cfw05x2dhe04udszgtry5u79,legit,,normal
W01625,bc1qgjgwljhep3fdqnf6j6xz4vxn2907tzt3ezzc33,legit,,normal
W01626,38Hv9Rc78n3k9Nm8teLbD7ruuqQoonLCnL,legit,,normal
W01627,bc1qqx7nqhvmnk2ue23yv4tk54e9x5f2f9lhq33r7g,legit,,normal
W01628,bc1q2qfr3j9gsvngajvc2av8qtl8pp29c80gnz046k,legit,,normal
W01629,1PecGUNXrVek2Y8Rf3X8Pc53vyzbwTfuLa,legit,,normal
W01630,1VNugCnCmQmQxgkmvbzePvNsvjJXCiqcv,legit,,normal
W01631,bc1qj5q6r3lsxkwfryvxseu3x0a77fte0dkdaurvqa,legit,,normal
W01632,bc1pzqfcl4mhy3d7g7wuestjrsy6xgfxuvwh7drv2yfwlt7s7j8rdn8sqavjsk,legit,,normal
W01633,1DZyqLmjgm3fQEGKgSdg8yMAV1QWuLETZW,legit,,normal
W01634,3E5KDo4yd1TUscwv5rh8BiopT78QinjbZL,legit,,normal
W01635,13YRxGSQb8HnySMnnw36rmV2TzWsGP6bC1,legit,,normal
W01636,1K5Xc3QgQmDCUG4ScpQHhVzehbodePgivH,legit,,normal
W01637,3BQGGdYATrD8ZzrJ86ZZ6eVyJiLz3w3aZL,legit,,normal
W01638,3H12xpxfUnxgQ86SF6zaMaX91pd9xyxKHw,legit,,normal
W01639,bc1q09n3zy2wayajzgxpffs3gk6t666y0cwfpkzd0d,legit,,normal
W01640,1B9TMTSfg7UJywBe9Cfyn1xGyNhvzqb7i2,legit,,normal
W01641,bc1qw6p9yxhauc90jvuwu448dm6n07sajldwgu0654,legit,,normal
W01642,bc1qfvyq8389j9mjmq3clcyma2vqhjgzzr5tw4rlq5,legit,,normal
W01643,1pZhPxoRTq5qqC729UChpxERfQj6k2PZU,legit,,normal
W01644,34jaD6PzdYBEjLBWKJEvjpeM8SqLkL3MyQ,legit,,normal
W01645,37ZdMpUoXnoP57egtmHP2xR8tzBHNkLWHu,legit,,normal
W01646,3PCsMoq8cpTGn73xtqftroVofn7GNiqPUq,legit,,normal
W01647,bc1qzlypfkader8pupm8hec3ejs7q588k56y6qctjt,legit,,normal
W01648,1KEbnVEp7m7gvi8p5SboJ3T65QsnRGXy4h,legit,,normal
W01649,14f6ZzJKz1q8k9KM25gKTBD8hRqZX4uiKG,legit,,normal
W01650,3JLfAkJy7XrndiLvoPEU52XDWvh4bZpcaX,legit,,normal
W01651,bc1pn77tm6z8fk3sp2kpwwmdfdaprrhq9apgwgs3s23pppx0jswz7t3qgeehag,legit,,normal
W01652,1X2hz8n5edkfWwGHqrV3we5tVXd6jcWVU,legit,,normal
W01653,bc1qcmcsg2ey2rlfl4w3fz4t3w53vhsh5rx3s6vymy,legit,,normal
W01654,3EweuRWNrHnz9hFkWjuFWmQjf5Pb1Bzer5,legit,,normal
W01655,17TUhq8gSXWx8m9VaSrYxUV62XfZsxyVUV,legit,,normal
W01656,1CmccaBDVJmZFn4GHLQmRNL7k5r1YvCYcB,legit,,normal
W01657,bc1q8j53j2flzma49n6kcqn2d7uxfzqqqqlanl6wec,legit,,normal
W01658,1s9f24d7spokyLwX83z88vqNC2kybGHus,legit,,normal
W01659,3EXxtHcQnCRHjr3soR3XRJzCoDhiVuzQkm,legit,,normal
W01660,1MFVh1m951JgQxXEVunosxZWjsM1Zo2YKh,legit,,normal
W01661,1AvRiAJcDih9mYjo3KtkPuiyGvQuyEyWD9,legit,,normal
W01662,bc1pdw66gxp52lpwyhsjkwmuengsgv6z5xserp49qsxa7g33cgzpzlzqupszmd,legit,,normal
W01663,bc1q0p3zqqrrqdcm7agvsyfgnsnzdtfp6llmks6v9u,legit,,normal
W01664,bc1qvgyma84cz6zkku9m7v5hk4stlc2yzjn7scj0rq,legit,,normal
W01665,1zLNu5dnz6t3AqPRJjMp8cFbrNgpPRw1d,legit,,normal
W01666,38PfwXvusyXT9oNZXy3r6FhXdsC9SSY8e3,legit,,normal
W01667,3Ee1XKqW4NiDWBiss2wQT8imf3NkDcJ5EA,legit,,normal
W01668,bc1q5g6twe9cww7jjh4le4qhwfdy4s26vu35u036l0,legit,,normal
W01669,bc1qp0ggflmap2nacsjpnnuy44qhr0gepgvkks0ldf,legit,,normal
W01670,bc1qyeh3fxav4jrmfaf52m67q6fc3ywmw5zwzxpz66,legit,,normal
W01671,bc1qr7wyszwc3y5fthxcuyx27cqz2zrkc8nkqkrsp4,legit,,normal
W01672,3L9UVUZVu4FGdSAnvspQH3mM9ydtnV9s7H,legit,,normal
W01673,1FYRCVHwXTWGRxFwZjFNN3WKhh8ja5U6Yh,legit,,normal
W01674,1GPztEGDqkx877nekBPVffqJaPbWouogX,legit,,normal
W01675,3PaWAtJSB4ctdTHbmp6YNm9qpSdAeYu9pN,legit,,normal
W01676,12ib4BweaV5EiUhNYvhkZkDBhqXkwvvvdD,legit,,normal
W01677,3F2wM21Eo2e3gvQFM5p2NZVrH3EWs42qNf,legit,,normal
W01678,36x5V3LSV3PjmQ94sWfDsz25t7Zg4pwmvG,legit,,normal
W01679,bc1qm86gq3xvdnxg6dcsusrn9c6qjymghtznswewv6,legit,,normal
W01680,bc1q49rqvpc22llgpanc00sm6vk7x5m729y52wqe2e,legit,,normal
W01681,bc1qccrgzk7g3j4axrzng2y88xh3fd6q3d0qdht42l,legit,,normal
W01682,bc1q0xuwzpau4h8e5y6fyqrzu3auq7cq2n50hjl4qj,legit,,normal
W01683,1AVDhDZXSXZbVYLZ9LStzqyB7mVsGDxsEQ,legit,,normal
W01684,bc1p8xf5a9sc4ea3wlp25hhrt7kua9aeu4dhrwzqw6h5d6gkjqlqprkszcuewt,legit,,normal
W01685,bc1qfamekeg2y70hfxezdguunnk9x96m6pf4jzj9td,legit,,normal
W01686,bc1qlnl846zlx2ln673k73jlp0gxel8yeyqdl5p27g,legit,,normal
W01687,bc1pukprk630mjd4tgpj65zfg7yggj5aprgk60ntfrqt4klwqhac8tjqvnyp6f,legit,,normal
W01688,bc1q2yuu6q4g7tn06hc7wn4vkuhkmt9mqpq9zahfdr,legit,,normal
W01689,bc1pn7nh8ryxfccaym5dgfjw2rpmrlrkxaxg872khau37fdgk2a6u0ts67wpr9,legit,,normal
W01690,1KCABnetZRHx9Lv49P4GrBKvWP5N9JacXX,legit,,normal
W01691,12sVvw8sF9sUyRGGBjzV77vp6e5KJUKegB,legit,,normal
W01692,bc1qa023zl8pze9gnjkfmp5wn69azlf5t9cxgj8ptz,legit,,normal
W01693,bc1qpepardxsfhjjs79mnd3nzglzra95ue8q9vxk55,legit,,normal
W01694,bc1qk58fppjje3nc02rf54ehjyp7m6j0yec3gdv9su,legit,,normal
W01695,1Fjio7vCEGrYYBher2w9KDK7hcg1vq6Pu5,legit,,normal
W01696,1BDAjZCPZYVmRGTbK1aVeDdy1K9fzuYHBo,legit,,normal
W01697,bc1qlsk6mu4r54jqsls8n5zhdek9dcgmr9lqhe78z6,legit,,normal
W01698,bc1q6tvk642xrc6xtk680gh5jud82swa9ur9jx757t,legit,,normal
W01699,bc1qluxurl4lwk0tfulf0dpdt57ypt5k6n4et27pw9,legit,,normal
W01700,bc1qj5gs026q7h7jpxlu649e8d73psrt6l82zgdnav,legit,,normal
W01701,1ChCLuVp4jsDZTJ9WBvMieXWHReWGRgXFH,legit,,normal
W01702,3AUQJZY9Cs88fwL3X3rC9bZSo3Fb8qUCak,legit,,normal
W01703,1BNu5gAtE7vf44nJ8PTUEVMZb98XCKyFsJ,legit,,normal
W01704,bc1q28mzvhh3kvsewmsnrwztkf2dxqnjp2z3av7v2l,legit,,normal
W01705,1BKw3EFzLZwYH9govhoZKPcRhkcdAspdZw,legit,,normal
W01706,bc1qna6x3q47wcdy77ehan65ystcyttvqx8zxvq5hk,legit,,normal
W01707,1GvJzQj6YjBMs5BwpuFCBqeR9FBrVSirzD,legit,,normal
W01708,13U8UhZLfdUwrj1fKCxTjBBP1yJrrAzFPW,legit,,normal
W01709,12njakVWwzavDGTZR3MZSypsYWAg7UF4iK,legit,,normal
W01710,bc1qcaw2spxf4tekj54zztslaj4kpxqk33lp9q6gfg,legit,,normal
W01711,34BXqHT1vDUjYDQdkRYbtH6hV3XTcyqcV9,legit,,normal
W01712,16Ffzsc3YPBzHPzn8Wq8uY1aYt12DnNszS,legit,,normal
W01713,3AMET86qmweTc6Pexb3RRo7q17HE74vbN8,legit,,normal
W01714,3GWMCHuxG6aAp18dSXacUyVKKfh4wXh5gt,legit,,normal
W01715,31wtHyEnViDudSTZdq2W6DrFTDza6YYJVY,legit,,normal
W01716,bc1p9jsvrvhmzdqq0muu74g884pysuhfrfxnun3zpwdnjacvm9gtyycqxgrtdw,legit,,normal
W01717,1Jh6oC2smpjXAJW8BDfBiy9SzLdLb6QHwr,legit,,normal
W01718,1EorggmvsQ69tTRS1e3x4uGFnmhkpNYzao,legit,,normal
W01719,3G13yGgTfXDBuRzFMHmWuqN7ZoZzFsEG7z,legit,,normal
W01720,3B7JLdpCHhcoGTdQgx7DrauVrx7VpdVdZP,legit,,normal
W01721,1P6cL9zjYP7LZKWQXWXbktiM5q1RKKWawq,legit,,normal
W01722,3DodLq7NBLBVV5RxHi42dzFtoukyCEAJZS,legit,,normal
W01723,3N3ftbmYYxHNLFjUGErkdFoAcTtdKQMGdD,legit,,normal
W01724,bc1q87mag5c8a5ne6muxcskgrxg3xcpgn5jslenj0e,legit,,normal
W01725,bc1pafjnlg5wy62g7h2skvlgdg9dpzxkxz9p09cfcxg2qaj0yy4pj4nq4n0pzd,legit,,normal
W01726,bc1qwvnt89x42pkhzkmja879udan7kvmr0lceyc4cj,legit,,normal
W01727,bc1q4y4p4x557mgpeta3mlh8uqzjjrdwql50znlc4z,legit,,normal
W01728,bc1q6f6uher9jse79sd3j7pq9mtvn257xk3qku266t,legit,,normal
W01729,bc1q3kfa9n7em4wze4m83rd6qes5u3mksrhqerfmzz,legit,,normal
W01730,12zzCSr4eHNreXGBHyTqDxXzWjYKAP8naW,legit,,normal
W01731,1BZF9nPdbnWjZa64nvwnmunTjJt12CisgB,legit,,normal
W01732,15s9ZDwtMKjncibs5tALNRaD3Ft2NZrbSn,legit,,normal
W01733,1Dtty2geBSNovZ5RJxxWaQ4zzQue5z7chm,legit,,normal
W01734,bc1q3h2h0t2g9kve6tr7c8wq9s4m3uu69lrzpz58z5,legit,,normal
W01735,1Cw3pQFHg7Dzc65fsCTmpEZSEHcyVALb2X,legit,,normal
W01736,1J4XeJQqxQ448YDsj7uLWt53d1Zo7nEiP,legit,,normal
W01737,bc1pu80q7p5tlme5vkscuuq2j5a5w6g0lfs4hxtsxqjjwzkjjjk5v76slvruyf,legit,,normal
W01738,33DsaHs9NB8gavPmNn8NXMVgTHhEDsqkbT,legit,,normal
W01739,1Hdang63WMqnSx1yn9rRrvp1JRChzAYz97,legit,,normal
W01740,bc1p88mj4qvszaxs37zh9uxxtxe9n95fqp9swftxcqfvh0crd7mje6uq4ffe68,legit,,normal
W01741,bc1qu356dqss78mtx06jx33le5xh5n7hfvl3pcv4nl,legit,,normal
W01742,bc1qp3drtyd04scx8ren8xfx2dg4j26g52d2ncwp28,legit,,normal
W01743,1BjG8FTqYncZabmjpot2j2xqQCsxs6xGWw,legit,,normal
W01744,bc1q3pv2e5fmmu8lseflxhlms4sstc3sc667ee702j,legit,,normal
W01745,1LvwnThHyTEdAEMYmHcsmDyxWnTG3AVkjY,legit,,normal
W01746,bc1q3ld909ghkgtz0uzxqfvne059gurefkylzgn00a,legit,,normal
W01747,1KUH4JWCDFUggT2XTbuGx6ducZa9tjSeWq,legit,,normal
W01748,bc1qqd7q6m2rq53kuznkeeyfr787yk6t7632lp06wv,legit,,normal
W01749,3GeBysAYQvQxTyLFWrYS2DWpJNLHSYsVJT,legit,,normal
W01750,3HaWvbGuFPEDxHuokB1uu6JzHj7TBcGNcN,legit,,normal
W01751,bc1quqyfdve8zw793cujk86g0xv9zgaelwvexmsfnc,legit,,normal
W01752,1HXz1AzGMpKPebNDLPnXqTavsdnn6CagaE,legit,,normal
W01753,bc1qj02es0f3xccd8y5e5yl74r548nq7a75jcmxrgp,legit,,normal
W01754,bc1prnrv2gux8uzt4v6veg290nktsrs6ur56jrfmpzsg0zchgwnzhdls4kmqkz,legit,,normal
W01755,16mUWTw9Qszofw7gAAuqheXuE7qjW4bTp3,legit,,normal
W01756,1HtyoyDNdzncFkpycpFwnLzJvbirkiDjdJ,legit,,normal
W01757,3DkARd8zU5c48npezVCJ3NDcwihLjFW8m4,legit,,normal
W01758,116Cp8JngXw7qx9QDkmiEFWL8cNDoqE5HD,legit,,normal
W01759,3ASGHURfoNgGVNDMKPnqpPxSZ5gx7D51T4,legit,,normal
W01760,199VcdDEFKjFgNapEt2kpfm2WxbVEDCZtM,legit,,normal
W01761,37RfXKDr5JE8kjg3WzCZHyFrc94eLnHVFQ,legit,,normal
W01762,bc1qe8vr0sw936v0gnjyet25f50ufyrnwl3r4mtd37,legit,,normal
W01763,bc1qpk2wqsy8v5nghuagpu59tl9w9vgvrl9sdts7rs,legit,,normal
W01764,3A3onFMNduTLmr9YxSCL1HSMS7KJ57jxiT,legit,,normal
W01765,bc1qw5u0s9aplk3sknpsa6sqqlt6gy4s5jpt8mn3ax,legit,,normal
W01766,bc1pwhtc2dunp365nqkrs3l8c64km5ujz7n94enappruza9hz5j545gswuuawt,legit,,normal
W01767,bc1puppa6zfxu060dg3gmu4066fx5v66xk3nselvmq9wwl34srwqtrgsdzty7t,legit,,normal
W01768,16fV2AAgjgNRWyidg7yj2HCJ5T2MkvyxXX,legit,,normal
W01769,bc1qkxqajxdul34vl2g2qhvtm9skr8csc04vmtfw77,legit,,normal
W01770,bc1qmqd6lp46zdn3c9vgwg37xhca7hfe2qu27z06y4,legit,,normal
W01771,bc1ppxdcfavjgh3k3qzfarddyxn0mj649rtgu6nsuzh4wvmdgvhnxw9qht5qnc,legit,,normal
W01772,33jH5kdWwupByYreUTCBD2J4B3mGYggrVN,legit,,normal
W01773,1J6gEMryRfpy7P7YH8mzAEpoGj5WjdKiZk,legit,,normal
W01774,bc1qnlgd7g3rj32g50zyc9xkfjjzk67cr8lnd8cltu,legit,,normal
W01775,bc1pg6z4c66k9xxnv28zx2gy7n4aef5m5e3nglufw0dzfpk5xgdpq4as26tqqj,legit,,normal
W01776,bc1qvts2xr0xx8rkvd9jfnp4dvtwgl2z8uvpacy6hu,legit,,normal
W01777,bc1prfpd8g6w0fnhr2s4kz4j3g8624ld8cwdyg6um2vwrfna8v6ttg2qlw5mxu,legit,,normal
W01778,bc1pxn3h7pzxuz58wqt7qqz6kum6ct9nx2ypw9nzzxvp4cu58k9a48kqq2au4a,legit,,normal
W01779,bc1qaqqmpxgrr22gkjw4m6ag59923e0hmry43utfpf,legit,,normal
W01780,bc1qyc69h26949tsh8wtjphrmq99xz08q6va4sf44v,legit,,normal
W01781,bc1pmzes4qcgwvqsn8egedz58uy546x8npelx3t72d9v0g3udakc37fq3qu0u7,legit,,normal
W01782,149SoxZEDRReKVr6GKgvHs4K1Y24HFigSY,legit,,normal
W01783,bc1qvknf6k804rxyq8unnz37genv6l6xxgnmhm07gd,legit,,normal
W01784,bc1qscaam87cr53rtf2xf2mwuryhtcne06t64r5pcs,legit,,normal
W01785,bc1q7t0kw86p2unak0828na3p808hjkmmu3lktw2va,legit,,normal
W01786,bc1pc4h2jplqr6urm4z34apylpst0gamazwuea5z3qft3tu2mtw9r6dszva0nq,legit,,normal
W01787,bc1qxqhlmqg488m5e82qqtydezpycdh98ktm9vgq3g,legit,,normal
W01788,36UUwqZJNvNacCzuHbh2UjPSKsaHo1sDMz,legit,,normal
W01789,3Etqs7YtfbNmJTuh8FbgWpEbUUvJQBMLCQ,legit,,normal
W01790,bc1qp2s4yjvv3xkzt8spt4f8xvh42uuagrhny4rm9r,legit,,normal
W01791,1EsHpjeevxzFMZbDZCinxrS15T9WT3myoW,legit,,normal
W01792,bc1q6a6esp8d5gup9cr8ez8wxl4jxdnldkvkmqpy8u,legit,,normal
W01793,1FFw1ehNTsjfVdkjJM7MqDgUTZRRPHPDCa,legit,,normal
W01794,bc1qww0ntdr637ytpf56tnvkkjzcyduwd94wrc22wx,legit,,normal
W01795,1Jj62Zus6q3nEF4NX5ZdioBRNMQiSHmJSg,legit,,normal
W01796,bc1qnryk3enfgvp4arvluxmpmx47dvejde9qmxhrnd,legit,,normal
W01797,bc1pmchw0ynkvccxjn0en6m0ur8hacasdqddw4dlnle38rwttdv6jk5qlwlvj0,legit,,normal
W01798,bc1qz554erp6x3m86ffftfxv4rcazt2u9t9caxmndv,legit,,normal
W01799,3P2BZj7efJoHfdbAkQcuS6pePNmpX6RJHR,legit,,normal
W01800,bc1qc8lelekm4n2tcqmcecym6n7dnf3hvmgyruwlrz,legit,,normal
W01801,37jrezSuRnE6rZ33NWnxcQKd8kp2REyXYX,legit,,normal
W01802,bc1qxlaera4q07nfd2qrxw5p8dn0y93kmrw5cesy5u,legit,,normal
W01803,1LiXSQyDN6GBJr4PC6i8Ubd7J5ppqskf81,legit,,normal
W01804,12zn5RGtDkfZQEQvJLHH9o7jfr6dsDBnZv,legit,,normal
W01805,1P5iiWe4YrAyy6V3xs5fsZxN6ZKjeEfjmK,legit,,normal
W01806,bc1q0yqkhmeyarnn7f7uzmyk46xpuw448uhefszsj0,legit,,normal
W01807,bc1q5hh7uy2m58wsw6y4cdwmwjsvcgafwkhvwtlk7v,legit,,normal
W01808,bc1qj8pd3hxvg4safpm3qd0fdcz5tsnc2cwqxk223v,legit,,normal
W01809,36g4uWp9bF12d5AWZPBHzZfQqvWKBtKVbT,legit,,normal
W01810,1SBUmCW5uA6TB9pcZsb2D6n6uTNZPBTX2,legit,,normal
W01811,bc1pgmp7sa8nmsl5s4x94kpjpnpuv5lm2acmk990j07fgtvuwa4l4qlswjl5p0,legit,,normal
W01812,1DQnwHPdoWYaGueyJV15dW877dqPd4mShz,legit,,normal
W01813,33p7HGVVuTbfgNUggYi9qNVJY3GQeDFPDS,legit,,normal
W01814,1JPQaaXaQhLvs7oUpRYqChUhCpDLcR6wUd,legit,,normal
W01815,34TJbE5cW4mbDxxgxswFLCapQpPEXVt4v2,legit,,normal
W01816,3ARQ46hDbJiqPzitXrgfwCDkWz5g4vYSF8,legit,,normal
W01817,bc1quhpl7c4rlsr7kkt9lajju3mjp7kyss0elq325l,legit,,normal
W01818,12uNH5MTa7Cidr2y4y6C87HktvsRfHPTp5,legit,,normal
W01819,bc1qr6f7qy4chelfdrv2g2uz7fw4kzy935xw6uus2t,legit,,normal
W01820,1LrceX6Tnv11WRfpgDaRV3CBxHQitA6DdN,legit,,normal
W01821,1LrbSQXdCRXq4NiUBrygsBrKPcbEa2uuMK,legit,,normal
W01822,1JkNcAkVLfdgLSgV713uDVeaKfr9ESdbLq,legit,,normal
W01823,bc1pqx26aqqv0juq6qayxpke49cmjmt72wdypn9j5yv05v9y33qs4keszrlkcc,legit,,normal
W01824,3PqacJRFQKsCUf992QYmVm2bEWwRXQGuTA,legit,,normal
W01825,3MnLu4q446MJiHPwG4dt3gxphVxBeAMvNz,legit,,normal
W01826,bc1qc9gdse78zfy3zv8f8trs7kf5xy55rc7nv2jrve,legit,,normal
W01827,3E1nZswHQD4VLh1tf8KrSFw6EVkGW3APsj,legit,,normal
W01828,bc1pejf2qka7qscvkywdzhm9rdn8hhlrnrve38sny28schfwp4q6tcmsf4qe0h,legit,,normal
W01829,bc1pf8x6u043a63yey5ghf8jh8n5gq4fgfmx7hqrv6rw8wphu5wjsr2smlyv74,legit,,normal
W01830,1yHoMaggKVcZa55HhEfNMKhau4Ay4iAxv,legit,,normal
W01831,bc1qfzardsanxmmnfx850p9dje07cf6nyy3xplgpz9,legit,,normal
W01832,bc1qkzgfnyln6erg43mtgeephkjewdh563x0qnsauh,legit,,normal
W01833,bc1q2qj2ysu90zc09dvkgrhffyt0ghuf8700ajuy8f,legit,,normal
W01834,1BLNBjNEENAZ9KRtVyksunsiHxVYNoMjNo,legit,,normal
W01835,bc1p5wreyzc9a8q6fycmm6t42ra6eny2cacj3wajxn7vws7hf7jm6ecqcwm0t2,legit,,normal
W01836,16Qsih5edf48m72z148dmWqXHgvZgpLTNw,legit,,normal
W01837,bc1pqjkzw8qe6k2v7pphtf9wd74ymww6twz79g8de8eaqn88jkn329dq5ltehz,legit,,normal
W01838,bc1qfrxrqn5v5r46fzuvytutuxvcjwgm9ucnna7hq4,legit,,normal
W01839,bc1qgr4jw8kvgdsqhfhlnfu25296k34a8jx7p45zez,legit,,normal
W01840,39rTrCiTtoqG7Qg72KctAs6xNrJxUW7hgR,legit,,normal
W01841,1D2gF4kAxVZLNazGE4tUqV7HDb2MHuMALp,legit,,normal
W01842,bc1qau95f8mnnp4339qzk7ja4lztw8qmk2d5u9hjrj,legit,,normal
W01843,1JxUXi18vL6eBFrrXrdWkEag2B6Bo7qAjg,legit,,normal
W01844,bc1qema78zrnsx2k9p9cxs0r46tp9tqnn636kyqyfe,legit,,normal
W01845,1Dqy79zmLK9bZTE2Bw7WNn8iWE2SNiFeET,legit,,normal
W01846,341A4KABh3dSbVa7rVVy41FUwN9YEnUKKG,legit,,normal
W01847,1PuwCjoMZR33YCW5AKiMsR3jbEN669NGz2,legit,,normal
W01848,1JV3yikFeQJwsghFPtAiQXAfdXCJpwtE16,legit,,normal
W01849,bc1q4zuahdvaa8z3kdu4awqupufpmzjpv7hljx8906,legit,,normal
W01850,1Q71AK6nrD7bgfvupGSCgNuxgEtsSymnDn,legit,,normal
W01851,35KbFDppLookt2vnYQc8v7x6s1fAwyfZYo,legit,,normal
W01852,bc1q078d3z27vynvcvw95cltdnnyenhfklf7n6pj3z,legit,,normal
W01853,1Cy9H7hFstpYTA5Urey4MpjF4odW36q2WA,legit,,normal
W01854,3BohuXBLXCcz17k7VwKRbbbKNVpUFQQqBv,legit,,normal
W01855,38SDeoRREEHiyRRmtx2ccqhqUtRJriq7Q1,legit,,normal
W01856,1NTUbvYgxW3dQgsuUtq9Z5Bsj1KHhnbq34,legit,,normal
W01857,3PyzXzRp2dtq3XYpewa4AFNxuhXDagtGfg,legit,,normal
W01858,1NvhdxTtRDbvJkZwt2HhKAgVU33unfjdbY,legit,,normal
W01859,38i3PAKzCH2syCN2BL1eHtMjtS46ho1CFm,legit,,normal
W01860,1J3XwAjzbgQXXVhtXuLXbg3WiuyKw6DJoF,legit,,normal
W01861,1EPu7TCi4nJhUtb5L6zJCWaSGnzBriEE2D,legit,,normal
W01862,1NVn3Cnwf9eno7rYpRSm36RxuHQWR4SuyY,legit,,normal
W01863,3FvvhUY1y8YZYAztDM3RsVFYzQuicQjHu6,legit,,normal
W01864,bc1pru2g989eu8l7m6scfdg9nvyrhzr28l4c2u2s28s0ct8mz3ec0alqppuney,legit,,normal
W01865,1KNWiyFcbm383FfjfcZhBecnbDv31pQTjx,legit,,normal
W01866,13mUt1ThQzqCUoNofjkUFqLgcjCtdHKoUn,legit,,normal
W01867,12Um8Z9R4ajMowAxNjUMX2L3NwaLApsLZ5,legit,,normal
W01868,1D2orQuV8igFVTXTX5fBxixedsg6DYEVQd,legit,,normal
W01869,137Q3SbFZQP2nuHto8ZTnkeuAutm6ckAzS,legit,,normal
W01870,bc1q3n4fk9wj5sd3wnpv4awy9e8ug6te0snfgx4ln9,legit,,normal
W01871,19ytfPqaZ6BTTxDfD52AjAjeHxfemUDESt,legit,,normal
W01872,bc1q9kh8ue7uey8wevgr0yfqdrtndwny6kg2awlx0d,legit,,normal
W01873,bc1pkttmw7tq95a0wxyqtamlqjwgzv8td0p33uadc0cvvnjf5yuzaj5qla00l3,legit,,normal
W01874,bc1pduaj4x2d558dqjat7aypkg0wugmdxul8rcezu84ymfm8qy7mkc6szfr4fg,legit,,normal
W01875,bc1q6l72g6c2u3l4e0jk2ltu7kjy89kylesdxffug2,legit,,normal
W01876,bc1q6txsum0u077l4gq3jakvna4wfywes7sjpcvcxl,legit,,normal
W01877,1Le5cLbpWtMnkmv38gXgj8DWcVT419jgw5,legit,,normal
W01878,bc1qu08t9vl3xq796mq7kk26hwxe0hak7ftnh9zu3h,legit,,normal
W01879,1PSmtsE4UbyiQW2gDvS1dS7BFjYcFGrzEd,legit,,normal
W01880,1Jf4vJhpfVafkB6qG75xbQUfBH5iSu6NcQ,legit,,normal
W01881,1AwyGcx2mKVzDNZxzGt1xuYj6j6HBj2GwT,legit,,normal
W01882,bc1p8q9zffjhxaqacfesl66raullxn8rfgs28gumtgxs8p24g8quckjs7pngkq,legit,,normal
W01883,bc1qp0hrl5uv3tp82qaylkclvy66trk9pmefwle55c,legit,,normal
W01884,bc1qhglvml3zaux26tg235lupjvn887ertjzj9l77g,legit,,normal
W01885,bc1phqrw8jl65hfm6ve4ul9jqrfpxzepy7kqnsutt6hnfsc57dl279lq0s2ycu,legit,,normal
W01886,bc1qvwru2ggg2x9sw8ex5d900fjpsz3w4h52kq4acl,legit,,normal
W01887,1PvrNNKKG7goY349P8GVfA3wq4dyVVSLJR,legit,,normal
W01888,15QZHPMBmUMP8WSTR15viS4hXML6t1LYTJ,legit,,normal
W01889,1MjJEZMW7kPZrC2b48qL3amZzK6weS18en,legit,,normal
W01890,1EJqGTRYP4uRVNbPaY1Vmn75yFJH9ZHzKt,legit,,normal
W01891,1BskgUqbG8WicRQUqgongpgnau5ny1xvro,legit,,normal
W01892,3QmZ5csgoTodAbD7jzavKbVuMkDzYk3UsD,legit,,normal
W01893,1v1jMGBWmy2DhBecvpsRyNcQFae68xQb3,legit,,normal
W01894,bc1qe68ygv4alppfs0wfryzpvslx3v657cntj2h4ke,legit,,normal
W01895,bc1qyjenv8expz4lq46h6lhnk3qqswzc8gdu02yq33,legit,,normal
W01896,bc1queew0tjcdykfkv8903v5qgnl8kscsq9fc29402,legit,,normal
W01897,bc1qxw566vs78kj608aadygncuwfh2lq4rrqh5vp9l,legit,,normal
W01898,bc1q67n7n8j4g0znr3v3nexeexuhxm5jlpnusjvqf4,legit,,normal
W01899,bc1q9gr2rnvfxdaye0vapzea27ytcg98puvgt5qcrx,legit,,normal
W01900,bc1qtr6xj2jk7twah878zrcevrt0xh78hgkzhh5ncj,legit,,normal
W01901,bc1qzr9kn27xxdsqnhs0mxvjy0d0aftsq3j37pg83r,legit,,normal
W01902,1GvihCQrDnqz272YXJBHdM29Xge5n3GFbp,legit,,normal
W01903,18gieSea977oJCaZ5QwtW5gzzx6beHZC2K,legit,,normal
W01904,3JoDFE7jXoZFkerAueFWjFsujWQrXwg2CG,legit,,normal
W01905,3AEXEzf35mstZFWyPKcCzEkny8csZ95X3g,legit,,normal
W01906,bc1qz6y6vpgtncske2lqyqf2mz2pmadvf2h5nu7mcn,legit,,normal
W01907,bc1q9fv3rrantgwqc8e2jw3agmuu9vqq28avxvg3kg,legit,,normal
W01908,3HWEn5Y1L87Ebd2Q2D4HMG11CMwNyb6QDs,legit,,normal
W01909,bc1pjvaz5w4d6f0nqvmczalzxzxczgy4cnp6qzu2j5p6ysqedfc44frstrcm2u,legit,,normal
W01910,1HgpAx5348jVT353RRM7XPnTNNBjtC7Rv3,legit,,normal
W01911,bc1q7eau857nruwjaguxvmejxggfsw73utqy468zd4,legit,,normal
W01912,3Qg9t2khCitjTD1CesjJSoDBKmmVYQoqTV,legit,,normal
W01913,bc1pss23qzg8a36xyqczdzegfamct8n3em6q27mknt8lpvrphugv6nsqeal4sn,legit,,normal
W01914,bc1ql9v68d42ape4ukvjjrhdecszc9vw8extd6ndaw,legit,,normal
W01915,1KqcEaqeMzBZcgsMxF5bAHsPWxzfT8z34a,legit,,normal
W01916,bc1phjx55872273l4zhnszu037h225klakss0pzqdrny2ldpxt5wqq9sd3vk2z,legit,,normal
W01917,bc1qekjragtgvx6rt0dz4etvxs9ezd06puxn6h0303,legit,,normal
W01918,bc1qjkh5l572rd3qll5p98dqeu4mhrx2xv859vm4lf,legit,,normal
W01919,3AntKcaTo41bM76gb5CBSFk8BSycs1Kx2m,legit,,normal
W01920,1GoLSJkEQovcqUn5R6ifE8PGHikZywG79p,legit,,normal
W01921,1BrjcCzdcDb6B4yLMFqHvvKbrAUp8xEXLj,legit,,normal
W01922,1EhXcyE9dDLn38qxhpdPBF7svVStH5ohi4,legit,,normal
W01923,bc1q0h3ekw9ly706ur48cq27dt7s9x05wykzc5x05y,legit,,normal
W01924,1MZnQrQh5ByVWsJgYVBaVuXcahAK4FJCix,legit,,normal
W01925,3CfaeD2Ma44YLAajQQJ1n5G8u8N9m3ADur,legit,,normal
W01926,39CHuuSHjj42rpSrG7vV6wCsNxiBaWTy1b,legit,,normal
W01927,3CvU16rWchEqbQGHWw6u6CBPUBz1oz4dfu,legit,,normal
W01928,13dFFuv84TRSXVJw2o4TvyWTGXUXM3Hd1k,legit,,normal
W01929,1Ca5RFktWErPshBUBseL3ZnaAwUchYryxS,legit,,normal
W01930,3EZcLrPchr9GZRC25hBahbPwyQqNjP5Lad,legit,,normal
W01931,bc1qr8yxzxvzl85rsf02e4lxy73nsdq8qhra4r4hgk,legit,,normal
W01932,3LaCwwzygocsWMBYQzKHj62AT2Y3HFMJbT,legit,,normal
W01933,1FULWWRuQ6HgXqgPTZ1rPstomAzWHm3Bqk,legit,,normal
W01934,3AD7HGAB2LzTXitwAj1g4wBtGNerbFArxF,legit,,normal
W01935,1PUYHQ9o1WVkZtRYVdYmg4i2PiucjkeQGD,legit,,normal
W01936,1M8wHbXFeFGBz9ZRDmr9QD9Zs5dGdBNFYn,legit,,normal
W01937,bc1qal6feu6d8d4w7c0ndg4ue23r937dmfgt9adzjt,legit,,normal
W01938,bc1qc7nghlgu7grpa30445gfjsdylx4wh5x4y3j0rf,legit,,normal
W01939,18KX3zdjY5Wvc9SpQYLx9FLFHs1pndNr3F,legit,,normal
W01940,13WpWCbdjWM7LcJsjB4SMsg2FJdMyaSSKw,legit,,normal
W01941,bc1qza09cfkgvy6zcrsqe5kmml0kkzf28xgh54u4h6,legit,,normal
W01942,1JPKAtQBdZvMHu8mx5JErfn4T6RZx6PjHq,legit,,normal
W01943,1HzCTgxfU5n6YH6XK5MdMakibfvYhiCequ,legit,,normal
W01944,bc1qp86rr2ey9q0k2v7gxs75xl9c4frw4s6z6e96ph,legit,,normal
W01945,bc1pus7qd4anp2r4xcma37v5p63lg9n4kkyuw7aumhlgpxnnyt3mhqgs5hk4nf,legit,,normal
W01946,1HCFZWdkrdNKNzGohGhjzn1mmt7GPgZ3pY,legit,,normal
W01947,138cUp6xFG2J3jhEfLuWEovRbxWN1shgTK,legit,,normal
W01948,1Dn2K7uVyMYnNDyKfE9XVVaGcp9rMb5Hb3,legit,,normal
W01949,1LUaqq1x26oxA6En3daFKmrPCfMNPGWimC,legit,,normal
W01950,bc1qj8xy5yzhw30qgjtagmgxx3cj4sp3hjrcvgxej4,legit,,normal
W01951,bc1qd2qmsxudd250ewqf5327u2c2l60vjw3gc5vgz6,legit,,normal
W01952,36K6nukrUB2ixuKh3AsfA9a6PTb4icSpE4,legit,,normal
W01953,bc1qj8k52je9cckqh0sx940uauvwvlxmkyvjegha4f,legit,,normal
W01954,bc1p7dur3ysuv9a4pnqa6cddvvp37xqma7jpeulsg2qrx2xamnkerchsgmnevx,legit,,normal
W01955,19L1Lh3L1nM5ZmiFDZH6qme4eG1vKmfVLy,legit,,normal
W01956,bc1q0sd8d90ja4zha6dkhel4mvrevkpep4w8k8j6a7,legit,,normal
W01957,1E7A9UDCq9p9aGt8GF2ZLZ1YaKmgeWX5Jk,legit,,normal
W01958,bc1q72rqgqxz26mzyuarxqkft45ua99xrdrxe8eare,legit,,normal
W01959,1JSzRoytUcMTWsAsXJxiRJtCtdcUFivkXt,legit,,normal
W01960,bc1qdxk8aapegfy4fl6k2vjafs5l94lytedv3xhf72,legit,,normal
W01961,bc1qvqws09zzf9hv73wq6qnekk5mdklwyw0xfl7t0z,legit,,normal
W01962,bc1qlw60tyx39l9huygta92r70d67ueaq49d7p7063,legit,,normal
W01963,bc1prmhz2yrl60vxu938m8xrdv8mt54jnjz425fwjzhphnsw87xj0ppqjsw2aa,legit,,normal
W01964,bc1qwmczzp9uhshcuecz05ejxaghqtwvvlwkn22w04,legit,,normal
W01965,19TvNNrLSjykHHUsg7pao3SaTLg1o6gBgk,legit,,normal
W01966,3NMFTd85bK2rN6GD3WKJiNLaubFi1e4iNS,legit,,normal
W01967,33cSvZg7Ty5U1iwVZeRk8kL349Yx5uEP8E,legit,,normal
W01968,3H3sPsx8PGN8JFm6vjC84VWcZX74BuLhd1,legit,,normal
W01969,bc1qq9sq5q2fklkcwun5cg2cal5y6qsgj6jl70edus,legit,,normal
W01970,1CrW2eMPpTFvmzNKEtqUrMAobT87f747cE,legit,,normal
W01971,bc1qkp676fpr7z7scq3fdgzrkxcnm75zrcdn65z7vd,legit,,normal
W01972,bc1ppacmkkva9q26wrhkejjlcwzeqv68y3sjy5ur8rvnduu04ecu3jlqmyu0ca,legit,,normal
W01973,3AbkdXxSsST7g7Sc2Fw5ehtWqxWDbAMz4j,legit,,normal
W01974,19u5Mbf7DRQqeMZ2RianGUZQD2zyWVFK89,legit,,normal
W01975,bc1qeup3s84gpykval37ufmkrlqtxup97vzeh8fh73,legit,,normal
W01976,18JtmFbeZs71CtQFNJg65E2oyFgfDAzXqB,legit,,normal
W01977,38SXAbzi43GCaTPMafoZD4FY21oXhBKNux,legit,,normal
W01978,1CGCuVzssgVrKbkwMRbx8vitbgG6XrkJRX,legit,,normal
W01979,bc1pxaa7pdrpxl6nrccw39qfr7ywr3q3m6msertmegy9n4fxpgquh33sz0q0tf,legit,,normal
W01980,39G6vusKoRgxQmVxJZbLxnGVNGudC1FuDk,legit,,normal
W01981,3E1E7KoWgSxBTiDB32z1SF3WwEPijsknbR,legit,,normal
W01982,18CPn7mWAeZxMtn525KPRyzQ4A9D34WCXm,legit,,normal
W01983,16vqFfpZN8fCmHWdeUmdzBtqExD1fmiDP5,legit,,normal
W01984,1C5MzjTmrQnockKdM27kLxWTNqSvQsdu89,legit,,normal
W01985,1FtqB3qYEJhCC2wXSKbZt2LcZmucouLufD,legit,,normal
W01986,33uDgTJQMEzwZPXeAfJKMBZsDPduyS9qBs,legit,,normal
W01987,bc1qgyxhfrj57fc4yhnfnpg0ws2y3zmce099nvn79p,legit,,normal
W01988,34NkQG7sHGpZL39yhkFfm2MRgB3vaN4Hsn,legit,,normal
W01989,3QE734MndhFonR7qVSdXu3GAJCwfoYkT8N,legit,,normal
W01990,bc1qkupasmxhwu4stqs0jeny8zq03mqpvxkh8vsjgt,legit,,normal
W01991,3P4rSvFyGTsAYCG888YZqDL4inMDgoxLte,legit,,normal
W01992,35MM9ZBcKb7u6yBKC4wpCgH87dpw1MG18s,legit,,normal
W01993,bc1quakw7stk5mrfwfj2dth80nrnhrx2t0tqlcvfkt,legit,,normal
W01994,16S27HFiiVyBLeZYAGUg6dXvWfd7V4q9Ac,legit,,normal
W01995,37AQmwXo5a9WtjwLrK4No4AcwoNe1QDuDY,legit,,normal
W01996,bc1qvnzg43vaeeenhe29gxljawsruzg2xd6pl83m32,legit,,normal
W01997,1EtT9aHwhvaHeEM2wsdqU22Hp955eBFMFp,legit,,normal
W01998,bc1qa406q7y7u8fdk95j3ywx6ejy3lq8jd3zkur899,legit,,normal
W01999,bc1qc97hmt86mqnap65uxtc9fpt9fgkud8gh56ch89,legit,,normal
W02000,bc1qd9ksjp4f0qdas80tfjf0cn5kfwlln066t4w9yc,legit,,normal
W02001,bc1q9rnvhjvsl7pqqrpd2wdw9382j7msnvkvtdg8m5,legit,,normal
W02002,bc1qgn3cnthu8ml9f2gzvhdau5qh3736q88w85jmt6,legit,,normal
W02003,bc1qmaasy3fgea62pfklr5m9l24556hr2m6f6wv09e,legit,,normal
W02004,1PS36KneeTnJGk4wqBTXHcDuizzfYAi5vZ,legit,,normal
W02005,19q4aN9eHKKfNqk3HW4AYvwCpnuJo9832q,legit,,normal
W02006,bc1q5n3ja3zagyvve5kclv5pj8yn79pxvfualnc6h2,legit,,normal
W02007,3P9psWAqC4Uu1bh5id58Np6RquUFAdwE84,legit,,normal
W02008,bc1qdvdf3hsgvs867s9vt7u4y3rdda3czezje7563s,legit,,normal
W02009,bc1qa5djqzl2sfegfyf93sncvmh5g7ems60vkgxz0z,legit,,normal
W02010,3QSMbUPYdL1nZceGakBur17vgr7MLNYobC,legit,,normal
W02011,1CxX2BoxA8cJdoKpkY2vRytDfbWxK9uFqQ,legit,,normal
W02012,bc1qk6v9r2zczm2g8v53ekg8cra740muku8rjxmw2q,legit,,normal
W02013,3K3HRbnD79Csh6hK2QBhc3UwnnewdiR5rE,legit,,normal
W02014,bc1pclpcxd0j6qs2zrks2eq8qx9dty4ru6caqu4e4ws2mka53928mr2qjwehsa,legit,,normal
W02015,1GX4kXzNZjbnPvC9HV6SogZh9eaW8oKryD,legit,,normal
W02016,bc1qlcjkkttq9dkx8zd8d0fv4xxcgsfp65pl9nwl2d,legit,,normal
W02017,158K4z94h8wpDbtK946MF4k6egU1vj8d9p,legit,,normal
W02018,1CNhTUKTswtpNfntLrskpA4V8kpzyZ5zrv,legit,,normal
W02019,1PZpuC8NXFwkMgzEpwgUxEJty1hirDdFzu,legit,,normal
W02020,bc1phlm56gfnq0z5as26ujl23rs7y5l2t5n9rggcvg7u2t54t69f7hnsvu8v4z,legit,,normal
W02021,3MzvZokPp8Jcb5DWTvDGwEbgP2dicSvSmJ,legit,,normal
W02022,12HLqcqDTp9vbcs2F1vuS9TGvEkpsbyRoL,legit,,normal
W02023,12XZzJirhMfSU81t62qMDFzfXWgCrDudaE,legit,,normal
W02024,bc1q86wqhnaf5e732udjtr6duj0xzt4yvkl9vzn9fa,legit,,normal
W02025,12LDQ1ueLygpkyvLcpPNQbawko8XaCqDDS,legit,,normal
W02026,1FTfTYUAhFHVXjhzRX3cBgxQR6jLxzx1k9,legit,,normal
W02027,345GX2QgS3Ju5cccpEU1bEb67BeGciL7oY,legit,,normal
W02028,bc1q39mnddmfxkym4nn2gn90sgmde70xu9rlatt6xv,legit,,normal
W02029,38rXTSK9yrYbh467TH14TswcfBWYLdtCi9,legit,,normal
W02030,12Nx1aEFgLd7tSoDkDK9NwUtPPjtBSYdiq,legit,,normal
W02031,1akg4QGJ2eEkip9N8gbv1rCQC2wUcYJes,legit,,normal
W02032,bc1q3ywkms7pjv6tnu43kn9rwx3v2xxs0qd0lvzskx,legit,,normal
W02033,bc1qah86l9h7cmfuzftyldf287lj85ug0ukcenum78,legit,,normal
W02034,3H1KGpAA1eRdDvBfy7iGWquswoPS2Xj3eY,legit,,normal
W02035,bc1qt3ejx07g5m86jv2jwme0whez2kke249zfl5m0h,legit,,normal
W02036,bc1qqedsfds5hvmafqq2g63qhglzsr9pxde0s9rze9,legit,,normal
W02037,bc1qgakzu9pez68n3uwsl6857fpy88g0xjtxrkl4j3,legit,,normal
W02038,18gfr4jZTirdPpKjuYSbnhtcz3MKX5XRtn,legit,,normal
W02039,bc1q5cmtq9k2jvyhtgdpy7tk595xeah63d4ewd6yfl,legit,,normal
W02040,3FzrFq88X2HijsECVMZcUDqtxc2UobD71Y,legit,,normal
W02041,bc1p5cs372jwp5aa9dt6sscyfsslwfh43jm48wchh305uatt90hfg9us28xnnt,legit,,normal
W02042,bc1qv5vtenc3a54htjd6aveqj8aamfqegp7gu7tra8,legit,,normal
W02043,bc1q6ypwhx6wgdndr8yf9ltjy6u84xt7tl8aa4xuq9,legit,,normal
W02044,1BFuqzB5bFd5WvmLT5hPKxNs2sBf3Q3R4J,legit,,normal
W02045,3JgBVC1WWm6N9gFApEDXnGzb62Wmppmuvi,legit,,normal
W02046,bc1q68gue9ftejawfvpk83gwxadacskeddvvycqskg,legit,,normal
W02047,bc1qzhzjt8vmlphtn0pzxptrttzle6nfvmswsw25ae,legit,,normal
W02048,bc1qcl35aq0a7cv28rw40wwru8lzny9npn6h6vfn0l,legit,,normal
W02049,bc1qawthmwtsxve4mt479v39zaqer3m7lqffyqxxd5,legit,,normal
W02050,3JmKSguxm5bpvqdQVLAt2Kxg8UT3fbxT5q,legit,,normal
W02051,1NyGaPbyAkfiRaBTEpmELqDARNGpmzyzJQ,legit,,normal
W02052,35nBWhgWooPDoohCq2GBStLkyK5mptsW3G,legit,,normal
W02053,bc1qhva3gzy6aaxdlw2ax6ca4e32lh2v4flvttmhyk,legit,,normal
W02054,bc1qrx50xjgvwtq0jl85cpt45rcxsqk769cpcthuke,legit,,normal
W02055,bc1qfrhv2mt3wa8h7d6wklzymqlsn6qzeagkh9exre,legit,,normal
W02056,172xhWUcfBsZiTz7JwgLjbxky94vKBaVXm,legit,,normal
W02057,bc1qnlpgguqgysdekxu6zvnsxgvld4zcp2rd3lju55,legit,,normal
W02058,bc1qa2nvxefm06j2kh2220ceth98eqglde5ey30far,legit,,normal
W02059,16wZtqD4gq8f3UFFMs1V7xno4P3wfDfU5R,legit,,normal
W02060,3CChcPC3Jp5BMRPNUiqbo34ADPie2k3BZ2,legit,,normal
W02061,16rifUVHotXK6QF4M9mJot71z7hYSSXRFu,legit,,normal
W02062,3Nj1cpENcNKJNHoQZvS3bT3twjCjVxbgdX,legit,,normal
W02063,3M6DUMYNPx5NjJts4Z2vkEVxyRsCGfdAoi,legit,,normal
W02064,bc1qlched49450e9ef6rfc83yhdv9acxhmchk5cnjx,legit,,normal
W02065,bc1p79t7ypv35c4lx7v62ql9sqymn6y30d6se7chrfp6s5e4d9zntafs3g6fk4,legit,,normal
W02066,1GQPeccvakntBvmKabNf54QCwLmzgXbBBy,legit,,normal
W02067,1DQJYQsH5kqycEZVF47HPxd24At9rXyQKF,legit,,normal
W02068,bc1qe79m3utv84tpvfck2c82mjuccfgw4e6eeswln9,legit,,normal
W02069,bc1qh0vn86snq7krtjvw766z99xfk2guaeqcxwal67,legit,,normal
W02070,1BCFtiAxj38oQG2gKU2rEm1YkuxqbESrsh,legit,,normal
W02071,1FCUP81xJJEQ6PWEB4UgCkfHREcnC6NoLS,legit,,normal
W02072,1QDwieRw7v7XnBYefkUBnaTUArBXsQLJcL,legit,,normal
W02073,16e1U9eJJuwp97yL9jJPEgqRzgEN4Kqu5B,legit,,normal
W02074,1GQEfRrHoYnEUFTfyGz7iueYJEfCXzSXZr,legit,,normal
W02075,1NWJQBQQNqBy9i8vgdfhe5YhqHQZC4kYap,legit,,normal
W02076,1GgnhPvL281f96RP5E4SEUW8cESBkjKMZg,legit,,normal
W02077,bc1qej0naydlkkg0xdsggy2d50pxs2jqevg2k32mcd,legit,,normal
W02078,bc1qgtv5jlmwa8lcxz9trvwrpnmn56dszl4ach2qwd,legit,,normal
W02079,bc1q720setrgy7q2j222sad0z0kplt5r0s9wadqqt3,legit,,normal
W02080,bc1q9lnrh8tauuwnz2f8zgzzqh5gk4aju5mtq778r6,legit,,normal
W02081,151Ya6nxvhQMs8o2Vqdk1bYHDxPFFPfn4R,legit,,normal
W02082,bc1qesn4tv4tesc73glk40qzfex5lf5nl8rma52jga,legit,,normal
W02083,bc1q7je7sm59rlfffzxjrwf4rl5v4crugr9jalkspy,legit,,normal
W02084,bc1pfr6htu4s5lma5j8zt2cket6un67n5tx6vwqtv7cv5jzy7rnyr2ksf4t3hm,legit,,normal
W02085,bc1qksyj0wft7awezhrp88ys73vstt6d0rstekn3m4,legit,,normal
W02086,bc1qxlenz256a2jwl9ttc7v44juvnne5qzvfvejkzn,legit,,normal
W02087,1LPUrcqQLcwiQRqVqJwrQi4588yB3Gy6Ja,legit,,normal
W02088,1CE8Tdequb54S1HEbP8MsBkA8Qrr61nX3S,legit,,normal
W02089,bc1qr7j7vmep4npm5a83f49pj2krtr8p9qyqppt0za,legit,,normal
W02090,bc1plqtjdlrgd55pc94wktlfyle5zdarj4k5u4ds2tuvt7dv69uekfyqs6gvmp,legit,,normal
W02091,bc1qjwjnls3cq66cltxnrvxmdzwcpe58k2e3nmj4he,legit,,normal
W02092,bc1qcp9vg2u2d3rm22v573th6pmxgwp2k38ht222jz,legit,,normal
W02093,bc1qz5lzsu0gwrs42awgsz4kcacs59aqhg27k3tuly,legit,,normal
W02094,1FRNcH2aSANWbZWmRqWiEpKFCbduCPoLji,legit,,normal
W02095,bc1pz3grtkuu4h5nxh3z6d7n9ar70l9fxnchgq6l2cnkz03xpktf04ns7895ml,legit,,normal
W02096,1Ma5t9yGbdHWbguCQF2KUYbxhaYXvQLA9B,legit,,normal
W02097,324vf72TavixdX8FwK3zJa1QT2aLkKNq4s,legit,,normal
W02098,14z9jUjxvaGXbcW1Z8BxsT41UNc7KihcWx,legit,,normal
W02099,1bdH1o2Fc4PAN75RoS879N51MfQLqccj8,legit,,normal
W02100,1J6rD3F9C8RsfEbKzY2qAEfaKUpHo8QU18,legit,,normal
W02101,1A97bb1fFY5wcPeMKNJBGHEAymA97amm3b,legit,,normal
W02102,bc1qy2r9fc55jq2c8p96j7vg7daclcgvuksvw6z543,legit,,normal
W02103,bc1qwv02c3kx2qv5hsm098nqxj7ukydk6h69jcdp69,legit,,normal
W02104,1Pz4dXHn8nBB2NozTt9oDfGEFaHcVo6ghE,legit,,normal
W02105,1AdPE2pEV5vR6meW1XtecfRMobob4xhsWV,legit,,normal
W02106,bc1qcmle77k8tnykmcggye9wc43hk2rnfsjl5w0m8f,legit,,normal
W02107,1HzxbDcozWNzuiYXvvGkdD7iGyM1qyM5pe,legit,,normal
W02108,1E33QS6BHL6of73bKyYqmvP7RSygZhdKWA,legit,,normal
W02109,1JJNXSBa7BdAFBm9WG4uy8a2bokEEALdVk,legit,,normal
W02110,bc1qjmzcnusncpk8s50yy54ryhy687r7j3wqcu0v9f,legit,,normal
W02111,bc1qv7nqnnr5pv05q5t5raggps8hw2xdu3ssmatswu,legit,,normal
W02112,bc1qjlwpzdhf76pyenuwk89w7jcdvqk9js565n8xmm,legit,,normal
W02113,bc1qypfpj04gzc0hzd5x55plehgnlq00k32p6wy20y,legit,,normal
W02114,1Jzkq3PVCQ9LZLW4KKL6hKeHgBZ9Kzk1RE,legit,,normal
W02115,bc1q6nh5z2xel8rr42vnpsvxr4xmcjygpnsq4svwep,legit,,normal
W02116,bc1p9precu43rsfhvvxaq9kc635jt9hv9d9fneshv85mceamt5vszn8qyk5qh8,legit,,normal
W02117,bc1qmrs9tshs0f64mrzjqx5gjw9qd4qxfgk3g0rqrw,legit,,normal
W02118,1HDW1wRihCN3wpgjbLADWn2BAYJ2vktV3g,legit,,normal
W02119,1M7MmM49uM8iPnMQtrpg3WewHRr3BWqTud,legit,,normal
W02120,1B1xRWBxE7RA6mUHAEeggpMPG2UuA7pzAx,legit,,normal
W02121,3CPEdyJJjA1yr3dDqrRbxkq1bV2UmA56jS,legit,,normal
W02122,1Pz4NVaUShTkStkCSWVHxXEzxm3uKZSirx,legit,,normal
W02123,bc1qm2rg4gadca4757jz4nhk69g2pc8dds5sv39ngz,legit,,normal
W02124,18PyqDEj17yLW5aVLdo1qzEAvnLoetaat8,legit,,normal
W02125,15PFf5oUdFohtsZ6Mc24vkW4uuH1Q3ednN,legit,,normal
W02126,bc1pk97mrw0c88rq6cassvpq0fag09em63evg4l7pzysm4u98q859xlqkhww5g,legit,,normal
W02127,34bq23r2bkL6xTuswacbqdZTkduTwTK8Mf,legit,,normal
W02128,1EkrvUjCM7u89UCoaVeejG5Vyd97w3J99L,legit,,normal
W02129,3MPJ7jJnKqwqxQbVMRNYjqUxkr9qPUFFG6,legit,,normal
W02130,3JmjbeKjo5UobH7GEfVKXiEKJZp8aBvJyV,legit,,normal
W02131,bc1q33a4n67qf3laxhk9ezks4vzlwptm360avpnr6a,legit,,normal
W02132,39Lym9guDA6C3TiVesyvHKB2asRvNsuJGw,legit,,normal
W02133,3HD7pePMxGYM8DjotLUigQZfX4kKwRCTyw,legit,,normal
W02134,bc1qs35ttu4qfa4k2akw44t6vm6we726atuayzcugq,legit,,normal
W02135,bc1qnj764eh0gfdr5xqpum3gs38ve6f67p7exwjmx4,legit,,normal
W02136,37S69L6kwvvujG97deEWzQAwgHgBagweqH,legit,,normal
W02137,13cA47vWDuQtn1Ziqa8Y7bJXV8WRQreH2M,legit,,normal
W02138,bc1qh9ae90hedz3tgwcszcnrfqnwgph0g6mrz5zvdq,legit,,normal
W02139,34F49JZeGaVkgL6eRVr4z1DACj346H4PNo,legit,,normal
W02140,bc1qpny98z9ml3ushnh4czu9agca0xuwp7cnm8xhu6,legit,,normal
W02141,bc1q2rljgzejgwkt5hrsa0zx7zqy9pkvf7xmms33fe,legit,,normal
W02142,bc1qlrmft7kzeam2u5xwhqt2e65aaryfml929ruyj0,legit,,normal
W02143,1MXdd3r6eKe4JY4RwAA5WPohvY2T7Ao1b1,legit,,normal
W02144,164nTFLK8bU8j7JfVVU8NAQy7PTDjN7Fy1,legit,,normal
W02145,3KRPg9k4DpwLgcAWeafBibFnDjCsxNyt9u,legit,,normal
W02146,bc1qg2p42ex2lsdqsn472kudl423kdjmt5ktc7gj2a,legit,,normal
W02147,3AiPc3xMXmdun1Pro8itXxZi3duoVFo3RX,legit,,normal
W02148,1H1qXnUkde9hhuUzDMNJyg4Ez7NJjaa4s9,legit,,normal
W02149,bc1q8afgdd5qqs867ucekuj2kzkprvjg5xcfqrjegp,legit,,normal
W02150,3Duh1ARawmjzU3f93JAVPyokJbnfwALy4W,legit,,normal
W02151,bc1q5jke2pm247xre93xaqwd2sq3n288w934gxyvzz,legit,,normal
W02152,36obF57QHJpwtBDRo1E6VQoNjFdowSjztL,legit,,normal
W02153,bc1qwp2wdafeg04nldpcf2jpmfecns9u56vr0x3n2q,legit,,normal
W02154,bc1qxjdpdtjw858na3vdvewph4pvq7snmrdlwmx09j,legit,,normal
W02155,16TXwWFhpuAZsjQjZkMqeW7fLNjB8jT9Cj,legit,,normal
W02156,bc1q9tlcyj30kr8hn9y274mgeq2zf04c49vkcp7zjw,legit,,normal
W02157,3E5VgG7x3cPdTxVrHbkyrkp1AYj4fWaKsU,legit,,normal
W02158,bc1qwumpxcnpc4deqddsednz3y8gkugsdjv5a99nyy,legit,,normal
W02159,3DMiMmTDnpApLdgzDw5jSRfyax38A6d4Lk,legit,,normal
W02160,bc1qlru68qr86ys0mcs7q0ds2jzcr9f24uqwry0cg9,legit,,normal
W02161,3Q9z9gXRg4pz3bdZqYnCjS9vUJw1xEGJ3r,legit,,normal
W02162,1EiNo978Zc7h97X6CAepD5ZX3iyWzESHqV,legit,,normal
W02163,bc1q0k09dxujyn47t57jaeu5dj0dlcas5mlq6y3r6c,legit,,normal
W02164,bc1qfytgy964r9ra4u5ew0cvcvfw6wjgm0mhlxtzs4,legit,,normal
W02165,1PJXycpcFitnMkQh9U1EabsuzDRAzm2TQD,legit,,normal
W02166,16qTiGtF1GV4eCYUBJPGSq7x6KMm8qYTeC,legit,,normal
W02167,bc1pmyz2c7s2l7e8fxy84zpwqplc3gk26a3htwlhfpcngv8wzd5pp82qysjln7,legit,,normal
W02168,1LttSU7skXrX9GTPSNkRXMFthRX4qMvyMX,legit,,normal
W02169,1NW7aSog315EnYPrxjeaQ7YxjUw7CuXpxE,legit,,normal
W02170,33mKgfAS8zxohGxNgo5jG74nR1Ck8a5jXv,legit,,normal
W02171,32e8Rrf3BACypKyTEU3QgYqcvzXQsfXEkp,legit,,normal
W02172,1LpdkqGFyvYgjonLf4JcfnTQULrfaFzkaJ,legit,,normal
W02173,1J8M9vxfVvDgayzk4rMDYAdFHNwUZ7oSEE,legit,,normal
W02174,3GAtbeiRoZKC5BYbRk3UVB7DLSvX7g8gbd,legit,,normal
W02175,bc1qfad3fsxksxxffhqnshp73nen3jwx9am83qnh78,legit,,normal
W02176,bc1qjeufpe07sg7j8ejp0ql3g74qs224ay6s7527xq,legit,,normal
W02177,1JZFGk2Ea8tHK5yppKMPzUuWs3eNMTPKwv,legit,,normal
W02178,bc1psc79ydxu0ujfv2u908erkcyv5r9v6vare2evrfel0200xklx7v4swj34q4,legit,,normal
W02179,bc1pt3chvct7hzqd3ncy87y0tm6y3puv8gwywms453zf773k39ecuy6srek8uz,legit,,normal
W02180,bc1qzdd5lnh85v3z6y8v6ptl42nkkyqzfk4ye4acvf,legit,,normal
W02181,14ujBG48gJyV34fxeny78m2RMd5wt2eoFk,legit,,normal
W02182,1JHXpCYBAdmPyr1BTggQYVRLTKBarLnRaw,legit,,normal
W02183,1Km8A5TVNLLH6dQ7LWmSSK3aFs9HCwiBbG,legit,,normal
W02184,32zRYmG9kU33grKwFS47t87ePbPhfHk5Ja,legit,,normal
W02185,32FeHBqHULC41Pu6wLDfSqpzFQECyYEGML,legit,,normal
W02186,bc1pra4x3kr2nnw5u5pptpmz5efh6vep6ucvr5pwahdw8atqtu0qd2ms75snth,legit,,normal
W02187,bc1qr6py9yr2mql4c2p9pkc7h65kj8neljlmgjk6a9,legit,,normal
W02188,1KBdHYRkeDdVdexavEBUwUjwXNvbbh1AY7,legit,,normal
W02189,bc1qtlnxjex6yjzzqhq2as62arzg3scyn0nl6uxxs3,legit,,normal
W02190,bc1q0a870a3uk7jx2xnndmsa6u9mtpw4s6qve43lln,legit,,normal
W02191,bc1qdg7rgkne9lx8ezmkemynmazjaapy5zf5pxjmhz,legit,,normal
W02192,bc1qt22ckptzaqf7gvg5vzve4t7w3jl95t56s8kps6,legit,,normal
W02193,bc1qkg7vkz9mufrraylw8z3eepqmg4n7q03dceezvf,legit,,normal
W02194,bc1qxr7wuckakw3r7x94256mwajn934ufnjzz4uzzy,legit,,normal
W02195,bc1qrxgfna6f7hc6f7jfnagyhms2xpr0t0xas00clh,legit,,normal
W02196,bc1p5h4zqs7aqdevz0vnsr2cwp0kessj03hvdh656lm8lddjzxmh3c9qh77j9m,legit,,normal
W02197,bc1p5nukuaja2uz4qdeqzyy6wexyr7wfuq4x2vafz3qfmrhs45s4x57s6hfqru,legit,,normal
W02198,36wfWk3zK85qsx1uk3RqspizXaCfnns8RD,legit,,normal
W02199,bc1qz5q49wsydvjwx653rwzn922sx39y7ahmhxkedk,legit,,normal
W02200,bc1qxrae099areesc25tlu2e7yhcgrlrmz8l6gmplh,legit,,normal
W02201,bc1qgjvhtylu0ytzxnzz72tjvw4lm4j6gtdemka0wy,legit,,normal
W02202,1KPnHa7CVFXCRfphLDRmLmjqyGGNfdUSyo,legit,,normal
W02203,bc1ptv6gs58mtkztmcaazpm94xhl53frfh7hhptm5q9qjzffgqzsf7csrzf9cf,legit,,normal
W02204,15DZ9DrjghBu4qV448tfQHVHQBZmatMxYr,legit,,normal
W02205,bc1qpnja9ncm9xz0n54wum2sjzlsq9l3mlty3qz2hw,legit,,normal
W02206,3MK5c41uFcUNWpxK2FY5sjpg1XAkpzCeeY,legit,,normal
W02207,bc1qwuh9q9re5dpjf3eh3sfcf4sge22jp87arh2nkc,legit,,normal
W02208,bc1ply95786gz4twljf3vnhjsuwagaz2evn2fzzyzn8qdux4wq4m24eqgwdj7j,legit,,normal
W02209,bc1qu2eemls6lf7ytsj6sfxdx84tplsjf3vl506t0j,legit,,normal
W02210,bc1pgjkx79knlsqv2xp3ksdzps8947repad6wrh3p7f4lz0fm8sc9l2srukp76,legit,,normal
W02211,1FvpEHKVgipnq9toi51dYT9LURpPLqLcda,legit,,normal
W02212,12r7Jq9os1aTBiCSVpP2ZGapL5DV11Fspg,legit,,normal
W02213,bc1qua0ln8r3s8mhf95j3w2escvqfwcrt834uacw5d,legit,,normal
W02214,39RL98EjDqcDxzYa11Egrc5cnGYrHtVNLx,legit,,normal
W02215,1P33kBeZtUXYoU28ZbzhVZW8RRbexNa5ed,legit,,normal
W02216,1KY827vTJQzZdXBXSk28LyMW3fkEJdqD6Z,legit,,normal
W02217,1HBfPPB17tBngsrUQpsnDrKpr92HJ6TQef,legit,,normal
W02218,bc1q0kaueqaq8gxxxu0ddegdx9fygtm2y037zsttky,legit,,normal
W02219,bc1q32k62dmp7egh7dzalptr6unnkm6nqkvd62cn4f,legit,,normal
W02220,16w6eLQTbBcrtZxP46fScnDeHmwJ5EWABK,legit,,normal
W02221,1BWk2Cm5tabkFoyxLPVEi6UrA7dPHKSEwZ,legit,,normal
W02222,bc1qdwcq832e2pck5d56tvhgm93d9auneca4qmx4hf,legit,,normal
W02223,bc1pmk70q40x05x43xfpyxffa9vcc4hmn9hy8n87wfjlyjk4qpmccz6shrc2df,legit,,normal
W02224,3FuUZnD7Mv5MMnrczvWmiiNyp5staFarTh,legit,,normal
W02225,3PzoQKm8p2QW6eSpVGcUVF3yDD9Xw2mDNz,legit,,normal
W02226,bc1qf8nwgx5q3zl03r358enjwjaez6zgynuh03t45k,legit,,normal
W02227,bc1qp3wfyupwu3f6gw3nfr2f0vdtskz6y0xwj6zurv,legit,,normal
W02228,bc1qtz0uy28dscdjn5r3wnak4sr9navjmcpyhlzhr6,legit,,normal
W02229,32XnwoaMjQdnww3a9XuRXW5Ha45c9iHE5B,legit,,normal
W02230,bc1qh33qg0syseztajj69r40pqvtjyss8ka4jg36q8,legit,,normal
W02231,1H4aaviyhKvVzDXhRY3qx9ECcvoyJQryWT,legit,,normal
W02232,1BUzfUjs7KPnenXyPkCpvMPsD81yTPfcnH,legit,,normal
W02233,1DYEx8S6rT8d7EJafdw2z8t1fYHkfdL28e,legit,,normal
W02234,39JeFgWbw4Sr5Km282y4qgFfDhfNuuJuff,legit,,normal
W02235,1ENYRzAMYueRkHgJ21YXUq8Qr1MZsAQMwB,legit,,normal
W02236,18sR5LH8xousbFicCfzSL7M3vibiGTkEeY,legit,,normal
W02237,bc1qp87e70udhjfttjdx2gdz7k43jz4vyk5f8e8v53,legit,,normal
W02238,bc1qt8ey2fggf9rd6phllj5vf6gezfwx8sagzet228,legit,,normal
W02239,38ACATkzW8zyxgcrjdnnccfsxFgyaRcyZj,legit,,normal
W02240,bc1qafthuh4v9acfg9hsfjw8tpat72lp24vrvne42j,legit,,normal
W02241,bc1qzkeg7exfxwru30qxxel20xjrvlmast5l0v9uvs,legit,,normal
W02242,3QrGyTVEQoF4d3nDEWTyZbMWBf9sx4tQUh,legit,,normal
W02243,bc1qtrtgewce8xf5kyv3uvv8ppal4kxe4pj3agmxuj,legit,,normal
W02244,bc1qclqta6azhalt9y7lyypmp5z7ru2quyxxxnp09q,legit,,normal
W02245,1PnbEgPLCzhd4GmcU8pZsX3srG4MtqEyQZ,legit,,normal
W02246,15jUxF2fquEsrbKTNfiyuWwsHoT1fHCJV2,legit,,normal
W02247,bc1qvlfrfmc0gwz3fdyl5gqh055mxlrt42hcsyp2nw,legit,,normal
W02248,1CSxFcZ7QQFw8TLCZDgB2QckQpLccsWjfq,legit,,normal
W02249,3NuMWipTLFP9oYDDoXkaxgJ54G1qpXHEEW,legit,,normal
W02250,33nxrhCNR5mfVxb56tBWQf7WaM7m1H87uV,legit,,normal
W02251,15CUZwU1SF6RtukwniTQP3WuyPVobPu2oe,legit,,normal
W02252,bc1p3d0tsqraes8u65rvct09gx5wawsl8aaumwepqkv50k7a556nqqxq6zkphy,legit,,normal
W02253,bc1puslcq8ym5ds04q4mtkk8agtm685z0he9nfw77dqumvsuy28ge4sqlx9gwc,legit,,normal
W02254,14BzzEVudCi98FQu1Q7bxSbDkoiQARwc7X,legit,,normal
W02255,bc1qr4smzzlxfwa7eugat6edmur7dej56zt0gwl8fp,legit,,normal
W02256,bc1qvg49mxvpwvg67tdeze90mz0us8t58t5yl2m9pz,legit,,normal
W02257,35MmZeudFVA1nKmxrbT2RwLjN9WoJY67G5,legit,,normal
W02258,1BR9ifgAiXXvWCh3DYk4Xt5c38hZNsexqe,legit,,normal
W02259,bc1pajj6y0ys6rzrddjnaajd0a797x480jezl6w3letdgu7y55m2ufhq2hyx7d,legit,,normal
W02260,32ayMFjJwtYCkpPnCm2uXEDn5DFLqcAEAt,legit,,normal
W02261,1Jn5yinmdmaUTuKK7j2wj6x9cNAfshrnFq,legit,,normal
W02262,bc1pg45m2rykdlc9668jew8t3x2r5y7lfsf04c9kplzn36f38khs59esfzvvyl,legit,,normal
W02263,1XPSmAsRyu89BDJfMy2vCQ8nsQYnvqS1F,legit,,normal
W02264,bc1pfm8zvaavlnx3tcgs5kpj8nqt22wfuqut7zuv02ct73rpa0wcrdnq3p68tl,legit,,normal
W02265,bc1qp3syqugwhf92ud0tdc32z6nl3j9mml0ke7y9e4,legit,,normal
W02266,3J3kwuN9U4WqLAdoTSLwJBY5o9yr3uw1Uz,legit,,normal
W02267,1PRFvACGkSpki2EFisBaX5s8hM2xvbpZWe,legit,,normal
W02268,bc1p44rfv304np6mct9zzyrcjt0yamap55lm8l43p6e49hnm68xka2vs275v4r,legit,,normal
W02269,1GXUbKkhhSnndfyduhFqWvpZ9ZFv1222d4,legit,,normal
W02270,bc1qv2ct3yq233ndu0jl2a80jencr3a6lh2awyjnsx,legit,,normal
W02271,175saHgEMPieSYzcooLhBuiHeuhbo4tewE,legit,,normal
W02272,bc1q2kxhakflcsc98c0lqzjcvdx2a0pu4eaz8z40ma,legit,,normal
W02273,35D4SPZ5Nxb9TeAKKrYWc6Ccwk8MJ2vnZ6,legit,,normal
W02274,13KDp1jkh6ghFbvWB2HbxoFBCfHrfBS5rb,legit,,normal
W02275,bc1qnmdq06p25a8tzkg06fc239e723nnkkggm0lv9j,legit,,normal
W02276,1CXQ6LMV2JNznPSp2puHLVMiGw5fHU1x4z,legit,,normal
W02277,bc1qsa0uaq6e26aq0wemrtnua79mjrtudsv07l2v2k,legit,,normal
W02278,1criTiq2TdBwZpF5JpupFvbs5TVUaMLBJ,legit,,normal
W02279,36vFNifF6EozFUvSGncZm32WgHsEsvgwNv,legit,,normal
W02280,bc1ppvfpue2axt3ajkrdy92ul9kcc8atlqlfwg0scy03eqdw7h007xqshd0ezu,legit,,normal
W02281,bc1p4r2xyswlka24xxk8pyc23rjcgdnyvmj8wyhf9306w7qm8nut63hq06ukrd,legit,,normal
W02282,1LEmL3tmVU5tcnZC41W7SoVmCe5Mm3jAtr,legit,,normal
W02283,34NSXxKMDEMwD1nuAdhz3uC4ZMAwhqLuXc,legit,,normal
W02284,39saStD6Mdr4LVRNp1BSxEgSc1PWpCmwpw,legit,,normal
W02285,bc1q4ugp9whufd9ldsm6au3k3yza0v8ffttmqe8ffa,legit,,normal
W02286,1CtUrehpjUbDEAnssPh4aoLQZswgiMZVY9,legit,,normal
W02287,1GC3RcAvURvYv3sjMbqZBnZfkz4ywYznjS,legit,,normal
W02288,1GXUnH7jgtEgiTS6jFr6v8C5m8xpdBoeyW,legit,,normal
W02289,1Ls8RATySWUCdNcZY9XFmMPoKgHQ5at8LL,legit,,normal
W02290,1LgpG5GxMhDaBjYqrwg62AQK4uBSCs51j7,legit,,normal
W02291,bc1q933hkcw8wnw076n9nkncnvmz5w929q9jsrseqf,legit,,normal
W02292,bc1qvfy8hdymzszqntwfpsrc04nsd3jtj9sln9d047,legit,,normal
W02293,bc1qrjfqnkpdjda34u6fmeexecuqlls3qthzszhv8t,legit,,normal
W02294,3JRUvBj5fsQ52zYDaCyi4ofq1vFZtQhX4B,legit,,normal
W02295,bc1qaka7y9wa86svthv422ld8vc96fe8mk2s74n4ur,legit,,normal
W02296,3BkcNdfg35hvnQ6ih5vG3Ke7gXS8mjGVVo,legit,,normal
W02297,bc1qcfya6afvqhhfsaxekws65c8hmx7m9kq5anzumv,legit,,normal
W02298,3QXepeZ1hj8519eE3yYCsE4fCTXnUrykDs,legit,,normal
W02299,17Lc11rgKhZNpq4dGC3MwUaXrd2sqswuuy,legit,,normal
W02300,bc1qq9gjrw088sdk7zjwky52xx6erwhk4gdj3tu3gw,legit,,normal
W02301,bc1p53p2fxghqn6rdecn66a99nf9hhfv46lqmsfplwmsdh6r37zse4cqzwqdks,legit,,normal
W02302,1FFQYcYTwasRTNDnCHS196NTDLjJ4whCLs,legit,,normal
W02303,bc1p9qkfgccv7wmx200xtlln8eqcl0a2u5ne2s6tv5xcxffuw0jhn4pqgu3wrq,legit,,normal
W02304,17ABacHc2rTuhAMHffaK5TdkcLhKJgiWDN,legit,,normal
W02305,1GQ6LuyJ6uMDv1MamqxGrJFhHyLsEjRsV7,legit,,normal
W02306,bc1q8t3rpfx2ldh83wlm743vpjrnrzrk3pdxes84mj,legit,,normal
W02307,3Cte5WUNADcb9HNdPErJNd9MAvZ2f1eGNh,legit,,normal
W02308,1Q6B8EiuPVWAYets5SA5PwU7svwCX45noj,legit,,normal
W02309,14YeGan854fcBhCQw4NCYvZepr5B1n11MU,legit,,normal
W02310,171wzJmjEe1oWk8TnycDxMeGjRxELuxj23,legit,,normal
W02311,1GUG2JxoaEQshBQK5oumpHrGJpG7eSr4bC,legit,,normal
W02312,1EqxHyyzDrwzUzcA1FFNrL4WYBftu9tFVV,legit,,normal
W02313,3M4kvrpezWNGSKX7FUJ2YrgSQku2L6phnM,legit,,normal
W02314,3NuaDb9bnWwcekGnJkGoSgy7cchFQMDwWQ,legit,,normal
W02315,1De4jzipqbjeTX9nZJmJ99FCWoVvgUzxM7,legit,,normal
W02316,bc1qchcz8lw3jgg9vn7j5h5yt2l8m0x2323p54e4ac,legit,,normal
W02317,34NCh93KbohBpkLr9gtMp1Ev6wTD3hjNua,legit,,normal
W02318,bc1q4e0stxagntd6swcjgsdm8ngrwa8u5ye69tfde6,legit,,normal
W02319,bc1q384s2r5yhreu80e9pr7hksq4dp0q4fawpmjcd4,legit,,normal
W02320,3NRU4hBLvaQC4FBR3K59Rpp49HxLKDPkCL,legit,,normal
W02321,bc1qz7lq6pr42edckvm4mw77wus3m7ecz6kj4f2yd0,legit,,normal
W02322,bc1qz0ctwymf45hd9vdvks72d2dlu3w8npcx5u3c8q,legit,,normal
W02323,bc1quw7hhktpw7xe26skw3r05qmjc3z27ajpft69d3,legit,,normal
W02324,bc1qk0qp8y5dgpdjkctfte4guf8xd2cjd4ee035t6x,legit,,normal
W02325,bc1q0gegllrdcukh77cjz4p68z6l5ywdvdtekm26gz,legit,,normal
W02326,129GtbR3aNtTaECFAcxHvSjb9GGkqsqMEL,legit,,normal
W02327,3LhSGrDsmLTHJrwUfQpjosDmmtZDizCEsw,legit,,normal
W02328,16TZ8rU4jhPXkghfRNodXCy1PYWGDU4jSJ,legit,,normal
W02329,bc1qc0knar0mlr33le976mpteurtdgffymn322y8ut,legit,,normal
W02330,bc1ppx0h2vvqzlzy0nz7n0er8kta5rwkdcq0hwacreyp3fqde20qc2xsfad4kd,legit,,normal
W02331,1Lqw3GjBymz7Ry5RC9hDqizXoVmi3XejWi,legit,,normal
W02332,bc1qklrmuwtf8uy243gp039vpl66nkm49tx2wfk8t0,legit,,normal
W02333,1MsK77cyLsXjabcihQB4PKz3azddCczT8c,legit,,normal
W02334,3CJkw7HT8thLYPPKWs7oHHKk3geYKQfsGG,legit,,normal
W02335,bc1qp56kucyykun3phjl8u3y2vp7psackhmfmx4jq7,legit,,normal
W02336,1F2qt28U8Xf9MKRY4MtJqWQaZCyhxz84is,legit,,normal
W02337,bc1qduhpj3mfk870qvx72x96x4psg74d0t3rhqk7v5,legit,,normal
W02338,bc1q2unp3n7j6dw86wmrzzcr7pna4zmvymqm4yy58p,legit,,normal
W02339,18B4ewnfcZzLe6GMkG7984ycFXQiAPtK74,legit,,normal
W02340,bc1q73ny2lrz4w58fzwpprxs5c0h0u04h8reeca6jv,legit,,normal
W02341,34pZnn5hme7oen7Sh2C2D3AsE1u4BzdHGT,legit,,normal
W02342,1A6832eKbPcfNTrYwuD6y331s2JydiJtZz,legit,,normal
W02343,bc1ph2hssnxq7dd94zpuwlr55ha409zyegur64pxkkxlhtvt930l5m8q40ywg7,legit,,normal
W02344,3MMXXZiteTUaQjn2Go1dVSsXN942TXvGMw,legit,,normal
W02345,bc1qzrdf4uhptpxuwpxq3wzhjq92v9s8cpfts2mnsv,legit,,normal
W02346,1PhDKTf5sA4KQZUSLspTfny2oTwRakSZJs,legit,,normal
W02347,1BeaEMAsBkSTMFzgUHPG2jffkct7AFe2ZH,legit,,normal
W02348,bc1qx83aggsmpgxtgx04nawyhvcfnrlguhj3lnwgv2,legit,,normal
W02349,bc1qjaxwyce80rp3xc86zxwwx6j4zfx2k47p0mgy8k,legit,,normal
W02350,14T4ZyfFBCimtDLQ8TrGd7ALF3oCDvYS72,legit,,normal
W02351,157kZGQyUZnKmr6PvWQkJz1sGxLMAZbQGu,legit,,normal
W02352,bc1p9qzwhyyyjzzj89mzp7kpfexnc97rks788v0k25yyzjdwu3nspa8stxpz8r,legit,,normal
W02353,1DbEZM72UXwWfZEV7vXCKjZxAgLrKUoVdP,legit,,normal
W02354,bc1qw7dmqxqp75lcydekjkwg9j9g7gvfzqhcnak78f,legit,,normal
W02355,1Q5LJx7mG93p3Htu1QfyRHnSyXxFisWJfp,legit,,normal
W02356,13LPpZx3yZSu9QUb2LAuXFLmWbUhHrT7yC,legit,,normal
W02357,bc1q2kvrsprhkek34gehmrslzae9x5hceaz2md6p7e,legit,,normal
W02358,bc1pku27gler3hf8jrat2e9mnku2e2zkgxuetmaf42wdtlh7kg4s8s7sa6apaa,legit,,normal
W02359,3EZx2Q3aZDCmDbe45CNeLeQwvnXKwkqv71,legit,,normal
W02360,19w4F4fY1Vncv7MHNuTBMmvmWN44auY2Mt,legit,,normal
W02361,1CR2EcnaiaDGcT2bhF552LznpMBpbkY5cH,legit,,normal
W02362,bc1qh2qlzakkc2gpzhzpt2s050kp5gj6g3jsaqhvkk,legit,,normal
W02363,bc1prx6fqnrqqksxg77983p04af9fjfty0szgyzwymazpgzzjg4h38vs65pr02,legit,,normal
W02364,bc1qh5xp6j8cqf5rr63vupakx64c55wajgtxjmfj87,legit,,normal
W02365,bc1q63w6xnq8us8yhm9jmjvlanh38e8mldjd829rfv,legit,,normal
W02366,3KGLNGsE6wJtytLE2RUVrDHACdrzgVurrJ,legit,,normal
W02367,bc1p7jyx8hs4mlsqk93qmjclm2ld2rxu7q2smwc9vuvfc8sp2ah2rwfsqwlgnc,legit,,normal
W02368,1AKgh8jNLwddHt5UzJXozJbYn1eP8D5Dbm,legit,,normal
W02369,39SYyVu1Ak7i1L5bTSemwxojSLK6dkfuAE,legit,,normal
W02370,bc1q4kexpflzn3xc5c80r70zx58d0m0jxc3eck7rdk,legit,,normal
W02371,3EDg7NVzNRdgEKCv5W84aHuMvNFVV4bSZT,legit,,normal
W02372,18pKZdNW6ZvoV6DdfiE5Jb9K7vypN5H2wa,legit,,normal
W02373,1JfUfSSz7J5og9smbkRg7QcPt7PC29u3aE,legit,,normal
W02374,bc1qjh8n2c0j0tefmh745gnsgc4qs56dxuxecymxzv,legit,,normal
W02375,13CAi2SWqYCqk5wuNoLQ48XLH6ZogymVLH,legit,,normal
W02376,1FEAxQ8Xj8ZTntGTLznTAJhW7pzVRymibH,legit,,normal
W02377,bc1qxmq8mmyndqwt42j5xkxmpzjg26eg9694gegp3n,legit,,normal
W02378,bc1q5rgwjvph9s9f43vv508gahhan9p20mnkxwfth0,legit,,normal
W02379,bc1qzjchua0s3hdz5dyvsjvdpdfyq4m7fhg03n535x,legit,,normal
W02380,1L7gRA5gCMk5hBRPxDN21mjpjR8CFcqirc,legit,,normal
W02381,15HCsQCF6hqMu4g6XUxHbrz9XgU9dYUoGd,legit,,normal
W02382,bc1qc4v07v3stm5d0a4gz4ml7632d9h90vlg20yhxq,legit,,normal
W02383,bc1qk4zwqs4adzt2p539cgdfkzy445lvlev9wh7k9z,legit,,normal
W02384,3B4vfFwKnq1Upbx2L7ujNRgWANGkYmJCuA,legit,,normal
W02385,bc1qxkkyx5jwv2v5qjgncrsrgfpaaph8u4ghmvlqa7,legit,,normal
W02386,3PgHugYcd94GgFK9TbXqqCLWbw5HHisge6,legit,,normal
W02387,18ndHWYv6wDLSjrvcdui9nUgZpBQgdstaz,legit,,normal
W02388,37g4xmQV9DxMrigFHB8monwMZzVhBAFFKd,legit,,normal
W02389,3BtxnoifxUX4HTMyiM3nEUpWE9u7FEjkmW,legit,,normal
W02390,bc1py8gwmyu6t0epzryhsa0hz68statmymvqac6htja86tjuuusx3lrsp6hyl2,legit,,normal
W02391,1NdPefBfhTKvsHmoPTLtncNqMXhxe5e4iD,legit,,normal
W02392,1EzkTKUsuyjqXJP8v7TKooGha6Z1i5iozc,legit,,normal
W02393,3L8ZLsrtbwaivHdntF7xDFSoCkVeynefeg,legit,,normal
W02394,19XZwyQYjwpuqj6312SK64NcXdBBvY1Yxq,legit,,normal
W02395,1BHsvPX8pqhA6J61aaLgxwKtnJjupAgGJE,legit,,normal
W02396,bc1qu4arsnu9mya3eaxlvup6mfnuax2fkje8r54jwx,legit,,normal
W02397,31ra59epRDscabf8Jasrfi13qvX6QkfNm9,legit,,normal
W02398,bc1q02v08l8f50203t4fhq3ffsjrd9dx09ax9ygf5s,legit,,normal
W02399,bc1q8v0rwlgax0eydc6k8ayn9klcy0gvqdgnms8kh9,legit,,normal
W02400,1JC3Q1q1esoo8bzySZ24v1SvMTth272nA8,legit,,normal
W02401,1GrSLvr1cqwx8Q5Y6avYEQgmtjheRKdaqt,legit,,normal
W02402,bc1qw4g4lk3jhukdyje5p025chxsm9tqzzt50e0uht,legit,,normal
W02403,36KXdbzpPYjrD3od7qpnC59pqrWgYNgAG4,legit,,normal
W02404,3FntvAYb29sEu5w3fmnJif4krURoygLgCE,legit,,normal
W02405,1GgEf6vuQNxdoFm8psdWRCmXLrpZoQPpmf,legit,,normal
W02406,bc1quqnjkqpp4ccw2dsh3fmuul8mm08f97dvawjprh,legit,,normal
W02407,bc1qlkfazdnlt70g4k20z2xtf9gyh08khejp6hrcj0,legit,,normal
W02408,16XoQhpUx3mJqM42n3uThCUwuFhnQEyNtD,legit,,normal
W02409,bc1q3myds8j3mlqnjg2jt5zajmgm2sf9snmeazl4ut,legit,,normal
W02410,16cW879sEZsjXAumcHfLFAVy3pPnT874LP,legit,,normal
W02411,15jYU2rxPMHzofHLpYz6SgFRP3FMPWos8D,legit,,normal
W02412,bc1qafrk6u5dpqx5rnlxg3ftcsy4qg29v2sfyengcm,legit,,normal
W02413,3PXAm7uyZBUw4SB8dBfa38W4Nj8voxBaB8,legit,,normal
W02414,18w92nSFvnVAEMu1X8FFsJrLZg7hckHR5S,legit,,normal
W02415,1H9q1yFYZmtzGaNLhzgz11SYs5VjTCquH3,legit,,normal
W02416,3BnK7RCMUa3RFYjKPd26H2ta159VBV4E2X,legit,,normal
W02417,344KVNYS5GJgR2BZwVXSWQZW3TfVHGQhvy,legit,,normal
W02418,bc1qld0jr492486nd87dyp85jtdvgupy36c93xtug0,legit,,normal
W02419,bc1qk50jfvdwxsv6hc7vgy3d8m50vcrjhcavltrwsa,legit,,normal
W02420,18u4ycn8pGsTPFZXMFf2Ya9qJHTWEg1Yzj,legit,,normal
W02421,1Kyh6XYbdnWr8CTScLonweWNEhtbcootS3,legit,,normal
W02422,3KFY8WPDA7mC55qkwTwjd8F9dZUWo1S5he,legit,,normal
W02423,1H5D4gk2GEC4jiQQbYySkqW6maX9hhibTJ,legit,,normal
W02424,bc1q8l8zhlj76ap2p22y6wn3z809lzzy4ulc05048u,legit,,normal
W02425,1PBbMU93WzJkwEhFnFbAjagYU2HQn1ZPJy,legit,,normal
W02426,bc1qlkvxxndrmh5kwrcxxr5k9kk8c9ma9xqf3l2756,legit,,normal
W02427,bc1qyrsa090zgnm69dqulmvcq83earv0uuyma0ecvu,legit,,normal
W02428,bc1qecu8qzns3hzycxayxjx2g406kg5tyvjmmunp0t,legit,,normal
W02429,3DJbXuacGHejZ4TfGJLoRQird5jdmWSped,legit,,normal
W02430,bc1pfhhtzr4qk0r3gszgr74gn5s4la0s2lxxrenh7v5l7whj9eweseusa8rc38,legit,,normal
W02431,17wK1cJPqXXUS5W69GoPWpf7rREY3ejay7,legit,,normal
W02432,3LWsSBkgJY2B2TCXN43t6Yf4QpgXjyRU6A,legit,,normal
W02433,12Xxdq2hfysiBgizapvd1cQPJh7NzGaWbu,legit,,normal
W02434,bc1qc8fazpt2ddmpp5w2n30uwuzmukqm7kdkgx3yx7,legit,,normal
W02435,3FjkU6HYzSkhuHJjjAKpinPTcV9u4uQnaW,legit,,normal
W02436,bc1qc5g4262n7v8gz2720n2qqlkcn0n632nfnr0npc,legit,,normal
W02437,1M95vdWT3cHJvNc1nQtZSTTzrHLAgqP48f,legit,,normal
W02438,bc1qxl23cx3f372am4ldn3kvc2hvg64sq43uqma0lg,legit,,normal
W02439,36oqe6mzsZxY1dzRx5BUrwRxAp7zHZXUDL,legit,,normal
W02440,bc1pcplw4vchh42emm3zfygamnunnkkackyeynfaw6jnsvc240k57g5qdahr3w,legit,,normal
W02441,1NXzK6NQsq3Ex4TdQ3p4WmLwhRvAQDhqeh,legit,,normal
W02442,bc1qwuxzdsnhge5sq0h7m0xer50y0e03lqyzxlhayk,legit,,normal
W02443,3EczGkdGWpeSBH9VcnDmrKiUys1PTmbvrw,legit,,normal
W02444,16HjJyHGvGDcXc8YPtPAFq95pcS6mK8mty,legit,,normal
W02445,bc1q62uddwzj9t6lv3efcvlkd0j63jp8fu7frxwyep,legit,,normal
W02446,bc1qgut2rcdhnztlctg99y5yqtnl7fmcyz5urmftyc,legit,,normal
W02447,bc1qqrf60npw9d70y7w9axlmh3l8u0g45ljyhc6pyt,legit,,normal
W02448,15GQXgdkXtwxvZRFTxwCx746BXG2CbU8Dg,legit,,normal
W02449,1KPxbtKFEajFyAmdnxUogY1xAb5qjtL4mT,legit,,normal
W02450,bc1qexxepm2r5w066yxxsy7uenfqtjuersk9t6m7a6,legit,,normal
W02451,1PpSzLqCkZ2UNuYTc5ghC5qgVSKcUvQzhv,legit,,normal
W02452,bc1q2y7sfa3wcs84nss9a6n9d3ztegnxgjq8ault3w,legit,,normal
W02453,1L3nfaQLQ4SuQ8DRSmUUjGa3CvBRiPLk1,legit,,normal
W02454,3NoABVynPqjPnNVU2eBwCW88qSQgoP14tM,legit,,normal
W02455,bc1qfwycslnamh3pv0mu6ax268hcur3ftpyf478fnp,legit,,normal
W02456,bc1q9758hnlg30xz9zfd066fw4fcd5kh2rex3k88cw,legit,,normal
W02457,bc1q2nvcycv9jpvsgv0s0x6z5hqjtfh7zhkfqfzvv8,legit,,normal
W02458,bc1q42kvkcf44h8s2l8tnl0jdcv4kegfg8du6vt0rw,legit,,normal
W02459,3Mr1DrrjxWSxw3bYaq97CDND3PZxUm9EvP,legit,,normal
W02460,1MuZ9eoEiec1wfA79686y9ZHiYybvF28Ao,legit,,normal
W02461,1J27AWp37pzCnUn7L4T1y9Mkv2FHd3t9Qj,legit,,normal
W02462,15rSobA9Hf1McpHx22p9FFL7ABnWGuTaqQ,legit,,normal
W02463,bc1pcwza4rpn3amft0gv4jq6fny853n5ltn4mcetly93nhn4v9grffusguzxh0,legit,,normal
W02464,bc1q2lqwjfudvau75lsteuzw5tujte8uf4zpzfljtm,legit,,normal
W02465,1LmJ3z6FmFu5W9MFmEmAhvGqgCdZ8XQbiY,legit,,normal
W02466,169CyiTvJXuXGjzfxje9VQUT17MNBJBycE,legit,,normal
W02467,15tXHucBrVonAQsYgevGEvbDE3seMMKVyH,legit,,normal
W02468,1CtJyuZzpfAz9y5A2Z7zVobkesZeohHLNG,legit,,normal
W02469,bc1pctrc72mhz4hue78cltfegn5nvydefzj9f2w6dq3rhd7lxsqmk3rs3mz74h,legit,,normal
W02470,18FzYzLfP5ryigCXD5xcRp1sMFShyDGDVq,legit,,normal
W02471,1NVETCCsBozPgRS5Kx4jn65EjD5rVuNJio,legit,,normal
W02472,3QLZsUcqiU2DVmgXxZii4AVmTwEcfsSkJ7,legit,,normal
W02473,1PGuwEWeDATiNPK5PF1PpWARv6wiq4sNBf,legit,,normal
W02474,13jLtniVXGNnmgJFoMAr72bhK2f7HZhzuw,legit,,normal
W02475,1LrYRERxuxXSeRRMkDV5ahGKTheWFoyaiy,legit,,normal
W02476,16N6ANM3VmxQGzC5aGGbn9qXqWFToSHKyx,legit,,normal
W02477,bc1qkuesc9r7garxe6ya5d336wg5ew2g6pc2nuyqrp,legit,,normal
W02478,bc1qsqf2j6vz72duvrg33z5ugst2xl3rwl2dfyxvhg,legit,,normal
W02479,bc1q3z2qa9tcsytvtjxsyv33rfytqsujqzrh7cgm0g,legit,,normal
W02480,3JdS8NDwLHwcP4U8sfqjnwqihnPxsAHAd2,legit,,normal
W02481,bc1qj8jhhrlpvnu0qt933vdvsnnl4aey9jxrd0mn3w,legit,,normal
W02482,bc1qhkcpuekwlaxheacq4j3xyakpv4kqp63sy06gfq,legit,,normal
W02483,bc1qeslaeqhwg0qjz7j4xnhaz9lxnsc52avlduja4e,legit,,normal
W02484,bc1p6wesymnc288897wd3rz7pq663uwzs0998sds8759twve65p37cjq25v6rp,legit,,normal
W02485,bc1p9khcwzzvp9w7ny9daapudsqmssq4a00uxwgqy9xwjvxzyvfjq3ese9kua8,legit,,normal
W02486,33q94gmMhRp8V9hKeBczzh8h6oaXPHVYik,legit,,normal
W02487,bc1q8h7f2wfshlnss6qnl5zl08223kmp2ssqtzyw8r,legit,,normal
W02488,bc1qlm03nu5sccurdnaexkph5mgr3a8ys0ssh5aqe5,legit,,normal
W02489,bc1pye5wt9zwrmdlrsmy4wkhndxrx0cxrw9k0l3hzyp7mtwc8lsyh7ast7fdz5,legit,,normal
W02490,bc1qgcc36advxyc4xcfv4kd39ed37yxpf3r4xtnc52,legit,,normal
W02491,3BZVZxMpie7gAzZjTfuCr1LrcBXKXVtMRq,legit,,normal
W02492,bc1qzpg73qjmcj7a6345eewqjp0y26wgdkpedmm8sy,legit,,normal
W02493,bc1q3wmf9gjh556q7vgnvxxcdmlfpd3gcahanpraf2,legit,,normal
W02494,1PcZsY9bbjfK77ikSVdD2uWBYtsBFM88vg,legit,,normal
W02495,bc1q7zvt9w5d9d2j6dxjzy4vf6s2ummpveqdzndd22,legit,,normal
W02496,bc1pjc3jmhxrnazw6zwlc2hdqyl8efw29p3amh4uhed9jcqmeuudyrxsaguxs4,legit,,normal
W02497,1N136xfnewVZ1UjuzddgprEJjhf42CQryc,legit,,normal
W02498,38NAuJLPzT4suG7q8KhNH2Jnz71MTPU3yP,legit,,normal
W02499,1HYqqSfVtwDGENq5xQ6P4dMgmqdsHuw4ea,legit,,normal
W02500,bc1q5xk3xw2pr4rg8kf0mlv6qnks3dd5v42efprs5v,legit,,normal
W02501,bc1pqs9x3ydhrntja29lhm2sw0najnpzhyu97rc9tdlkta8l32l6ccysxj0jmp,legit,,normal
W02502,3NvZFgdAVD4SiCVULDE3gqU39AKE16VUeF,legit,,normal
W02503,bc1qwv97v7ncv0mjdxj9k5ecf7kh54hwuac8kln02n,legit,,normal
W02504,1Gqs3EzzKJBMeLF98JkGRRXCkcDya2vfob,legit,,normal
W02505,bc1qdcmyhgdh377wamc86w3kuupse4zep05wukdqf7,legit,,normal
W02506,bc1qcszqyu5kvuahq0d4y3w52tkarxyjkv37rdjx68,legit,,normal
W02507,1L3PKamegDuBkLx5J2Bk8vrDjMoARudfCE,legit,,normal
W02508,1P1wuqRUam8dk4Cfijsg6EeJ8Vtox8dJhg,legit,,normal
W02509,3KvtSdnWCuTCAFST68dEs5kVrCT2ed8DYX,legit,,normal
W02510,bc1qfd028kuw4ggvzh64s2wmt9a8qgr0yytkxl84g3,legit,,normal
W02511,bc1qz84qmf453lca84tfdyws6zxluhrcykyv3ynxwa,legit,,normal
W02512,bc1pmh78tftg5ejpa26lj6cx3gg3t4cmu5ulksc6kxm7hc8yw9hu8lhse7dwqv,legit,,normal
W02513,bc1q6qrzxzlpxp9eqnv0zkqv7v095klmess9gurg26,legit,,normal
W02514,bc1p5q0alrsmafyqrkpnfey7m0zrwr3vtj83asvfk9mhfrp4l2r7hues6t5rdg,legit,,normal
W02515,1NMEoLiy6VMbskNSV3u2PwmdW2X48jySSg,legit,,normal
W02516,bc1qv8gxm8xxqy64nv9ppeq8gwf64uwn60897ydys0,legit,,normal
W02517,182ZroSUpmxixirEzTtEYxyjJAPPiT8nbN,legit,,normal
W02518,116E73bf2KKY5CNtLNojL5j7x9nnVZR6Bh,legit,,normal
W02519,bc1pmxkk34l3l5j7g68t7229fg5zj8sxpsy5xevwplnkgm54qv4lalcslw47cl,legit,,normal
W02520,bc1q8nfqtxjkumns75pfezrxszj4r4wylrnwdft95c,legit,,normal
W02521,bc1q8rcw8nhrptezv8r07emvqxnedu409xaulzjq0a,legit,,normal
W02522,bc1qqjpqp83dc2tkygyynster7reccsv3vreqgztmv,legit,,normal
W02523,1PDYMsY43fReW1Pzi2B3F4ua1sjDHG7P3Z,legit,,normal
W02524,14KPS5yDDV55WbQFih9fqCAG1ym36Pb1hv,legit,,normal
W02525,bc1q5y7j2c5yev2sfhrfmpznu5a3jlxrng6v66fm7c,legit,,normal
W02526,37GhNNDGzB9b8vVELwRkP9avtQL9PPtdrD,legit,,normal
W02527,bc1qc2xwr3vds4rxyrmpy6g9vg5sez4yytd89j2a6r,legit,,normal
W02528,16y6b1Wd7Z5hiqBbEZXsDU8odybZbAxFUk,legit,,normal
W02529,bc1qf8nrmyuz0vzfyzenv7cma9u2ja6466wrw74mph,legit,,normal
W02530,1HF7AHojt58cTva5PmGyuZeajHQybtzmEi,legit,,normal
W02531,bc1qwr4y8knzx0l2r9wyv82r4dv2uqpdrk0upkeuml,legit,,normal
W02532,3BEoDss188rXW22vseDBZafgnThgHRn1YV,legit,,normal
W02533,35mScGeBbQLUqVETyD9wC66vMBPGLr3gv7,legit,,normal
W02534,1KxWCPcTvBiT2uvjJbjq7KRhboD5w39ncW,legit,,normal
W02535,3PFW3MXaLmsnEbQ8N37nezHaLsdm695tFe,legit,,normal
W02536,bc1qcv0rs9uay05dyed5q52wqx8jgpw52zmhftw6vr,legit,,normal
W02537,bc1q8lekf2t9xmdvt5m6fvsf384ckj0nd0e5mqpphc,legit,,normal
W02538,bc1qhyuc09knkct0tqzelaa6fffxe37ekgy0rw7v3a,legit,,normal
W02539,1L6QcxnoKf4W3i3uyjLEuSuUWpXd7VDSbk,legit,,normal
W02540,1P8FBaFHMQoTQB7MfmpMoxH4516Ck9ganW,legit,,normal
W02541,bc1qfrc3623udtygrhhsrk8chuzm3lj844jve20r77,legit,,normal
W02542,1BTTmdmDMt48dcJJxhj8bkCekqr39kojs7,legit,,normal
W02543,bc1q7wgsxgreylkp6puajq2vy9lhkh9lk7at6dhggw,legit,,normal
W02544,1GHSaWhqbNbTiMSY6P2x3bqTM5CWxJFYJr,legit,,normal
W02545,1GkdZ38iH98tHRWeUyKqpyY2EV27ytf5tv,legit,,normal
W02546,bc1qxq2wcpe0s36v340xfjevrxsw8kpgzd5nszsuq9,legit,,normal
W02547,3Nd73T42jRiotfSqNbHn6dNojRR4UFJZaR,legit,,normal
W02548,1NoSbYTqLUaZ6TxaXDSULFSGLtYUExeuDc,legit,,normal
W02549,bc1pmefwr7v9lcrakdzphzgl6meuysgq5emvq7m7vxpar5uweajpsxcq069tfa,legit,,normal
W02550,bc1qdumcl8y08qfc9xyj38n63elfejjc66fm9396t9,legit,,normal
W02551,bc1qurezp0lp95uprd5lr0h6wnv5jgdyjnmgnktqka,legit,,normal
W02552,bc1p2hszrsre9jlk7cgmzux2r0cp042xscanrxud9fp7p398hj45gh9sswr3yu,legit,,normal
W02553,3HPdqFBWRLM5Bacoc48QBTVST53a514X9R,legit,,normal
W02554,bc1qkt7x05zsg9t2u9rx3pfueh729anxkvn38fjet7,legit,,normal
W02555,bc1qfejr2940um599tekat2dpl50jcy7jzvpsd0hjn,legit,,normal
W02556,3ETPWcrnGtTyqUdYTx8ZjkK4fyW8mZNxJj,legit,,normal
W02557,3ELstEQeH6q75afZbdJsoe1o6nBBWR3znN,legit,,normal
W02558,1KE23Gawxqnw6XkBMhXqGGBEMGERctJwZX,legit,,normal
W02559,185kcwpaWuzYT6zwoJG4AYAiGCg2wThLtg,legit,,normal
W02560,bc1qu8f0kv9vuecdcny5d83dwnhgve0eyhvlt2vmjx,legit,,normal
W02561,1wo8mjNdrMkU9dcdejJY4uiXkuN7VJywE,legit,,normal
W02562,bc1q99m0kkfre7pen3cxer5ew594marpcz24pdzwaa,legit,,normal
W02563,1JzEia9t295fZAMhKJYKu4HhApfbA1jxMa,legit,,normal
W02564,1BDw9hPbWgnpPi31T6tj7fEsP39okGMFBX,legit,,normal
W02565,3DxL9eyc8oCjmcJZPsGZkbv7X85Dt4VRkR,legit,,normal
W02566,3Q8h3uTj7NgCigg7Z5WHfj3j58HvfeJPrU,legit,,normal
W02567,38ggqKspZ2Zu46zEgZkfh7wy1p4EFEDM75,legit,,normal
W02568,bc1q58nu4wfkmke00548dxaelatc4ezjl8gr5yw5hz,legit,,normal
W02569,1ApvRydHWmk17puDqpPBoA8X3Co25k3jZP,legit,,normal
W02570,bc1pqqc0k7d49tc63m578vk4ma0j755tm65f0n5x9era7mh69e6qv3lskmp8wt,legit,,normal
W02571,bc1qkm9k9tf0xhqx3s4w5485cr5twmghxya4xl2t56,legit,,normal
W02572,3NgJLJ4zQR474v9K1gq8BkB8LNnumB5qeS,legit,,normal
W02573,3QEQnDDMCRsn8WK9LBXa81fJMgVDS8zQZw,legit,,normal
W02574,bc1ql95z9t73qvc2y6c6tm6cf5unt7mrdxry8h6rde,legit,,normal
W02575,bc1qjujmec0vlhfveyqzadahkermwyy048zzq4cuq6,legit,,normal
W02576,1PS5dFs9srNXmhXgwd7N7ByoxjhGFGNRFx,legit,,normal
W02577,bc1qzwq4mxlj7ad54jd97cctsaxfcdpwagupdvrx5h,legit,,normal
W02578,1BYDCfxCRFFUnEMXy8WBRX2r32RukoQutU,legit,,normal
W02579,bc1qrz36xpr0mmtl6jzp2yln5xrzx8l84u0u6j86c3,legit,,normal
W02580,bc1qgvsq3yk0g4zfps3l703t4y2vcm43knhnc47fu0,legit,,normal
W02581,1M8ehaeu71ofhxxkcsgH23LqEwHengj3Ws,legit,,normal
W02582,1581ktwc34u1zTsKkheEBSWWd79PGiLcDB,legit,,normal
W02583,bc1pfcwaqzw7hhrnn4y6a5rmcv4pxa5vmcnn7tnn28ne6zf5l8dcfkxse447zx,legit,,normal
W02584,1AJbebACGXWLaiw4zoq9YjYFiZH3on61bb,legit,,normal
W02585,bc1qqhm4jwc7zeh087s2zpx3ff74wguyt66paxtvuw,legit,,normal
W02586,bc1qxmn053dcfg5683mth0ghtnd04a0n4x8m6x2t5k,legit,,normal
W02587,346BiJAD1WLf1vvebCaFFF17PDpmQVakrV,legit,,normal
W02588,3DZPkneEcJ1gBNFqcE3b6rCUxenxhnouZm,legit,,normal
W02589,bc1qtgjcqe095t094wee6gh2evcut9em5h4h3f0gjr,legit,,normal
W02590,1L1yYijLH95U36mnTGg4mfQGUWPtQ3mtPP,legit,,normal
W02591,bc1p4ucdt8ges4a9x9cp7k6en4p8ayum8tsaaxvy3wf3r6sznp93d86qd4e2pv,legit,,normal
W02592,1B9tPY6PMJthTpzYrGpgFXKoyBEykQvWRS,legit,,normal
W02593,bc1qdmwjm6nvqwqrx9p0vxl8tqj6sxq6gcngwvf465,legit,,normal
W02594,bc1q5f8vksd358x6xsd8ssqlumhzvxswzk8h0nj7yt,legit,,normal
W02595,bc1p2w0kpe3sffjtfyu6dt6f4l8xdnl7h03r5cn68vph9nsstrnxm7hqaammz0,legit,,normal
W02596,bc1qhljvzk70eyn750fuv6wkp44te280hdn0ttcpuw,legit,,normal
W02597,bc1qh4wm4yjqsgu5l33cnmfyzha8skmxvp8my562lk,legit,,normal
W02598,3Mfrrad6RFmfiXJgtPwqti753yvjct3gAU,legit,,normal
W02599,bc1pmamg4c8nmxj5xy9y88225mv7dntzaruy6mmyxlf3rdld3m3m3kyq25j4nh,legit,,normal
W02600,1EQx8FDmYBY5RPf42658G2vJQ5fdGwh61P,legit,,normal
W02601,3GqhytgWay8ftLgtRtznXFHhLruRZLnBjb,legit,,normal
W02602,1PxfxgRaxopAX8xiMt3aaGAHQERtDFfRH8,legit,,normal
W02603,bc1qnskjhqme557crcavtnggr0u8g7f32yap7ctm65,legit,,normal
W02604,1JHdE43prbMdCBDnQdWvRdA6K16o7bGpMB,legit,,normal
W02605,bc1qtf2g58gdsv0h4vu7z0rwuy4948m45mf5leq280,legit,,normal
W02606,14xQss8sN5qsEdfHmE5WMZyFhGS1qbhfDa,legit,,normal
W02607,1JdPxBqaK6whvvsUehwQ8YaySF2p7bCeBr,legit,,normal
W02608,36XbWxU1Vqtz58xkp8fw5eb7q2QR19nfbm,legit,,normal
W02609,3EBnpKfsXgqgbALyaYZUpSWPSmLGXKP3rg,legit,,normal
W02610,18D3i7xrLoBF4mPZjYKH7R1uKhqo9dGhyd,legit,,normal
W02611,15i5zV4rsh2kgNAMTHJFxDZxVCu7d9huux,legit,,normal
W02612,1EFZPELkB26PE7fESpRfT3tB9g6uLruaXK,legit,,normal
W02613,17L1Kjc1cZcLLndBvdKXc9kHwHDf31z5eM,legit,,normal
W02614,bc1qv06j9apy0x9z307qk6qcwxv4zwu9l6nk7fhrsz,legit,,normal
W02615,3EEKJHxXY5iZbRRZXuqfNitp7KfiXQpjtT,legit,,normal
W02616,378C5AZHMiACcNFsYMExJtGuSxy3aFjQLR,legit,,normal
W02617,bc1qj8tah7t02kn6su8qx084wud2jnyhr8mq9zxxh0,legit,,normal
W02618,3LEKnD7Ycj4TiAkkB8QcFKsqXi6zyWt3DK,legit,,normal
W02619,bc1q77n2ts3xa5y6gue6u4rx9gd2g7t2mjyen96ty7,legit,,normal
W02620,1M1hddqzharzPnoUxBhCnatpPPGtS6Wrn,legit,,normal
W02621,1BVrktJZnuqXd8qxTG33vDAukVzB9rCZK8,legit,,normal
W02622,bc1pdtxdddc04rmwjfs6l94349qp4hw9286z93wtgcr7qpfkf3qhu7zshkvk09,legit,,normal
W02623,bc1qyymmh6jrht07avgy9z2nc6gcmr3unt03y5lm9u,legit,,normal
W02624,bc1qz8zvj7s58xylymya6ez805kyhrq45mshs8yx0g,legit,,normal
W02625,3HBqcJbDvR1oZo8vMqwRyj5GMxHKvN2LbJ,legit,,normal
W02626,1CgNVCEoSmRD9ymBYi5A4GbepFGVPJF5aw,legit,,normal
W02627,bc1q7jffqestqtsr0ygty5rgu6wa9c4nf58tszqary,legit,,normal
W02628,136RiQDp2eb1cyTSzMRd9euc3NsiaeQ3c3,legit,,normal
W02629,bc1q22uvj4ac376alcpsjvesez3wg5tm5zsqk5lfan,legit,,normal
W02630,3ARZro7TmoSZYpXjjC9UFL3TZgHYL83wD6,legit,,normal
W02631,1EsP1f4goZrQKa8UJUHABwphudFA4VD2uq,legit,,normal
W02632,18TBtJPT5Yz7aaAUUFWDLR69GEMdYAX6i2,legit,,normal
W02633,bc1q8398anhv726f5k9ee9px8kdl8ta57mynpe4aj0,legit,,normal
W02634,1HQhMoZBhRByEomYraSbSMRCDzGgHEizW7,legit,,normal
W02635,1PqgrqXgDgedDTZbd11jv2ddsyR7dDu3AS,legit,,normal
W02636,1FEQj2nD8rZQaKjzuV3Mk5zJCpwLFcwDxh,legit,,normal
W02637,bc1q7x0mg6p9z495jz9yhr79gdnn8zts0zvrz5ejjz,legit,,normal
W02638,33eSCQXYqTHPH7kAs88d3vaez8C7wBAKU9,legit,,normal
W02639,3AYKRZknXiw3h4jhFNcioQtAWDxY216a1K,legit,,normal
W02640,3AZktTFKDeZFEhSkurmg1BbU7T5wAggWto,legit,,normal
W02641,1AoosZsnuFzeUa87UVTvAXC8EaM5mzgqXu,legit,,normal
W02642,19Uaynt3vZKFyFtouzFx8gAcjQpEPLYCQy,legit,,normal
W02643,1EMnx9BaQHFxzY3Eb6JqVag1ukytc9vFvG,legit,,normal
W02644,1NVpth4xuzGhPgHVaST474XzFXxy9Pznd6,legit,,normal
W02645,3DRoioU9DZPWioPhMB4oFLvnSnhbCQtHos,legit,,normal
W02646,3Kv4PrkoSaHwAKQHqHg1h3gqKcMmFKyn8u,legit,,normal
W02647,1CM9MDRidNSWQqjGZ1KKNchBfwrDgaFxJz,legit,,normal
W02648,bc1qhl8mne5vymm5hctcph0gfzpzfk2538davulrwy,legit,,normal
W02649,bc1qwstq87jr2s09hhhz5v7w7ekzz47wrhsga9x762,legit,,normal
W02650,1KKowfewKzF1hRrpZXJ4neawYURym4Dr1Y,legit,,normal
W02651,38fEWZ6UjR1x8reknRvCZceFR6p9GhSWyN,legit,,normal
W02652,1LCz5ZVsBKQhfSBUL4k16cvMXdNPwYrhSE,legit,,normal
W02653,37kjgDXwyaYH3mGppu3TZkNjMa3e8YGD6R,legit,,normal
W02654,1DKZi7x4QhvmJ9dzxYcjrZQ4csorJkiEPC,legit,,normal
W02655,1PjxpX4eHwhxtEKFjkMiJweNbjK3EDFf3y,legit,,normal
W02656,bc1q96gxvnxgdrferq4amnhhwmyzxamqs9fs0ngr9g,legit,,normal
W02657,bc1q0thkv2l5ynx8vjxyp7z0v2hqyzc8ywaus90z9q,legit,,normal
W02658,16QSicUL4PWUnMCAyxWgqTTmDfk6Ac94wN,legit,,normal
W02659,bc1q7lfcp4wdy08347dwdezn5xfy6h08z5h9ta387u,legit,,normal
W02660,1DL18HXZbr3U2oEFeER24YJ7jznA8S7McN,legit,,normal
W02661,bc1q7l90faj46ywac9x68pudxe0k0yhe9p5qhzw8m3,legit,,normal
W02662,176S93fBzJBhakpVDiEdg8FFKQ3zXGKtkV,legit,,normal
W02663,bc1qe5jawkry8qtgp7yvpyh4fuxtmadwqxl9nvqvw5,legit,,normal
W02664,bc1pjhu7hj78lyhrx5gz243gfsrhu03ag5hrzplyghpnj99vc006446q6685ea,legit,,normal
W02665,bc1qhktmxg86p9w4cdaurafktzz6rq0ylr4p8rxjy0,legit,,normal
W02666,352LJMyqpgdXVSV7kJ1AcHXGxJ5cAVxxr3,legit,,normal
W02667,bc1q24wq8un2893zv5afn4jwqqgcuqc0s35494ghq8,legit,,normal
W02668,bc1qjlwuk484xvdj8m8fafu4r5sf794fj0872dyk8j,legit,,normal
W02669,1L5bExbbFHc379UUAAibsSyyQvsAzz59T4,legit,,normal
W02670,bc1qytqe58genqwfq7e272xa46d42yap55hd9vapw2,legit,,normal
W02671,bc1qvnalsxk4tyck85ws5mzvnk7s6wfzygxmxulz2z,legit,,normal
W02672,1HQjPQ2HCCLnVQruVyXQU8ZxUBr1e3cCEd,legit,,normal
W02673,34ytUxmX65Kd7BwUSvfSSgWD7H8hwgH3wH,legit,,normal
W02674,bc1qsnwdk5anych2undtmt3vh2f02vs22wgj45vuy2,legit,,normal
W02675,bc1qlkcqcgg0kgn930u3y6n7t66yk243uyk8t22l2q,legit,,normal
W02676,34v6REenA8RETmMB7ehV6SwZ4GzLW2Cogq,legit,,normal
W02677,3NC4W8bEBa4mELL1xSLrMeqgtJokrVAUYM,legit,,normal
W02678,3ESyirjUVsgTMc8YYnNMP8fih2CaHt5uYh,legit,,normal
W02679,1Dj3rmAeLH9uLMcSJgo33AhQrXT1i1TcNT,legit,,normal
W02680,17N1ZZGjRNU43zVJtRsSpeakQrMHohPGdp,legit,,normal
W02681,1LPW1pFuougFvaTXwHxHM8ozVwx2sQYV9y,legit,,normal
W02682,3HGZo3yVo9nV62C9ciVc6qw6jwpq8Bo2bF,legit,,normal
W02683,bc1qgkcqs6735lrchfs0lwcskzf5pxct3ey2mahkmh,legit,,normal
W02684,17faaRMLwHJQiX1kdFmxRJoQ3z1zoXrTMc,legit,,normal
W02685,3QVveExMKL5iVYRJz8Ym8ZqczCpXZytcsH,legit,,normal
W02686,16dkhircvUNpvk7eB6sjdkiwxermxZukpR,legit,,normal
W02687,329HKHU51efQHJqkZxRYzqb7Qq86ZEy37A,legit,,normal
W02688,32Q7JG3uPRM9VZ8RnmrBAjgPSVHTyZeHbq,legit,,normal
W02689,bc1pvx2xyydc7cnc5c8233kelqsxkv385eq0jttltrw9w9ez02w4wzxsa0rye9,legit,,normal
W02690,1Lc2hdipeN81J6EZofq8XRQoMifssmTCFS,legit,,normal
W02691,3Q8dEfa4WKe2wUNNRcf7uZBitYL6mCNVXn,legit,,normal
W02692,1EziCBxkjiBJoSdC1sS355ZErB8Nxganeb,legit,,normal
W02693,39FYF2niA7BhnqtAveL676STGBjaTHaFfb,legit,,normal
W02694,3B9GXgVw3sHFgTUGHFNpCxfrVBWbofJoUk,legit,,normal
W02695,1LW74Y2FXAc7VPzFeVH8dFiHmF1BLpofeu,legit,,normal
W02696,bc1qadgsppr8q29u3ck2qlnwzs3q6y556myt6pv899,legit,,normal
W02697,bc1plpfx4r7ga0vg52x7g06jna4ykcd09easdlp7mz0w9cqka0xw3t2q4nykh0,legit,,normal
W02698,19BqNzPUCaeTSDfPx4fQDtwagdHqaBuZBt,legit,,normal
W02699,33FNoJ1T59aw75HfhVqJzZJU5iXch8yXMr,legit,,normal
W02700,16uE8sy18nxxzECB5hmfCARQ7oaiHmEhW3,legit,,normal
W02701,1J3G7KnR7KMsEdjWxKHjnRNcKYhA19hWkk,legit,,normal
W02702,bc1qqk886fzjepxnzpxxaqhqdxcmfkf9qsgpjj3sls,legit,,normal
W02703,bc1q9rnn4e8f6u5sqxrzhl9wzkjdx9gw3hchq4f96h,legit,,normal
W02704,bc1qt0864wcmvg6pkpgd6qa25q72vftuerg33vaxss,legit,,normal
W02705,1QLBxTvCPLnau7pHUAT12Szd2HvEnQxRZS,legit,,normal
W02706,bc1qqsjaflfcrhu7vte56uaysdr7uv3n7xfxpn3qqe,legit,,normal
W02707,bc1qm6vxxrs7fz8d4zn8z3q9d7qafxcnwakqalkc24,legit,,normal
W02708,199HqaJgytaDWagd4tmzXFp3daAvW9i84o,legit,,normal
W02709,bc1qdry35flq22krdr8ex76gth66l58lf6jwx4s7nl,legit,,normal
W02710,bc1qcwrzqm6fhnkhd3e9qngxcmxht8630zvwk2me24,legit,,normal
W02711,15bYNCfbZVjTxjvu6rNPyhs4KcXPBtHQj9,legit,,normal
W02712,128AJZrWVZjRh5AiraEFUVJntk1cM7hKUh,legit,,normal
W02713,1CBE3v9U11vCbQxQijHeG6YtyneUtQ6tbQ,legit,,normal
W02714,3NFrSJyTYvp4rSGWtYkvyxZmhLaGVRWhyr,legit,,normal
W02715,1NBYD667oG5TdLgdv8t9YvkuRmxZHBV26,legit,,normal
W02716,bc1qzw0lelfy7zh8llt2z8nlguethvf0lhgnuu8tcz,legit,,normal
W02717,bc1qsn0668ks59sayqg35dja4je5pcq7k5gjnhexm4,legit,,normal
W02718,bc1q0cujxlfh2265kwx6gqumqv2f0szyz3xrt38l53,legit,,normal
W02719,bc1p2h5ft5jje9aqew0smztzd8kzykp675cxnrgeytuccv3tj9h5w8rsvmr4jk,legit,,normal
W02720,bc1qcnp78eekj02p385jxqtdjfk6s8he3cqk0279a3,legit,,normal
W02721,bc1qhk7vnc6dp59a26qvw4yqcf20sh8leur56ghwhl,legit,,normal
W02722,13HwiSw4Wi1Bc1XVmsDwrpzMkgqvLN4Bsm,legit,,normal
W02723,bc1q00luraaladzmhmmdke3k5clddecnxqyldrpr7j,legit,,normal
W02724,bc1qjx8zx8wxnr2xndvdyx46479mmsgry7curpq0qa,legit,,normal
W02725,12ox9J7LCb9Mr2BTRmyV9KyeNqibUfuya3,legit,,normal
W02726,bc1qyld6krkaurfgqkm3j9qvx4st97vyp04j4fs3vg,legit,,normal
W02727,3P4GmQQYg7vSwYxvix3AuCosLpauERJgo3,legit,,normal
W02728,bc1qqfgz0u3h3eyfdualvt8zje6z4yt0f4hppygwga,legit,,normal
W02729,17v63HgY6M1oaKFk8He3R76cq54PidL1Ta,legit,,normal
W02730,14fGMVwzpK5KUqko58JVzbToMJftSCAhED,legit,,normal
W02731,1Pd18LoEtWRxgrqm3jyE8qUW23xjzWzizV,legit,,normal
W02732,bc1qvn6e75xny8s8cz7h9f5jn5gr28jjmqjfj6336c,legit,,normal
W02733,bc1qncu5kkcljp8rf3l46a7llm3gkzvsyfmm7xgw7z,legit,,normal
W02734,36TKbBKaJSRpEH5ExACW61AJ7VbPPukivD,legit,,normal
W02735,bc1qpf6ljhdr8uh642jdgmt9fzh0dheasnhvdvcuvg,legit,,normal
W02736,1Cc3RWAq1QknqC4UqSvcCuS8EM29drq3ux,legit,,normal
W02737,367Aqp1YfwZ5QbH17A7ohHpwJpzoxz3cFB,legit,,normal
W02738,14KdtNrmxjvXHjK1vsnFxg2SdvT88HNv88,legit,,normal
W02739,bc1qf43mmyxtc33tmydlczu3z5e7vmhw8r7645zkqh,legit,,normal
W02740,bc1q58ecd708wm925nnscxyn9mhxmkmtgre7ucznpw,legit,,normal
W02741,bc1pjggk9v9dh3d6w3xrpumukjehc570zhqnwanwsm7gewx30je4lm0se9artf,legit,,normal
W02742,bc1q3sttaucwmpwnpk2tnypzscycerj9jnkud9z8dv,legit,,normal
W02743,bc1qx36ezsmx50ndm2vnrrq4y4pne00hjq0zvp3haf,legit,,normal
W02744,1ByGRkhsqUF5bGLa3p578TJc8tUUN99oHp,legit,,normal
W02745,bc1qyc0lhmeq8u6xjt5nynuasn6uucttg23j2h75er,legit,,normal
W02746,33QsyshvLm1wqXLJDtrf4Dt4nJjNycfMwe,legit,,normal
W02747,bc1qan6a8zzv0h8zkgeg7a5fj7gxlsd7v5gdata4lm,legit,,normal
W02748,13wzuymN4BGwStU9JEaCFayhzqWTZgQMei,legit,,normal
W02749,bc1qktcw57mtx69ck023s9jmd672d00rh9mq49qmpp,legit,,normal
W02750,bc1q7lpjpm7qy7k4fgn975pwtl3cxnegevga7mv3j4,legit,,normal
W02751,bc1qu56amnq9jqwvwcj44zjwqmuzhza8h5j6jpkukt,legit,,normal
W02752,3KPX1vbpS9mRyEGURXPccJKgWMvMhzNjwf,legit,,normal
W02753,bc1qfktnthasrpfl09mtre4rk9dd5cv9582p6eyvrm,legit,,normal
W02754,1LG1yPmSN6UFR47BgzQbmWT8Nnp8w6xCGC,legit,,normal
W02755,bc1quvspxhntn5evgfnf6e3czfv9zx8j80p57ckxvf,legit,,normal
W02756,bc1pum40xsp3fmzvu8qaur3ugssk2wq2aqmk0sv6yht6me5cx0n0w6zq3tnvxl,legit,,normal
W02757,3NtiCUTCGUuo4PMEnM7RTrgK4VqjBM9Fjb,legit,,normal
W02758,bc1qdhfxgvn2a2un9mwsnke9xc6jjc06j9qheugpyc,legit,,normal
W02759,bc1q86pr20a4lp98l4qx32lwyn35s5vfd90rafzg7n,legit,,normal
W02760,bc1qczdqfmjdqh9azxug86synjxm5kxeutgxldsq3t,legit,,normal
W02761,bc1p8685v6fwhrqs0ntneyktdg6uunt0kjuhqp2wzwcqtc357zjma3es2xmcm8,legit,,normal
W02762,18TnyezLGHBsejPgWDyU2pvNF7geJwkgMW,legit,,normal
W02763,17LbAAUk87K4QEXCfHYFeNKj2Q4s4LVkdy,legit,,normal
W02764,bc1qnqlaegnhw9syzm0rvplfydhh8jmwxpluclsnyy,legit,,normal
W02765,38m8Rsh6xQdjiMrP8zTaaqfPJ26Dzg7JJN,legit,,normal
W02766,3AMV9KShgYnNVLE2e3ERm6HPckVkYp1R79,legit,,normal
W02767,3PdnZPg9LNawQ2xAdSvRPzFed6CAWEyJjB,legit,,normal
W02768,bc1qgsxqtk8cy9f5psr60eknpwdrmk6hyedffxwehz,legit,,normal
W02769,bc1q3xa229nlgpj6kc04ucnmqn4jk3vry7ketujz25,legit,,normal
W02770,1JteSyi3cDKoM1xViYiFtdqVLZs44nXX3X,legit,,normal
W02771,1CkXoz6j2Wox4TeeyLeEJadjuQXWQTTEtC,legit,,normal
W02772,bc1qmwky0m73hcajfp3hmajduhxcg4gmzlc8p8fe59,legit,,normal
W02773,bc1q38963cgqrlgvhjsptgkkglygpsterst8gfasw3,legit,,normal
W02774,1DM68SDcAaxusojTqQGpZFwaFWDsgG2NyZ,legit,,normal
W02775,1DrgRguoEaUMGdTa4ejQRuB1nw8rHR8gUg,legit,,normal
W02776,12oibbC8f3sZiHycUESebLdEGabYgwh5WS,legit,,normal
W02777,bc1q4gry4xveu9mkncwpf29024pe3ezml5ft02mplp,legit,,normal
W02778,1N3dXhxFr4aSso4jF8m5X9v66M5KU5hF2b,legit,,normal
W02779,bc1q5274792c4uk382fssku5nd6thphfe3lgkcgsnf,legit,,normal
W02780,3NZHCc3XH7cW2d6Dc2Byas76USnhPY2kxs,legit,,normal
W02781,19KXtirLRpaNFN7rHg5c58henSn9Xe3ebk,legit,,normal
W02782,19SEBya4VqUnZ9jStKqVrrNWUWYDt3ZNuE,legit,,normal
W02783,bc1qnnve9trezkrzje4cuuu4xfesq9mwk7jkwptqjg,legit,,normal
W02784,1QAXJLEcATQqGTio7uf4E6LybLV1dzS7f4,legit,,normal
W02785,1MNfGaqPca3HdBFmeDZc4WEVn3TNsj8Gdz,legit,,normal
W02786,bc1qf8nssv2z5znfeqv8v7tyynquzgn0ljs4ggmels,legit,,normal
W02787,bc1q9d9pgy4dhp4lk8d4tj8hcysg3a5ckeulura4w8,legit,,normal
W02788,16TCzhEEuPPH6BXX7WxcUKrL31abNr23pa,legit,,normal
W02789,bc1q49qacpjmtglq8yy5cpklkqwylrgmutm4u0y7cx,legit,,normal
W02790,bc1q7x0r8g7zku09y2mwypumd7rkxyu82exh9ex4qs,legit,,normal
W02791,bc1qmyya08505rxp99js6qag74kqkhpalqkx7r4snx,legit,,normal
W02792,3EP8Xhq5LsQnDLSPcfmTJKAEwTyq669Uyy,legit,,normal
W02793,1MKzTxFNWMyXEQm5Mw7yPNZPkqogx5QmTU,legit,,normal
W02794,12u1s5yYsEpfz9u94hkz1QEBG4FkC8BsJk,legit,,normal
W02795,bc1qu9e3tkpm298c329wn2a258906y6wwpp02rt0m2,legit,,normal
W02796,1MZFwmeQSg5YQ5gvnNLvkzpvU81RUpsugD,legit,,normal
W02797,bc1q8la7ksr4vwkuu0esjc2ywzt7k2s55qmqveqmda,legit,,normal
W02798,39P92t8nAYB9UUt7qJ1rfqiM221A5dXK8R,legit,,normal
W02799,bc1q46u709jx647av33ax2n6mgqye7hhjg34t8l0mt,legit,,normal
W02800,15EnLyjX7g4RTo8Ta2GpXoSwdhXktcS71T,legit,,normal
W02801,19XpqpGMKwKhovMG27Tr9puH7uF24GHitt,legit,,normal
W02802,1F3CuM5ZFnRZ8CoEyFW5SLY1B1ZP6hz8qo,legit,,normal
W02803,1G1RfRdLpfUrmr7khFedupZ9inQrjvR9yU,legit,,normal
W02804,bc1pfleqvpa69a3zjrp2w0269xnfpsvmxhwnwn5s4uhmgayugcf5ytqspggetl,legit,,normal
W02805,3FAeywYpU7pGqvKLim4AAAqKTDL7gLs2ao,legit,,normal
W02806,bc1php8qf2g46emnckjda7myyjz3mx6y9rq0alj6setyrrpzhz6auy9qzx2ey9,legit,,normal
W02807,16oiipoASAa4Vj73nxJqBx7J12dqJbSAa1,legit,,normal
W02808,15w5xZFjbDhUzJTqpbof4oLHWePCSBGR4Q,legit,,normal
W02809,1txDspnZArF31LCCiq8JYjba6MmBjG3FN,legit,,normal
W02810,bc1q2dka30l4mpvh2jwr82lgmvdsgm35yv95a3ar96,legit,,normal
W02811,3Ew2Cudrt6HUAxSPnCAfnEj6Gyh9LT1FgH,legit,,normal
W02812,1BvvC9APbA4S18kuzavMmQxA2Ztn8mWYLw,legit,,normal
W02813,bc1qqdterpdakneqlqfdl5rw400t7kd2n4g3n8zh49,legit,,normal
W02814,3N5ToWLCxgQWQyNH6JRhkcWM4fP8AfKnxp,legit,,normal
W02815,1GDoYLqgnacWKoSto3vaCEYrFg8z4jxnK1,legit,,normal
W02816,bc1qfq8c6wurjdnmjgqmxa6eug9lk57erwz2alcup7,legit,,normal
W02817,19J3ysRcjFGrWC6E2aKuCo7tmFWc2eGaAu,legit,,normal
W02818,bc1q5wvxe72vjeas6e3mawznghnxqgr79nkuwrqfp2,legit,,normal
W02819,bc1qj5a7vpxld0qy5mq4l3syfwjl2muq59pq3khqk5,legit,,normal
W02820,1J2wYv1aFp2KZTcueL8gvTWr3jTPWTjJEu,legit,,normal
W02821,15iYrnjKVphiMUacmXcGuQB1iUrAa3UTBD,legit,,normal
W02822,bc1qjjlc95jnph3yq89qzk7hmqct2j3p3wwyx7ye5m,legit,,normal
W02823,15ob364KzPcQgfY7Rtub1EbXDh2f2Ay1wb,legit,,normal
W02824,bc1qpgz8tlf5v2sc944xwef8m6rmxwl0j0fm3h9xez,legit,,normal
W02825,32HqR4KT73cALq4gPZBXLjNNmS7yUaB8u8,legit,,normal
W02826,1DDG7ixGwZXfMa6bT3JrnwzQ8ZqqQzhVfD,legit,,normal
W02827,1CDjjHwkYE63KouvjeoBExZ1zMhgn7PHfN,legit,,normal
W02828,bc1q8ew34jlxkq8dg9zk6utuh0w3nu04xke3u48zlj,legit,,normal
W02829,1CcHbgL6UXkXVpzv4jLjT1s7ReaK1PejUX,legit,,normal
W02830,bc1q5md6qjrrf0tm6dvgfg49unj0fdr3tsefzuxf2q,legit,,normal
W02831,1NfToseySEWHQ6HNs9FdRyZEmbRbLgSsXv,legit,,normal
W02832,bc1qjw8lupwrwly35xp7hvemuxr2u0jrjp3s8haqee,legit,,normal
W02833,bc1qhs2nqz52v0ezf2x25s4nys2a0v89s6ammhgthf,legit,,normal
W02834,bc1qxeqexpnltq3jpuvujhqf4r7nv5avdxd6890s9f,legit,,normal
W02835,3PLZp7dzDLmECxFGRQHhgYBSa3kPHC9yFC,legit,,normal
W02836,bc1pafj309x88ppezdyvxp2e7emlggdkfnw05ge4cwkhzfxmt40qkk4sfj37az,legit,,normal
W02837,3CATshukcsmHgZqy5iMyBE6gq5goweZYJr,legit,,normal
W02838,1LUkK6hTQaZdSKBsquTzG7q49ruqabBCSo,legit,,normal
W02839,1Bm21PCiiju7UUgTCq7FbMJ5K9jiSVvXPp,legit,,normal
W02840,3Dq9nowePwL8otkZwFK9Sb2Zj8pARTxLpW,legit,,normal
W02841,bc1qm9wap7mh8mv6qudlrh93stxhch8x8w033cfmmg,legit,,normal
W02842,336FV5uDB9VtCVikfYg4ers2kAMxdHSRyR,legit,,normal
W02843,bc1qkd0n5qq8jh6ghx5u6hhmpj9uypehr6m8yvvqp3,legit,,normal
W02844,bc1qve3p36kg39qjvc3pjxjrrde6jgcrw5qy9vvttm,legit,,normal
W02845,bc1qycscwnl6w03l5zehzjp4v2g78upp7fn0q7yhka,legit,,normal
W02846,3GLU23J7BqmVtUg6aUaok6zsFvv17EVq56,legit,,normal
W02847,bc1p07hz59h927r7a4s26vr0nhj7cn8rerkt9hu2w390dy7hr7tyvn6qu3msj5,legit,,normal
W02848,3L6XZhbiSrjopUox7wjSgU6fmRrqKmJPca,legit,,normal
W02849,1Baf1Hdkfiq3YFBGa1uSAsQMFgJbh3uNDF,legit,,normal
W02850,1BH6GNKqaqo6FRirBu1TEHKvqLnL1BVytk,legit,,normal
W02851,bc1q53h9d2ghycwulmrjxvyh8ydc7m4z0hyr2f77w7,legit,,normal
W02852,1LVqMbo7FCu7vc2mJ6HRosUM4ezZkjd1Jp,legit,,normal
W02853,bc1pqtr58jhq8tl0y3utg2gwky5xzqp76nhcdlxqkaky2p8ctwgv237suxu686,legit,,normal
W02854,bc1qg6aq57kf0vsg6fyz5dxvndcgh2vn8eh9fqdppc,legit,,normal
W02855,bc1qjjr4096vcg87apupwun2thkc5axsa2gwt7ht89,legit,,normal
W02856,bc1qgvql0xp82pkw2kc50079rfc03ng8cwpz8ct742,legit,,normal
W02857,bc1pnatkeuw9e3rqzdx88u5vwx3fjeq8rpm0n0uklu8hq23z3s0j5dlspmyy75,legit,,normal
W02858,3FPKoYR2GQz1wbkVJgEw7coPRcRpzX12Qo,legit,,normal
W02859,1DrwPN3WSbTpX24bs1f6S81cVkP7gtpMtq,legit,,normal
W02860,3NxWYPtvHLbRYGYCD4oAaWqnZKdVMP3MV8,legit,,normal
W02861,bc1pescvyysuq99q9kplxvqhl9d6v8cq0vqeupmvx6u6l6u3m4e85wfqyknekd,legit,,normal
W02862,3FDAGkLi3HmgA3cNEGNrveXZNg8gPawXKs,legit,,normal
W02863,121aMR17WL92aUxMw3q9byvwSicK8gBv8u,legit,,normal
W02864,bc1q83puaa9jq97a60cytyflpvszx90zkr43usnjt5,legit,,normal
W02865,33bY9tBW12bPz8fAqDpq9XbrvxxRs97trG,legit,,normal
W02866,bc1p0jjchf89k9cy5ezk8j97zqfvgzwphe6gre0mntzrgkx95fljp3eqtkmts2,legit,,normal
W02867,1NGtbjapmNe9Zfy1yUhmhFaDcJZiQHigC1,legit,,normal
W02868,bc1qrlf9aeu9gpzh75rehcxzw5paxufn790sqymgfr,legit,,normal
W02869,3CWnJLt9cipkxMj1s9AaEE24vL9YbFtNVp,legit,,normal
W02870,1KByfFRF1nsrK9fKC8WWZHZDXKx6kDaY7N,legit,,normal
W02871,1r9otnBQQJXJ4B87QrpKGvUwT7u9eX6Jp,legit,,normal
W02872,bc1qyz8uqxd3u4g29csqufa563u6qsrn5ndz6y543j,legit,,normal
W02873,36FYXdhcjFhreaEuCKo4MT1JvNB2a6PBjS,legit,,normal
W02874,1A6UVhDKFmt5hSDvcwwnzR6s9ngcM35oCN,legit,,normal
W02875,1DoCbWDGpUSZRP3iL1yLRp49MVq8bK6LNR,legit,,normal
W02876,1PFfpWFKnBYaUjGgrS7yGXyC36hnAnNmJn,legit,,normal
W02877,1MDkwYRUszxMcffyzyWWD9c6tMH5xgFQYh,legit,,normal
W02878,bc1qd9dhhkzh22277g4trj4dpflfhg66m9phk8hzkz,legit,,normal
W02879,13dMUesAci59LNEeH711RRMAir4KysfNAC,legit,,normal
W02880,bc1qsajgxwkncr4dtta69k06xjxauwlvm4ff2ntf5d,legit,,normal
W02881,bc1qnp68eah4fwrjt6vuypvtsg4324p2d67639endz,legit,,normal
W02882,37QFtvWq1w7cAB9huwuXN6EaEKkEmpGm5N,legit,,normal
W02883,3QQUED7KDFiXazbYiNWY4DBs7Thtf1pmKp,legit,,normal
W02884,1HVzXxjX9YpF6g75Y6Tbyfy9yE76NHg37p,legit,,normal
W02885,3BCZuLCpXmgYuKuMPa7Vphna8ouNafpqBf,legit,,normal
W02886,3CtypJ2p7Ag2VtJjddHTPBhyBhhMK3JcBm,legit,,normal
W02887,1CYVc7jRUmtzpajaBxnVuK5AScwt73E8hL,legit,,normal
W02888,3CsFG86GdKct2m2adG7UaJHhxFftx4yfm9,legit,,normal
W02889,bc1qg8epdldatxx379q42gea9cnc6mr5vs672a2vv4,legit,,normal
W02890,1APPXg2DP7Wkj3hKcqL1zqy6bMm67xnxWV,legit,,normal
W02891,37X93oqwaKRmxv3PiGKfmY4R4GYBFkDukR,legit,,normal
W02892,1CU6cf4qymvwBFXDq2nY75ZqJZocEMifQ1,legit,,normal
W02893,1M4nRSBvBCmL2VKgX78TxRKXy7cNTZVunX,legit,,normal
W02894,1Lm8P4pW5pFCJzWewY5tYF1vhJFzecAgVZ,legit,,normal
W02895,14qwo5p88CM1ud7aDuxqToaedbRWQ5JvED,legit,,normal
W02896,3JCe9RP26SuvfUmrncqTBychwYExaCwuSf,legit,,normal
W02897,bc1q76t3e5qj5j75rx6c5xqfp33wks6umm4kc4e3q8,legit,,normal
W02898,bc1qz39ay2yempa8c8896vsk8pdt8zm75ptz3zfmd8,legit,,normal
W02899,1Fs7iTabAAZen25UcWZ6eEKNd3P8kJ2aSA,legit,,normal
W02900,bc1pr50fzuudvle6yapaysphn30n8w4nny7htypqmufxcqsw4y2rga2sygr655,legit,,normal
W02901,1CjiJ4WxVrfXYTEDuvuvExazWHNbGMmbwu,legit,,normal
W02902,3834ENk5e5EK147w4PVs3mHNqNgz4yTFXN,legit,,normal
W02903,39ajZRvNMr4JCyEk9c4ZAM8cYCkzNohV4n,legit,,normal
W02904,bc1q8zrr7hpsr9k9u66339zevyhup8sar26yp5cns6,legit,,normal
W02905,1PAoKRNJ27sLXcP8NKvLa2jHhQ8ELPaShA,legit,,normal
W02906,bc1ql4xp5ha9y0r45kggrknuh4r5tjyedu2v9mjq6a,legit,,normal
W02907,1MmsECMs4Za6A3vGoeXMcsQC8yraf1y7AP,legit,,normal
W02908,3DUCiRHgv7S52Mc7psp7vWxT5BRjmMEtyp,legit,,normal
W02909,bc1quswdmzxndlws5pls7nx3rx7p9k2t4j7d87wfk9,legit,,normal
W02910,3CFW8VS2RSqLURhdKf72p63JCQ6YXtjyeR,legit,,normal
W02911,bc1q3mq93aa8awu6gnj3zsfa3s28nrqfl3lwd77pff,legit,,normal
W02912,3LgjpD2XRFUpC7wPJ2xt6ic88cUEcFYAxW,legit,,normal
W02913,bc1qv7f9j9ttru0k84r2399fttxm077x5kyr07xgnu,legit,,normal
W02914,bc1puryn4atj6m06yrm7zuk64h02duh4nxmghrpl9jshjxk6y2vfyqdqzk6yn4,legit,,normal
W02915,3FLBks5q8C2QeiNqkqci8MHgujHT6VtXQE,legit,,normal
W02916,1HiKErTRiqapfKwTNYQPVyv3rCSgMMtcdo,legit,,normal
W02917,3NfEDRh3kLF6daCewkPPG4eUxoF1UBffg7,legit,,normal
W02918,1DcKk8khhkbZW9vYdnMhptaxWokSzykqrY,legit,,normal
W02919,1ov7yFw6rua75UzjJEKh8doVVauVmYfGC,legit,,normal
W02920,bc1qtdmmdj57e7aftz9gmkusy4c0x57jdus99v66he,legit,,normal
W02921,13bDG3qsd7Vc4WMc47KnPvWm1eR4vjRMa7,legit,,normal
W02922,bc1qyr690mrefn8rp4gfd0ve5wk8dgv7qrfv33e7s0,legit,,normal
W02923,bc1p5nu65277wkvy97pklmn3lmkfh0ze4l34w67t97tf8df077nm7l7q4zu0wr,legit,,normal
W02924,17JHLHxsj9crRJZT8UbzTFTr5YPNSzmyDa,legit,,normal
W02925,1CazkHxtnbiFbeWMfT5MRoTRd41w2vfd2A,legit,,normal
W02926,16unxgDLjbDoKPXQ5BaLRntLarwJWvY6Cx,legit,,normal
W02927,bc1qca956yctf2wqxxgmuzj50l4r5zch25rw0rfx8h,legit,,normal
W02928,bc1qrzgwg58lyh6cdryvdadv8h2m3nxl34c64vuwv0,legit,,normal
W02929,bc1phrk57u9kwruf2vvzywernedvk63rj03kgecws6a2ragr5pert08qele0c5,legit,,normal
W02930,144o44Uv7d2KuPqDpM6gTcM8GKPcHYhzk7,legit,,normal
W02931,bc1pxvgd3jcjtwjete35huu2scv538ua8kluf3ahwekf262cueys0ayq3y3e09,legit,,normal
W02932,1Kqou6458gXaUAHJ3VUw9aQGCd1YZ4uHx,legit,,normal
W02933,1J2RnHEvRdSc7k2n66XmWPVX2EJXYRW51T,legit,,normal
W02934,bc1qycetvp3uhxnzafz5cyvaj5gwqf9tj45ujte6sc,legit,,normal
W02935,3AaRcL8cgb37Mo1Sju7uUH7t3wmJTZ5Htf,legit,,normal
W02936,bc1qupz8xq55st4lx8vge5unlvasxw90gjdes0fkp5,legit,,normal
W02937,3GMMBMpfC1qk7VMkRydDHerY3PsD8me2ho,legit,,normal
W02938,bc1q7t2r779pqqhv55n0687x0p2rx2v8ljp3dypnq5,legit,,normal
W02939,bc1qhpskx8en8lgxj6uhvzrz9y6ucy903eycv7haue,legit,,normal
W02940,36miNdp6uFNXpM7F36ADBdKeUSaugU3i3Q,legit,,normal
W02941,3FQCmMh6PzhVRUbL3Bp3DgvwGcdFgcjfPD,legit,,normal
W02942,bc1q9dw9w2qgjgxxtvuclredpz4xyd7kjskt0hxg40,legit,,normal
W02943,14a9bkGrWNLrvAajkTgUVEF1jAe79m5nFt,legit,,normal
W02944,bc1q75j6dwlw0kkk423etrx4g0888v3jsd9gzry9dk,legit,,normal
W02945,32DbVVHp73UpwBJS9PWp18QYECSdAkZMK5,legit,,normal
W02946,14WWfWW1HZifkBftLioggabnAz16cMrFpq,legit,,normal
W02947,1HtuHzvvRPi9YjQ1zKX6Py9F66LKKuwqQV,legit,,normal
W02948,38CcVxpQ95WnFMcbc7JCsRScr2yZtbiMTx,legit,,normal
W02949,bc1qvdy5ggqv8kwgqpkpw79q0w5k4q2aqexwjq0jlc,legit,,normal
W02950,1GoD2brx6GhyAFeqVGSYwJSym92LaXqAEM,legit,,normal
W02951,bc1pc2qvfhqjyh03vmu57glk8m49dzdqfpv2w05p7c9y9gxnf2gpz4esghjumh,legit,,normal
W02952,37nvrBw7Ao9TbuqXCJJh4UXptKqKHtre7H,legit,,normal
W02953,bc1qutzrecdlrynulrer7apskc6xpelvsf7edleggt,legit,,normal
W02954,3B5G3j3jEPCNNkfQc8FPL5XdAPX1xK4J5H,legit,,normal
W02955,1GMcmtbaiCPRSBwRgJbeUiD4NnDxvX9pyR,legit,,normal
W02956,1Kq5E2xF1BRVjvvKtdLtNbunT213xSgUa2,legit,,normal
W02957,bc1q5w08rd4xtmtjhujw22mv73s4le0lszh3myfklw,legit,,normal
W02958,bc1q3cn2rfda45ak6jwwxvnwnv9xa5zag5cgk86lwg,legit,,normal
W02959,bc1qwhjzferpm252t9mqp4wpg50k6dq4gyt7n2nyy4,legit,,normal
W02960,35zMFxmypRpkse6cjCY7tUayh3GzAYN9kV,legit,,normal
W02961,bc1q8ks8x408s7hl5hatrq743gsg4d6lpp3pwexple,legit,,normal
W02962,1A4Vf9tWFqD5jbKTRPDUTVzHENgsNXxwEh,legit,,normal
W02963,3KbfjNTaqmL4z9SuDqfKbyKxgnpuJfvFEh,legit,,normal
W02964,bc1qwlnp30a7suhdfdjp3jxmmqst4zpl80fmgsjzl4,legit,,normal
W02965,13m27Vxvo1NCUSAgfKjZTxn36BzP5uKBTo,legit,,normal
W02966,1CPB3mYKmGLFq7Q1uUYuqph15WL1AeD32S,legit,,normal
W02967,bc1qpympqahrrwawfkm3gt4swcj4h86ce6cseqj4lv,legit,,normal
W02968,16u1pz6ieqUCC2MoA4tRJyPyAx8Sau3vxi,legit,,normal
W02969,bc1ql9fqfrkhqvelqpgqa3k55wlmz4pkklvjp0tc0w,legit,,normal
W02970,3EPebaXn9crrxFdFvb64rWZ4u89Rj3E55C,legit,,normal
W02971,139u4D5YEmEkZHNFtPQKFEG62AUzcdhH4c,legit,,normal
W02972,bc1q2qaf68v7erhj7k6t8a6l0pz6anncg97qqwtvrv,legit,,normal
W02973,bc1q3nxeu7krjwvc63kn2cf87ldrukvp7kdx8sjn2m,legit,,normal
W02974,1NQKZx1474gT1MhWLPYseKQGfhvwTn7VkV,legit,,normal
W02975,1HD9c4VJx8p6va3BwjS3wqwKSj81xn43up,legit,,normal
W02976,bc1q4kqvzzv0d24qn8ezpqwup9qje50ex0mar2925s,legit,,normal
W02977,bc1qlpn4rdlwwsva6ec7rkd20vw2gtp78wtfgdhhg5,legit,,normal
W02978,194HvnSuhWvdN6qBjwxSxVjjjwD1oEUBZh,legit,,normal
W02979,bc1q9q30uak8xxj3ueq9w90yw77j6f4fmwq7q2jh83,legit,,normal
W02980,bc1pmtvjdjmeznd82pcr7m294r2d0836wmeqjw5jz7vauh2823xhyh8sau8sx5,legit,,normal
W02981,36eAFyYCkoGJypi3b3KwwiPJZ9U8Q4xsH1,legit,,normal
W02982,bc1qz6zn9suvclurn3sgkmmm8h3l2rft605lsswawc,legit,,normal
W02983,1B3PYDXeGd281SBP68hp5e7gTvdsfQ1hA4,legit,,normal
W02984,bc1phu9rcettqdpr7jk7e5tj4qcx958293m8efxes7gjkfy8dgpv6hfqw30qjh,legit,,normal
W02985,1P5i9149hGXsQ8cvxYE9HSe924rsLt9RkP,legit,,normal
W02986,1PAx1wmGprWbQVu9uS6YQeVa4M55tnW8ER,legit,,normal
W02987,bc1qezfc8gpcfjhpkqlqc2u56fpucc5pqw86vhfu67,legit,,normal
W02988,3DqsLDo15g1jRQBtgpTzKCDpFbwsXvvVAE,legit,,normal
W02989,19FYxvagYvcUt2L8qGb8jbRsLAQkmnRM22,legit,,normal
W02990,bc1q4ghtlhkrmwjph4clm3zn43ech5jj3yzv2yg27j,legit,,normal
W02991,bc1ql8xs79eacynqtwe5e549g4hdg3xjv008a6q4dj,legit,,normal
W02992,3Dbp6qeahNnLNwwdqGJN4aGYzTEByimUtE,legit,,normal
W02993,bc1qvxqus7el9unjl2vtfl8veafvwzc2rfl2g2n97l,legit,,normal
W02994,bc1pf9qsd9w4h7aw6ctqn9sycmml2rhccy8cqhd7537shr853gwtnv7ssr6lmz,legit,,normal
W02995,bc1qyu690eamypyjp5pysjnv4h4ezau5zhar62x82g,legit,,normal
W02996,1FjNqq2yUgSGBsMH27UthTTT65rnvKzrVG,legit,,normal
W02997,14MnjeEmtnNa96LsCuAF19741TC1Pv3tbp,legit,,normal
W02998,bc1qrmee7l8cdvrwjpek0yv52qmq8m6jvdf0ysaa9c,legit,,normal
W02999,bc1qsj6fp6hnk258t0whcdtwlpm3usq524eghze9l0,legit,,normal
W03000,bc1qjm26udcp6pvy84nmhylftu44k5046lh5cgu2rx,legit,,normal
W03001,1BGvKiEbYe5W4i5xdfizfSJnqts3WTzb46,legit,,normal
W03002,bc1qcc2v7mp9me2tsarn74arryhnsnz69uuh8nwq4u,legit,,normal
W03003,1GHNokc2nndfGJVa6m4PE4rz9B6Fnyb33Q,legit,,normal
W03004,bc1q6gf5dd9krnzth9rkudfa4y4rza9z96ehaxkvrv,legit,,normal
W03005,3LXLHZDUoHz6Sj69y7suQ7CQfPBbwv7AdX,legit,,normal
W03006,bc1q56e09en0c7skk78k42qyrgml6lcym9yp887mqk,legit,,normal
W03007,1AYAmsUd1b1mmA9q3SFk73cYjkoo4ENkDU,legit,,normal
W03008,3D2hPnaf2Z7Fse1wGKHtDF9s2WFydiDLeF,legit,,normal
W03009,1PGNMfFCkbfS8sXuaLnBKP2CpHL1QgR4WF,legit,,normal
W03010,18tR4sLWcFTwV7MFmVCpQLeUnFU9ZNozkK,legit,,normal
W03011,bc1q6zhamt7gqagge3x9dyd4t6nzaz3xv2x5fgrt54,legit,,normal
W03012,1Cn3dNdzRPfJ3Kmef3GwrZaheezj5rt9eu,legit,,normal
W03013,bc1qaedqku7k0n5apmtxdh3a3q4jqmg7nc3yc2n02j,legit,,normal
W03014,bc1q838g3whnm86dnc8hxxgts3zv3k95ancfnzlsem,legit,,normal
W03015,1LMDi8UKMe4h1D8f1b46gMK13recu8sU3e,legit,,normal
W03016,bc1pzjlsttu45x06yx807t4mr3lx0nfpv0htyesnr24q3lxrjgy4jmxs4wckxq,legit,,normal
W03017,3Pp1jmQiCNHVnBvpeTFuVj2zsJ9RuyFkx8,legit,,normal
W03018,bc1qynyzm0tmqzxma7t8ed7g0cgq52tyqer7w684au,legit,,normal
W03019,bc1qql69tfxjclgtdxxjztvwt9rp0jfnlflkcskg2r,legit,,normal
W03020,1DnFuxkt1Jixcbky6U4jhC5xWu8P4GTtkM,legit,,normal
W03021,bc1qgknv5lwd06z3jdxuxvhjlef4sn4sge537f74gh,legit,,normal
W03022,bc1qhnpzgklf2tf7qrc7kz2gs9dxkwdm2hq6qjr9c6,legit,,normal
W03023,19V1C43a5JBo7HX71U1ar7mgR3Sw3WPDyf,legit,,normal
W03024,bc1q3u653mc8706jxhrfz4kgccvhcntztgjnzdsh02,legit,,normal
W03025,1DGmNRRVm9iM1quq7gmWXJrag4S5dguoQx,legit,,normal
W03026,17DXs6HkT2uxggTsMHLu8eKK5huFEPLRnL,legit,,normal
W03027,bc1qwcgun09pqyqav6wpq5qk6d9v9tp36qk8af6wdh,legit,,normal
W03028,1FrqNiz39NuaD9whPFpZVuw6wHppuroMhp,legit,,normal
W03029,3LLxE7MGfKs85CQ7Pq8gENpYyG2F7uqh1D,legit,,normal
W03030,37n6kzgQtpDpNcEhgwCv7mfu8tijJ6SUKr,legit,,normal
W03031,13s1ErCQeq1uQNYUJMkautXrX33Hqv1HUE,legit,,normal
W03032,1GhEf2Li5FSbu1FtbALBDER1uZ3AWAcN33,legit,,normal
W03033,1CyraYqdU4QYVP63rdkkAs4F4YafTjHxQT,legit,,normal
W03034,3QncDDDBT7H6h3UbJJDLkFq6dCUjNePxfR,legit,,normal
W03035,1LYKusJfF9d7eY8o2ijmpjcr5V6nJ26oqP,legit,,normal
W03036,13ncbwKBvK4f3ZBXNAyfPvUyL8aduUcK25,legit,,normal
W03037,bc1qd4tlfd9qjw9z7lwgl3fymqptcg6md338l69gfh,legit,,normal
W03038,3Jb899zjeKCfN6ZQSDtjocsCfpcTPsqKYT,legit,,normal
W03039,15B4ybmCdqxnvGQSuna92rB6zA3kVERTng,legit,,normal
W03040,bc1pvpzefcv6gq7yyym6jfnsjfas2l9tw8eqnqzwtdd8sfvfnr83hzushc4w7r,legit,,normal
W03041,bc1plqnqd2ptk60l9ca0p6lr2p7t2dd45kh34z7zwyxdwh4x447k88fs6x886h,legit,,normal
W03042,1Jyjk1EGCrdvCgesMc1F6kyjEsnAYg9j9i,legit,,normal
W03043,1BzpfazHLZM2j7W3L2fxLacGRnBfmnsQtU,legit,,normal
W03044,bc1qx8f8ekr20tx0maeu4yx3y9n48wvj0lvetjyv5z,legit,,normal
W03045,168zWHH8uofn6G5YPRuGqcFoU3QgfGo3em,legit,,normal
W03046,bc1qg6702fsdxmt0jl6awyc79x6k5ylegm4ckufmkf,legit,,normal
W03047,32dyyMbLKoDs5RqF2mg4uFzYoGUZzYnzXo,legit,,normal
W03048,bc1qtw7mcy4grjcdz9culjvxcqy46eqes6r4h2u2ty,legit,,normal
W03049,bc1qkgjfvrc7eka7l888eprvarekqg54a8uap46tfk,legit,,normal
W03050,bc1qncwpuqhh3skwf76sm9tp5mfw5hkp4mduwr8npm,legit,,normal
W03051,12FZoEgMi69ELYdeM95r5h4C3r5DHfg62v,legit,,normal
W03052,3AAuy2SAh1S3VVX9T1kRrr9p8BDwHTkNyJ,legit,,normal
W03053,1GuhCiDPBWUmWktx54abs3LA7BUw7BEG7o,legit,,normal
W03054,bc1q9pzxa524f0rf473trw4rw6akeshwpzfvjgce0d,legit,,normal
W03055,13pGjiNxceQtBxWMpP6Lqs12st9SAzzTrm,legit,,normal
W03056,bc1quyhg65ppzezl7eun9rj4ttqfkakyyljyhryem7,legit,,normal
W03057,3H6tyEyraF6EsnLPKbXL7tRbt1BL7dwHx5,legit,,normal
W03058,14NWTpxbYoLgSwTDfRppiHqTL95QHu1EGN,legit,,normal
W03059,bc1q4yt9n9p2eypy3faxve7hq87p5s24cmuurv0nm4,legit,,normal
W03060,bc1q3swj4lfhh4h6w5sfx29ljfqq6c9e2jysed8hpr,legit,,normal
W03061,1FBW1vfCs6aJD6pq46UjHE9E43HmKnEQTp,legit,,normal
W03062,bc1qspddm3a6qs0rn6443vll7svlkhngztkc2e0rh0,legit,,normal
W03063,bc1p80rp3jyl2fnlmymtfqunzz8cjarsv33z4em54scasaprwvjef0usj9mx2j,legit,,normal
W03064,38EWiuXi9FXbYFnBqrGi1NPCA1z6JHpXU4,legit,,normal
W03065,3C98kS7gczc32CuRjQZZoYDn96d8yhPVUe,legit,,normal
W03066,bc1q20pr2f8qshf7jy3uggw335ulda889cwns0nw6p,legit,,normal
W03067,1GeRritee8tKCsm2ht2pMUfziqnAP3K1oj,legit,,normal
W03068,bc1qpkn4zeqnl3qcva387gadwgyg2ws00rpxme4kmt,legit,,normal
W03069,bc1qcs2mwyqs3krep4a8ccr0zj89cs76kuhpmvvpkj,legit,,normal
W03070,1E9RkiM9BpzQMv9Gd4hsZvzqNpWAxZSt97,legit,,normal
W03071,bc1pxuv6dh2g4vk3wvh6dpn95tgjpxd2q6ue3n3msqxn54w9udvsssvq2qndq7,legit,,normal
W03072,bc1pq0x4ew3l4c2smuvs52vdakd77tjqk6htllfpnd9yvec8qr373stsyrfalv,legit,,normal
W03073,32RrLdbaPxRR82zGZhVi85c6UAGtqq2kKc,legit,,normal
W03074,1FAYNydpHvbB4RzDti8vfgvAZEzV64en3H,legit,,normal
W03075,bc1q8umlns2xn0xvd95g3qw370lqmc4gnckzlw7jxc,legit,,normal
W03076,197h55h8H8NMX92m5Fk2rEmkw1wNf7wT15,legit,,normal
W03077,157tmmHWoD9FyUeTPtVbiz1Z3aFvKnY941,legit,,normal
W03078,1EUM3tViFe6BJ6Y1VUkGXjpzGZ2xjCan8c,legit,,normal
W03079,18Cz13FgmRkHEudAP6PADbQFwEFeUxTofq,legit,,normal
W03080,3C6BM9968n4WGpzUznrxB9ZtdJ7YCYxjHu,legit,,normal
W03081,18w99CWjMWYreFCXN1weNAKP25D4naR1TA,legit,,normal
W03082,3Do3MvTdAmH4ExCtBjgPdmpiSYxoEtTQtc,legit,,normal
W03083,bc1qjxwz8uc98aswxys7gff2402w27x9y7rraku6d7,legit,,normal
W03084,1FKByXg9q1BUMofMxN1DzCpyH1thdnZ14N,legit,,normal
W03085,1MuKwHA492S27V9GVtA9p7f7Z6U6Z79tSd,legit,,normal
W03086,1MrFD2rx5KnkNnGKst2LCoyrp3dU3CGGUC,legit,,normal
W03087,14QyNcKkSkZw3Yb1chbxVXaXjKdtgJZsRo,legit,,normal
W03088,3LFuiSwn9ESB3K7n9iGUhxhpggQQe9HRzH,legit,,normal
W03089,19aRKFFWvow8BcPATqZqJnEfyVTexJYbo6,legit,,normal
W03090,1QHPHSN5prz3gHdbi8usrnX7kDu3z8yg7c,legit,,normal
W03091,1LsoUhRkpLAhY1kHa15FKxnNmgYYF1zfx4,legit,,normal
W03092,bc1prrs2gx4gh32zs2tfwl4kpq5wmgu2hsn3w8x6q6prwj4fdylsh08qk76ukn,legit,,normal
W03093,1MkE5BNzmrRiUesbPsrrSdeXWytN2NNhc,legit,,normal
W03094,1w4khPHgDudBLsj77CENKDnjvg8JuFWbZ,legit,,normal
W03095,bc1qfz2z292qytnzfplu5s7wusygzcac5mc0zwa35s,legit,,normal
W03096,3JGpWG5nFM7UhBxsCkMkMA9Aym2xMvJfpE,legit,,normal
W03097,bc1pukvfqc0g5m269ytnn48yyqn4dhy4qjhqh8j8s8nk4ufmfr0hqk0schxznp,legit,,normal
W03098,185b6ywFePh4B8XrnNyQxvb8yEZbJauz3M,legit,,normal
W03099,3NNJK23UF1qbs8vfyX5qsr7n11ibsaGjTD,legit,,normal
W03100,bc1qqdrdal9ldhk9tfqy0kst5z305x7l7lmje2qasq,legit,,normal
W03101,bc1qmzyv6an7gt3ema5whmkx0s0aczkl9eushwxnar,legit,,normal
W03102,358uceVD7CbSZmi4NYADLrSByv67WmVgdJ,legit,,normal
W03103,357yDG7dzHgm5ZiBvsmPw4Q7ZxcECzE344,legit,,normal
W03104,1PpUNYiz5iqAs8pLtbD3tTArWJnWUqGGsU,legit,,normal
W03105,bc1qfk3fhx9z3k24t3aajxc07ehw3sdycksn855j9p,legit,,normal
W03106,1N5KRgvD3PstZC3dSCGZFjWob8ZiUuzyX5,legit,,normal
W03107,bc1q9ttpx0xep6m6tn7l6alzc2zjh7djpsdyz4fs9w,legit,,normal
W03108,bc1pyechhr3872rn2d07ldv6e7ey46rt5t8ey8vx6785wpe05669frzqgzxmr5,legit,,normal
W03109,bc1q4hnm0zrvwhdynkrlrezqrvckwq3d0xw2k8vvuv,legit,,normal
W03110,1C7WRQEUxGMWjnApBHbQcYPkxTWmCthQtc,legit,,normal
W03111,bc1q80zjlx96wd9pxqq4azfewm82cm6ca3we6d0v5g,legit,,normal
W03112,bc1pjdu9dlucg6ek8w5veyus4al5h0pktdanjr74z0rv9e50swvjkxgq26ehly,legit,,normal
W03113,bc1pzann96jmx4hakqprs6ukjq955hncmxt22pnjdpp2rld406lnseusmcj4lw,legit,,normal
W03114,1GGbZJkfnoswNUkHoEuoRUoYEL1Cv3M3sr,legit,,normal
W03115,19Df2XHTZVfbhjnkEjJHLM8KARjKsvru2G,legit,,normal
W03116,bc1q8gsjw5jhjstg7pczc4hpr5wqqqdzkr5zfulqgl,legit,,normal
W03117,bc1qsjwwe0n54cn8gtz98m8lz2u7469h2vuvrevldq,legit,,normal
W03118,38KH4QbZa5ucBNnpLpMxYkZZ5GjevApt94,legit,,normal
W03119,bc1p80d7sj8avchrhh5aqu9pgun56d8afuv0wf6gk4mpk9l5eh85afgq9p6dmt,legit,,normal
W03120,bc1pm98g62qpjcl5u6kmfxuvd7w452e7gntmnr58xjazea4u5azn2phqfcxcqn,legit,,normal
W03121,36d5SnaYmo5VpWm9StKEhUxQXbAvmKfdGM,legit,,normal
W03122,bc1qkmkk75vhqutq7y4gtyqmdtytpj3p8lh8kvvqzf,legit,,normal
W03123,bc1qryxyju25dxj0486uqve9kp4k44tx4etsg4z3rw,legit,,normal
W03124,1GAQbPKkhMCGNDWkgE7isKREqFh3Tgp6HH,legit,,normal
W03125,bc1qkxsy42wm7wedk00cm20rgvru772vu6c293frh6,legit,,normal
W03126,33a2FVegGdCi1VwefxTKiMQasGX8KJ3nCS,legit,,normal
W03127,3PAhhcbSxS9JrTrPXER1yqYm7ThZZdZoAU,legit,,normal
W03128,bc1qp79sgp0pq3hq0kee2rkanjw7tecnsd94qac0jc,legit,,normal
W03129,3MbPMLmqkC6WRYaUCHXw6ih33vXTzd7XDQ,legit,,normal
W03130,bc1qfmk6nuy068g3rtjwx04pnp9k8kx38rhzfkajum,legit,,normal
W03131,bc1qx3kt8pscqftza239t002ff75v8cn66jz40jgtq,legit,,normal
W03132,bc1qfpp909z0y0v6xy06lt0sgwg28pv6kwpl9jv9c9,legit,,normal
W03133,bc1pmmtj6yzn68las7t8umth5uu2p9dxu8vucmf5vm527ze985gr32aq4h4exw,legit,,normal
W03134,13pPoySn8mRmC1UExKydhD8TS4mpxbLonr,legit,,normal
W03135,bc1qqxcln8nq4hyfp0x735ds7ruxw3jyw0amqnwq8a,legit,,normal
W03136,bc1qep69yt69rv2adyptml4n0j4l9qd0njczvzq6ph,legit,,normal
W03137,18EEBf48zRsiMb5kBPkLJpG8kaRmv9WX4u,legit,,normal
W03138,12GReXtF9HEdcv4FhiyFEyryGC3bproFWw,legit,,normal
W03139,1JcaToQYbmN5cAxvVweebPV1Hu28tRx8f6,legit,,normal
W03140,14PiFgKMvTqymQCHEUefeZM9sB5dBpfpkf,legit,,normal
W03141,bc1pen52ze5e60azrltvrm4lvz65vs9hxzfn5pgjpvw4ap3xadxyvslqzz6c50,legit,,normal
W03142,bc1qgmcgrdm5kjctuyv42cgk0027eqm4y3ylse29cz,legit,,normal
W03143,16foVejJWcTzfF1udAsUx37oU2urFP27d5,legit,,normal
W03144,1QGAN1FzMuc1a8ifDGCnQpLpsPU9Hzitkm,legit,,normal
W03145,bc1qf7fz7ludz9dez3vten5xwh3fq0vhx3led7gqdv,legit,,normal
W03146,bc1qsram7jngvea4z02mjr3973ls452wsp3llug0a2,legit,,normal
W03147,1CK8UbmJPkGCc2yNqiZKhJfnLWCuTwYo4K,legit,,normal
W03148,1Puq5dTsZp659EG1tvYLSwFSMXLXyheptP,legit,,normal
W03149,13dfukMWsr3MVTzUEhchJ6oWvFXj7d8Qph,legit,,normal
W03150,bc1q396ha26ua49aryph90zpzjwq6vqz6uxf6cfzfd,legit,,normal
W03151,1B8w7jmABRyoJ5Rkbwxuh5Do7RTfZ3drCz,legit,,normal
W03152,bc1qezkur978f3xafw8t9zpr2w0m9xvuq4c28683z0,legit,,normal
W03153,bc1q22778de7qf739j9t03wvrp7zfvnp97h6p6tp4a,legit,,normal
W03154,1AYrKEBYMhKyPxmUpgitB83PYoPYCykXba,legit,,normal
W03155,1P18f7r6mwmUEFr9Ru471DJFgwdJxYaP4b,legit,,normal
W03156,1P6hSvuPuMATnYxX9GvUWvKSwebpn8N6NL,legit,,normal
W03157,bc1pk64x376qxsh7fevdlkeku2ka4va9qd9z2yjayayxjke3r64ueu4ss5ur3w,legit,,normal
W03158,1NCmMk77QBvNJFgnPngpvshxsiDefK762W,legit,,normal
W03159,3NkHfHHdxHXXjYRT4CjrkcP6Vi9gZjpYEG,legit,,normal
W03160,bc1qjaqxnpxnp5q5hn92mf4c75k39yrvtp2ewn3azg,legit,,normal
W03161,17PCxGKoQSNNhE6KtMXEGMDqDtK7vdvWjW,legit,,normal
W03162,bc1ptwkfrawk3p3etwqvykmmgzr5vj5w8zj09k7ucpznvakktchj2zaqdhp2vy,legit,,normal
W03163,bc1qmgw7zuw5mh5txv98uwlsf65l7eugu5nf4y0u2z,legit,,normal
W03164,bc1qkuq4vvkwcwcg7k5kazemuhegepn6w8nfrc57j2,legit,,normal
W03165,bc1qrde4s5w83yzrrmm40fqsawku6qvpvnhw865f38,legit,,normal
W03166,1PriECaPcYXjGuvAXuHgJuLywmgouZAUDR,legit,,normal
W03167,33NU887pWRZejVwydmccnGL72mtJhF1wBC,legit,,normal
W03168,12WdRN6wnHn7R4ZUTXyQZxbeEF2VpoybJ7,legit,,normal
W03169,14h27MifdqeppgHFztCDiTdfbvTsqPYdzW,legit,,normal
W03170,3HX1wcSnAv8cJ8Heuzei8xuzvREgsnDhU3,legit,,normal
W03171,34A7A76SLUBfpWwZme1nopAaTyNDakHFP5,legit,,normal
W03172,3EhuSMkPTjG1mW6kzmLfGfunu1Zf9eturb,legit,,normal
W03173,14tnAhE3N6XMyNmxn3SiYNNkkmovQLY5yj,legit,,normal
W03174,15rZCYZb64Q72wxWGnHb9yb7NgiRqwZqJK,legit,,normal
W03175,1LWffp8uehxBaH3qqEC39uAkGavzkgyTuA,legit,,normal
W03176,3QLUQasoh5JfX3zyZQvwSa7cbqTvBdXf9q,legit,,normal
W03177,bc1p227n65yl7fll4vrznfm2v5ul7t44xk60k9s4sw84nr520gh8qcxqrlcf3y,legit,,normal
W03178,bc1qyl05fx0jw00vlhg6ujv7grfgkwxvtmq5tayeuq,legit,,normal
W03179,bc1qk4d5qvhqrzcxw6frxsj9mkykp0m6uehz0kt669,legit,,normal
W03180,bc1q3hyfsfhvz0n66ryr5nws2h3tcu9tftgrw3lc25,legit,,normal
W03181,39dxm7AZaCEE16whk5zfczXuQiRc7ZwCoj,legit,,normal
W03182,bc1qjt7zwnd7642n02u3jylg0ex3a7q52zaw8md984,legit,,normal
W03183,12NDy467Ks6i5vwFRhNob9TxoTE4wqA553,legit,,normal
W03184,bc1qv3hjf4guypgyg48t5rhtz99ug55psg6678f8w6,legit,,normal
W03185,1LUEuP8vPyaDR7XcXLyYM6mCEsNxzRw7W9,legit,,normal
W03186,3PLKXkCT2johg2CiwoWKVfnELM4z8n4YT5,legit,,normal
W03187,bc1p7cmjexs6t4cmrrr2mkc8zdq4r5cer0fvllsdws8w62arx29vgy2qackhk3,legit,,normal
W03188,1PCaDZQpabkKrsLrm1Rx8ybCHKpdvxdZMx,legit,,normal
W03189,bc1qmh5mhem72ff9q4eqxpfty7q9tcrsw34c27ulh2,legit,,normal
W03190,3AzEiHUMFhnVEwrk4kPPEVFgCZJe7n7nVn,legit,,normal
W03191,1Pito9oH9sAqthWajNGKhEQo3oUBVQJp3z,legit,,normal
W03192,1LqSUKY26aK96frkW9QVDXWq4aDfdkkK33,legit,,normal
W03193,15AzUA9jGwTjxrtySD9ew9iT4hkUJtisWV,legit,,normal
W03194,bc1q8dgm3gxnw5p2unw0kxc85z8c0a3azqtvw4rj3m,legit,,normal
W03195,3Qhzz4HkmSY5VsKJXQ6hGwpyiF2A5wtwTh,legit,,normal
W03196,3HLAx6TYVQwutF8SvcAkqN1Ao4rx8fres1,legit,,normal
W03197,3DjJ57m3h1MGsuBX6eMrKdHZXppfjGaAFh,legit,,normal
W03198,bc1qm6twcknpsekr9e332ug5tgd7wrnfsvzxaenqz4,legit,,normal
W03199,1D7jz49Hjo9WT5GBAvhhYJgvnGpGe8tFTH,legit,,normal
W03200,38pwgW43P5TfsmeDqNtSmHtYE5xeeahMwf,legit,,normal
W03201,bc1passlmt8fet68sqf22wxgzwch8mdadmffeayfwujgm4ct2u8g09fqz8ux70,legit,,normal
W03202,3F1Jr5hTcLCNehKwDsFUX1v2rdSkES4JAm,legit,,normal
W03203,bc1qmfxw9rtpvmevf38ftv29pp3mw87zg4vu3kpa22,legit,,normal
W03204,3E9sznN42NadxTmvoemn9iEABKoWFzwxAJ,legit,,normal
W03205,bc1pn5lq8m849tva7z7gzjpthq2ujljxnjmttw9y85wmtdvum56jyxrqw08qv6,legit,,normal
W03206,bc1qd8wuhnwfz8uwdw65wxt30w25ahgxgtg7xj0cd7,legit,,normal
W03207,bc1qafd45h7pgygkwn75pfy7k9jl3ncyfcghg43p3f,legit,,normal
W03208,17AgeFPqFBqQJqTq9G62NC9kHyutp1p2XB,legit,,normal
W03209,bc1q30ml6wrfqc59dvrar4euh7xvnq6ypaq0ddufl2,legit,,normal
W03210,1EikCaUqtmQNyJHF8ix5kUctmChyYFbXpy,legit,,normal
W03211,bc1prak4mvwtn68tuc4vfyhr2xrjfc2hm0759pcxludwmmsd6p63h7hsj5qgzt,legit,,normal
W03212,bc1q6ttk2ymvp4wftl5l7u37tgr9mr780qrraqvpka,legit,,normal
W03213,3FZmyUpsGYdkfnvNLXM4WuUeBF8CX4LPHK,legit,,normal
W03214,bc1q8c7t9wqxlsvsh66uc0l3c95xxfn6f2tw0v6jel,legit,,normal
W03215,1Hd9h2Mf7wNdXL9fK3mv839ziQJn6oEA7K,legit,,normal
W03216,16sWwq4P9i9otL8VgwzHCgByExHrEe5b3w,legit,,normal
W03217,38G7YRVzEyPh273T1G7D7kx4qAMfjDpQRE,legit,,normal
W03218,bc1qc5u6wj5v4x98wxz6kmjujhdnyqgl84pgqpl6fh,legit,,normal
W03219,3BVqaAoX8DVACcmLxLEDB81ECUYE7nmKvQ,legit,,normal
W03220,3DX9fY9RCnEHLVCvmJSgVpvDT3jjAJCqZN,legit,,normal
W03221,bc1qkm6n026asyrq0hzu826qslqcs0c950aegrqahw,legit,,normal
W03222,3MMbDtwD7sarGmdRBAgY8TjHitGex66yV7,legit,,normal
W03223,bc1q2zla6uvjr0fmw4vn0rs44su8hp4nev3xg2jkcf,legit,,normal
W03224,1FDWZ4qq4oDkkSUMVzChPHGKhq3gnQET2R,legit,,normal
W03225,1DEneKzRXLYup232QYjuFwF17japbZbGjy,legit,,normal
W03226,bc1q4u6qp8s3utgg56ydg04w7t4cflncy84epef2qn,legit,,normal
W03227,3Bg9USBk4KCCPrEucxGY5W5X1GYZv4rYXb,legit,,normal
W03228,bc1qe0aj4wmu0fj3qpdljvl3ryydptnuw0uv0jtrqv,legit,,normal
W03229,bc1pmgg0ctljk8rd3myk3uwyml5j7lnh4ms4c85ckacjl9pzm96mkzvs5j3vjc,legit,,normal
W03230,bc1qjcc4r2cmlgqfjd36upsvc2kc6p95vps588ftvx,legit,,normal
W03231,1MGtFgojmsGcKHv7WPxWTC3m3Apr8LWfju,legit,,normal
W03232,1Evfxn2inEREvwCHX7sB5h7Qzb3FYBxU6a,legit,,normal
W03233,37SN1LK3KfidrxPdKJnbxXuFgtdQnJwKf5,legit,,normal
W03234,1E1rwB92ToP2j49wPAWXK93jbRfddc52wJ,legit,,normal
W03235,bc1qdag3l8f85tta4rd0dwemvv509hcculr75mx4j7,legit,,normal
W03236,1HVgYmpmNfUYRAsiuTm8jfj4GRFy648snt,legit,,normal
W03237,1P8ReqSj1oohojUQzXX1bteMgSkPq9nMnR,legit,,normal
W03238,19KGMvqaXc1PvT5TZNnGocSDzn5bSgsTqP,legit,,normal
W03239,31rj821ZJUogyK7Rg93Hj8JN9aTfxDj3tJ,legit,,normal
W03240,3CmcNVwYmTfq8z4Rzh4sWkXNZQfBD57uS5,legit,,normal
W03241,bc1qw2jrxsml430h3ar8vxdp79p5apuwjdawj0anch,legit,,normal
W03242,bc1qaa4jmd5shwmd2nt494kuaedkgtsnfz6dla067r,legit,,normal
W03243,3DhNFE7ZdpvWGBaPDXphicfH2U6FjobxzC,legit,,normal
W03244,1JpLeGLXEvmKkNziRBkvnT5Nj4srrAnYET,legit,,normal
W03245,bc1qlv8eppa5ykn5dh0xgus9uvagqwfzzd8x90djvu,legit,,normal
W03246,3N94nFG2Kk7ri72pvvLowXPqutaS77Tbkz,legit,,normal
W03247,1FbxCAdEpW5vvJXLwQmMMfwbeVxXRkkgr9,legit,,normal
W03248,186SkzYuY7UpsV3SbKAcMysaAngKxtwbPt,legit,,normal
W03249,bc1qa7lf7qwppfc2r27x8svnxdsrxrs6au97h4m3l8,legit,,normal
W03250,1GKWfcgA7dTowWzWybTW6fSGoQJUnpsjHY,legit,,normal
W03251,34z7cQEAy9N3CYqn4VhnVutdqRc6tfXa8C,legit,,normal
W03252,1Ncsx9MWL3S3w37FmziRDot9aVTajw5rox,legit,,normal
W03253,3JeiApRtRTDS82uu8mBxGYBrHYW2TReSMd,legit,,normal
W03254,bc1qy85jc5gwfpyquupa6h57hghehz22u8gw43r06w,legit,,normal
W03255,bc1qez3zkmdclzkxrxg37h3pr244z7czm746utvfxm,legit,,normal
W03256,16wdUnTUrEimS5WMkhjRQuumKgGzA35UsR,legit,,normal
W03257,19panPLpxtXDaH4CRX9RaAtapwzYF9iSpf,legit,,normal
W03258,1CfsHMeiZhjHv7ovzZu6NSXXcfR6rrgKQb,legit,,normal
W03259,bc1ql5g7c5pvy2fggrrj25h5pjp57l8m5e4p6r5k3a,legit,,normal
W03260,34qojKzBxoHaWGA1XED4WQ8DxtR1vd9GSj,legit,,normal
W03261,1K17CrrxDozm7ZYDDEjMaq9pdyKvH8JcjY,legit,,normal
W03262,1MsqzuQV8qfTghak2vxQuVvq3K9rRNyjeo,legit,,normal
W03263,bc1qn2s84d4773ldt87wlnqt36eqk85gfd2d2sxmfz,legit,,normal
W03264,13h9G42hjwVJAouxGGJ3yqd8N5QepwaYkv,legit,,normal
W03265,15azRX4iPiBEnuThr2FH6XrR9kZT2Gf1Bi,legit,,normal
W03266,1L8WkoAXCRznG57CVrfqBBazDULjJ1xjgT,legit,,normal
W03267,1FMgPkNVCJES6RioPzSYgmMNu62eNRnTVE,legit,,normal
W03268,bc1qy0yjy59r3e6qmmw8p7ke4h4zv4gz9m2zrr2psu,legit,,normal
W03269,1xMFdqg5uwiQUtp5fiJUQtvfk5ZXwv6UK,legit,,normal
W03270,15oJ9a9a5hZhy7obrpivEELVzSCi5mWw7v,legit,,normal
W03271,1KyEeqgT6ZH7vQFfRC2kaadGK7qtqa1Lrq,legit,,normal
W03272,174GZ5KHL7PVmnLNTkE4qzUiHMdw2BDDX4,legit,,normal
W03273,1LbEirTK1hRAsmpEqRo54kbQxUakZqhPAV,legit,,normal
W03274,33pKsg4DPi6DqtVNm6cg7mDJpnZ9p6WTCu,legit,,normal
W03275,bc1qn40v5xqmfrnr6hfg9p2q6earxycyy20hvae0er,legit,,normal
W03276,bc1q6qtuuqeyw70ug382rcxkh3lfers7qwer3ttlmr,legit,,normal
W03277,bc1qvlx85c2j6phxmw5wrs0qqu48wlhdxcaryn9nht,legit,,normal
W03278,3K11YbDH6waoYJHMcot5HWE8BaXmwxbW5d,legit,,normal
W03279,bc1qnw8t96lv0e58gscrx7ekr8ppv5xkvle5zzhcxp,legit,,normal
W03280,16juEYHEiQfEx2EPKFn7PS9EChRepi1fuw,legit,,normal
W03281,1V64GGcZKP7JAWyR6jyqCQ1wzj1p5JLbr,legit,,normal
W03282,bc1pxelkmlqkv66j2ppd3hj32ac6z5cva7szmkkee3znyfk9pa7872vstwjt8v,legit,,normal
W03283,1KoPoGwvTVe4BYJH89m1UQXXPnJ8z7AafF,legit,,normal
W03284,bc1p6z9dder87gscfgaq85ms5chk72ulltu7vf4a9jdz73nal8te7r8qevu0ng,legit,,normal
W03285,bc1q6ueafrawve5jvee5ma4tmjkad0rfng5rsml3fy,legit,,normal
W03286,1BrD76Sz5C3MdRJ8JXzA6q7NzeUUuvppks,legit,,normal
W03287,bc1qwgexz95v5djetykv5eg7yulcdclv9taqhspnw9,legit,,normal
W03288,bc1pqlf0gej2zd90c2pvqm0qrpnzrlpn8qn9ux59tazhjdg2qkv603xstt5mxu,legit,,normal
W03289,bc1qdq2npxd0yx5ztaddrxl60tdnr60cm3dswfeqgr,legit,,normal
W03290,bc1q2j8ztthwtvx2ehcgn5x4pl4ny7mhmu248p6apk,legit,,normal
W03291,3D83CfgQoxSjSkjCKKXpceCTUGJM2Xb4Rn,legit,,normal
W03292,1JUPJCC2H6x2UJySAVwAtYe2wrxhNu133x,legit,,normal
W03293,bc1qdjs2rtd4w0ql8xf3kwrl8yyx2hp20snyhnxdjx,legit,,normal
W03294,bc1qchpvhc0k0cdtzfqg20wt8ehtme26zcstl06ctl,legit,,normal
W03295,bc1qlpsf3n7zc64cgx4wn9vxg7a0emak6sw3p2s3ad,legit,,normal
W03296,1WtogZYqik3oWx9XQKSx7KZgTvuvpYn8x,legit,,normal
W03297,bc1qx5zanuhahyf7pkcwv73z8qu7kmzh6qrk7fndm9,legit,,normal
W03298,bc1qk3yr04r8dp8q4ewwef8dh75tzglrcl5nr4h2sx,legit,,normal
W03299,1GR9ERa37512rEzMqJ7fd1nLEWFt9L2S2Z,legit,,normal
W03300,1HbVQbbPGw8pZn5RxacQQEgspEGF6SCgBu,legit,,normal
W03301,bc1qm5p7ah52j99tlkepj0a46d653jvs9n5qgh7y6f,legit,,normal
W03302,bc1pc2kdvjw5mmr03yta8tk7ksqq286nhdy5wawtnt3x9gcxdpm7smxsj4sq8p,legit,,normal
W03303,bc1ply07s0p54swzqvwamc7zrvzra9tmp3e34mpamauf8zpxyyv2uagq7374dk,legit,,normal
W03304,1H9JvGnEpvcmqCoToWWJPU8KHRgyNbwjCg,legit,,normal
W03305,1KyHRHDVevioQ5bPWX1hUKCDq7Qp1kYGw7,legit,,normal
W03306,38wQE1Bsru3jBqyoThegqLE7AdE3JGPcb4,legit,,normal
W03307,3NPP7JP8KUGYsM6AvDHiQsdtxs6GKDDrQG,legit,,normal
W03308,bc1qe0dlhwnl6k6mycmpc7c5lxucpwkevsn4anxfp8,legit,,normal
W03309,bc1q3xagf3lpueqst44pxftyan6jfstu9l5fxu5rf6,legit,,normal
W03310,13eqcLJxhdCZ11Qthkn4MTqke3bPqAYM3R,legit,,normal
W03311,39rS7fWHpoNyEgGdUPVL4iAe7WqCDWNd5t,legit,,normal
W03312,3HQGoHa2YRuRtHnhQ9QTXtygJEQDrBKW1C,legit,,normal
W03313,1F53Es8ufBnUS23rTMX2YFZqujsnKYRcdr,legit,,normal
W03314,bc1qd7hrq2wfuw5yzdm5rg3v0hnmf3paqv9mdv89c5,legit,,normal
W03315,bc1p7dp6ak0fsgedfejnr36sqvwg2auk63h6w9r9h9jk3ej7aeyw36wq9su5ke,legit,,normal
W03316,1L8WQfHZzznd7vVYbzZ6Yv5DwnvYLxBZGB,legit,,normal
W03317,14HB1nTx9FEXq6jTjVA8rpin7mTYszwxbR,legit,,normal
W03318,bc1q7p0wglqg3z78xx8d9td0dpcxqs6rf69d7lvyjt,legit,,normal
W03319,bc1qy5kyvuqrfnl29wt7xqg4ggv5uj8h29yw0lrgfy,legit,,normal
W03320,bc1q4y8tu9s550l6scefslrtrgtn0dr3p6pu3q8vrs,legit,,normal
W03321,1CKk8Hvt1kjVksdfdDmKcbXqho8TEa4fhL,legit,,normal
W03322,1DJwdGkbPRMByfCZ7fdNJZdmS8xvMNgBpP,legit,,normal
W03323,1FQiLMTcsmPbXEdx1QtJBkCaLpJxUfup86,legit,,normal
W03324,14CToWmUjyX2bMHtEprhMka2sCKET7fJEy,legit,,normal
W03325,bc1q4lgmndrjqf9uvghpq445xqgwmwks60pgxdgvrs,legit,,normal
W03326,bc1q3mx4xp7eju04ehmnnanq7enarlkxk0pwt6v46c,legit,,normal
W03327,1DQKxjCqK1CiFp8iAyc8Wc1RE2JM3jvto3,legit,,normal
W03328,bc1qt9kcu539p924guglt9wp8z7kr60n9uvrp53gk0,legit,,normal
W03329,bc1qyz87y2ws2gtgnknj0nmdlkyz7p48fx4mj8ejnv,legit,,normal
W03330,bc1pnn6zcuk2c5uqz0h72ju8hy8e4we72m7trhycgl7pd6aytw3sfgxq6r05qy,legit,,normal
W03331,bc1pgmt2a02wvaxv0k85d89quy0gypnk43fqvq6cy7776cr7kpplr0cqkzqyh4,legit,,normal
W03332,1NjXkoRc7YRdmVGUU97FV1GVoJreg34CFc,legit,,normal
W03333,1NkYdmxt4mnDgJPEi6yoGiikgtrQwffY8t,legit,,normal
W03334,bc1qxjnh09rvrf4284dwp2uzjvktkdvq0dvkxnygll,legit,,normal
W03335,bc1qm9gfttzpvc8ugjsu4jam2ksjz3ynpecv79t7z5,legit,,normal
W03336,bc1q7vppzv4y25kj9xxe9m343dgdwkp3lzjx84jycf,legit,,normal
W03337,1DSvdXdBXUk5hP81JgGcxrjhWHLU8dHSnP,legit,,normal
W03338,bc1qs543qp3surwt68y6rvdqwwznejlu2rv8y0vsx6,legit,,normal
W03339,3J1E77FRM5QTy3oNWDYQJh99dE1NCiCBoN,legit,,normal
W03340,17nqUjSBqpgHv62pUCk1Dn9fMx8Xpmeurv,legit,,normal
W03341,143gvPc4YX7n5kLkWp2VU8ynzHvceUHkDv,legit,,normal
W03342,36tguh8qfRrHKSY8nUYR6PNZkZpfzgmp86,legit,,normal
W03343,bc1qc5sveg8mtfwv0plmt5mj399jlqfvjeupcx2znx,legit,,normal
W03344,bc1pyj44y2ez9lyft3pwwtsj9d8834xyffpwfpssz6ssqjul6atyrdeqqr03w0,legit,,normal
W03345,1AJbfLuwW7X2T14c3bpVYRUKEoFpHeNDqU,legit,,normal
W03346,bc1q3s6lgr3tgperwfa5gujl0qgnywcn9k8u23wl45,legit,,normal
W03347,bc1qg7zhfhjx6pqms8w98wtqe23t8z7l6ytgjangnj,legit,,normal
W03348,17juSFQBZkkpxceKfVQ9d4eh2L3W8qnQf,legit,,normal
W03349,39V6UHQ2mRK57e69xPC4H2jJddmLC7KLZK,legit,,normal
W03350,bc1qmhrm9xa778zm47wtp64kawfekymn0r22qn65er,legit,,normal
W03351,13ak1XcPzZB5MDZ75SiEBsBMJJhdUJVCf9,legit,,normal
W03352,18P8Wfuc8phsHn9xAeetc5f2az31YHVwpJ,legit,,normal
W03353,bc1q36n2qyz2rk4f4euf6t5xvxs200gfw7wz6vq3aw,legit,,normal
W03354,1J8oVj59q46SyHDimd2w8XeNJoyBnkroVd,legit,,normal
W03355,1ENmuXutMw3CNkcF388xxMgLk6PVosbLGB,legit,,normal
W03356,bc1qk3u3y8nsxnaadjtrwdulq85h57m23afc3m4c80,legit,,normal
W03357,bc1pztgjtqdekjkapkctfyy4lul4yfmrly2mh60g8m4v7cf54wn973css0cpe6,legit,,normal
W03358,1G9CRmBufrtFxtWBWB4et3UtwfmWWfud53,legit,,normal
W03359,39DwZ48j9Dm4YNpWxEzUgv23JqFNhkngFW,legit,,normal
W03360,bc1ppk0x02qug2f0fynycxzf0rdm79whm2f0glrlagrr38t7c369p8js7p76gz,legit,,normal
W03361,32UF4ZpMnrAximKChyLVSjziMUtBSZSVch,legit,,normal
W03362,1BHLAZAjVd17vuX5oMwFsQVnZcKZjgVhyL,legit,,normal
W03363,bc1q2dc33840yqrut6k60dnjrman78vgx5d9pujqe7,legit,,normal
W03364,bc1qcckr8smcx9rzyxl6myw6vn9hgedpm5hywney5w,legit,,normal
W03365,bc1q0x8hwsvltdewepe909e7tq4tmq4tl9fq7xd9f9,legit,,normal
W03366,bc1pvjm528ezlgspqxtuc04mk6rhsdjl7csz6es9e9yh4e4u7kqsw7ssn7seql,legit,,normal
W03367,1PaAaJ6F5txbsAoCXVSJ7kvt7XdrwZwwU3,legit,,normal
W03368,bc1p29z26pul4sknkslpfnr8r5mk9gzcxgnrkfa7xu90u4y0vj22z7ks0fwlp0,legit,,normal
W03369,34rkZRmAZxAGPHUXTQpquHBVEiNqMjg5Bm,legit,,normal
W03370,36oe8eDyKUJroYBCd3Dk3Csrq92WcthCXM,legit,,normal
W03371,19vJsRruQGNMHCZmJ9LcUQmPDHKFxxurJ8,legit,,normal
W03372,bc1pdkc66y5akr2hn3s9tcn6w7np0c9rh07zl2dvxckfyyaywwngw0ysuwrkh9,legit,,normal
W03373,3PKJX7TikLfiffBjfiRdaxyrdCdwAB5V9Z,legit,,normal
W03374,bc1qrk4d8mnkytk08cx057dmsetza8eupn3x6w7d83,legit,,normal
W03375,38fU9mWnXZ3SqUBDrottnpPGE3W5KZmDaK,legit,,normal
W03376,36FCm88z2uAJ5b8zLQoPMLm1pBJxyjBApv,legit,,normal
W03377,3DFSorcXWgNpGmhjfi9G1bfFtDZuQVvCDH,legit,,normal
W03378,bc1plu34xmhaka26fxvys38g2a66th06qsudtkjty3n7sh3858fkes2qsxd57u,legit,,normal
W03379,bc1q43hgfkce5sm77m2g7x9945vh9d7epy24cn00gr,legit,,normal
W03380,3EtYLYFqwDEuzHA63pKWYp5ePUXAVMA6U8,legit,,normal
W03381,bc1qrdlmqtzcjm7csgp5ktnrxlxhsqt5zxdkf3pgkh,legit,,normal
W03382,bc1pztcphmycsuk78zf0achmkunxcrluke7n74wyaqfx8hesqgmn0aks3gcx83,legit,,normal
W03383,1NaVxSCjMSdZpZmFuVWU8VF3DSskJwRWWR,legit,,normal
W03384,13NtohcQbHytYS8WasUV6kCuGecHKjnjzi,legit,,normal
W03385,372r4aPkgSC3CiHj4dSg7ErmuA1wkcyruE,legit,,normal
W03386,1EAGG9GDC3voWLS7h2e2kgqXE2BRtnHZxB,legit,,normal
W03387,1L2K7Ts5pD3JqeT8Qup92Nq6Tz1xH4ARag,legit,,normal
W03388,1s9SvFb8KgUGH2gEnbw6W4ZYG361HVVGZ,legit,,normal
W03389,3MmKYfNNoxSQT96pkLRU4ZqeoHVjwXuiqx,legit,,normal
W03390,bc1q0tv8m5xy4cx4sqzp8egnwl7dn3fuhjevdes30n,legit,,normal
W03391,bc1qaxxxjnj959pca9pw5x6hk3qw3uzjc37x2yarfg,legit,,normal
W03392,bc1q2zzvcgsfz7mcad0pj70r0u6ql9ct7vslsaz0mj,legit,,normal
W03393,14R8sumTwqr28cM8g4jYTt2R2SAh1cTBqH,legit,,normal
W03394,15giGXYkFcz4UPsR2hYQSQPokZXZq1VZVd,legit,,normal
W03395,1L7cD8WHEmj4V1Z9W1pwrfRCLBHqAVcKwj,legit,,normal
W03396,bc1qugkyu6zavl7xuzw3pme54twq27ytr50t5jxx5v,legit,,normal
W03397,1Bx9sCQJEUVum5NgehBUj3WfdX81hxAak4,legit,,normal
W03398,1MsKeeYURSW1B26ZG6zyPqsRAncq3akVXU,legit,,normal
W03399,bc1qcntv0094536v52grexxum9cgf02qukkgs05gd6,legit,,normal
W03400,bc1qx8gfqr3tm90n2v44de70p9sza375wmr5j22e5g,legit,,normal
W03401,bc1pr9ztta29zjgfmt092dxnlg5acjczuy7569xtk0c0jg3ls3npsjwqcfsmwk,legit,,normal
W03402,bc1qruredjm949vm37tftjd99lhue4wyq4x7q0j98d,legit,,normal
W03403,13mM6DhYLrHWUSdwt9Zg8G8iMZWSBxENNd,legit,,normal
W03404,1C9F9Xkonf7QYaiKFUJzgqTx4zpTXAF3nW,legit,,normal
W03405,bc1qc5nneyenwrzgg4wy8ktdnpwn7af77stvttrzzu,legit,,normal
W03406,bc1qn6zxw87zftuq9hvggy5stm2fhsgzgs5mujp7j7,legit,,normal
W03407,1ERF6vbQ6Wb9bGtxCbqCfV4z58GUw1v3xw,legit,,normal
W03408,1268JHQJqc4iuX5j7acWHqajW9kzBrh55Q,legit,,normal
W03409,1Cp5WjUw7UUtYxSY3isYQtXGNN6QHPXrpA,legit,,normal
W03410,122cFMf3eyqoWCMhXpw5m8dRgSSTLCHUWs,legit,,normal
W03411,17sfX8WNFpYa7JLjdRPvsV1bFc5kMKZ54G,legit,,normal
W03412,bc1pp573k4zscuh63kk3y5fg9su58j56r7vzzlxgzey77er6zqg4l8ysehm9q0,legit,,normal
W03413,1Gy1J292Zd1ihdtkq2zdBVU2VvKwPVc6pr,legit,,normal
W03414,bc1qtzz0a7e7sf5lv9dtmf4v0dd0acdyz0td62gz0n,legit,,normal
W03415,bc1qt6879x5ndp4sjelceq9pp94zmzsfr7am4n9gfs,legit,,normal
W03416,169sk7KLG6mpbmmuWDGgQTj9ap8VDdrpik,legit,,normal
W03417,13humoxRpo8YDi4GCEEioF2T2CQ2mCzpPM,legit,,normal
W03418,19Y2KV8wmwJFK1Z8WkMgkLrGsiM3LC3W4R,legit,,normal
W03419,1Bee2wP9XhTiDHWnRPmrHr99zarRMnhftS,legit,,normal
W03420,1HpD8XAtoK9nxZT4ZX2oJH1kwopj9NqzVe,legit,,normal
W03421,1CSc5AabUSnMb9gi9N2HgY1eu5D7PmYiSk,legit,,normal
W03422,135KNhXurbQGvjfrsv5ZYN9VF1Ei5ZsVhi,legit,,normal
W03423,3D2FvEB1o718jo11c1j9Tp9xM2LZmtBnXi,legit,,normal
W03424,1GCSoMoMHFyMngRjd5kNMVtAfFbQLCpuF6,legit,,normal
W03425,1HaZ2fqiErtD8QN8oB9iPgJgq1tp7BXEHt,legit,,normal
W03426,bc1pdkctw2s6lg2ql4hkmhyhrajazc6e76mvvg9jncvjwwe4rhut9upsm60573,legit,,normal
W03427,1GUB2oi5qeaqYQRVVkwSpa96VNhGVvgYrq,legit,,normal
W03428,bc1pgv70hul2wjwmrhj6c72gweegex2uxaghveezpe4t6jaj750jyr8s2h2f8a,legit,,normal
W03429,135zp2ftLz3nhBjvbgkMc52oUzAwP7kTej,legit,,normal
W03430,1LCpuPC9Y9zNHHAF5ywArTwNhC6iiYgsTZ,legit,,normal
W03431,36eb8BYQzHdvGTxmT1xYPqnCxSAvW2ZcHX,legit,,normal
W03432,bc1qwg98gnt76er2jdfvenkc84tgher2guh0zr5fgh,legit,,normal
W03433,1KeztVviKo6dHEPW2UeESJ264hX1Cy4Lfi,legit,,normal
W03434,bc1qe5jtw8jlhzanwf5m08wpwemt8lhcr6c4987rq6,legit,,normal
W03435,bc1q3sygp3lmx4wvzeamqq2qtycwjey4vylc3cmxsm,legit,,normal
W03436,12Pssfx4j2EK7WSS3KtGXHTFR4Sfow4HkQ,legit,,normal
W03437,bc1qk5prm27t7a98lplaq0c7uhegqtukmr79v3c8my,legit,,normal
W03438,1BUaZwULfPuidBRBFHLu33rdUFT67VGLAS,legit,,normal
W03439,1LJRz6s2HgE4r9kTLn7a3b4ihQbnSSdTuL,legit,,normal
W03440,bc1qwt2hzq5rvwhq462eupuc0thmpkkqvsasvnqz42,legit,,normal
W03441,1H4GFB6ztvpGdstXQNw8Rp9mZUrZXztycL,legit,,normal
W03442,12ie17YjcoBZsG21cxRUKT9b2CUm3bPrha,legit,,normal
W03443,bc1qe7vvevazkuf9vkxv4wwg3vj76cz3cvwnrrvwhw,legit,,normal
W03444,1Pro4f57eCx3Atp4iLE5zwEvYDbMTPHmuP,legit,,normal
W03445,1Gi2jYGpTcjySQ1q7uAgnNNvbJEKU7HYmx,legit,,normal
W03446,1KRHXGMRCXhHJusep5WhSH4SwZvmRioX1B,legit,,normal
W03447,bc1pxxjzs3xl6065xs5emf6u4llv53kw2yluxyxredc23wmn4dzpde0sl6ff22,legit,,normal
W03448,bc1pvdkuyx3slcawgaqhrt5qftp050g5n7vu9myqfj7dpgs6zez72hlq3dp80z,legit,,normal
W03449,bc1qtgd8872c0mwlcpme0wje2xuyurv7sw902z8yrj,legit,,normal
W03450,1Crvwny64uWPNBmvrgHegoL9SukFbRe7Rk,legit,,normal
W03451,bc1qjm00d56y7pm4g09afyqdctxf77j0m768uwpf2k,legit,,normal
W03452,3Cu4RAMfxuSwe5yijE4i8TZMWkhk9pYYEK,legit,,normal
W03453,1AakCSDGF5u9sVEUDXV9wr8DKpxfrFmD9Z,legit,,normal
W03454,37Jg3bJPFhN4JhjPC6qYwZyJwRDDWeuEqE,legit,,normal
W03455,bc1qlz9x72wtkkref7dyu5ldrst4a0cak9q37a7mgz,legit,,normal
W03456,bc1prm986rshm9wqldgan9qp0h7jyxncwjw0zpa2h9a0stu7ehfp4ypsur0vqr,legit,,normal
W03457,bc1q44qeahc82nthgqvdu2th3yf4rkx09kl6wgskaf,legit,,normal
W03458,136F4DtHswYKBRvmFwzcEpQREJpNQfDpXQ,legit,,normal
W03459,3FHzi9KSqu73ueLbkWyS4PKJrKoamQ85pw,legit,,normal
W03460,1AwwCZ4MCXFSbWU8rwSdtM2knuCXLKu182,legit,,normal
W03461,bc1qy8rgwvw4zckdfqysqcpvn6kn0tu0zcluhcsvt7,legit,,normal
W03462,1LUXRHSwq7NohwQEApcKDkxWuzywTJayiE,legit,,normal
W03463,bc1q6y0hvczupypq0degysfwdcvwdccyjunqfynzs9,legit,,normal
W03464,bc1ppdynf50xdprdhpu5lgl7xevyszplydz5sdkaaxtjvwn94zwk30hq0c2fhw,legit,,normal
W03465,3D2cZhMSErZoNYKur3GHq7DzecpnHf8HcU,legit,,normal
W03466,1H8ZoFaPEyrjTc5hKy62Gi3NWUEcepaooZ,legit,,normal
W03467,bc1qtdtjnxh9wa6h4lpkms30qrhk9t9u7a4k5vqayg,legit,,normal
W03468,13kG9LHgEHBsxyNJA393J5qmvGsKATGPWi,legit,,normal
W03469,1Q1wpDjnMwp53mrVdzCevmJLiiTdWPN9Tn,legit,,normal
W03470,3L9msdSEjgtKVwHhq2hWFh27a9suAz2a6j,legit,,normal
W03471,bc1q8f9fsfnaazkrhuu0udqqyzex3ut9t089qvnyd8,legit,,normal
W03472,1LpqeRXgMf3zvVNgTVeP8RmEiwuSBk6k9n,legit,,normal
W03473,1DDP5zKJwFR1t3jyDVmsWtF5jwwucFto78,legit,,normal
W03474,36oZD5k4gxLPt5DDAzx628KWaHM1c8q2NG,legit,,normal
W03475,bc1qf6uxuzt4eawu53andscxfcm9hdzfpyyrftcy0u,legit,,normal
W03476,1LPoGJxvBBv21i2vpZjwQVUFM6K5SMoakF,legit,,normal
W03477,bc1q44c0hjguqcp9gk03ejapvlt08vcwqqsng8r39s,legit,,normal
W03478,bc1qay0yssmwq8ee2tkmf7rhzx305v2fmsa8ex7qhp,legit,,normal
W03479,bc1qee9j6eg9xzu5akh9sjm029g63evclyy2vha9g9,legit,,normal
W03480,1JQa4d2gGVLu3KQaCMqx7ckHZ45ck6AdLx,legit,,normal
W03481,bc1pqe9ut9tjnuay8ch24zz8pp9mj7u2h529nlcjyes65246jkdzjs2qjddh97,legit,,normal
W03482,1MSAZGYtMULhYMB7k76gm2szutphNYVFBg,legit,,normal
W03483,bc1qvh0q8yvpvc3mza6pw5ek7l5mn0f7saz7cz423a,legit,,normal
W03484,1PaLBhg9JyBubFy6evZbk7iwZLWdvagwio,legit,,normal
W03485,bc1qs7eteq7yqn237a0qwseejzmjg8pdrltwjhegkv,legit,,normal
W03486,bc1qhhvatpr0wnau67syf5e3uh5w36x5m07pvkr5wr,legit,,normal
W03487,bc1q6kutlfzvptj0c2cp69z4434jd4rvh07tme2alq,legit,,normal
W03488,3Gv85TSNrsyRvwioxsFd6w2ETyx1UdZRAc,legit,,normal
W03489,3CbDs4s9Eogg43WdbvY5PXukUxwoVRALwx,legit,,normal
W03490,bc1pmvf4kl0c00352ghkr7sxda6h6aescnq98wx45q5dgjxfp0xertqs7qfqht,legit,,normal
W03491,16RYyrPVcHdP2wjbVgDnPa36qTNvrJkDcF,legit,,normal
W03492,bc1paewxxtr2dkmuh7n7z3q9thddrwcfkanz5uxkt85ksrja8swvqanslhtu3p,legit,,normal
W03493,bc1qnackg6d58shcl870wzjnqaf4wd2fjz5fzgrt6c,legit,,normal
W03494,35jrXkBTFRg56NcJncLvEXx21qERi5WRtx,legit,,normal
W03495,18SSZ3EMpiVCCj2RjpcnZHy6p1qrbEUuBD,legit,,normal
W03496,bc1qs8a6m73jrmqzjxj8cwveyhqga92dcf9y7ndp5a,legit,,normal
W03497,bc1qehfvgsvcnahcrrnyrg5kq93r0hpupq0s3swfq4,legit,,normal
W03498,35GXrua3PFBeGktbKMuVshAA3onoNjRmPC,legit,,normal
W03499,12VcJjYZQ1hqzXqq2Jpk8wPp79yvtQ7Shv,legit,,normal
W03500,bc1p9tp40zzxgdyyqw0v7jeamqgwnj4v0p3adac5t6tjtwd7x78s877qjmjrtw,legit,,normal
W03501,bc1qcmf92nmvd2v4qet2emgkecc9kphaswlszaqmup,legit,,normal
W03502,1Q9vYXoMbQ2jt89Hsa83ddvM36zDvWDNDk,legit,,normal
W03503,bc1qhsycdtdh4arx56s0vlsdarums3ed3784m9e0d0,legit,,normal
W03504,bc1pa56gs7svs2tewx4ryxl64hf34we4et5mtkc99g4zjhslauzvekeswmp2wj,legit,,normal
W03505,18dC8yGhkNZAKEnSu7tNGeZN2xHUkVAXh8,legit,,normal
W03506,1DLLbniqzTCgfiLpfmfAnLhk68SNbANUWY,legit,,normal
W03507,1JWAurtiouyjVQ7ZMuJnBRMKoETxMRe5ws,legit,,normal
W03508,13q99sQPFRm7NXPAiXy3kyMU85o13Cabw8,legit,,normal
W03509,bc1qz5p328u076xzpeldx2gtgs9mw97kmjcpy8xtuy,legit,,normal
W03510,17Jbs2Rz9vy6pcfgcUdN5APPzQgEXQKdVg,legit,,normal
W03511,3PcALcjmP2twDLmWXB7V5pFjC7QVWLheXx,legit,,normal
W03512,12pNBZ2vCpG48G32rU6GXdnreKPQV8mskC,legit,,normal
W03513,36aFT4FnUNMXECgSwD7ubswWpYmq7SVzZy,legit,,normal
W03514,1NoGRYLPUfpTnq4mSPNMvtaM4eCye4qPK1,legit,,normal
W03515,bc1p77w0ad2er0hn2zmswpuy5vhuxd428te5e4ylr386nczqv9kks90sckq2v0,legit,,normal
W03516,bc1q2dgd24dtygyxa0jg8nmttukafrdt7exvvncu54,legit,,normal
W03517,1Kc75GyEHvgYbkBiMHHj6WuLr5FYUVLqDQ,legit,,normal
W03518,bc1qnshztug3grlx2z0m2ktmtuykx72ktj5ellwet0,legit,,normal
W03519,3GgWjERjDGVYxsMXefatunpmn3brzFdFBR,legit,,normal
W03520,bc1q6cq53qynrjf9td9l9kwtafna9rcl7lhatfkhgv,legit,,normal
W03521,bc1p5vth9ajx3jqf7jx6laephjcm5qnu23zaefqt5cf9tflmmw0sl8mssgfuse,legit,,normal
W03522,3EMfz5eoLpfCB5dqQu8wQXQB3zFqgKnyFE,legit,,normal
W03523,bc1qw6l4jsdsaggdrdc3wrzrf3fkty6kusw8dqj85n,legit,,normal
W03524,3GR2obkjC1onF4tBotqnZEQUzSGr7UXMgy,legit,,normal
W03525,1NQGmLPJBaW7Prni3c6VXjcsimLPikPVgp,legit,,normal
W03526,bc1q48ctf7dlyru7rfzdadsfm7udumzx9tuy65wlm7,legit,,normal
W03527,114opLxUeut8MNKwS7Tcy9nLzneKs2R7Wr,legit,,normal
W03528,3Ez655b3o5Vxk2jR4iawCVXCCAG13SboLH,legit,,normal
W03529,bc1qpyzt9d7h3gl0yzsh5r2qfkp9jncf0s33rmv4au,legit,,normal
W03530,bc1qrsrkge9dtlg52c2s4pt9jmz88ag6t6gmhkkw77,legit,,normal
W03531,32G4gQu7CwD9c4FG83eR9bM6Ev6zUwLH5A,legit,,normal
W03532,bc1qswrjxgentym43s5efrwpclgg8ma9fpjmpepr4t,legit,,normal
W03533,3EC58yXfCF92gyQL4CsKTV8yVaaabW16t8,legit,,normal
W03534,bc1pl9sn0mklsfrx32x07w2xqgv6zpq6gasp765jv238tg3w5etrm8tqgj787h,legit,,normal
W03535,173XbS5WrESJd78dAwJ14iqt5acUH1j4fD,legit,,normal
W03536,bc1q934glxxmzqrwtzx7amajwge29p8ev63ppmxngm,legit,,normal
W03537,1Bw1m5RMmguYkLU6ckHdM4Ky5bkeJxKJWg,legit,,normal
W03538,15gpf4mfHDRhwqb1aHVAMVipntkCf87MtN,legit,,normal
W03539,3M57i3V3VBxiYLXMB9d44oG4MSAKiMbEPG,legit,,normal
W03540,bc1p6pq6hqkavtj9pjegss69jc4t6g30cu3lrtttl6y247rl0fj47y0qr2lwry,legit,,normal
W03541,1243iZbMD4L6E12iK9yUECQTyvnWjKAanW,legit,,normal
W03542,1DkEYpbh7p7R4gz1PDAVdJgssJm1BqRzFR,legit,,normal
W03543,bc1p4lzfwn5eretzsrnpf52l9rvm92jxmef8lj9eefm3g2k7ynv8wc8qfgjw3j,legit,,normal
W03544,17GWWsznPWE72ZE9NnRWj4aBNN7Fni8PaM,legit,,normal
W03545,bc1qzmt7ma0vf5ykv5gyhxaq7jt95jhrcydrf4kvsn,legit,,normal
W03546,bc1qtaunqq556xcw995pruvn2mw05tmvvk9t2735ne,legit,,normal
W03547,1HmLbMB2GbMn845nv8rWCGq2manRm1pxFu,legit,,normal
W03548,1CEhzD8oiMvQhbSHsCLvtxi69NmBmcoZQz,legit,,normal
W03549,1NBHB8Xv724c9VAnvEzrGSjnS6SZ6kY71,legit,,normal
W03550,3Qc5M3SHkMQvTpTY4vAGBadbx4KBSfJzZ4,legit,,normal
W03551,bc1qnzgys7fm037mq2uedqrndd3xeuh2ey57mkrjty,legit,,normal
W03552,bc1qhq3kdmrr4w8wnsnjwt0cn0fv23v02q2pmqek23,legit,,normal
W03553,3DLpTbm8Uuf6r6QXHbqzrWE7jsrH1g1z7s,legit,,normal
W03554,32ZZdQWp1TgpjDgpGMa87H7SxT17wTfPhK,legit,,normal
W03555,16ev7HurMEdi3bVtNQPaGSpSWeLmAENV7D,legit,,normal
W03556,bc1pmq3naxjnz7w7t9d6mggd6h26qgh2u4mccpck0c3ryzu54xw3l4nq5zxqwa,legit,,normal
W03557,3PsjkupLAYNgM3tpQbECbp14s5Tfm8T5xo,legit,,normal
W03558,3Fn7Fy8uQaaL3dfN4z4MmMAZUtyZySDGHa,legit,,normal
W03559,bc1q2srt2c36mdss5nwkxtnalxyguq2rldf38etcek,legit,,normal
W03560,16CrSEo9ZkhCHfjsXXU2brziSGAkxBna9k,legit,,normal
W03561,1DBg1YhEJ3La2BR8FuwVDWMefDZCfg5BqB,legit,,normal
W03562,bc1q6j9lmg8384muwq03p88jsk43ltfsrwfq0g065l,legit,,normal
W03563,1Doc4WHXQxkTtpfPKpdU9QZ6G9KZ8djLjr,legit,,normal
W03564,bc1q6q3ssur0a6ckjfyc4wkmsgaprghnveyg0jszdp,legit,,normal
W03565,3PZmFKP4tqbqAYkJyWdgmPT9Ue9BRZezUS,legit,,normal
W03566,bc1qyf6z28cht0ja28eln657qz9n3r5yhh5sl44h86,legit,,normal
W03567,1B27tmhiuSwt56bVBndwMVMiPNjAimaemD,legit,,normal
W03568,1Mo5DsqeP7djPsUrUXibbpg7uAyQijJ4KV,legit,,normal
W03569,1PJAbGteHXMfnZjdKYqTn8kghJsa5zWEVr,legit,,normal
W03570,bc1qk4np73qwcaw5tx7zujyvsuffppalfufnmrzdry,legit,,normal
W03571,bc1qn7sdwxyvkq0kkp3fe5lw2wv3qhf3gtpjr3cpp0,legit,,normal
W03572,bc1qf66pvdkyq3c7sj0sklgekl222dv6c4mkh5ld4n,legit,,normal
W03573,bc1qhjcw0jl6uqgfnrhxks3rz9lvepmncuk55ams9y,legit,,normal
W03574,17uhTQhg3rrqFHPJWXtjwLF4YF3ErnAXyx,legit,,normal
W03575,38YSVHACq613AoRvZugZnLHojxEJaUQj4f,legit,,normal
W03576,19BFLzRjuNzn9hwS1NzuUby5eTm7deH4NA,legit,,normal
W03577,bc1qclwkjjduyqrxvg3e5cnysgx2947acaledj28h4,legit,,normal
W03578,bc1qutxct9r7kykgrvrmyvhevjxu893q8vneue2txj,legit,,normal
W03579,14FMiipxT34RoP77mxcNLYDzNjUen5mFjj,legit,,normal
W03580,bc1q0t6r5772rj6kkqe4lk6ln8ptj9jukv4r3q6aep,legit,,normal
W03581,112ernrHzQsX4mrf7pj56KCHbX9Zdiq4TG,legit,,normal
W03582,bc1q2tcwsw2hhakyyc396j7sqhlk0nqr7vq9d7n2w3,legit,,normal
W03583,bc1qpu84zf8qyj6y407ektn8tqe6qrpggxhs2544s5,legit,,normal
W03584,1NSYt4FX6vDRAnpXQdTgfnPn8yBP2cnrML,legit,,normal
W03585,bc1q87vgqcje8d396shns3lm8sac8e3lev8755l4wr,legit,,normal
W03586,bc1qffeguxlxtk9qfwrl24rnaqds84drkfa9wpap20,legit,,normal
W03587,19KcGevA95CVdLgNjTkYngkHuXPLsdxGJQ,legit,,normal
W03588,1AowNPVcSEDW1vsAA94QGX6Bh4RcDxF8Fq,legit,,normal
W03589,bc1qxvug23e59tzpp0df3g6f8je4xdh94utm6ptwvp,legit,,normal
W03590,bc1pt8km47mvlp8acj8s2ue376rcy0044p45rdqyd6qq58hvfelql5fqe8el7r,legit,,normal
W03591,bc1qsv5f7n2fp3zuj8cd4gjjerlfecprsnkgj4sjfh,legit,,normal
W03592,1NkztRn4DrrdzdNAik1Gy1w4DvSFB9tJM2,legit,,normal
W03593,bc1quhcn59yjtw2wgz78wr8gruj0625rpzrr2p9chc,legit,,normal
W03594,13c1Rgvmn8kK8vCbaq6HK3QtXYqyyrqNHB,legit,,normal
W03595,3BsXgaRkPjoRQHRhfz3yeKukkU9zN9cNzH,legit,,normal
W03596,36fGgTjj47gie2LE7AHvnsgDjuws8xPur7,legit,,normal
W03597,bc1q420dyh2gl07tyht63h3s7vsd56xwn7nhqnhjd9,legit,,normal
W03598,1Maw9NYkkMGjoie557gAF2S3HjaqYbAoso,legit,,normal
W03599,bc1qqj42snjav6x2aal00zfwy605u86q7fhwe9ka88,legit,,normal
W03600,3FwfGDPgLvcuKRNF8Nr1uGHDBuLvxtGHKg,legit,,normal
W03601,3528vxhKBu9ZwySqwKDKXnwZp2k6aFfvny,legit,,normal
W03602,bc1qsqjsmuq8xmgh3hhy07x0mqqaju43gh7xue89ga,legit,,normal
W03603,1NTHJH9XwTFHVzGBdAVQrPpPqTgQeWr8jC,legit,,normal
W03604,32622cJvrCU56rLx1CU3MS4JZ7rSDspUVD,legit,,normal
W03605,bc1qrn8enxqd9dwvayhq30ek0c9da958g3cjjk0kn0,legit,,normal
W03606,bc1qn63uag65n792vvslvxg7du2xpxt5l2r47nv6tt,legit,,normal
W03607,3FXYDyhA3aEHB95cJ1e35vAsgqnuXyxjbV,legit,,normal
W03608,36qe1vB3Bx8pYwHx5iLwBDb3QkHxvUXeTL,legit,,normal
W03609,1FsjRWzkJ85BAvtfFr6aSvWphpV1fAFaBq,legit,,normal
W03610,14ZR45TUwtWp9WhwKPs7MwoWYDGiXST4z6,legit,,normal
W03611,1HQMGbFa6mgKDZ33A8BMTLQkRZkgLYeH8d,legit,,normal
W03612,1Dcbjepx277WHgsUxFBYnm4Z96UoBwupbE,legit,,normal
W03613,1ANnaZnZzkiDmgmTa9A7m2Nr9ZxrnN6PV1,legit,,normal
W03614,3QViuzpZvSHjx3aSFp4PctdmBdvjPxyesL,legit,,normal
W03615,3PZ2VCW48mpuchsLWkK9Ng6kinb1iRGG1G,legit,,normal
W03616,bc1qges8k2kgkwdkyey882pg366qrxdwvldy8wsvtt,legit,,normal
W03617,35Q6z7Fu2CYZyBSCmJ3dtrCXHfwYc1mXia,legit,,normal
W03618,bc1q4pkgkllszeuvanuh2xrtlas5uu77uh9rwk7luu,legit,,normal
W03619,bc1qryxkgw492v0g57jz435jz5vc506qreq6z3m9gw,legit,,normal
W03620,1BMY8yxxbux1ZC1WLvy5GUfi5DiU7TfXR6,legit,,normal
W03621,13YN7xkqeth2BBwYLSxtoQbpifk7rPfgbC,legit,,normal
W03622,bc1qlp25j7s0zul5zemkk525y0a9ee925qa5833t6j,legit,,normal
W03623,3FqfFwDSTe6fQKcym5Uq4SjA483D6vdo7r,legit,,normal
W03624,32CUvdd1E2gWjUcrUwvGoepBo9Z1AC4EXR,legit,,normal
W03625,bc1qr2h9p7xtsuruq2zfkcgzuwsq3dqupdwzc3783u,legit,,normal
W03626,bc1p8vfd2fdgztraunzqqel90sq6mcs3v0t7dt8phvf52dg663vkc9vql6zun7,legit,,normal
W03627,bc1p8numm3fawx9760hym4gue3rc4jk6hrmv8y0n5ruykja2krwckasqpmn4eg,legit,,normal
W03628,bc1qnupqge3mxep6z7mlhph9nsklng4a2t8z8a0var,legit,,normal
W03629,bc1px2atpt99ew66s93s786rgw7v39w047d2fczkn279nc8s5f0u7h5qrma282,legit,,normal
W03630,3Gd3JxShorgzxKcxEZVKmVC1LeWAqgr56n,legit,,normal
W03631,3EwSJuB5hoFT1wakC6KfdxVAippAaSMKJe,legit,,normal
W03632,bc1q0453smfy2wxvu3u9ypl5d4z0g6qgw7n7h93t9s,legit,,normal
W03633,bc1qmjcpfh76gfl08gat5zc8lnz8sfpr0ylpqxljqw,legit,,normal
W03634,bc1pg90846e3qf7wz8zhpkl3lh8sthke7satp452c2wh6ztguwm0a0vs80zsyf,legit,,normal
W03635,bc1p4kcqx27l089tw6wttxtz9gudmmlc5yn7nagpvsnh9zrlpgz8k9aqzecyk9,legit,,normal
W03636,3EsMRuR6kmRMbUAx89wkQ8UQ7Nxf8RU7yV,legit,,normal
W03637,bc1qlqfclel5a4hhsgckvd99agufwc3smvvve4dzqh,legit,,normal
W03638,3QpdLzzZRs1NJJVFxkKoY8TLaqwtyRtpPX,legit,,normal
W03639,3MCUSHZDH9TNeSE25j4cko7H5NbNcqMtCG,legit,,normal
W03640,bc1q7nu43q2aklrhknwnnrwsvg8r90664x4d4ns2xd,legit,,normal
W03641,15qRE9PqLCAqLfQy19FUt6Axv2FRvAggPB,legit,,normal
W03642,bc1qzhphptn5xc4nau3j4l532uj6tkxnxp2fxz9qkf,legit,,normal
W03643,bc1p8gqd5t8ycny6fu2u4e2kwq5cgc9aal9mavvk2qqva6xzy855s36q6uphrp,legit,,normal
W03644,bc1q56j7qfq06ufn4pd84uhpjplk86smde9srm8sud,legit,,normal
W03645,bc1qpvtlwfr466yjm8j7dhzzd009uu78v8y96jsyap,legit,,normal
W03646,bc1qupxc0w6qnw3fjkmwlv9jjw0w3ec6jkcrm75mnk,legit,,normal
W03647,3AvvH4gXrqYBfKm11P6yNDNXdVUYzBUt4o,legit,,normal
W03648,bc1pqygknl8rjelrkj0u4rkhkes74gxq0dkwc4ysfj2grsmkmtjfwvzqxn9fkg,legit,,normal
W03649,bc1qrjzggv4t25lq5tpx6l6yfhgq9z5agewcwdgat6,legit,,normal
W03650,3PMMHocBy4mY3bDJsJmgESjxrVsXPiaHoM,legit,,normal
W03651,1EJKbmqUB9vuZNgmXbXfa3UDBKAxi1PcV3,legit,,normal
W03652,1F8jnwWyiwyGNNS5PLgwaxPRHzdUmeTEcV,legit,,normal
W03653,3LYc6JXVdLbZL4c3VTYSVsP61WCJwmEFKb,legit,,normal
W03654,3Quxm1eT3PyECDmMnSGUHgsbqrB8SoVa9x,legit,,normal
W03655,1FPFgFUWdH4oWMcQ3CSE8LjazyJdoPrRTR,legit,,normal
W03656,bc1pvrsfqxldrekeyl4k89l07y5q4cyu6xpl44s4q86s0rvvkgfd56ysac0wgc,legit,,normal
W03657,bc1qaarhatw7w8mdvjlqqqtth8q99dadewv5u2l948,legit,,normal
W03658,bc1psdka0f0d9mya4vmdhtr0v7d39y0gafv9mp8fhx2avjp2ee9e860s2gf3xm,legit,,normal
W03659,38ywQMoy1pLVC9wmLtZR4PrXRrJBa5EGr1,legit,,normal
W03660,bc1q49nvv9vjvjlu9s6ygcz33ftskgrgpffkfsc4mn,legit,,normal
W03661,bc1qy2qf65d6l3jkrgadmtkhc487w5zxkyq2d7k8fh,legit,,normal
W03662,bc1pslezpuuqm2hk9axpv2zu54t5envp845lg9l3sd94k9u440fgfw3scnvrj6,legit,,normal
W03663,193XAEhrLucKmGrZ5W6BAAxDCDjeiedhxF,legit,,normal
W03664,bc1qnlq64e3aahygt0yp8r0ynnl64du6tnn79thuh3,legit,,normal
W03665,381k8fr2NXUvacxUSxZBJgWTtP81poc3JV,legit,,normal
W03666,bc1pfr07eeskjewqdp6svjlk68mv7gchj9a0p8gjjkl77nzhgzfuy0eq6t5hjx,legit,,normal
W03667,3EXxcWK1RthoJtS1dqp8QsaRh6nrTwHrFS,legit,,normal
W03668,bc1qa9gyep98e5g6ctdtw5q06f9p3ty75clfkwqv3h,legit,,normal
W03669,bc1pcyg2euvqk85ch6yd7d9evr5rvfwwus0wkek2ycdqkfe86tgqaq0s93pt06,legit,,normal
W03670,bc1qmk2742qx6mclpnj3nwap3atsl442grm36nydtv,legit,,normal
W03671,bc1pxpqq66mkxq5sj92cjxm70nm4yvdxcum8ztg3rrfqy22ytz5ch4qq80vzuw,legit,,normal
W03672,bc1q5jpxuyhxe3d2g28wr55q4cl0qaxws5ztsz9afh,legit,,normal
W03673,bc1qpjyjqdq6cg06zwzqnue5m6tt6m47x9cwe3x8az,legit,,normal
W03674,bc1qxd8p9lgjy3qux33r7qwhfhh2q9xvy56u79lqye,legit,,normal
W03675,1QHtFPx2eg4b87YPyQYz1LP1wTQS7ryiL2,legit,,normal
W03676,bc1q7p34ywtfrjl25fcclsvendqq0agjkn5d6qrtyk,legit,,normal
W03677,3HeKJesiz6MBLq5zWUcNM1ZSmDBq4xN9U1,legit,,normal
W03678,187XSWrzjviXNcd5avQPYHBWvRgU5wqEGb,legit,,normal
W03679,bc1q7wj0cfn9gcrptdrmcwjs5qzlextrfrkpf9x5zl,legit,,normal
W03680,1FiGN4bsbFo7pdq7PEcpuGdGqh4jgh2f2i,legit,,normal
W03681,1PRfPf9HComzjMVJSHYFRcfBQP6XQBJyCg,legit,,normal
W03682,bc1qgmdeyvsln6ynlwg83kwjzmgx2c9l2x36wq3y8m,legit,,normal
W03683,1F3K9xC961Ee6JiAfLhvqRB8Tu2JjS41cp,legit,,normal
W03684,1FxGC2TpHrWWZwLQxLZBfqWr2peYbFmgs2,legit,,normal
W03685,3HEhP3n1e2CBV7KgXNUheuZopSxHjyAXqD,legit,,normal
W03686,bc1qkfcn8kzn8n06jfmua9dfxq5anfl9q6420cpn95,legit,,normal
W03687,1DFSe1Cxj3EgAcusytEVWtA596x6cnXkRi,legit,,normal
W03688,3KwGLhxbAQfPuNee8zrh61dFeK7SkbEDA2,legit,,normal
W03689,3QzGhFuCWhjPdhs2dqtEWaA4fhYdX7244t,legit,,normal
W03690,bc1q28fxtnj257fh5exadjmcz3fyz6fpuyucxpw8lx,legit,,normal
W03691,bc1ql2wp7098qk5rn29yq26kjy89rcp564ygpgl7kn,legit,,normal
W03692,bc1qfkyvhpp5pdcudtkpamp96xyyas3k4aecvewk8x,legit,,normal
W03693,bc1qq8rvxv9gl05cmnjsnfslh3tkm88paw43qjktcm,legit,,normal
W03694,1BSWs5wvRJk8HFrLs3RHE38QgC4fiFC6c2,legit,,normal
W03695,bc1qjw4l20hk34cp7qfjhcgwvreurtuvppgjz336as,legit,,normal
W03696,3NuMmoU3Kr7NFpUM95mV84DDXB3PhqcveQ,legit,,normal
W03697,13j6BJc39zqTv527tgydmq3rDwkaFhp4Rt,legit,,normal
W03698,bc1plenu3yve08juk4y4kfspr4rfa76g8sjh9t6phmnsx5zw3766m3gsprark9,legit,,normal
W03699,1DDDZsaWwmgAW9KofLeKXByVtnu3CLMdYK,legit,,normal
W03700,3HNXEciCrYP4YT2KWEqxDcEjAAa6ztbYiZ,legit,,normal
W03701,35DMicnYmwHdC97mgFBuxetVW9HpsU61mW,legit,,normal
W03702,bc1qpm6y6wrf2jw9kd355tvlsgq46k64vpqlx4mgca,legit,,normal
W03703,36qRYMnTh6bHvSPAj7Ws4yE5Jwb6P7MMqU,legit,,normal
W03704,bc1p00vgnlcxqchlnxz9mkhettuy0fskl6c5xc2em954x8nggnsnpl5sak9vne,legit,,normal
W03705,3P3hc61N7ty8X4BAJTjtTURbWqTPCuVerF,legit,,normal
W03706,bc1p7h7utacftp2hvw0hfj8zy7z76r0p3wxqgqk25xn5mp0ryemwp92sfu0ruc,legit,,normal
W03707,bc1qkueu0kg9znxt2d4zfyww6lt3n9d3xqvmm8hr48,legit,,normal
W03708,12EUjnY1UTovnbiU3oTMTuZerumH2hWgeR,legit,,normal
W03709,13jjtn19vcJHdEBbQyx6wrHeu2NVny7zWf,legit,,normal
W03710,3M27cD82RguH9yw5XrmueZm8LW8LadMfMb,legit,,normal
W03711,bc1quec0ns5z3kzu496xhtng2hngyfjupspwd2gwdq,legit,,normal
W03712,bc1qgce0qnewd4965vtv2gfgzzc00y6k8h7qpq6aum,legit,,normal
W03713,364WtGFqx4VG1naUTtWetMBCzhcGidV8rz,legit,,normal
W03714,12kDKzuqrDAWVVF5qXdy4wzFux2LWwEy6K,legit,,normal
W03715,bc1qgv28gakhkrmwjsnnkcyyype4h0nmmr0qms876c,legit,,normal
W03716,bc1qjt222jchz5qrm5hm74ltyyz6960wm4s68jp6qy,legit,,normal
W03717,bc1qqduu6n5cxmtejphus3kdva4dstwnzavgjlugdy,legit,,normal
W03718,bc1qk6av6u58srkuzj8fg24p3crhrde72zakfagaky,legit,,normal
W03719,38Lqzi4uXir2Uu5E1LJSFh6ebhFfy7q956,legit,,normal
W03720,3QcYUtUH39xeS9Vfx37gjP9Ze8VH2F7PjJ,legit,,normal
W03721,1bZ3bea2SbGUMRLSwSnGJkkWvxKnC3QsC,legit,,normal
W03722,bc1pqzhngnqf7y8zpfzwz80jjpz7d3lrn5svqx4kemkd7ew5j980fy2qx8mk9l,legit,,normal
W03723,3EsE3jsWS3x96vbKP1EvH4jka1BqzdbFgP,legit,,normal
W03724,bc1q3ermaq8wlazyxtj9w39zyjfcza8hpy6f5v2e5e,legit,,normal
W03725,3FukkFtVUqXp14BVLfZr6wVyuLc7bQpc1Y,legit,,normal
W03726,bc1qfegntxn58ne002f72hpjkajs47mnqzwnajh5fp,legit,,normal
W03727,34HFQwBRuaqa99uSHF2rVFkGnRABqcX4jm,legit,,normal
W03728,bc1q7y3mdahjcwwprmramcrkdknf4smnqt6fjqlpn6,legit,,normal
W03729,1A5gSu5jkBUW6FUE5dE6MhZ2THES1KwuuD,legit,,normal
W03730,14npLWNZNZFei42caEgWZYyFGoLJu5ggZc,legit,,normal
W03731,3GkfZJ1QXWUXkhhPdBo6RaHLphKyPoezkv,legit,,normal
W03732,bc1qf8kng5p06dgr9k04nglw0p6mlmqep7m0xzc7qn,legit,,normal
W03733,18kjGzHty7Ua2wsBpz26MQpX41igspnG6z,legit,,normal
W03734,1GsrrhztViSbxNnwMDM9bZxyYSWmRWdcEK,legit,,normal
W03735,bc1pucmp6vxgz59cngge0qx7f6z9fp4etryjjt3c9pxtwerdm6gqfskqk8e7wc,legit,,normal
W03736,18ptokswURoT7SYMpxm4rFRRD2dzRZiLGV,legit,,normal
W03737,bc1qnsxzhvcu6qszhuv505s3rv0xg09d22459895rj,legit,,normal
W03738,16AddZrB63b5F5TZjWKE5FyTD3Cxu4LACd,legit,,normal
W03739,bc1q3kxgwsmntqh4jlfj8p5cuphzegry47246jap5n,legit,,normal
W03740,bc1phqppq2at3luns4p5a3uhfna25nnlrvfdcumzhztt67zjdg3jhatszdm822,legit,,normal
W03741,3GVQ53Bsaq7mnsVuXyifJzHZjPo1yMHSXG,legit,,normal
W03742,1AQ2xtajmzU3McaCoiVqpW9xb82TqyXP3m,legit,,normal
W03743,15QUWJuGovWrFepXCbqcivHPjUwANUXDpv,legit,,normal
W03744,1Dm7mCaX3Wre9s95Cfzek7KtRW3r1dxvdy,legit,,normal
W03745,3LigWh4jvmcYcyqHFzgzKUMbXhNXURCt3n,legit,,normal
W03746,1BAqjLu3y3WDyuimjpwUbTdCmyZpXn4BYX,legit,,normal
W03747,bc1q45644f6j5m6rv3grlcru9hynzy9alkqtje7tv7,legit,,normal
W03748,bc1qkmjvj6dsq8jwqf4a66304rpemegwevdmhc46ez,legit,,normal
W03749,1DHTVZKSujq3XtZn7A2qMdgodYgvSijQnJ,legit,,normal
W03750,3Qjrw1SFvTuVtqgTdbKnSvTKGiRbAEZWtM,legit,,normal
W03751,bc1qa9wwx53jrj2ez0vus4qmt9ek8fe7gw3euqrel5,legit,,normal
W03752,bc1qpc66k762k7x9shjkzfcdpr4d0nx9r9nudqxfny,legit,,normal
W03753,1EFJRmgPUSrUz4FxSkN5J3nC4oKtKKw9Z2,legit,,normal
W03754,3BKrivocroMaAdQGchx2DiWMSuavh1UPr6,legit,,normal
W03755,18woCXnQhcoYjw7wNDuPyHQTH5cgkihZBk,legit,,normal
W03756,bc1qexn8wm3g499fdn0vxqwyf4p9quc44csa3y6ku3,legit,,normal
W03757,bc1qgnc63v0v6fk6mgv7jvkw0r5wj2me9r6thd3j70,legit,,normal
W03758,bc1q4z38u9l97u4a7s7gsyl67ayern7fyyelxkf4z6,legit,,normal
W03759,bc1ptgfn0t5cl2c9x5kpj6vy200v0m9e846hlwmzrjastl6g99y0t6tqkkgdw5,legit,,normal
W03760,bc1qsg8jfxpj0vqr28ydwrfnnqktjmfjfcxjwaeles,legit,,normal
W03761,bc1prj0uz9vt7assfdzk3z0xza84td7qnl8chcawkx2kmmr2zx2l784sewsg4z,legit,,normal
W03762,1EWVT9wbUjrk9agFYjFo98HLNxbnSsd4Wy,legit,,normal
W03763,1DUvqfjbsmg9dSrprsSu2Aj9DRZMH8eeWb,legit,,normal
W03764,bc1p0zh0f6cg8vg6y7ssnc6ptjsftjknn2negqxlxt4zvvyrmzq4nlmqpqetg8,legit,,normal
W03765,bc1qdp5hjxhvwnsj0asj40fl0aspz9q2leerxcakp8,legit,,normal
W03766,1BVttPzPLZbHdtbF1d9wcUcGxdyS5YbFYa,legit,,normal
W03767,bc1q8krndqgmpgqt6da0zsxvwzl6pfhl8x3zal5ah3,legit,,normal
W03768,3BUaqtsLpKeh9cGPfkzh852kAqSm28UE67,legit,,normal
W03769,bc1qcx38zesukza6q6ys0ctgv4225tnfy7pvu0zhdp,legit,,normal
W03770,18nN5EcgHoBNxBi7UMeccDLdtLFBSrbvQN,legit,,normal
W03771,3G9P5oBHAbbC2MtBRAVeDAy25ZbNDmmMsQ,legit,,normal
W03772,bc1p2h0tzhqd99f7jnhrlqlu4mm3ek5yaqg7eevsq82g66rk2z6q008sc8wwf2,legit,,normal
W03773,bc1q9ljxph679lpx4e8fk2j3v8nvrvc9fe5fxzf35h,legit,,normal
W03774,3H6KQNbgtHizf8DUs5KT4uAXpgywHQ2ime,legit,,normal
W03775,1FFUWC4nZo1RsTcPxHdb3CqLtW4cRUoh5c,legit,,normal
W03776,3ANgTXPczU2DHjtCRGL7nCRLiLVhgXfpNs,legit,,normal
W03777,18W55j8QYGGkuAx3J1Ayq1CG1ymfXKcHWf,legit,,normal
W03778,bc1qvcvuve0mg588raxnyj4qss2hza4lw4ens2yzz9,legit,,normal
W03779,3QQMQRU14ugAuA9GVhxEATXnm8xR3FCsad,legit,,normal
W03780,bc1qrz9d4gwmkurxfgqgc2wqct6plrnum6juqqj2u9,legit,,normal
W03781,3PsQkciSagPPccPabaJvTHNtTkr6X5MdNn,legit,,normal
W03782,17Ei1DpgvVfWDwgSJd88Q5PhLnXswJ65Yq,legit,,normal
W03783,bc1p0et94rh8fle8zwrwh7me4zcnmfpndwcvp60qz8ewrs3jzry85glssc60z2,legit,,normal
W03784,bc1qm7hkl2j4lk6guuer85ld3dz4mnl8yr7kkxrfxn,legit,,normal
W03785,1DC3LDi5PM9z9PqxQzZ1aDF4GsQ7Y1F447,legit,,normal
W03786,bc1qyfk34gqsy8lp9rptrqxkkqdcj3p4q4enaqyc9m,legit,,normal
W03787,bc1q3xs7uw5w7ghxt83d0sv8gc2nnvzxjc6z5rfm4g,legit,,normal
W03788,39jVAjgtHThi8NL2XicgxavMn8ZPjNgrgv,legit,,normal
W03789,bc1q5y20hsw88fqrukfpu6wgxuwwhel0g6p8dg9s2s,legit,,normal
W03790,bc1q6g58s3vvs3995r0tz5pu4vez7ucjd7lxy228uj,legit,,normal
W03791,bc1qz62uhvqdfkgz6kpwvmvf7hwrwmqa2t8u5lh5ye,legit,,normal
W03792,bc1pg0a9paklfx9xatadsvd8zgx7y36ze5e5ah645amys78k23ln762ssc08g6,legit,,normal
W03793,bc1qv082y3vmsvkwdd9nujs3a0jkvehl5kkfcxsd5q,legit,,normal
W03794,bc1pqkq26ye758742crxex7c6hd7m8newp4xezjn0hhz95harvmsvdlqqlzjvq,legit,,normal
W03795,bc1qar0n672yzrjynmasxkqt4jsgdvc6aa0t7z4zwq,legit,,normal
W03796,bc1qqevs9ln0p7uugrz6923z9k9klme0djaxmwddz9,legit,,normal
W03797,1A6EETqtn8pCYWJX4rchpvpSdCZLwdkLKz,legit,,normal
W03798,1qiJDduiAonvZpGuptKy6rewWQS6t7SBY,legit,,normal
W03799,13a5RBih7E8cnPNVxsKqBqYEMP2GJaSoXz,legit,,normal
W03800,bc1qwnfufc5fmyh3xzh7la0sh3kr8a3zveakx2uk08,legit,,normal
W03801,1KJBKzaf6Abixq9CUNjYcK6gqBJLTa5KRV,legit,,normal
W03802,bc1qr8gxwg9agrvc6rj2aedgvnhj08fdv22fsjdmxw,legit,,normal
W03803,3QnCguNkEeu9PJ7ek8jtWR4vUcMpLd8PC9,legit,,normal
W03804,bc1p45r7r0nuahzper9656ytddv6ucprjhr8y6rmmjglq0mv0muqq27s45gzjy,legit,,normal
W03805,1Gx2Q87uYpQSGaKUgssL34U6nS4Urs8zxz,legit,,normal
W03806,bc1pgygn2j8peqhuepfuzw7xtag828rmp7n4tlxry8x905ft8704r2cqum7a2n,legit,,normal
W03807,3B87WrifmSDN9r2BzumGkCbvhyJVbtGPaW,legit,,normal
W03808,3PrXbqeuVQSV6PfN5asNJX1YrFFdDNsuFT,legit,,normal
W03809,3Nw9a8rPLikC7wzo5itsum61SyAeHPE3Fe,legit,,normal
W03810,17Afmztz4FohsWhU3NusBfdHoWcNvTq5ev,legit,,normal
W03811,36Jxmhcs5btMv9ZaySCwL8oYtbjbsZh3Zs,legit,,normal
W03812,bc1qtamcztt98x6w24t0d898scg2p0fnsmva2hymw6,legit,,normal
W03813,16VRez5k95aCXMgP6NLXyKn8YUrJaNmgxC,legit,,normal
W03814,bc1qcuvn77dgzl0wrfd3hj3hkagtjnctrstmhngdjc,legit,,normal
W03815,bc1qrqe2hptntq3mxhnu0pmknpwl2zg88jw4m4v68y,legit,,normal
W03816,bc1qyhwg80vzzmeteg8ut8vw0vtas6vhjv220ezukl,legit,,normal
W03817,1JH5v52CuWLHF7PV7W6jUjPDwDH34TZ9qh,legit,,normal
W03818,17SMvHuzcYvq9p9J2FuvMZ9dirrEbRHkiP,legit,,normal
W03819,bc1pad685tcc8n8v0s3w5sdfmcjcjy8e00qg0fw52z70hmz4ztpwp02sl8enqs,legit,,normal
W03820,34LYSjGq3w9sRnTjYSYqZYa6xy7vZfdoRU,legit,,normal
W03821,1EEphXtrgXRPeRXD4XbYHzBPHMYgfPyhWy,legit,,normal
W03822,35kkNPrxfTMHWU6Qo7x7hvX43uqgDTBDBC,legit,,normal
W03823,1H2iafuFva3dGKYWqPMbk2Uw17HdYrHQR5,legit,,normal
W03824,bc1q20axhucfez7ejckxz8eq9teqaxtx3zs93sxmng,legit,,normal
W03825,1F7SJAkimUeNGn6QC1ngGmScvVFAuFLAw,legit,,normal
W03826,18kyBRDUVSifteTLkGnL4zVHm4ZNGZSSwk,legit,,normal
W03827,1EUCZZZF4ci2cH4U1ahVVZTbHES3qs8QPo,legit,,normal
W03828,1BPokLPszrHmCpQWc9tW1x4qxivdwsMUPv,legit,,normal
W03829,1LCjGwjn5JRZoc4tC6PfHz7JwNN88F9kCA,legit,,normal
W03830,bc1pgym5pz4cuhsqj4zpz7jhkq35majc3jzkf4wlhrhxrrtzkcuza93sqgkfz7,legit,,normal
W03831,bc1q5k9k03zmt99fhkfehr7vecg6gnrrh42wu9mv4n,legit,,normal
W03832,1Ej4D1FVjNCHupcmWEmsRWRFd6edWcyGZb,legit,,normal
W03833,1P1iwQALcqreyHphpUgSaYpFmXfqFQ7YLA,legit,,normal
W03834,16BbmuEFgdzmZU4StrxPCRBrr9qVMUQUeW,legit,,normal
W03835,3E9KbuWggHyEFRv7redqbaYjteEAWuRPgX,legit,,normal
W03836,bc1ql3cvraptwm58rd43aklmsz3gpretnmdy84728x,legit,,normal
W03837,18iW2TcZhqxqXUdRd3tZm7Eihv7Rz9Dvp8,legit,,normal
W03838,bc1q4prlvy087emt4zcrktvuclytemk2ylnmn3xxlp,legit,,normal
W03839,bc1qudgjq2je49tpnz9l08qp4vxn3g8h36082js7tg,legit,,normal
W03840,3Fr3ixqV4wXeL17eXdroE3SuBJULfKpttN,legit,,normal
W03841,bc1qfhkghchfef8j3yqhp0kkmuyvcn4xy5m7wq7dcl,legit,,normal
W03842,1NjhT2oEZJWKxaCoaLmkTKi3nD4iu7UGYR,legit,,normal
W03843,bc1qe9af0gr66anj9xcfhqkg45dmmjtny3qxxkmt78,legit,,normal
W03844,bc1pe9qj43dq2pqcvkr3rgg5mepdx3cmenpvvypv4y7q95zvmuywps6sz95qhn,legit,,normal
W03845,bc1qz4n738mcpm6qjkdlperr04adddjsd0pu49grg2,legit,,normal
W03846,14rykbGPigVBKU1ebs3vy6wLjbdhVxsRAn,legit,,normal
W03847,bc1qfj34rlr3e358xje084kmzfqn5ay8s2fanmm2mc,legit,,normal
W03848,35HpaVDcenS29U45vzD3sbCW4yva2zbyq6,legit,,normal
W03849,bc1pl85tzxd2tejk674r3xaf5539zhxwlglr055jtnx2ez3egf2c8qasrkskd2,legit,,normal
W03850,1WXSNxwC6unhs3sD1yFSbvF5jxzr1p5N8,legit,,normal
W03851,1EsMweJvGBNU7DWh5twhNUGQ1pgwefs3Q4,legit,,normal
W03852,1J931P1CMGdKebgkqxFcghBfqVtWh8SAyS,legit,,normal
W03853,17UeFnAsd3kgpvQkxgYh2shFzjYsmxzM2n,legit,,normal
W03854,3HyEdbTdmq9WRH49v3W8retVCcYKWNG9xR,legit,,normal
W03855,3LcAhTVnfWcTTJ7adv4fpYA3f9ASPd96S7,legit,,normal
W03856,1KuXrtjMy744gaG8ZiAjuJjfmdxcje9yZE,legit,,normal
W03857,1CW4nagCxmQwAi19TmTujG4gtUoHKnMXoh,legit,,normal
W03858,bc1puhgyrckfvtksljr3xesw4svgfn8gnmngmv22vn69y9a2v6xmfvds6jz2z6,legit,,normal
W03859,bc1p50nyrz9qtgqs05dc8w9djzxpzcllv2aznnulq68d5tdttyyqggfqzrj62s,legit,,normal
W03860,3Qte7SVby9G6aHr31mR4yoMKKorSLR4g3Y,legit,,normal
W03861,188MGTjLAeZnXm42UnBhxxdWVoZLR8F4UT,legit,,normal
W03862,36QEYeJJ9ejzJgy2Vj4doKnMttkNUrQL31,legit,,normal
W03863,bc1qq0kwgh70mg7fwjp99sgkjuehl8d3qs523x0yfw,legit,,normal
W03864,bc1qp5vc26jxy6annz58l5gdl49w3djwsafyge470p,legit,,normal
W03865,bc1qhu8hd0sc0a74tyesmmayf608vwgs83lmzrtvyr,legit,,normal
W03866,1DNjdStieHj7VYmmmpBPZRLcWhzKXDXSpx,legit,,normal
W03867,14ZRWHbzZBF1yveMCNeuyPteChsqN3vNnF,legit,,normal
W03868,bc1qqvvapxak5gq0mt9as62slh69rasmp8su3yfk7z,legit,,normal
W03869,1Nca9Q174yNCaDEHEwM1uShXaxdVbKYw4L,legit,,normal
W03870,36doLKjCsPzdP5gY8Ss79aLjhwho1V79oE,legit,,normal
W03871,bc1qx6wfd2jrkn2myuczjpnpdctv4tr46rkzpfshvc,legit,,normal
W03872,bc1q7fzl45ar0nwacv583pme86wskq3v47f0pnsvgk,legit,,normal
W03873,3QVCTZmR2gwNDPPwvC7Azyg9n2APhLDKsh,legit,,normal
W03874,bc1pawxsj88wsrpsymgspx22jwqynkccdrxj9fj9zmmtsgsp3chhtefsn4dc2u,legit,,normal
W03875,bc1q2erz24z30vnsxs8wm55mmjeem2j7c3tyeqcl4z,legit,,normal
W03876,18mQ9EgSPVaPeWAfUYhR9bWPXYRxAeQbF6,legit,,normal
W03877,14w9uqb4Jc85Zit4CEXw9NM4vGTjcmozPb,legit,,normal
W03878,36Y4XJxxfj4qKgzcG7kJABCgezRobtvwvQ,legit,,normal
W03879,1PhyXqeMTi1erwB7vjSpi6kwAk6ZojfKH3,legit,,normal
W03880,17BVrwWNjkzT3xf8VDzoRkAF2Czk8txnR5,legit,,normal
W03881,3Bfb34CGhH1T3RDLwsPkz2faG53oXpqHxQ,legit,,normal
W03882,bc1qdgf0d0qmqf43qkphr68jnj0wa55xr4w3zdnupr,legit,,normal
W03883,bc1qm2x4udgje95pu4pkt9wztm0j395qzh2gc9tu3w,legit,,normal
W03884,14N4RSsRF5qrCf8kpGAmfkWUA7fLub1Lq6,legit,,normal
W03885,bc1qrweytvztsaaptzcau0jcv0hplvcj46klmvsa06,legit,,normal
W03886,1CxhtjUGfBUPcDSh9o87bzEXYkd2PwZLxc,legit,,normal
W03887,1E7b77Mg1AqKmavCKsGViz8cjPQLfSYtiL,legit,,normal
W03888,3PRFQh1AUieEC8zPnfJg92gKn8vWFG9a6n,legit,,normal
W03889,bc1q8d8jpfgr9l2e5hxd87mx4sl86wqn053znuldlq,legit,,normal
W03890,3DfDkPc8Pejq9hZcFTPvzCoScKsePjDJ5i,legit,,normal
W03891,bc1qz2m8456tt205slv43qrm2x6e0f8elzl70rs2m4,legit,,normal
W03892,38RzLaHsQa92NSkYuETupoxRTQ9DjFgRrD,legit,,normal
W03893,1HJ4GbUnuBeHazYxwsPBCT3rh6Ut1nFn4Q,legit,,normal
W03894,3QQutXY89phoH2hspp4jXQFsMaPQoSgfSi,legit,,normal
W03895,3FQLos1cbpnFmZh4BSywKpPhQ8y9fp4tif,legit,,normal
W03896,3GQ6SnYVzC16b6FyXWPCNFasHscxJtZWty,legit,,normal
W03897,148L9wLi85dpAzJVnH58B879wi166N57fK,legit,,normal
W03898,bc1q8hvu6snqej95r8veltjv7slldkza32z8tnr0cm,legit,,normal
W03899,bc1qxsta2t6r9qjpf98elzv3t2aes4t6xw4vt53qqx,legit,,normal
W03900,1NE8YqqgGAqhroJkRpta3pyVEE4hidKAPV,legit,,normal
W03901,bc1qmpnr6782p8caghkeehe3cstre5a2tlmqgvfqqr,legit,,normal
W03902,bc1q7nkvuarjr07wkncg079egxpgrtk27rasf8kk9p,legit,,normal
W03903,bc1q59hzu4399y698zndnpaga9j0k994tuwejqkgmj,legit,,normal
W03904,19Bhv3Y4U4xncfXMTnNErKm37watKhvvGM,legit,,normal
W03905,bc1q4anm8pk04f7dfzgagwzuh2ww7zcqkj3e00te0f,legit,,normal
W03906,3QfzAnaNH6Ct7H6m93Enw9gsSHBu3R5z6a,legit,,normal
W03907,1HQsfcDPP1nnJqWstTzxqiQboFAWNFH4V6,legit,,normal
W03908,bc1pfu4w507lwv9mm6zve24e4y0t4aa2h4zhwue7ku4gxvpe98sv7qgqvu0s7p,legit,,normal
W03909,bc1q0rdl85z6rxq560684s5lu83esnd8828hajxphe,legit,,normal
W03910,1K76WLuB1rSWRtYawdck6dDgoBCTE6bNye,legit,,normal
W03911,1Cu4PXLR9BJz6oyVjWfd9Q2KwvPzqMCbhP,legit,,normal
W03912,bc1pmx488rfludjkphuzz09e5v0a8t3mcls9endjedk22djadrxdyu0quc92z4,legit,,normal
W03913,3CunuTxkh2nqK4zBSRDiTTfgniaXzmC8bD,legit,,normal
W03914,3FVGAeSQh17cqpxnCZz1oAFc33aKP62YZf,legit,,normal
W03915,1PoDzBi2v4NRmUnY7k9q8HQegLkvsMPzkT,legit,,normal
W03916,1qxYNisy4vKjtV8ZGo1r9W39z2qy4EWzZ,legit,,normal
W03917,1N5FNsPxxV8dtzn9apzgdDz2ioFkuZA9S5,legit,,normal
W03918,bc1qqqvu9fcl7kf4296v7xpnktrrxz6vrc7fc6r5w8,legit,,normal
W03919,37DKMSdwbL1LTpsAhXWXKnpmsmtRVMjnAe,legit,,normal
W03920,3CDixmYSWBsi95Prkr6NbEkpEKjjNZaFpU,legit,,normal
W03921,364YH5D7Modaru5x9cW5R4EkotjfGkf8Cq,legit,,normal
W03922,bc1q9ved4p7ar0ly06wchlh7xp36xndclq475vuqm4,legit,,normal
W03923,15tsxoHEpZy2aA7Ao1bBgeQq6xuTDyuZfp,legit,,normal
W03924,33gLgqWhErNPe5mBN5ucbxtf7PKZhDHnQZ,legit,,normal
W03925,bc1ps5scmpzaae6q235vjlcvh0ss0hdkwchzkzvkm6l9najjxtamgcrssfkq8p,legit,,normal
W03926,bc1q9sq5w9t2mmrceyty49ynf26588zenr780x0nyy,legit,,normal
W03927,328g6pPD4iQwM5wdBS2GN9nV5wDWCtui1r,legit,,normal
W03928,1FVYzkFe1SRcCqtcbzUjHEhDEPydFivqnc,legit,,normal
W03929,1HAq12YMCNpVP8D9rcZqCRR66jCvmkogRo,legit,,normal
W03930,bc1qlmg2dcddgjaq4e9x76tn4de3lrt2aw36c0uanx,legit,,normal
W03931,3J9r8JtgNSUaCNhgHq2c6Bnef4182xY8pC,legit,,normal
W03932,bc1q9v8quhn0utqmcqh9catd6rr0c6kpdwunrfvmc6,legit,,normal
W03933,3LdoJwkLmaSCYAZMPsxCi2ERovk2cZdrXF,legit,,normal
W03934,12yoyWxTJrnzNyXM7GxGQX7FBoQzkJDpYW,legit,,normal
W03935,bc1qqrz2enwzp33n7990mjvck9yyeg7pzuw050wtsc,legit,,normal
W03936,16VpEuRfmsw1fxqc2mprQYzQuwdktDA5sr,legit,,normal
W03937,1HVZdYQCKtiWqMey4Ni1wz6yv5Ysh6Hsv3,legit,,normal
W03938,bc1qjfuxxtm9fw7vg5pcvda56zjakqvccf80jvzq5m,legit,,normal
W03939,bc1qjck4q8xcztkdvjgx75rpdv6ryw0j628un6tgqd,legit,,normal
W03940,bc1qhfv2dgmpeghsev3eu03dqvmu6gqh7uf7alkv43,legit,,normal
W03941,bc1qnkqnphsjqjxl424383mgunfald2xmx48lsuy2p,legit,,normal
W03942,bc1qz7yuxczg40kh3d2wv7dw9f4t848wgrpn64fjsx,legit,,normal
W03943,39P5muTYkQy6rj6MWbZbZ69Ft61BHqETsq,legit,,normal
W03944,1LePcpWJHzqKr4QbwW7SRuP5FWwm6Vpe7t,legit,,normal
W03945,bc1p5syk4ew4su5c85dgg7xnukx6l2hhynxun6f4rmjygfqdu782m83svfyr66,legit,,normal
W03946,3479rHWSG1kE7CAPvsHSWT5p2EeN43trZ8,legit,,normal
W03947,15pvYnjYa2aWp7ocVgRb9py1BDc2TtmD4U,legit,,normal
W03948,bc1qfg0x84yrcn39taqr6pdgrjynvs78fd0uxchxqv,legit,,normal
W03949,3LxKFPJgiX6oKXFwE7uMjedmyUXkwdr3DJ,legit,,normal
W03950,bc1q6s33xh3uwkkvskl4tyzdq47yhr8h7h743etv5w,legit,,normal
W03951,bc1qdp3ysah00vajsl8q8st0rps000su6j3wvp6qmp,legit,,normal
W03952,38KqinAS5QGKeEwPaY2tusv3HmisC9a2Pe,legit,,normal
W03953,1ovDdgrty4W8wcqqHgv9b4c4S1Des7Gxs,legit,,normal
W03954,1ZrJ4tvtUevn1ndwsrUbPHCXEpUuBmFHY,legit,,normal
W03955,3Fst8n5tZ95z51uNWZN1zj9uHgUXgrW5jW,legit,,normal
W03956,bc1p0glar8haefg2ru7v6xxyt76st7z9t0v9f5cvt2253hkh8kqvl76qvjk4mc,legit,,normal
W03957,bc1qqlgvw0d03gszktwhprrq640dx2x7c9g8kpjs2u,legit,,normal
W03958,17rVjL3p7aDsj4KhTkkjuRzzEY2oNuJden,legit,,normal
W03959,1EMJGkjGqmSpHAJkvtXinKV9FfxPQfySho,legit,,normal
W03960,3KZ2Zudm842SPXzBzgQTEzfG1dZZ6GLNaB,legit,,normal
W03961,1Dn2mhidvQv83T271BjbjCLqbgeWi3Cqjf,legit,,normal
W03962,1Lm2XkKe9YbJakoqGJAxnzzbjk62BeGGxo,legit,,normal
W03963,bc1qpdgwfslfe0063m5jtsd2gas7ucr6sys8st04tj,legit,,normal
W03964,1Nr46ExrmX5LGfXsk4Ndb7pAEkPgcD7mZt,legit,,normal
W03965,14gfGtCDmtJ6eMX3EoM54bMmx4qGoKrCip,legit,,normal
W03966,bc1qmwtzthyk8l3hfjvhtzgzm6pgky8mz3q7f239xp,legit,,normal
W03967,bc1q9qcy35f5xnxr5lh5enhm3nk7jxys34zsnkgudd,legit,,normal
W03968,bc1qr3fk77z7s5xarjfkr462nxans49jfd7r7kea7f,legit,,normal
W03969,bc1q9z2d0gu2zqhnltynva4xlsfzuddkn9ecl8ta3u,legit,,normal
W03970,1Lmkn5CZyCpQ1JeFgfcTHuyw5ZSTCiJBis,legit,,normal
W03971,bc1qnh6qdmlhygfyex9fneaz209at93n7tpcyc29rm,legit,,normal
W03972,bc1pn53x6fefp8xx7wk90fz384tx0kn6e3lh2gvgwnhjzw09fmsws8fswrq90v,legit,,normal
W03973,3EWi8jjyBCtiijyjSX6GvgXZ3tkvdUfubJ,legit,,normal
W03974,bc1q944flkysneeasfvysawg9lu50zznd3jqfymymx,legit,,normal
W03975,1FLWiCMJARs5A4pLsy2nMES6BRzjNykt2g,legit,,normal
W03976,1KxZGpJa38CPzbJm4RuHFaUwd35Ldd7tyW,legit,,normal
W03977,34NB2Leym6AWYVsD9yBYk4Z15AocYhNZ5U,legit,,normal
W03978,1HxvBRC1Mh2Zo64VENNeWdzijmpSBeYPZu,legit,,normal
W03979,bc1qucdpejwu8yc3ma4rtnvahx479uvwt3f0fh0yxv,legit,,normal
W03980,bc1qkttdrluj36r3kjpq3qr8gnj9ntrzn5dpjs3d4u,legit,,normal
W03981,3MWc9Lv5sVunyrmabpPu2zKdPqE3Dc7MAb,legit,,normal
W03982,bc1q9xd0gj7x7vy3amktauecfc9wxscgnyqn3twsvq,legit,,normal
W03983,bc1qr4dftn8aafpylu9w7wlrhsykms3czwl2dawuzz,legit,,normal
W03984,37nHJbg3JWGVn2hHdFAwh8EFeMYnfUKT1D,legit,,normal
W03985,bc1qguqvh84wdxqzkmuhlp56c0hsjctyln6mmulwle,legit,,normal
W03986,1MycmGhNGSLRANs5ZiWCqo1iVRaDo8gaer,legit,,normal
W03987,1Fky2C7YcPDzgzsbCJNEraBd1rBpuZPQuR,legit,,normal
W03988,bc1qkfxpkd39dfw9aeyqgvpffwwaa9jdax0wuegpdg,legit,,normal
W03989,3M57mLjoagy2gG5ySLfgvK1WNNUBHDZEsA,legit,,normal
W03990,18fWeVZ8RJJ5RbHih2sWgc19aHCFircKEW,legit,,normal
W03991,34V51QCzFYnwcLnBCs7BHB4FLsRzURRPK8,legit,,normal
W03992,bc1pamgsgqmw3p2c8a83wphrypkun0yjmqt6dtt6rs5pq7uervgh73mqhw8e83,legit,,normal
W03993,bc1qv4x2d9ds6yhf44gzf2acp3pqtu7453ur2y6h0t,legit,,normal
W03994,bc1qpe8ys0ga5vw0znfrl82hvzguk7hlgcfcmh97yl,legit,,normal
W03995,3EqYY5vyF83Jy8rwmgGnoRStC7n7caRiuK,legit,,normal
W03996,1L81ACfFDM4WPprTaWkJSpJxcHCUEHj7TL,legit,,normal
W03997,bc1ppupm0qqhwsxeunxx98vf90drp2u7cuwpz3vrucl9ejf433qm0aaqjy584t,legit,,normal
W03998,bc1q997y0r7tw8gjlkxu9lsk5y8nls2jqcywjck6tn,legit,,normal
W03999,bc1q9y7f0rzws8wr329he22udn28k033euekp2gdjz,legit,,normal
W04000,1DpbJq8GZhxqze6JkoB13UEFPRMfEP5Mek,legit,,normal
W04001,1L5GJJetbYBKyXWWkCJYDKdtcfYwcbuK8w,ransomware,R001,victim
W04002,bc1pmfdrvpue28g0p0eql0pypsj3yr3p9upx9j88rh4hl4fer8e5zvyq9emzkt,ransomware,R001,victim
W04003,bc1pm5p9wyyj7zamqq6skcyjyvhut7dc2v6c0zkvv6lyy9ytgpxme9csx7kh85,ransomware,R001,victim
W04004,3CCS72cuYbpibx1DBCAdGoS1NyCAQMyGft,ransomware,R001,victim
W04005,bc1qvhyuv0az5xgfmcf0qtqq2agzcg4p29cn3y7dxw,ransomware,R001,victim
W04006,3Bj1ESAg9RyLD8Mna5meM3j2W72qSQx6rN,ransomware,R001,victim
W04007,bc1qe4gy8lwd08c8hw2lz8zz5735cv7e99u40jxlq0,ransomware,R001,victim
W04008,bc1q7yllkmel7fwr4qcq338dflv4vs84xlgtlg3kg4,ransomware,R001,victim
W04009,3ATav4kkaqWTwLn45DHvJ3MWcx2UjGabLB,ransomware,R001,victim
W04010,191Ed9zQZzYHoC5vHF9Kpg9iq9FK1m7bFQ,ransomware,R001,victim
W04011,1FDr9H29CmjkfNYanfd6YrK8txGZtz7RLE,ransomware,R001,victim
W04012,17oNWzQm7b5J6N445RXBdfVmYyLhjLcVLx,ransomware,R001,victim
W04013,36kSTVMvzq7Dk7c6CBiJq3wSYXUby4uYkF,ransomware,R001,victim
W04014,15snrAMNsCRXu9xsHL3KbvE5xMkVqXQuB4,ransomware,R001,victim
W04015,1GQcHQUxzDBT3NwtWxHxQrNYg8zCene98g,ransomware,R001,victim
W04016,1FaK373x7LHoYuiz9ecSrraALCNwTQwzhy,ransomware,R001,victim
W04017,35fTHKUhZstBmriFk73dmZiCkh1AnE66ah,ransomware,R001,victim
W04018,1HqFbxnx9gZBHEUnhuKv3bj1NvU6ufajtF,ransomware,R001,victim
W04019,bc1q8ryrz429sph0ljlg63a0mdzgr524yc06ueekze,ransomware,R001,victim
W04020,1JV7x8raCAWK2k1zUJwhupjSfs1MxHkQLj,ransomware,R001,victim
W04021,15YR1pjmhUKBgGzkzmtL3t4Eao3WgqBH3y,ransomware,R001,victim
W04022,bc1pp7sn6yj2gyxlvxay7xg6pmhyr2463kwcl0mf2j0mwzgn676rpa3s7lh20d,ransomware,R001,victim
W04023,1PPffRDueMU479tJ8MNEL3yH7Ym4DRapN2,ransomware,R001,victim
W04024,bc1p4ut7ux8gykqfmdmvmsex7x9ggkfjzavyzclzx4247mte6955829qtc2aka,ransomware,R001,victim
W04025,1HQQrvg3sinnQMKVBSTcpUbiLDK4dbtyHc,ransomware,R001,victim
W04026,3CkHme4HMxh1vQu1TsuDjzkWFYkrhiWzL3,ransomware,R001,victim
W04027,1JfZXuJ8NMUL14fB1MdYMYB5nHsdJj7hLr,ransomware,R001,victim
W04028,bc1qdg5lvmrf7jlv74q7v4dpkjtctz6nun6x2xcv2u,ransomware,R001,victim
W04029,bc1qdqlvmdxjtxpnfcw35njfuywh23fqsxa37yg3e3,ransomware,R001,victim
W04030,bc1qae8rjzw3jqxv4a3tvhxxw00dnwyvu085gykszj,ransomware,R001,victim
W04031,35G6hBvMT4y4FrxFYxPzzHgsz6wu8ZF2tN,ransomware,R001,victim
W04032,3CvaiQr46ovincUJip8Dwhvkj6N2UKXVGo,ransomware,R001,victim
W04033,bc1q00kjet8830whh432dyucelw77e2ux9s5zsx28q,ransomware,R001,victim
W04034,1MfjSQG73FsDBo9e8uoaFznAe8wL2zNQup,ransomware,R001,victim
W04035,14SbPabBBhrqCpm4vjcozw8JFD2LPcVEdL,ransomware,R001,victim
W04036,16ajMyn7Ab8qFMoeFZfefyu3rcAy5Uebq8,ransomware,R001,victim
W04037,bc1pn9dd2xzsyx2yjpk4vkuk5u7neazz8xlqdp9z5k6mnc5ps76ew6csl9pevy,ransomware,R001,victim
W04038,bc1quw5a4rvaaqkjk0xjezda76fqwvx9j2jl97vv6m,ransomware,R001,victim
W04039,bc1pcgdtefg3ccfp2mqq9t0cvwlvyzf5cwrx0jc9dd755tjnkyammrpqdxx3k3,ransomware,R001,victim
W04040,bc1qhrejfkclcd9qq7us98nyduk90rm5aa82n5hac5,ransomware,R001,victim
W04041,1Hti8S3VWwupkbv4X7XXTSx3CgdSSoQNg3,ransomware,R001,victim
W04042,157xqZVFnqkiqNh5unobFg6mqN7dAKBag2,ransomware,R001,victim
W04043,3QZvg9dJCJ3nCuE1KrWd3gP1PxMtpRAq2G,ransomware,R001,victim
W04044,14VTEBeaEo9kD4pbDjbPsdMqPgWFRAgtWF,ransomware,R001,victim
W04045,bc1qzc8j03nqzp83eel9zl88g2v6tsamkv35rxmvng,ransomware,R001,victim
W04046,bc1q4h46gerrlvpkp2ntjmu9dg2uu2cxj65thk9ahw,ransomware,R001,victim
W04047,bc1pt5yz2knugruhekhzge7rjue37dra6u3mx7yggq3zua2nfeslsq0sm902sn,ransomware,R001,victim
W04048,3MeaqrwzsywnXHsnqhBzoWMvAyz7rdyPhR,ransomware,R001,victim
W04049,3NZAgkDoCbcsMsT4FCaJKrMfqcAsXM2WkD,ransomware,R001,victim
W04050,3MfX2HV2P43d6V31q7CcBSkrfHPWQwA4pP,ransomware,R001,victim
W04051,bc1q84rzxgr7e9npkhht5pgcf6whejx0mztjzmmvfn,ransomware,R001,victim
W04052,1Ed9qND2g1QDaHfm3bQSu3QwNFGx2ZUzMX,ransomware,R001,victim
W04053,bc1q983r2rgzvvkzkd3mag77c29mghppnzykkjrwfa,ransomware,R001,victim
W04054,bc1qrtpeq2dhrqm8kg8rujattweakzwcvrl8uu9plk,ransomware,R001,victim
W04055,1DPNChk8gm6dPbHbBwZhwR3Umbv9ifWh4Q,ransomware,R001,victim
W04056,bc1p7yx0ter2usz7f9tlagu7jp8yjj3ee5egljskxfc93kzxf90n0f7qr280eg,ransomware,R001,victim
W04057,bc1qshkna0cjperznvd2pwkvf64dc2ytyhkykal7ul,ransomware,R001,victim
W04058,bc1qs60l5aq9dn9kj5f9rq88lg3ltwp0wykj7lcz9z,ransomware,R001,collector
W04059,1CLGfLVNJvPivTSnh4HJ12AQkvJwv34Sue,ransomware,R001,sweep_destination
W04060,bc1q8vxq63s50r8v44gdwxey4rg6xdhfmhy9ys0gpv,ransomware,R002,victim
W04061,bc1qa95mtrrsrd9ufdq8vrsl2qr48mqsg06kz0guw4,ransomware,R002,victim
W04062,1FJ5E6jLmdxkCZqi9qS3JmqtPRYkc3uzkn,ransomware,R002,victim
W04063,1AnYENDaSs4xDQvPnUgvLvoF99VxwxVLy6,ransomware,R002,victim
W04064,bc1qp55uypxl48lk3r3fk8vjjmah3k2n63ua3qcxt8,ransomware,R002,victim
W04065,17MBooSPWAAJS1QFBXCFWG3E96Mk3XD6L9,ransomware,R002,victim
W04066,bc1qhta3tldeauxzpq77jc4s8xtrylxvt3932556ef,ransomware,R002,victim
W04067,bc1q6ffuw3q2utu2h5y463afls56l3ztv45p96rcjt,ransomware,R002,victim
W04068,18ikRtwV22SfN9mMsfbug7X4FQcakQYRtm,ransomware,R002,victim
W04069,3LaecQ9CUoSFvvWjgVzRh25fMTU1hSB1Pc,ransomware,R002,victim
W04070,1La9sBhKTLnmBdbn38vUdgdCtRFQ5wDGhP,ransomware,R002,victim
W04071,1ATWyHzKvg94N21GQnoxtQJ8yT3ZcdJhmG,ransomware,R002,victim
W04072,bc1q8d5seekqwgp75l0dk924dzww49fmfdgywh2f7p,ransomware,R002,victim
W04073,1KLX7id88FJN6PhTieeTUdJSEJgpcb2JPG,ransomware,R002,victim
W04074,bc1prwxp4kfw6h4d5evwhcy07qprmh68j3zg34wl47s3uvvvvcqudruse49cwy,ransomware,R002,victim
W04075,bc1qnxarx97emuuv3cy4lz3sdg0tczd9gq62grasrp,ransomware,R002,victim
W04076,187Ae6Pbpi93Vn2tHXLY6sQ1y8az7uqhX8,ransomware,R002,victim
W04077,bc1qpezmkqrhnvwex3v9hpytk3u60k8vs9eeknwedx,ransomware,R002,victim
W04078,bc1p896jy8kglrz7p2y3cnj6z9fs06z028vcwruhuh82e92d9nlddlgqwuljh0,ransomware,R002,collector
W04079,1GpfidoYwB2f9iiHRBiWrYeiVQV5Xasrja,ransomware,R002,sweep_destination
W04080,bc1qckta3apgfpz0wte5s9am0huj7ln6adqnrsepf7,ransomware,R003,victim
W04081,39vgwxFqca7gzUtScpQg5znCNEaLaYUKYN,ransomware,R003,victim
W04082,1GzrMNYDH7FqXpWMatwEuLXg2bgjGoHiab,ransomware,R003,victim
W04083,3AuHYx19uLLLqvMp9DfF9GTAUZzs4ZJEPn,ransomware,R003,victim
W04084,15xDXjpddhKnWHo5ZEBrZrrx61PoCVR3Kg,ransomware,R003,victim
W04085,bc1q94n8kq8wfz5w9p0nz0xsdd7uwn5xyu34nqdvnc,ransomware,R003,victim
W04086,bc1qasyy2fsfmwyy0nglt67mne9gv65r32x4khyyn0,ransomware,R003,victim
W04087,bc1q6pcnqn3jnvep4jhznh2qxdfpfhnzh97nvfjskm,ransomware,R003,victim
W04088,1CseR8tezUTrHYhsquxSSbHVdEVfcHmSkb,ransomware,R003,victim
W04089,12WxNRqoJtuz5Pyf3Ge5Kq7vy47g9o6FpK,ransomware,R003,victim
W04090,19P9PweM4tVoMpsp1LMH4i8Y1snQEnaFkE,ransomware,R003,victim
W04091,bc1pqzm98pgnqztx88s7aas40cl2wmm04m9yhnrqg4hg2pv422anyk9s0ned35,ransomware,R003,victim
W04092,bc1q70gm6eczt8ahjw3spf92wu34spwqafss5s9jwl,ransomware,R003,victim
W04093,15jWr3Nea8mQfCHugEDu6GhxQzY7tPtsbo,ransomware,R003,victim
W04094,1GYepHZN2q1RFQC7nBnoyrnuV5gXs8HyNM,ransomware,R003,victim
W04095,1PqHZuCHBnckneUDhoQMJvheo8CXvxNg4o,ransomware,R003,victim
W04096,bc1qn48dr55jedhejmfrygf0wl798dsvt7rena4h8d,ransomware,R003,victim
W04097,bc1qzlm7zajkvrufl4vhknp93c33a8tcvfmxg47t9f,ransomware,R003,victim
W04098,1JE5oSof96gYXgP53VjWQKBhkWmws47L21,ransomware,R003,victim
W04099,3J9z1nwXfKFMJqds25KpUBGEJwNchp548a,ransomware,R003,victim
W04100,14CvTz1vWbg9k4dqcigrsKQy8x6Ewqoky3,ransomware,R003,victim
W04101,1FNgkG925xJFJxW6qGWyxqKumRm9oacrUe,ransomware,R003,victim
W04102,1JPyeKHZQ6YRBiaCuX66QNvd41By9Jg6px,ransomware,R003,victim
W04103,bc1qjtszfrzu6fr5ql3ccd83ht7ud38rgrmszzk7w7,ransomware,R003,victim
W04104,bc1qza9re36jygpfr5pv4dpmen7xzedph0jfyea6sf,ransomware,R003,victim
W04105,38J7g1WkEupUBXPkWYFTJMfYzUYoBnLhBr,ransomware,R003,victim
W04106,3AV1X84Sujap1VXi96h1QXnXxUsaQ1LaqX,ransomware,R003,victim
W04107,1LmZJHopQ2iWXK349idWDniK5ntNjsT4Zs,ransomware,R003,victim
W04108,1NMGb43fZfHxCTWDy3SHu7ecoCRo6YbAM,ransomware,R003,victim
W04109,1DsHJL5JXLEFWucLZtGDNSP9qcseQTG1rF,ransomware,R003,victim
W04110,bc1qhe38z234ahes7n0w7gxj3f5rw7k2e3u3340kz7,ransomware,R003,victim
W04111,1JzLCysNyGCsxRewhDfJ3DgtvS4bWEzP3W,ransomware,R003,victim
W04112,bc1q830kphk5a86pncwn3gsv2fmgvxfr9kcz6zpu3v,ransomware,R003,victim
W04113,bc1qx54ylmzrfdrl6d0n8x5twcumwfz7yuuhg36m82,ransomware,R003,victim
W04114,bc1q2m4gzp7n985e6epx8hfg8cckvm9c3xu49qd67s,ransomware,R003,victim
W04115,bc1qxsgu0lp04w98fcscnjwekm7yrazzk2myg37g5d,ransomware,R003,victim
W04116,36YKMtAsjtnpRqq6iwPX64ud3oxHVYNvRc,ransomware,R003,victim
W04117,bc1qgaa88vdlsdwlp6c2r9ncml2r9lh0crfgrj7gnj,ransomware,R003,collector
W04118,bc1pwmdqhd4gsn6pqwyrtn8ywjxhwj3zre5gvshf8m4ycr9uvgfnmlgsq4pzpk,ransomware,R003,sweep_destination
W04119,bc1qlczhaw22nlaxpdcf6zsaqwdywez0jn5m4f6jpt,ransomware,R004,victim
W04120,bc1qlwd7he8rm6apr6cr3wpcql7sd7nrf27c9uqt55,ransomware,R004,victim
W04121,bc1q3qpr45eftw9ctne6qj2u7zszcap629r4439mxq,ransomware,R004,victim
W04122,3AoynyBA7inrEeTzm9QzdXFYYVQFNdcvVw,ransomware,R004,victim
W04123,3MpvKJmHqAZPe1PL6xAkXgH4smwV3n8e7p,ransomware,R004,victim
W04124,bc1ql330rqvv794xvwt23msdrkxz464kfd6m8v77zj,ransomware,R004,victim
W04125,bc1q2r6mrgcajavzq7cj9r0gfkmyp7s2jx5cycc273,ransomware,R004,victim
W04126,bc1qlteg288j9dmdaf5h8nvwlyanj0l52fen2n934a,ransomware,R004,victim
W04127,3F7ZUujFZSu1ge5GuhU4Xs2Kp1BATrqsAA,ransomware,R004,victim
W04128,3J8ZfvMJBgo2XiXrqVyEkEevQxnh5JYFrJ,ransomware,R004,victim
W04129,bc1q5dahn0wxf9urkjgwt2cn8z32tlxxfu8rxtlllg,ransomware,R004,victim
W04130,bc1qwjum5dy6484rk2ktu8kwhfhhg44u752hp3wxjl,ransomware,R004,victim
W04131,13R3AHsvjhLnW3jmj6CjwpcAfxtJMfXqJF,ransomware,R004,victim
W04132,35xhMi6fRJcp5En3Saf7ZMUUhLmiBdoP44,ransomware,R004,victim
W04133,37yhPqja4XmNVhPXCVa2gMzBc55aV6znPe,ransomware,R004,victim
W04134,bc1qgppr54tuxrkva8p05cgjsmaktkq42p05x7aqem,ransomware,R004,victim
W04135,bc1qskpm79zrftqyq4glsxwekhvtcadhrf2wm7ja0s,ransomware,R004,victim
W04136,bc1qry0revtwtwcpskew83eq85awe4e4rhwu049zmm,ransomware,R004,victim
W04137,35u8eif8uA3xzVhHctrane5M53FYU5JuFb,ransomware,R004,victim
W04138,bc1pgnfew2fc76jm2t7cwyudmdlf6fjd3vh9qej5qajup936upkqknwsxlrpwp,ransomware,R004,victim
W04139,bc1q9sd4t0plvcqljnm9h7s33606p6f7zwh2c6yz3y,ransomware,R004,victim
W04140,1LXgTUdUEC91p1b4y61GexSCasASQBnzxR,ransomware,R004,victim
W04141,3CAtdfuzyWi4GHVwuHEcFMQu5xmV39Maoa,ransomware,R004,collector
W04142,3QGRNMp5c8KTQKyv173RoqCGfyX5X7wHdu,ransomware,R004,sweep_destination
W04143,35qkbx9tMb3qUwFWdS6FTYTfhNE9AmKXYg,ransomware,R005,victim
W04144,39CPczjHJM4fQLCd8cpunYQBeupezcDCn3,ransomware,R005,victim
W04145,1KAdmeVs23V2DYXL4em2oayoY4mEMicwtd,ransomware,R005,victim
W04146,bc1qvquz0ql9crhglkygnpz8k8gpku4xce2wah294y,ransomware,R005,victim
W04147,3CKRMp3z8hKGRxTASq9gGfBTbMJshG9WhE,ransomware,R005,victim
W04148,156TJZGtd1zENdMCd1aDTDeMXhjsFkv24L,ransomware,R005,victim
W04149,bc1qg4j2sqzd9n2cqgpkqfzfur7vgy2jz47748pdqr,ransomware,R005,victim
W04150,1MNr5effwnUSNphUCFnNZJMjuh3EuViMro,ransomware,R005,victim
W04151,3PvGWND3fkQ3Joj4Rb2UJmXhRRLtxWDBa6,ransomware,R005,victim
W04152,3KEqARJU6jbuJoLRh1e6yQP2fJ2dHagXvP,ransomware,R005,victim
W04153,3KtRrJKkG8Jm3QuKmePFvB961yKrvhShVM,ransomware,R005,victim
W04154,321z45QgWiJK3hi7Xs8kPoXmFY3jNjmaAD,ransomware,R005,victim
W04155,1Kw8Kd6sDEe1o2SpnGsJ1T1kpcqAjBtTLh,ransomware,R005,victim
W04156,bc1quskkjngcmcn9tc3fx60znxyglk8dyy88ht9ej6,ransomware,R005,victim
W04157,3DsaVM7PPsg8oe9UtJKaAwp2F5iJS9825D,ransomware,R005,victim
W04158,bc1q3vyt4vj4wf2tzm8t5tt4ljxmgkm989x6j3hm47,ransomware,R005,victim
W04159,3K9t4hpW52QbG15uGGKrEsZzYoVRt8Qd5L,ransomware,R005,victim
W04160,1KHpUoABgWVgs8sGjzUZuEWWJRcwj8juDR,ransomware,R005,victim
W04161,bc1qyr3yr08ky84zp7tuwdt9s2upfgfxundxlwwt34,ransomware,R005,victim
W04162,3PXmirydGmi3RXXrVsDdoSpTqixnV4a4Uj,ransomware,R005,victim
W04163,1FBwhsgYPEcKU1wcyHEcAghDQMDQFcFPAv,ransomware,R005,victim
W04164,bc1qfxae654lnvv248q2nygdpa94crd42arjqwnphw,ransomware,R005,victim
W04165,bc1qv8kfjr3s9na7eaydlcupns97p0pd0stqxcekkd,ransomware,R005,victim
W04166,14WQ8hT42N7VkUyRE1TBrWrUnNdwqVJ6V6,ransomware,R005,victim
W04167,1ALZquhvub8dFLPTK2upBq8QyG9YC2oNfR,ransomware,R005,victim
W04168,1EWnyTDag19yNTJ9QKaXsW3qH9ZchQdahK,ransomware,R005,victim
W04169,bc1qpmjgrqkxzlz57tnq72myhtuu90yhkppj0yuky8,ransomware,R005,victim
W04170,bc1q6w299n278rxzhu6ew6652l0szq5cw0vhs70u9z,ransomware,R005,victim
W04171,bc1pvkptu5js2rzy3pl65ykmad3sn09tn2ewjvkncdj7f45m5n2jh35qgr5598,ransomware,R005,victim
W04172,32ySngxdWpgXw5XLpGqtN7SVSUm8o6yhHJ,ransomware,R005,victim
W04173,bc1q8r0nd3vz5ez4a8zuy8dsw2h37m4eapdq0pe6kf,ransomware,R005,victim
W04174,32ALiG4aZX7ToXwC5Y5dW2xi394C5tm1M9,ransomware,R005,victim
W04175,bc1ppsauq8mnjm6uxjm66j823rnj89v26mgn8heeed0u6ffsmpyvwfsqzzh9sh,ransomware,R005,victim
W04176,bc1qgq2m84e28v5d8l7rxwd26txw385j4vfag8casj,ransomware,R005,victim
W04177,bc1qn5f57462lpvmvypjmuztf9tkrv5yak945zeuav,ransomware,R005,victim
W04178,1FAJcQft7P9jE88kbhZuVujjcZttaTP83k,ransomware,R005,collector
W04179,31k5Sdr7LPCKdMFQpGX8ShzBcc2zZPeJV8,ransomware,R005,sweep_destination
W04180,1P6jnUmKxhNdRo81P7XTdXHeGfYW3XUutL,ransomware,R006,victim
W04181,3LUSbT935V8ZGJZU4y1zA95J1WQgVwtgGM,ransomware,R006,victim
W04182,1DvHmtq9Q2uFEQvkv7c3WNSq66kKZPjZi6,ransomware,R006,victim
W04183,bc1q8kfufzvjyn2gzrwfeatz2s0cjd0p6ayhmtjc8v,ransomware,R006,victim
W04184,1BgN2bTKMZExY77PTA79d69SRgbuZS3JGG,ransomware,R006,victim
W04185,bc1q60glhyls65ya6ltyzxxgvx3dpar9vwt546yz7p,ransomware,R006,victim
W04186,bc1pw2vyz62rc09ws4nmppac4rkxh92zwfn5zwacs40m8atlsan77wxqnqrvef,ransomware,R006,victim
W04187,15yJDSDFDdcfQhhqH8kFosyUzZk8CG8agA,ransomware,R006,victim
W04188,bc1ph9vq2qez2qcgwjx9etl9fv7a9muraumefucpywfqmwqx0nj5cmysrtx0nl,ransomware,R006,victim
W04189,bc1qzps9q2cvnuq8hlufnk9jc39f7sxg42k2572sx6,ransomware,R006,victim
W04190,15kJv8TTiDbcDum5mqC8J8tGzhc8imCL7C,ransomware,R006,victim
W04191,183g8Jd4wfxUZMoUeLwLuQiZDzqPZVch6R,ransomware,R006,victim
W04192,1935ZqKUNxpqjYWoLjVrEVmp5Bx3qyow66,ransomware,R006,victim
W04193,17bbrc1qz8TQrsUQda5z5hvWJDcyQdPN2F,ransomware,R006,victim
W04194,17qB4uGHCz54DZBqBBuSY35cckUDRJoPwc,ransomware,R006,victim
W04195,bc1qzpy97p56lu3f7ejp4q0fj0cqcnmm7suqmrk8hk,ransomware,R006,victim
W04196,181NjXNMEcVNZjeNvgtkxgTKjHPhCFvsDM,ransomware,R006,victim
W04197,1ACqmEJAz7ZBQeMR6jjrXuPpP6Qcjk7nw9,ransomware,R006,victim
W04198,3PH4FnqDrQkuFfT7mRur3Qvb7FL7iXhYeC,ransomware,R006,victim
W04199,bc1qu7qr2vfzx9ln4y5e05n92lxsz9p3k68tyu5duw,ransomware,R006,victim
W04200,3JtsVCSmNgS4iYgiLMYEi1VUf4jmAQ8Xui,ransomware,R006,victim
W04201,1EsgGXFYAt9WXTMYSko7FqJSS3CFvFNFCX,ransomware,R006,victim
W04202,bc1pqdkjpfu6pwwj92yjthucxnqjh8v5ypuy0n9y2aacy4q84zmf595sh4wuvs,ransomware,R006,victim
W04203,38cRni6ARC5suYXH9Z9FGzvD65GQghLocp,ransomware,R006,victim
W04204,3JnHeHiFFqEJdbgy6jsWXdZeMYUpNAMxkq,ransomware,R006,victim
W04205,bc1q4wgalejn57g6d6lfyz69wyshe3e05kyqyvzye7,ransomware,R006,victim
W04206,bc1qas3mwkura2z68ff530syd75mnxy0wqp3h7ctd3,ransomware,R006,victim
W04207,bc1qsd2dgzp52hddkzllgmc05pqzrqsfmf9v4h2hfn,ransomware,R006,victim
W04208,bc1pss6rvatjevvlqm3mmw3097k38yxf7k9tewgfuwze3up4n7k70ceqlz069h,ransomware,R006,victim
W04209,12Nw2cQnZPtdeqKQ2AuVMV2qPLGazYCa6r,ransomware,R006,victim
W04210,3Qwewt8srvXYu7PtA5NoWJKdiYjD71sCzQ,ransomware,R006,victim
W04211,16KD5aGTX7Hu764W9YeE9GaA8LdvtvBGuR,ransomware,R006,victim
W04212,1M261k8WkftfToqn1o4g6EYLTuASd2XdiY,ransomware,R006,victim
W04213,1D2QyuNFdKUYNjozKm3uVabBzxt8LsVcBC,ransomware,R006,victim
W04214,bc1q9e9k3uk7es35kfnt5esjxgq7amvpvtu003gnql,ransomware,R006,victim
W04215,18DebUUHmEWccQSdG5hFfubwgTRyE41EEQ,ransomware,R006,victim
W04216,1Dnft5ywowkyqa3zAFaqdAtRhYSBrzRjVu,ransomware,R006,victim
W04217,bc1qgmy3aw307cdywv78rd6jdvpus5u8jm3malkmr2,ransomware,R006,victim
W04218,bc1p7dyxa2vdg208706j4j350hdlfsvk6wphnupcv0jx0t4k2w8404mqw00lht,ransomware,R006,victim
W04219,1MEqvHhuYsFeeG5TQVLEXAM2Z8dUHqHnos,ransomware,R006,victim
W04220,338M72EvpZNuCU6siPp7iwYwW7kPpm4ypk,ransomware,R006,victim
W04221,1HhL9pFFeavMCYnFtyQBk4o2AoU7SfraPy,ransomware,R006,victim
W04222,3EAACjvb45owsmkjP6G8bXqH1Xo5HhbLaJ,ransomware,R006,victim
W04223,32S2p3A2mHL1Q8KD4UygX5orcreu9u4QzJ,ransomware,R006,victim
W04224,bc1plkml2pkylnf7wpl24d7ma64syllkggljrfj3e4hk85gaah6kczhq3sfup8,ransomware,R006,victim
W04225,bc1py20mk4d5ekerjx6k4uaz8x4tas22yjtt0n5zxp5a02jvlg8ety0qv4ksnk,ransomware,R006,victim
W04226,1FthMmMG8i3CadScqZXe3pWs34KwQLDrP,ransomware,R006,victim
W04227,bc1qmsgr0kv3lk8q9f8t0uw4esnwdp0cqdyulq00ux,ransomware,R006,victim
W04228,13KotcSQyU4D9aPgQMb314pPn3HFouZ4zV,ransomware,R006,victim
W04229,bc1qjatt2xdfdak7ysgj32szuxw7ml4ewf7n4wnmkd,ransomware,R006,collector
W04230,bc1qmfrmma84yyjyv4j5kjyw0kyssyu0rpkrqe8w74,ransomware,R006,sweep_destination
W04231,bc1pf6llflkfuhlrf37qw98uuvgex8d2g92t04x6rf52940ywv3kuxfq5rrukp,peeling,P001,starting_source
W04232,bc1qpceyfulk87hthm3feleepqnr2p2crq63amrjxq,peeling,P001,change
W04233,1CT76zpNmgPhgyZJYuoqa5K1ZSTS9bsPte,peeling,P001,peeled_destination
W04234,1LeEQSgR2EoHypRMKJ7RkZHj8rijSjvjAi,peeling,P001,change
W04235,38wBCzzha7cz9bya8EpuJpHmjGJ5g1K1rN,peeling,P001,peeled_destination
W04236,3Pps4U3DAKDuXV75BJqzsEEL3PwwL1cgam,peeling,P001,change
W04237,bc1p4pjraahfnt44yq983fu2pla34u63sgdmhrj33n6d8jply6j99t4sqgnyxe,peeling,P001,peeled_destination
W04238,36dmvHQd5oQexhCCLjHQrmBtMMb1giT7Qg,peeling,P001,change
W04239,3H25EHwRmKoyqDrJwmJ5Am6FgT23Qj5geG,peeling,P001,peeled_destination
W04240,1NUjFySEF29tZsVY6Bn631EgC7owcwwHfk,peeling,P001,change
W04241,bc1p3qykuntr0tcpl6zgzf7zv8yg2z850y4c8v5jfq2pwmppl06vzlhqgv7e2l,peeling,P001,peeled_destination
W04242,172kT9LWTzPso9NMoDAjPfqn7z5Qd3NyiQ,peeling,P001,change
W04243,3KqAak4VrSoxf7aXoiNxxwwBc1L8D81TWV,peeling,P001,peeled_destination
W04244,bc1qeu9jrld3mfsdrh3px6vw0fhf56c8jwjezl8v4l,peeling,P002,starting_source
W04245,13PcgwJsxgC26Rt2rUE2YExnnQAhZf2Max,peeling,P002,change
W04246,bc1p05q9v43l4s43naklx06e0hat7yec5lsfmkg7zrghg5yftcg9eh2qe4070y,peeling,P002,peeled_destination
W04247,132weL6bESTRQW2ANKrc2W9HtfsuadGJ2h,peeling,P002,change
W04248,3GsZyxMqn1QgY6V4jb5AWdWJu1naUiLUzN,peeling,P002,peeled_destination
W04249,394Fdun5t6GnBTNAgNq5aovzW52JznA7pR,peeling,P002,change
W04250,39hd5rXfaB5C3pM4tdbSYux6Yc3JWGeuYN,peeling,P002,peeled_destination
W04251,32z2iET6ZsiEh5rdyxdFf6HJZcSxUxKfRE,peeling,P002,change
W04252,3AS4NurAGrBH4JG1KB6DoojxfCYBy21csf,peeling,P002,peeled_destination
W04253,bc1qcgap3c3w6gtn0v95h39smjwxrl7eh9urplc5k5,peeling,P002,change
W04254,1LFGMWKsWajRDxut9XGwYY43co1nPQLT14,peeling,P002,peeled_destination
W04255,bc1qgjyv4dp33yzezkx8nhdw6hajgea5wfcas4v08l,peeling,P002,change
W04256,33Tx1246GTqXPChBDEUgnZkEstZbCAMZ7v,peeling,P002,peeled_destination
W04257,bc1q7zev0f0qjqup4n8uf640673fvy0ngy2sddqzwp,peeling,P002,change
W04258,bc1p9d70aaeedzhhy36ys5pndv30gdn6x643u2g7cuuqwds0j0a8kwkszh74vq,peeling,P002,peeled_destination
W04259,38re9bpnSULMQ3YAkEGwQUsDJedWHVbmV4,peeling,P002,change
W04260,3Qbx8P1dDP7Yt3PckTJnugEnnk5bv7x1sY,peeling,P002,peeled_destination
W04261,bc1q4yruvjkhy4rwyzu4wysd08r08euxz8z3kz5u8v,peeling,P002,change
W04262,bc1p05hlmz4xt8vc3gaqrhefjr7l8e6s496qhua4rjsdpzfjzwr4hz4sgvgpmd,peeling,P002,peeled_destination
W04263,19NY2Q7VKk5cbw5yipgrECLyAv2TLirtZL,peeling,P002,change
W04264,bc1pjtac6tdyty0rerdep7j26kr6vdurwwl5c086hxhmhqn3cvlzgnrq3expam,peeling,P002,peeled_destination
W04265,1N98VKk7z4DXn449VGeTksSYWfJEUw7VPj,peeling,P003,starting_source
W04266,1PGKX2cTWnka9rLoSj56eKA75yvKa3jRFi,peeling,P003,change
W04267,bc1qml0r42kjge0n9df5w873cjmqjprmhwp7w3fnnp,peeling,P003,peeled_destination
W04268,3HBXrXZfAg1rsho3ng545h2EAMTdMKEhn7,peeling,P003,change
W04269,1K8cqr4acR9thF8NqdQDiKxgu3VywX4ctd,peeling,P003,peeled_destination
W04270,bc1q6eyx2laz5qwvg9lw8w7gz2kq9jkaphs6gzpznf,peeling,P003,change
W04271,32tsYm5redfYKeVk8dPGheie2eG4pxQj7K,peeling,P003,peeled_destination
W04272,bc1qgv75wgqdkxzsasxmy7lkvtnq367yn8088nsxlj,peeling,P003,change
W04273,3JnNaHbyndrMmDr6mLu3QEf86etj46rVvk,peeling,P003,peeled_destination
W04274,1PAZBAAsKKHSFHZ259WArvFZqP24xBQfi4,peeling,P003,change
W04275,bc1qax6mzukpgajk73pt7fe60lplcrzl9tgl32y3xu,peeling,P003,peeled_destination
W04276,bc1qx6gnswv23enlk8arc8gujyg5gwkg2x3tpvxk4l,peeling,P003,change
W04277,bc1qv8jp70dqcg4gh0xyvj9qu4v4mldrh2xqg22pxl,peeling,P003,peeled_destination
W04278,bc1qpfhw7ln3sx5qmrvl9j6yvznlc8rzla29wnmvnc,peeling,P003,change
W04279,1JYLqMaH8Be9wu6JjG1xLiNzpVTEgpnFfi,peeling,P003,peeled_destination
W04280,bc1q24kqpjuyshfygcuutmqhtph4ufl9s6ku5qtljx,peeling,P003,change
W04281,34tuyk31Fv6igr4RUJ2VzEpaMy98cfAeGj,peeling,P003,peeled_destination
W04282,16mymBoWuRtusjAS7hsJCpGe7wfHGnyMBZ,peeling,P003,change
W04283,bc1qq8fjlatpdmklr5zdll8p43y5p9kgm8zk3m46lv,peeling,P003,peeled_destination
W04284,bc1pss450fcqd7vpsewq9z4h7ttf66atz3arugjd93rjve4jl6h4xgeqqet8ze,peeling,P003,change
W04285,1NMbfeb5NoaeAAg316LoRzSZuahqxPkMtJ,peeling,P003,peeled_destination
W04286,3GoJK57oApJL5EzNKs6trzVqQLzVwuYw2F,peeling,P003,change
W04287,bc1q70wnq3ge7fw8s6uvymd3rdjx9dqgaqpw3lns7e,peeling,P003,peeled_destination
W04288,1NuX3p9j8tPepzPny4tAHpzRgdFEzu9LpA,peeling,P003,change
W04289,15CYqyqHArYcAS9MB2gNv6WthKWZswmBni,peeling,P003,peeled_destination
W04290,32DxCBeAfXPBP2c5HoVYvtwXXdbA8ruvzw,peeling,P003,change
W04291,bc1qhrl6e9492eyqfy5nyu4yz6tpwtqurvt3ywjnys,peeling,P003,peeled_destination
W04292,1MBMMVvSbD5fGRDBUjRAqATLKY3EoQs55P,peeling,P003,change
W04293,36TWTtfhatfmaym7744KFREsf2ZmQagJ9i,peeling,P003,peeled_destination
W04294,19FRVtKjbMzGK1HpA7zSXi2AgYGRcwn1ru,peeling,P003,change
W04295,bc1qdjrk6sykjgrhdvw8rjz9vkq507x422u3x40y9n,peeling,P003,peeled_destination
W04296,bc1qgm5ylmyltmmephz4nnvtpf80f7yhr0lfswtswu,peeling,P003,change
W04297,34RRioraoXEX9nkQ7KAUAVBnPekSPPbqGf,peeling,P003,peeled_destination
W04298,1HE2AQig6uZwmTNvNL329aTvmSowDib9NX,peeling,P003,change
W04299,bc1pe3zx4l9f5zuw99uznqvyjeg8e3zy2rjucswt2gp05kq8mr5nwudq7j7ghn,peeling,P003,peeled_destination
W04300,bc1qyq7e8ja6gfqe2hecmvqg0pfyj9y84kke7hmp26,peeling,P003,change
W04301,1ATNw178oj9rMqa9Xh8RC8TYQ2Wz69tN9u,peeling,P003,peeled_destination
W04302,bc1pegeyvrvxuetektmcxvrepny9a28qxcthcv2hsnqr7akxec2g93qseh67pf,peeling,P004,starting_source
W04303,bc1qm96vntchhz0704d5x5sdev8y8zqfu7zf668wnl,peeling,P004,change
W04304,1BuciwgaQGeEc5YiSW9ipUB8DBHtLJAxPw,peeling,P004,peeled_destination
W04305,1N39hpTRmApyD9aVxDUh8ofoZqgSS4apnG,peeling,P004,change
W04306,bc1p4fjnhv5n4gdhn04hpd4lzz95uzr6007t8hlqk2mtrj36wyxfzcwqvuf74g,peeling,P004,peeled_destination
W04307,1AhZq3UDRPUFZmKRCJeJtkK4SpCqny1fE6,peeling,P004,change
W04308,bc1qtflu0d00ec650jgdvn9c9ea2ntn9ffk06yh3sq,peeling,P004,peeled_destination
W04309,bc1qc2xkvmeu960ng3prkqdg2pv6h50pmg5cpzge6d,peeling,P004,change
W04310,bc1qkh8qcy275pnwcjhg530r6dp72sqr8scs66r5fy,peeling,P004,peeled_destination
W04311,1ALjnVNjajzezZa2qeL1ir8XfZ5KQpVDgi,peeling,P004,change
W04312,bc1qnshj2ctpl3873r8jg60andldp3sdwurevuzp0v,peeling,P004,peeled_destination
W04313,1NCZ4F1pK1GxMCTueCWdFmq7a2jfdQEoTq,peeling,P004,change
W04314,14K13AH1n1PvFCxBySBvj28NjuLpWbFZKs,peeling,P004,peeled_destination
W04315,16Q65e7UrC3HKmupo3vJr1dWuqjsD8N9Fw,peeling,P004,change
W04316,bc1p0g8vj6wx6x5vt66dy85cmaa8twz46yqxr33n3ajum5rpa9k52c3swcra25,peeling,P004,peeled_destination
W04317,3A2mHHXA9roRKeQaZCEXzSxf98iHDBPXZN,peeling,P004,change
W04318,bc1qqcta5hcptvx8tlsfxkwc0ayet5yqsw743lzzks,peeling,P004,peeled_destination
W04319,31jA8mH2kvfcKjamoXGqgDDPyin8Er1cZJ,peeling,P004,change
W04320,1BNv9aK9FDcRKzYr7qPr32265Tw5g5KRRD,peeling,P004,peeled_destination
W04321,3JTLuRpk4aMc31bQxmmNppxDwehd8GMWeq,peeling,P004,change
W04322,bc1pk2nlgmgxqzwsc9w7rlwk0p2ftp5thm63r33spa6xva7vnwztdn5suh6enc,peeling,P004,peeled_destination
W04323,3PgTdZnyW5AvgwmQaFp4no1PtLquzSimLT,peeling,P004,change
W04324,129hevVCAfCewgvmYAGtMQ8ebNsgYRgVic,peeling,P004,peeled_destination
W04325,17o8Ue6iqoNrmyrYUzLuzMC28niRpM41M4,peeling,P004,change
W04326,bc1qahsyq8dxptxreed3vwv0pxtfmkyuyqd73ahyqc,peeling,P004,peeled_destination
W04327,bc1perg88p364qfr6uj3rswtfre8mney2v207tzkvpf5y9edlwlmrmlstpwu7r,peeling,P004,change
W04328,33QR8Nk1LFUKfU5kYjPTnTpBrPedbksguZ,peeling,P004,peeled_destination
W04329,bc1pq842d2c8s7gzmwtycqf72xydhz9wrdkf9mqc92sm2ccjwv8x39pqrdm9ke,peeling,P005,starting_source
W04330,35EQgtkviSXD86i7FNjCx73uPP1cqJLjaE,peeling,P005,change
W04331,35LbbytK5rV7JHNW2RNQiYpwzSdFkf7DiG,peeling,P005,peeled_destination
W04332,bc1qkq3nqes440p4z0q25eny3yf3t27nyjtrrd4uwc,peeling,P005,change
W04333,bc1qs8835ykt7yujluep2p2mesykqdx66fld3czacm,peeling,P005,peeled_destination
W04334,bc1qd5l8096c3nvcgjuhcxwrstslg5a828zx9qewng,peeling,P005,change
W04335,bc1qchfjfzwmf8fngghahnc0ch5380lj26kzg7rpsu,peeling,P005,peeled_destination
W04336,bc1ql2y43uhkt7pwwqjhc0fws6782ywcsnhrfmlr7z,peeling,P005,change
W04337,bc1psyrk35pzh2lagwf8rtggd9ksqw2vnv4ervkcq202jgh7xgaf5kesr88yfp,peeling,P005,peeled_destination
W04338,1My8qWmcsuwFDjLVTzhFgUjoXiJmTmfLiW,peeling,P005,change
W04339,3P3jNYS139Jeq9TT9E2rpG9ggtnsVXDCZS,peeling,P005,peeled_destination
W04340,19z6MD7xVqCBq5RZpDC3XJgxxcANoxfCZB,peeling,P005,change
W04341,bc1qjpq2rq32mvuupwrsapk3t5w7fcf00vjke2lwmx,peeling,P005,peeled_destination
W04342,bc1q9kh6vlz6gwj7lvjz0ls7sxpmryj04t2wtfcwlh,peeling,P005,change
W04343,1EJARC6aBVNXr734Nn8LudGFix9Uy7UJfg,peeling,P005,peeled_destination
W04344,bc1pn3sm0398f2zdd0l3eynevd8vr3w500nmxmsp7flme378gyp6nndq25853d,peeling,P005,change
W04345,13bqQADJd1jxWw6D5mCEWsDbmHbZqfb2VV,peeling,P005,peeled_destination
W04346,bc1q90e664m5rf3r9z28gjm7p266m4vna6y4xpyk5e,peeling,P005,change
W04347,bc1q2mcd9yqs50zpgu0hq5ylegmrrcv2fgq8jxwgxc,peeling,P005,peeled_destination
W04348,bc1qpurtqg8tx6ssfzdl358ca7ejn7y3rh8hdkzhtn,peeling,P005,change
W04349,176eZ9otk4nhj4wi4FNEfj87Kty2yGzxZV,peeling,P005,peeled_destination
W04350,bc1qvjrv3ay5wqh8qyp7tu8pkhaqn5fvkcaegcexsv,peeling,P005,change
W04351,bc1qc6nr3egd0wuqzlnayzmth8j9nym4hw3n3py84x,peeling,P005,peeled_destination
W04352,bc1qrzt0eqyw9a6h4700vzh4dgk7qyjcf469jn7mzf,peeling,P005,change
W04353,1Q69o7VTb5yz5VAhV5L4o8JdaDPtgoLpa,peeling,P005,peeled_destination
W04354,bc1qugsmk2qkhpsup2hxkegahl52zm2s6acsygq3vg,peeling,P005,change
W04355,bc1q8u6zhumzdlegjcdrh9t2vzvfympvz293wj99c8,peeling,P005,peeled_destination
W04356,3K4cyNTToK1vxFsaMKa1Cwof4HczY8Kq3Y,peeling,P005,change
W04357,16vNmsLazZSnUWN2taaBuqLZAotkwXBpWp,peeling,P005,peeled_destination
W04358,bc1pq2jhhg69j88yexepryc5v2sqx408xhm46kfttusuec2jdm7kvt6qyezldh,peeling,P005,change
W04359,34NGa6CBGwDEuCPaTHQDnZQcoDWQ4VA4kf,peeling,P005,peeled_destination
W04360,1FbJEaQo62cTj6pBnWGRz2Cj4RL5pz2nT1,peeling,P005,change
W04361,1JRGSgPMku6Fz8rHdVfQqqpHcmvsY5Q8ph,peeling,P005,peeled_destination
W04362,1BBDioeksjyem9kqi1radi3XBcUE8uGBvZ,peeling,P005,change
W04363,bc1pjt7cm8h9lj32llr9knxz0fuc507d2rmdcp6422cynfhlt2kz5w9qjw6any,peeling,P005,peeled_destination
W04364,bc1qv5qknwupnxss4wvdjs2np0ffaslyycdpdh8afq,peeling,P006,starting_source
W04365,bc1q4yt6ghslgdz48shpce6jqz62rd8efe3qt0tdtm,peeling,P006,change
W04366,bc1qvselqg2syt3mz7vutyk92s5sptyyxywlke9793,peeling,P006,peeled_destination
W04367,bc1q940nc4d5h9am5qh47cy7nzfu2ezcq3agx2efnh,peeling,P006,change
W04368,3HzM8yYe12gDwWweGSJ7hTUtbnuVY9f9jH,peeling,P006,peeled_destination
W04369,3CchgBVfi1gfa1d2SZcViYs88w85Ndvjzb,peeling,P006,change
W04370,bc1qz9w9cu7yypfhk4yfks9l4jedrtr5lre35au2kk,peeling,P006,peeled_destination
W04371,3FNTKWHhEf25n7qTmbeG1UgBFXcNKqePZ8,peeling,P006,change
W04372,bc1ppx7rfa948vjx44997atv6pmvwfxqxmlajlackdljq0pjkysswhqqm8h5gs,peeling,P006,peeled_destination
W04373,1KRpnyAxUHZoG9W21yM7WAg96AVP9RR3w5,peeling,P006,change
W04374,1Jifop4camUm2Sr29VTDKi7b7hqrJuDiSp,peeling,P006,peeled_destination
W04375,31msZVdZbxVfDFJW5wpoeG5WeKnnvswC3V,peeling,P006,change
W04376,bc1qh8jpay8cnssna8zkpglwqswpslyagzztldemar,peeling,P006,peeled_destination
W04377,1NCFM8bjNvVSTrcUy4oXaYKdLhzz5xWrrS,peeling,P006,change
W04378,323mJCEaNejoTxXPJauEw7KUipYyWLPTN8,peeling,P006,peeled_destination
W04379,12KcUykzWS3XzdRfYQbDAu6PXJUJiYqWLp,peeling,P006,change
W04380,bc1q8h3j0z9w8pxptepp7xdprs3j9d6tmhfcf20fm7,peeling,P006,peeled_destination
W04381,1PsxvRwto7VXJrDbDd35An8moSqdj3qARN,peeling,P006,change
W04382,bc1phv6s2u88zrjzyjucwtjs7et0tttrnqg7deymnej4f4n9k9t4wjcqgwn3xr,peeling,P006,peeled_destination
W04383,1LmcRaJ4fezKxBWRe3fmbQ6hBPEzZ7k7Yv,peeling,P006,change
W04384,3NAy1D9sCFNpCi89kjmNkEqGf8LDvm7Qh3,peeling,P006,peeled_destination
W04385,bc1qmmu4lcm72zdy2fmvr0e7fcq9guu49656ccjx2s,peeling,P006,change
W04386,3Bibva4TBZUrSHy6Rphon4Vm7jcNQcYgGm,peeling,P006,peeled_destination
W04387,1ApoW5Zz3HuFKmrJM6AdsKPnQNKbVmCaZ1,peeling,P006,change
W04388,3PgbSqmfzvnsEAb7TqaKrQy2hgtWoK1Kss,peeling,P006,peeled_destination
W04389,18kaauGFfo32okGjhoDJyuXLxxh3vEXFyF,peeling,P006,change
W04390,18Sv1wi1dAkZ8HkkXWbvWRsUmgEC2Wrmzk,peeling,P006,peeled_destination
W04391,bc1quq6nhmgf9q9wdu2yukkkulrfgshmxjrnddk8z2,peeling,P006,change
W04392,bc1q9n6se2xxdxws0rc9zdltpfphpgxz796g89450r,peeling,P006,peeled_destination
W04393,125muDXjxQ2djE4wFM6gz8NLyjikAgLfGs,peeling,P007,starting_source
W04394,154NMojWTHTYc12aKqjy9BDixkATQMb4wu,peeling,P007,change
W04395,3ACdJnAjyv4SRgJEbCxNTqK9hnC8yfx53j,peeling,P007,peeled_destination
W04396,127YDyyydje7eUPc1soMzwmAUdYUDDkHtN,peeling,P007,change
W04397,1CjfPwwF32WDqb9G9Yo4cLDdZkdphWETXV,peeling,P007,peeled_destination
W04398,31wXvyQiJcSKrodskLHCVZbc1h7xNYYFnV,peeling,P007,change
W04399,3Fjc8WCXzKXPG9qKiuQntZ7erFbZkdfGSV,peeling,P007,peeled_destination
W04400,bc1q50vyftultcuwfq20qfnwsnwdpklssvvde2f456,peeling,P007,change
W04401,bc1q7k20uaz3s6zyyv5uy3q6wys23p78dp2ju6zt6w,peeling,P007,peeled_destination
W04402,bc1qvde998534t4pqwk89pxwyz6j8gmn29xwmaetzh,peeling,P007,change
W04403,bc1qfpdlq9f4krnaa6uxu9849x5l3m9xh35pjcaqk0,peeling,P007,peeled_destination
W04404,bc1q0cntnywtua7k3zjtvc8frv99mkhh906tq5w3wk,peeling,P007,change
W04405,39QWA2DcguRzGhWBpTjNrwcH9BALny8vbZ,peeling,P007,peeled_destination
W04406,13xHn718RabTSLgm6yqLBax2WaNq9U45Yv,peeling,P007,change
W04407,18eEPgGYCCbSoZRmYy6mEp3411iRXxuE1b,peeling,P007,peeled_destination
W04408,1A6iFSDvpQ5Vic1GY9zytwW21hN1qKBQPe,peeling,P008,starting_source
W04409,bc1q8f8rate4ulpekm8q656peryne2lclst3ryfl3y,peeling,P008,change
W04410,1Cp9afxHaMzVR9CWvNxDKhTKaMSVsxe2eq,peeling,P008,peeled_destination
W04411,3BEBiWvvCm12A5rxqkxzrGnQtHid8GjBhW,peeling,P008,change
W04412,12sKoXQGkAB36wpwzn1ZtGSXMs6W9eeosh,peeling,P008,peeled_destination
W04413,bc1p67wpaun9vsrz92v68qv58d4hu8xfhx70st87fr6z86wqcg3d4amql24zpd,peeling,P008,change
W04414,bc1qvye7dqgsldx24mxqud36a48kwtam7sfr3qqm4r,peeling,P008,peeled_destination
W04415,bc1ptdce9fz7uquwuk9e652esp4schsr5s6naxetd9lf978aakg5c0yqvaqc2p,peeling,P008,change
W04416,32AEbkJtyvhzDENq13M75sGi1gEjfd3jWU,peeling,P008,peeled_destination
W04417,3EKmS8QG7HoVPkRKAvvaukZV7jmU7LyprF,peeling,P008,change
W04418,bc1pmyq27ejrl6en8tsugtuf58g0ne4383j5guxa6z3npenlga8lv8ks35swvm,peeling,P008,peeled_destination
W04419,bc1qz2czesajeuc377xfv72wxscj0xygaaz6x5ucnw,peeling,P008,change
W04420,bc1qvg8uelyxmxg7wsg0x686kp2kn876ncp92xntlu,peeling,P008,peeled_destination
W04421,bc1p8jlrdg8mn0kae3m3cmjfjsv8xxfgkxztp2qfy4pkl9effvsda5rq59qftm,peeling,P008,change
W04422,1HhpEsrbk95uP1Xhnx9DBJQGAcLTEq77s4,peeling,P008,peeled_destination
W04423,1JEMX1gXsXm7fJ2uLCDzk5hibMwZmDQXDP,peeling,P008,change
W04424,bc1q8uaq4356a7n4xwhgt4v27v3ryhg0wzahah0c6q,peeling,P008,peeled_destination
W04425,1M54dkFuekuTqGsqVnGNBDtzPbpgXYABcN,peeling,P009,starting_source
W04426,bc1q2uq0g5vtxvetn77ptwj9auqqtr4qwdzc6agscc,peeling,P009,change
W04427,bc1pgfxjsy4z2uu3r7cdw2d4fuu7lp96y6raatnsknhw0n524q0dhcfqxtft4p,peeling,P009,peeled_destination
W04428,bc1qdq0nxlfnhduay9s80py9xte9mrucreryc884z3,peeling,P009,change
W04429,1Nz1gtkxeiZPDSQe3VQ2hvh3Gmr5Q8Urze,peeling,P009,peeled_destination
W04430,1DGPkGzZAfafase8qmd3QHKbJXBxi7sg9L,peeling,P009,change
W04431,163AMUSM9UXnBd6DfhkZWoSEoAKAo5M8Wy,peeling,P009,peeled_destination
W04432,3GHqR23dF5yo15CZhogcVFP5P48CgWAX1Y,peeling,P009,change
W04433,bc1qva3xr56lzflgmx2t0csnqu3ux8rntnn029mxul,peeling,P009,peeled_destination
W04434,3Ln4jrxnvD6YTAveBukko5oNVy9R5xpYFh,peeling,P009,change
W04435,3DFS8rAVoUAr4CjgazGgjsCdHz983W3uh1,peeling,P009,peeled_destination
W04436,bc1qmpg0rqw7mzygf4xzrekcufjc79zxsjncgwdvn6,peeling,P009,change
W04437,bc1qgke8cgsu2x69gjqk5wltd7pu777jpgzcueuqyj,peeling,P009,peeled_destination
W04438,1DWnDXsGF2NoPdZvs66EAmSmUYfMT1V21m,peeling,P009,change
W04439,18GZ9eGSEaFxg8b7LrbA3fzCsRAEy9ZtaB,peeling,P009,peeled_destination
W04440,bc1q4ttwr5f220vtcgglacz4g7kxm9u2ah86jc64l3,peeling,P009,change
W04441,18Y3Jm96E119yQqq7Vz8xTYY3s1umw3gKn,peeling,P009,peeled_destination
W04442,bc1qpkcx0uqpetdf3peqws7awde6vv9we0gjrdxcxg,peeling,P009,change
W04443,12yGn6rjroGyUSVGn5MwHb9LpWchWaodoa,peeling,P009,peeled_destination
W04444,bc1qvscf824vq43jk93z2a0hur4fa8z36pptm2k6rn,peeling,P009,change
W04445,38B9PrPCuSH7Hv9YgFBt3qqNBDQ2kSTfYW,peeling,P009,peeled_destination
W04446,38rhX1bYiM49atX6x1MZ3fsR58dJ8r21U1,peeling,P009,change
W04447,bc1q30xxt655dgg7yhzlfw7vdqg3sn00vezw8uk0cl,peeling,P009,peeled_destination
W04448,1NaaiXxdaY1kCMP396aGxy9fGwmsF9V2Xn,peeling,P009,change
W04449,16BVMSRo1fw7sbjaYizGKmZdz8Sa6Zimzn,peeling,P009,peeled_destination
W04450,bc1q354hgzdsc8zg47e0jd7gdt7xevnx2p5styn24g,peeling,P009,change
W04451,3H31rfQfcjwPYkDA25qCBq5HdsWPQ5C1Py,peeling,P009,peeled_destination
W04452,38Y4HCAqbTZi952y8MaWqCL2WHyRXxdLka,peeling,P009,change
W04453,bc1qtyph7f07zjdz26fzwemdw6rjjw5qsyun5ddtj4,peeling,P009,peeled_destination
W04454,bc1qpkaru20j93eya79g9v799guxhyhw5atg260q2l,peeling,P009,change
W04455,bc1pk45qfkh4q865hjy065rwzk72jax95kcyamlcg99j5z83exrukgts5h8zys,peeling,P009,peeled_destination
W04456,1EhEcuHyiCyMLhTrMhPFA4XDz7nbM5TB4i,peeling,P010,starting_source
W04457,bc1qwvk4ehu6m8qyhz2p77tvsvmuey9jnw9l2zxh9q,peeling,P010,change
W04458,18pkBf3SxZvU8x7vNRmBWiYZ5f4VK4xspu,peeling,P010,peeled_destination
W04459,12qSc8XzxjWuzziWsgUtZfusNuKTxycHVx,peeling,P010,change
W04460,bc1q7vmh8qqy8r9lctak7t86lkv4fqr68n3uk7cgau,peeling,P010,peeled_destination
W04461,bc1qwj2ad0jxkvpyn484qt46xgn6h5cv4e472t2l00,peeling,P010,change
W04462,bc1pry6exqu3x8d6au33qqv0d733x0x24s8p6dv2e2vpy23wg2m6zw5q6avtyn,peeling,P010,peeled_destination
W04463,bc1qctspn3hvvgtuqaszunkgkyznfgta25pak98tl5,peeling,P010,change
W04464,1KmKbJnHY1VJoAZh5RoauZokaAexi1gLn6,peeling,P010,peeled_destination
W04465,bc1qmnm50h9464af6zdk8zjy2u7x8rfqk3w9xl5j7k,peeling,P010,change
W04466,174iHbcyEC4P9EaARukRh5tw3Eq9AjD9Ds,peeling,P010,peeled_destination
W04467,1FiWKP1FXY7pgq4zNYanSZcNNXqnz1RBHL,peeling,P010,change
W04468,3CBK9kmXayuJnzLkUXSa9Qtqe6JY1DeXTX,peeling,P010,peeled_destination
W04469,bc1qr03ajump7cx7e62r7jv4mg90ne3cetgft3xn27,peeling,P010,change
W04470,14QAuVtkAMWVpCpa15X7wRktiSxBptTkVT,peeling,P010,peeled_destination
W04471,1LRC1NbzyZhAFMdV9vQkBaL8D8pE2E16Zz,peeling,P010,change
W04472,1KfMng65fASERWFan38GfwamQXDJYCo4vL,peeling,P010,peeled_destination
W04473,bc1qsdpfr6jnexctuf5j8ufcn54afqp2mq3pfkdnx4,peeling,P010,change
W04474,3H13r4MuH7Dyj7rTCNTUZBaeuki3xAhFDF,peeling,P010,peeled_destination
W04475,bc1q6t7wwlssj2k7khm22m0kvxpwrvuv6kegezkdjx,peeling,P010,change
W04476,18jJN9ticwUNEgkH8jczMoLB14BVnqkF1q,peeling,P010,peeled_destination
W04477,1DgcEEUVJ7nWPaTPPWLjjcUo7o5ambZMVZ,peeling,P010,change
W04478,13P4Sak9gQRc1FVZFvqrh3GstnDcRKFFZH,peeling,P010,peeled_destination
W04479,3KBBAqDori6yBPPwPRQ6wxfWEu5wTEsZqF,peeling,P010,change
W04480,bc1qf4gn60tzx9dqmmkv9w575qsj6gezh3nkjktlpu,peeling,P010,peeled_destination
W04481,bc1pgjs4ynt7aqyjlf0sxq3hkdrgltmj44uf8zdzdeayv932thu0ys9q0dh47s,peeling,P010,change
W04482,bc1p5kddzr3p94yf5u6z0qg97u3cv2ghec9zjm3n6sljgscrtar05tdqa5yxa7,peeling,P010,peeled_destination
W04483,bc1qv7jsfgu2t0c296n8vr4l3w6xlar0tg68986rc5,peeling,P010,change
W04484,1DEk58tJ6X9dHgMbE7P3Ei5KzimoRTyKPe,peeling,P010,peeled_destination
W04485,bc1ph2t6pavupcvute7uzpwqupv42gqpjkrk7qh0seh9d3q8qk67mgls8hdmtq,peeling,P010,change
W04486,3HKPvbnRVkJATLSnBuhAyLYgtunDn3LKLN,peeling,P010,peeled_destination
W04487,1N1LGfRzimkizGBdRjs5NTLKFP5dRbnJx1,peeling,P010,change
W04488,bc1qqq2tp3cyhj9dmzlyutufsrakr3xkuk0mvfdguj,peeling,P010,peeled_destination
W04489,bc1qza98ctgw9c3arwmd7dh85s7cfam5kaarmxxgum,peeling,P010,change
W04490,3AnFC1ee8jsJ8c1RYt7kDB1GMuQudhV3Fg,peeling,P010,peeled_destination
W04491,bc1q34353zys3pjjz54uw6g3lh9drrfngdleqswggj,peeling,P010,change
W04492,bc1qxx2gzqjc9jgg5l57t4l5kt5nr873q2yymvmvax,peeling,P010,peeled_destination
W04493,33H84B5LmnerfAASjYmo9NHGV7D3Jx3XxM,peeling,P011,starting_source
W04494,bc1qww3hsfq8gtyjp7f8dfgsnft77d6xpatqsawuu8,peeling,P011,change
W04495,bc1ph668ylps8588pwc555zpyp3nj539j72e22mj3sqk2swnry0psuystj6tzn,peeling,P011,peeled_destination
W04496,bc1qmj7gmryj6evpnwuuz28azlzeppudelp43gu3km,peeling,P011,change
W04497,bc1qyqps0j6yytzjm49dgcqvya6gplgwk2umyglvkf,peeling,P011,peeled_destination
W04498,1BJSQsvwi8cs9pBmmZGs9GsP9BFP6KTxNs,peeling,P011,change
W04499,1JbXXgzkH5YrjG7nFZxUdrj7SGRREtqaE5,peeling,P011,peeled_destination
W04500,bc1qstp0ylj0ysa9m77ly77cagveelg7fhywmzxc7w,peeling,P011,change
W04501,3Aba4e6UFp89p42DHajLoD8CFV7p2XUeGx,peeling,P011,peeled_destination
W04502,bc1p5gkq44ptlm3qh3swwt2fqa2hwkcf8ry0vj09pns6dyl8pmtxxypqu9av4y,peeling,P011,change
W04503,1BDECSRMxddL91y2XabmVqBijY2P5WisWB,peeling,P011,peeled_destination
W04504,bc1qr742m20l3n97z3gfwzzuyx6hxzh2rclgcja9hl,peeling,P011,change
W04505,bc1qr738c9fm4nqtv8uhyls95lmkfjtsrxh62cljxn,peeling,P011,peeled_destination
W04506,bc1q85m3lh2jmm7yw0mp8hsvk7s2yesq22y7x5eqen,peeling,P011,change
W04507,1DHHGRCWkKfvYXsbFdCGeHR2AgmbT9ti7m,peeling,P011,peeled_destination
W04508,3FmK2pVT9x7jWEdVpc2GtcJ9SeZHMbMcki,peeling,P011,change
W04509,1JTkrXCXJBwhgGFxjxHt3AkUQCQvAseyRL,peeling,P011,peeled_destination
W04510,1B5s6D9dw6hByUhZ54suktnLgH6iKcyehn,peeling,P011,change
W04511,bc1q7748sa7nrnmt9q2rgawm9ph4z3y6w45acrqm08,peeling,P011,peeled_destination
W04512,1KYFpFr4DviFrHatRN1RYRzbx2CPB6c4UW,peeling,P011,change
W04513,bc1qqmtj3tmhgt7npt8f62p3azc6f6ea4mltx0fp9v,peeling,P011,peeled_destination
W04514,bc1qkcn98hqlkafshdrdc6sdcucjmjf3xn3g9errsn,peeling,P011,change
W04515,1GbSTtZSLw74Dni9LyVmKrVoY7z8TXY87z,peeling,P011,peeled_destination
W04516,39jHCnFM89tPaLWNrkWZUJskBDEM7bR6mM,peeling,P012,starting_source
W04517,33YD7x5d3DfTs8cZkn5ZCKpiQZkVDYoTZs,peeling,P012,change
W04518,1BwsD8V6fTySetoVKW9Mi2mdMkYuuDJUtr,peeling,P012,peeled_destination
W04519,1DQSBALoaashsHKxxb5XRgHi8WfW4ykqhM,peeling,P012,change
W04520,bc1qnrw4gkprurned3g6cnrw3ntr7dp62je9wn9p4y,peeling,P012,peeled_destination
W04521,37UQEZhyatx8n5npNhccAv2fhaDtaNoj8p,peeling,P012,change
W04522,14KAZnEAw4SpxK2JyAySEKUQi8yTaMZWah,peeling,P012,peeled_destination
W04523,1QDawm2rSg8bGaJiFihMpEQDQhvZLhkw9H,peeling,P012,change
W04524,bc1qmz6fqtvht4n873aqwly8yjsshaujuk6y4nmz9v,peeling,P012,peeled_destination
W04525,bc1q78q70pgwkttpr0vh8a3gurf44pcdm3mspxg2l6,peeling,P012,change
W04526,bc1qx9yeephhl4ludvxvtjq23uhchn76amxk44fyu6,peeling,P012,peeled_destination
W04527,bc1qy3v7jg0x8h2q5xzy6estrjjwrg7yarcyapfhjw,peeling,P012,change
W04528,17ef4UvuKWKRbewbqA7tQbB1phLttkM6xw,peeling,P012,peeled_destination
W04529,bc1qfq5ug52kwc6gfmhm29lkp4np4vht5eral20e4c,peeling,P012,change
W04530,15P69xWc9eGjEhofw6QrnWzJqZHdbxHHLA,peeling,P012,peeled_destination
W04531,bc1pvslcewfsc3euf46twwsva6q5wtkgy2j5dpq7mh2ptrq5uk500hgqysmzw5,peeling,P012,change
W04532,3EoMXtD9om1brumqLVQVDZfw3tVC17N25c,peeling,P012,peeled_destination
W04533,1HGY6A4RGPUapffmxxPYftvDc8mwYXxLVc,peeling,P012,change
W04534,bc1p6mh3hrgdjary6rakxww9ugz4hfq3nufttcta5umf0mdqvfzctrsscayxhh,peeling,P012,peeled_destination
W04535,1558RYVCRybzxhcpbCPuVtqcKd222X78BK,mixing,M001,participant
W04536,1JJb466YoANiHPTFt9ff2zRiLvLiSsqsVu,mixing,M001,participant
W04537,3PExFcQxcSV54bDSsAqsCKQhNYtjonsNqW,mixing,M001,participant
W04538,3LU5A3AsQA2C6CegKLz2oWjSWUsc1ictCZ,mixing,M001,participant
W04539,bc1qmhfxp8vk72n9hmkpkn5wsdsffep6j4fcn2x9nd,mixing,M001,participant
W04540,1B43H7atMNsTNYWafNbRrPz4EbkUq77UEs,mixing,M001,participant
W04541,bc1q59xh0zege36qlwg4kl4le4ut7hs7573cuswdks,mixing,M001,participant
W04542,bc1qawuupddvqfa5rettduemernlqauzruaxl623yc,mixing,M001,participant
W04543,bc1qj0egl2rxcasmeyxw953c5mqw77ddq535780ja0,mixing,M001,participant
W04544,1CKUbKAcepF6Fb2xVFp7C7AEzHW4AVCEZ4,mixing,M001,participant
W04545,bc1pnyytk46unkm6e83epglnmzqdrjljm209gll52jh6hjq050a4dt6sdq9qh6,mixing,M001,participant
W04546,bc1qt2uchhn2gsvl72flsvv5jhc4nttwz5jsgrsflj,mixing,M001,participant
W04547,bc1qzjjgr05dx2hm5tznx7tykj6t68cp5kyp283868,mixing,M001,participant
W04548,bc1qz48vjts8th4ygvec037gw8g4kg32xmcljp4jhe,mixing,M001,participant
W04549,bc1qvvsnynkn68u97lxazvc6wmpz3zmj072y2cdsl0,mixing,M001,participant
W04550,bc1pfwemnjeve2jks2f8p9dgw44syle56h0z5evvdnvllp0wwn5s0cxqhr6ank,mixing,M001,participant
W04551,36QMDovWKnkow8UTabhFoRCbQBuT9QNUyi,mixing,M002,participant
W04552,bc1q5j5fl23asr8eawve882ev30tartuv4fg9qsgf9,mixing,M002,participant
W04553,163SVNz5cSp57EtYNwxhMeA4HFuqGf1GxR,mixing,M002,participant
W04554,1Q634NpmPZjGWrPB1TdJ2cVkzVGEvf5Vwy,mixing,M002,participant
W04555,bc1qq4sn4mjdfg4tzamuny58r7c0zrnqqy32uv0cp4,mixing,M002,participant
W04556,13hejLavzsDrFp9TRyPnNEXicwEc21HggD,mixing,M002,participant
W04557,1MZfLMJuYmmSbPp3jAHQkcy7cJAJfZ8Kru,mixing,M002,participant
W04558,bc1qeaw8gt7g4h3cgwgwhm7673jdzupjr6lqcdtenf,mixing,M002,participant
W04559,bc1qtulav8mpcxlgdadt6v6x80vhysdduuamdqy32r,mixing,M002,participant
W04560,bc1qfxauemp0g806nntaw24tsgpfjexzgq4wu68t6k,mixing,M002,participant
W04561,14Qb16Df9xdDpeqPTQDFUMD2ZSjBLKt7Nq,mixing,M002,participant
W04562,bc1pv09nqdrvkfd92l7hdzrhap9q6280r698mk55xhnhzp7460nmt23qwdee2u,mixing,M002,participant
W04563,14YYJQWWSEYqhR9Rba8t3hQds68CqaBfsq,mixing,M002,participant
W04564,bc1q82ewjnngt50pct3t6wd7x2zqn6396mmcztx4d8,mixing,M002,participant
W04565,3JaKetRvHoYBZBQVGiyGEJHKaYYEzbLjTa,mixing,M002,participant
W04566,bc1qs56cxvu8lsa68ktcqctqyvu6trhk3lsu09purz,mixing,M003,participant
W04567,bc1qemraxdz8zs8ytljhtg3nc2j7z87dxfwu2jaa90,mixing,M003,participant
W04568,bc1qm28vrthz695jclk6eters8cj4vj2pvh52dja8f,mixing,M003,participant
W04569,bc1q3ue4yhqca95704mavejr9xwlvtqaryrwsw4p0l,mixing,M003,participant
W04570,35BaPvWuDm2eG1hhWj6rMq9m3VPYa1CP9F,mixing,M003,participant
W04571,14WyrcjaPmeoEK9AVqB2hbqaY5bQS6JipA,mixing,M003,participant
W04572,bc1qzkg09aletvzt3t83smer93h82s9mcm94g84tvk,mixing,M003,participant
W04573,1DfexLmQwiovyWEiUDH1Xvest7GvtfQQsy,mixing,M003,participant
W04574,1EjuqGHCT8C8UhvzrZ2TBndxDX78g8sSv9,mixing,M003,participant
W04575,3GCQbBXbFnwJqreB7MsesSzFsdd44coBQt,mixing,M003,participant
W04576,3JSZLFEBAL9ByUaq42dWhCiubpS62x1XkK,mixing,M003,participant
W04577,bc1qc584xhs3udfx5c6vtjtu2jwa0zzqqmqu34wzg0,mixing,M003,participant
W04578,1HRvqRvxJtm9gmcfDdrFbV4wUsbr2zg2gA,mixing,M003,participant
W04579,bc1pxlvpt409f4kayfclj0wdxuxdru2qu4pjxukrmz7m524akxtrn9uqdah4m4,mixing,M003,participant
W04580,bc1qq255ghc4t6r64wnuhvfgwd3lrpf80qzca4vmys,mixing,M003,participant
W04581,bc1qr0wpdtzjtap60y72znwquz59rff7my6yc6t6re,mixing,M003,participant
W04582,1KUybV8pNRoimaMMd3ZSqWCXLjcGf91ZS5,mixing,M004,participant
W04583,bc1qjwxlrkcqhujhc44x8arn4ffvxkx9lqxegmy5k2,mixing,M004,participant
W04584,1AjGg9YdASeAKKX4aS2L29hA8zH6BWZoMG,mixing,M004,participant
W04585,1PHN65gEAnJVrubmaSFGazbZSd6RVMuTHa,mixing,M004,participant
W04586,18wfSG8D2kTXuPb6UaK3FzkmwLRMWQgK5j,mixing,M004,participant
W04587,3LTWtk6qgnHtXXaTGdz7KjZYikHNDx2xd8,mixing,M004,participant
W04588,1HLVrSUPcKHEBsj5thWb4tUrXKEv8SfTpy,mixing,M004,participant
W04589,3QJ8As7sHY23VeXHG5Vce4kQbxfo7ex16d,mixing,M004,participant
W04590,1C5Vb9kAN4MER8n6MysyEM7hptuj39KgSj,mixing,M004,participant
W04591,1NFtNZ95GwSvnKWKT4nMoZXChSQi8BP4Ws,mixing,M004,participant
W04592,bc1pphkcnpwnkuaayupq9q95l4qcegdrm6nwk9f0mssjtmt2muxnlr6qce8hkw,mixing,M004,participant
W04593,3NJZ59hcRzpGypyCAoYwCPszUPaMze1bZi,mixing,M004,participant
W04594,3GhGm7CJhbieUP7wkrzgJLCeHY4kZAPY8p,mixing,M004,participant
W04595,bc1pns88a7lwf0kep89zllq9g9mk7f7up6tut4wh0csfau67d2jzqucqahc3hf,mixing,M004,participant
W04596,1H6SdtPmpH5Vg7hoXcTzpePPK5oH3DzfHe,mixing,M004,participant
W04597,1GCKXtdKHAkfvNQRr6JUS5aw5X2gT1UWvc,mixing,M004,participant
W04598,bc1p76dlcjwtyy9us9vzq6qca8j7zp7u9vu4lpqgcy7q9v5s9mj60mgqwusplz,mixing,M004,participant
W04599,bc1plup809nqqs0gzdytttz2glem3ej8fzprad32thcz5df5mm7gyemqrluuql,mixing,M004,participant
W04600,bc1q5373x3qx78src0axszknzf0pw7vdyxagrkczc0,mixing,M004,participant
W04601,bc1qysgsxcgwqygeuqduv0ggz7uys5t4grt9hdrygk,mixing,M004,participant
W04602,bc1qylhtlkvgzu4av9z0lrq7p8d9kqmcfuhte9snlm,mixing,M004,participant
W04603,bc1q77wa7tvw94x2s36v2f6w23a4jdrg64hmpqv56g,mixing,M005,participant
W04604,bc1qptsafn3p042x46ya29vf32nx9ccyg0n27fmk4d,mixing,M005,participant
W04605,3FFhVtCfcRa7agKwHC6x7rLoLzLv8h5P7d,mixing,M005,participant
W04606,16KGfeyt2RRxcpRVHDXvMTAT8vs9GvZDyc,mixing,M005,participant
W04607,1HvEFZQq9uyLzBZLqw5h47oxRHhKnnWWeo,mixing,M005,participant
W04608,bc1qr53r7qeaew8huzy667u0nej96erzvzd5qc7h6k,mixing,M005,participant
W04609,1F9CHC3HfCMCMJFyyNUXQtaFHubWrjHr6u,mixing,M005,participant
W04610,17BxTaJFStLFxFqptwGAhqcBgqv2YnuY9g,mixing,M005,participant
W04611,bc1qxg7ct9msf42ejesauqt9yemj5cswjczk3f8uzj,mixing,M005,participant
W04612,1LP9FZ2cqsNwifkNR5ZCZCFoNfap2srsNh,mixing,M005,participant
W04613,bc1ql62wadmwxzarwdv8psktz7asyqelktvm8t923s,mixing,M005,participant
W04614,1MrBcJyU5Q2kZRdYSHupHbyfDekg3ZwbhK,mixing,M005,participant
W04615,112FnDXE3uyXKqhts1XU7F8JicngVsVREq,mixing,M005,participant
W04616,18EVravRv4XJgyMzytb1Tbsz5MswF8vi7t,mixing,M005,participant
W04617,bc1pr8z9m3mx3k7pc83lrz9qf65nem7xdlenmm65rycpy9aa8qef8zfssrvlm0,mixing,M005,participant
W04618,bc1qgrxz7ygz2emz6dz0me5cvlrs96mq4p7vd250pz,mixing,M005,participant
W04619,112vhWKHoS4F5zrwRuUtPh8jEmsEgD2fUW,mixing,M005,participant
W04620,1P3ytb53MveqoJBhzgwiNGCaorZwBSDxRy,mixing,M005,participant
W04621,bc1pluxalk5zzj9k03ljrw9c26u3zg3vdtg4uwu97r37lej8z4nn2jzs6qzg4f,mixing,M005,participant
W04622,3PkkeoZyfJwbj9aFzAqcHEmKNaZjvRPn4m,mixing,M005,participant
W04623,3CxqVkfKiYSGR6vSahvuQ7zgUG3Bhe3Fci,mixing,M005,participant
W04624,bc1qr2hpnc3k8ttpdwelxkxrjsavlp324a6xu4w2qk,mixing,M005,participant
W04625,13fpBiP82vKQDLJvroong6mz2E3ZfyUHrE,mixing,M005,participant
W04626,bc1q0xpqmxlx0qht922wm229kk2va4u2lp48r0jgjv,mixing,M005,participant
W04627,bc1pc9sjgd5wxr9zfkzr47xss6sgxuhvqdr3z08d3m0kwqqrq3xndh3sxe5d29,mixing,M005,participant
W04628,bc1q2a46q2z0fvvkw97fwnuctzvkueurj95qkna3ju,mixing,M001,participant
W04629,bc1qscuahmpy0jwxl3vkp675g8g52zadcpl5lz6mtk,mixing,M001,participant
W04630,1KrU9jzP7VaK5YrKkYr7FDYVkKhAgevtY,mixing,M001,participant
W04631,bc1q3smm60u0fu4c04zjclk3jp8ndg5hrlwkuewd3z,mixing,M001,participant
W04632,389donNsw9JEgQehMRpwpct98sxrpxJDWN,mixing,M001,participant
W04633,19RG3H5q91drc51Zasy6gnaVrQwdiSCQ75,mixing,M001,participant
W04634,bc1qzaugs909lqgtd4jw7zy8dvh3tg8tq8a7h8jzum,mixing,M001,participant
W04635,bc1qng3gt9a2ajk5ce8h3e8tqufxzyfv7k4lvwpzfa,mixing,M001,participant
W04636,bc1q6wslc20xnjk6n05mhsm9d2mc9k04jkpl3kgdd8,mixing,M001,participant
W04637,1AqUvKca83GsViRSPbpESdakjYBRsUqYXd,mixing,M001,participant
W04638,39G84t1cMmvTcdsXs2ejbnFM4aBA42xPiA,mixing,M001,participant
W04639,1CdYE1YEZByieHjfqAfdskm6JmAXQ4gueb,mixing,M001,participant
W04640,1KdXhJYX2CZqvh9StK3STJ7wBoXvdnJac,mixing,M001,participant
W04641,3B4jAzL26vhQYz7NMBKixf28w21T7CT3Wj,mixing,M001,participant
W04642,38n7PxRxQr7BCzmfGsCx5AVk2nK35JNzGM,mixing,M001,participant
W04643,bc1qtxurp2n9ct4ps0per92fwsffmq50z2rlvksye2,mixing,M001,participant
W04653,1BVmnKpr7SBMtvuNERgEB9nHqXXgHSmfWi,mixing,M001,participant
W04654,bc1prpkmnlnzeq98v4yd70uym9nqc5hn0spmxhvd8m29q98tu0ngwdlqcmtlpk,mixing,M001,participant
W04655,bc1qrjx2gcfpc5ulxr4gkhpczctdu7r7vsz45d5svx,mixing,M001,participant
W04656,bc1qav5357zdy3mxdmxeck2syjl3s27ydcu2a4vh7g,mixing,M001,participant
W04657,1LQyMFqzmVxqv7ssG8TW8XWP534CqD6Tv2,mixing,M001,participant
W04658,17GQM9wPZhhyNr1KSBita6FBvdmyQ534qe,mixing,M001,participant
W04659,bc1qhyann0qz7w3l8wa7mdwcjyf2vwwx3ghj2ddw3w,mixing,M001,participant
W04660,bc1q8l94dt958jf435kymtpeess0rjm9tm5rctaz6d,mixing,M001,participant
W04661,bc1pwpthan90hgvdjgn0lj5xg422yms8ajtjp9fmkqcd3dxxqa8mu7hqrszf2e,mixing,M001,participant
W04662,1HfRpbavqs76DpSdrrHcHZVJrM2jDMXsbr,mixing,M001,participant
W04663,bc1qzt8pczjr2z93lxxgkv6rn0eu7yfe04uu32uzzc,mixing,M001,participant
W04664,bc1pq6tljq4enygph92tdpgcsgvdsq30wpladaqscpy7us5m46dazmxq3rws2a,mixing,M001,participant
W04665,3D5vdZmdMPVBkVWxF5dF9s19yt6EJ1GVAW,mixing,M001,participant
W04666,bc1qs2a3ldjyxlus79fk7l3cf430sqpj2wap5clm4w,mixing,M001,participant
W04667,bc1qds2vmkqfpcz6vt5d0639tmmrsvs4jhr05eqq39,mixing,M001,participant
W04668,1LenGVRi88W3jMfw2XJYQYUBNy2gHVdv4v,mixing,M001,participant
W04677,31naScfzmecnQp8fcrb3B6d9t8EgbRtWPC,mixing,M001,participant
W04678,bc1qvqetntuwm40epyc5qss2f76p7e0477mld0pnr0,mixing,M001,participant
W04679,1LeZBTM94oGon2FWJ3VS4rMUkNzm9xxg2y,mixing,M001,participant
W04680,bc1qt6nk5790ejsf0hm2th4qqwda2jjejwr3sdxkh9,mixing,M001,participant
W04681,13n2kssaDYtzQNHZXsCeMovADKTJxUxbfC,mixing,M001,participant
W04682,3FmKgzXefyiZjMXWF5AQBggAWHzrDMmJcg,mixing,M001,participant
W04683,38TiN5hw3xaDe89xa9RKiEL4fQ4W4uGGRW,mixing,M001,participant
W04684,13o7xUWsNf3vV5EfJvGCqsjy9pmjWWG8rT,mixing,M001,participant
W04685,bc1q6nzd3k23qk5zaa0ucft8ze4n3uzm4qs90n5347,mixing,M001,participant
W04686,bc1q2x9kav7n226u69c3t4rj5dt6nyhxrvmweww3cx,mixing,M001,participant
W04687,bc1q3hce87m3fwsmt8ddmk6vkr97f09x9hna3q080k,mixing,M001,participant
W04688,bc1pj22y3587mym8vejydf7np9q3decj7pafhtls76adalxsd5jzr8uq7dgdrp,mixing,M001,participant
W04689,3DxPwZ2rn5w6iTdMcw9k4wPcFKFLmgkhYp,mixing,M001,participant
W04690,19vUN3Usqnjs6z8GHSPUYbsZP3zHy7E63e,mixing,M001,participant
W04691,3D1ibJVZei9RU7B3LJgkdiARXiBREFg5HY,mixing,M001,participant
W04692,16MtwsDtizyptQSm5y4bVbQPAH8mZ8yfFm,mixing,M001,participant
W04693,bc1qxdmr0jneeuemffpucd3atw309q3cardpuf2dap,mixing,M001,participant
W04694,1FCe2aTaQkVuU36CVQajmYFXk34TQQ8Dsr,mixing,M001,participant
W04695,bc1qh9hjfucpt06ufm8kr9a8tzl0ysxywrc3f4a952,mixing,M001,participant
W04696,bc1qzdn0ze9slrh5hxgneffsxgfwntcmz0se4qcukc,mixing,M001,participant
W04697,bc1q4fhps32p74s2lnycu90fnqx9swma0q725k2h60,mixing,M001,participant
W04698,16QHtuhH6JEFvLo72ECGW5mtbUVwGQ6JqK,mixing,M001,participant
W04699,3N5629G38qJ17QiMEuhV5keMXTbVVZC5D4,mixing,M001,participant
W04700,3DQsEnmvYfa45ytcyF87yaFBFrYZiiV32N,mixing,M001,participant
W04701,bc1q8r6d0nd5juaz5tawrd0l5vtwy0dp28e5grtj4m,mixing,M001,participant
W04702,bc1qpmfw74ygghg79w62rf3hjcj278fvvnj9mtyakd,mixing,M001,participant
W04712,bc1qwl45qvwdxfxmka6g6pelghcjf87vma0chmvjae,mixing,M001,participant
W04713,1Nv6RxYEHmEywhjw3pZi63JogRc1AuL8Hr,mixing,M001,participant
W04714,bc1q64zgvps6ee4fwumcn330y0zd077dqdnkff3rwd,mixing,M001,participant
W04715,bc1p573y5p4dfvnkefev495h27xaasw7uq9kx3hntc2893uzcmr8p26s0fy27f,mixing,M001,participant
W04716,bc1qv6xvrkxga2we6u92y2fyagxk2twyjzxd2fgpyn,mixing,M001,participant
W04717,18GPhxDPmKogXHyKhuQVdVMTbJ3EcAkr6i,mixing,M001,participant
W04718,bc1pcn4n29s0hvxmqnjnaysrfl8jz3ss6udw2l9tnwyt470h770dyvuqkhsjek,mixing,M001,participant
W04719,bc1qjw7ey95ccyteguw7cqzjmj6p7dwdpt50jpjxue,mixing,M001,participant
W04720,bc1qx0z72a6c4ffrtwkjffy2s9ue83s9thr3rznm5y,mixing,M001,participant
W04721,17ptaHSLVMTqfpzb8JSrhwevLGye4cUyxV,mixing,M001,participant
W04722,bc1qytqw06cxvamkq2n2lgnwgrxtl8v00sgrryjjhj,mixing,M001,participant
W04723,bc1quxexxqhhddh7dy7f59mrrzmayjudzvznkwugs5,mixing,M001,participant
W04724,3NezBpyjGKUgEKFyALceV5A5rCopzYb1ys,mixing,M001,participant
W04728,bc1pu9amreda0322c86utr2ctz7g76gd6d6s0pv8x594gwu7gr5t0cqsnae5vl,mixing,M001,participant
W04729,13fyhSD8Hbq2hjj1T5n24UnLqL97JQFVtR,mixing,M001,participant
W04730,bc1qnuvzun5vtc7l3u83tfcenxvcc8ezg3g0wtdh4h,mixing,M001,participant
W04731,bc1q27xqd7d05mrtf5eag4auhjhkqpxjpr7tvfqvep,mixing,M001,participant
W04732,bc1qhfxup2yz6ldlfdprqq2fh7ka94hpdzqzl8n0hz,mixing,M001,participant
W04733,bc1qdphdtfccdnaum0845whh2h96wh5jtcd620rkz8,mixing,M001,participant
W04734,3HznGmSd1NnjFiATDnFhBwURoCJhcBDi4K,mixing,M001,participant
W04735,3QRP1NAuCV1hVEddqhEbMo9acfJ9jq5CzK,mixing,M001,participant
W04736,bc1pac2x67dlm8rnfnq84jv8jry27k70hk64qulkjsj0hnzkv3kelzwqju43n6,mixing,M001,participant
W04737,bc1qh3aqfjr37jec77pkpz90dytgk5zy827zqg4056,mixing,M001,participant
W04738,bc1q669yvkkw87dd8ymgvkeum0gccwjuexdc5nqf8h,mixing,M001,participant
W04739,1Q5hJfqu9Vt5muNFPwquRHuAKZskjUJy9E,mixing,M001,participant
W04740,1EMTb1F5dZEbe39ojuGYQ6zfKCVa3WSxjB,mixing,M002,participant
W04741,bc1q4k3s044r2wdkk4a5g0l8gpg5qh6faz9m2xnfxx,mixing,M002,participant
W04742,1DWAB1yNBUPR4DeV8sqSgZFSHHeUKWtRkF,mixing,M002,participant
W04743,1GR1BHrzM4bRGBDhbGerzKg7uG2kPXiaCf,mixing,M002,participant
W04744,3K41ZAAuMD4eiHvpvKMiVupZxZopKTq7zc,mixing,M002,participant
W04745,bc1q8gsduzxhyf7mhdlvu64eqqqns8gtfr6kxm04n2,mixing,M002,participant
W04746,1GdqVrxa4inX6J6pWE1CWSSwUsz8jc9Lw9,mixing,M002,participant
W04747,1F2Jx2j77qrWC72e4khYrdaAhgWnUQohqq,mixing,M002,participant
W04748,bc1qpsqt0wesu8zw9jmackncuzwr5p0da5ksyswr5s,mixing,M002,participant
W04749,1Pp2hhHRiXSZPvroJZt3m6pyDcpkHCsJMz,mixing,M002,participant
W04750,38R39NT4t2pTU5nMHpeMUeBLhpu2sqSXj7,mixing,M002,participant
W04751,bc1q548v2y3f7xpp98kx0p8p30u9g33un7jxchen9e,mixing,M002,participant
W04752,1M7YS84Qg5rnU9q1cE9qxdp9ELhxoDCh3u,mixing,M002,participant
W04753,bc1qkq4gsh0mxqwe6tdnl4xxrukkdlzz82rhtdcfwm,mixing,M002,participant
W04754,bc1qqpc0247unkwyl2uj2sp265vf560u2ys6szuazs,mixing,M002,participant
W04755,14k8Qn8Cu65RW1VWkNTc5Q6f9kax6mHNs6,mixing,M002,participant
W04766,1HidxNuGQs1uSaXiNUt8fKonKXtW8wVifi,mixing,M002,participant
W04767,bc1q4w57adwjgajtpd586nx2m6gj6wf0n7ag6hnmj0,mixing,M002,participant
W04768,3BLKj8KcHdzom1KN4uYzeojY9nXwWFBfcS,mixing,M002,participant
W04769,bc1qwl9j6w5g7sxzcgsxguhp8pm2nkq7ctfuhl29q3,mixing,M002,participant
W04770,bc1q39nl0w4kf0vflqrv9xmxrk63eu8dmq8awqsrk2,mixing,M002,participant
W04771,1826STvPbgxJ9uLSDySXp2sfWcdXUgjgu8,mixing,M002,participant
W04772,39Q4HpWCnvdiRcvFYTLSXsHeK85SVsFW2M,mixing,M002,participant
W04773,1PoGHezaKEjQ1wuCwvZGTKQ6mTQoobQjFk,mixing,M002,participant
W04785,1CwDKKugiNz5cXLfwZmG22UgjMeNUTg6pp,mixing,M002,participant
W04786,3HAucapL2Q8GFT37XWJcgccapp9raPTqKv,mixing,M002,participant
W04787,1KfkdR9MpqqrVzbBuMPHmRfR2Y21UEpbx1,mixing,M002,participant
W04788,bc1q3e5ffvkvkmpjemzmgcstvhhgusjjdvevhj7386,mixing,M002,participant
W04789,bc1qzsvtevun80s89glkyhkxlnq4zhtu9ql8qwnq7t,mixing,M002,participant
W04790,3DiSSVUR8fw8Sw41eWXxa8qNZxRUS9NxdR,mixing,M002,participant
W04791,bc1qr5pwvhtkk7q95h477a36uzzf24salsn34a6z74,mixing,M002,participant
W04792,bc1qew5uj20pyaqqypmg5n6djrl47sfqtxtjf4jlcd,mixing,M002,participant
W04803,129Q9zE8MLvcsGH5mK96MVB81awCHAS3kg,mixing,M002,participant
W04804,bc1qhwfr24p7fhf7nu4ex0l7autm03mrrc5tah6ygz,mixing,M002,participant
W04805,bc1qk8y9svry92f0fqmrg200vmhs0qa2lvw4pshkk3,mixing,M002,participant
W04806,16vFR9wm8r4a4DwATZEKG9fkiM1SkHsQhc,mixing,M002,participant
W04807,bc1qg64gcsdnglznmalp93d4drtepy2mle6grj3s79,mixing,M002,participant
W04808,bc1qa47pwhhykju5wv30g7rk5546jmxcg00xsm2dte,mixing,M002,participant
W04809,bc1psqumrdlqax5ka3g098tlyx2yazavhan0lt7lttgadzkqqjxsr8xq3d4gp2,mixing,M002,participant
W04810,bc1q5uely3q9zuf39tdn032fnf7gsj4efldylw6wdq,mixing,M002,participant
W04824,1DjqNyC8LiK96uc4gATu3rQoCHUDdtAg3b,mixing,M003,participant
W04825,bc1p058fhvug6x5jn2khy7dllzu5akc2p68vp4706c2q7u34a4kx575spuegy0,mixing,M003,participant
W04826,331a2kw3t42Zmtxy7HRktT2YW12hrxxp6q,mixing,M003,participant
W04827,bc1qn3dnh2qyltvl525ce5uvj9pml36nay6ku2mh92,mixing,M003,participant
W04828,3R1W1ViM8Jd7Q6Cocnu42256TdFGxoYUti,mixing,M003,participant
W04829,bc1qcwsnmejd5w0sxu46rypr6vppmfazquwjnsqc3x,mixing,M003,participant
W04830,1NytS3hgczwGJwp7RVLVeVrKY5EvdqmNjo,mixing,M003,participant
W04831,1B1DPCrEZo3E9dncR2tyrcYGc6Zn8RhSaw,mixing,M003,participant
W04832,bc1pjex6jt7c8vay2ayeqxd87n24g3tkzej34mz7q9fqg4yvan2yqd7sjdyf4h,mixing,M003,participant
W04833,bc1q0yqr4t6d8x2p707ac6kvr8rxr4nwrse59nxf9x,mixing,M003,participant
W04834,bc1pf78a6q85upy6add75vsctm0ausvxh90q2rycz89zanewxa582ukqzrq07l,mixing,M003,participant
W04835,3ADzjSuukSAPBRM9ZY3hocVWWzyD7rDpkH,mixing,M003,participant
W04836,bc1paj8mehymupwvp654t8j9nhq9av9mfpgqn8fxk5fvkeyezj0r0dzsy9s6na,mixing,M003,participant
W04837,bc1pf73w25gev0qef6dzq7py0h7sdchd6zv2m3twn70dqx88cju8gugsv8pxsu,mixing,M003,participant
W04838,174RgoNjkUFuH4jJF7YkWzk8AwihuWp574,mixing,M003,participant
W04839,bc1qujf40czlg537xp60hxlj97vlgfegnqeacap9wr,mixing,M003,participant
W04840,bc1pp97q38t8wf9sqgussxq4agj3qku2yfuek0nuzjkq53xy0lny8maqshrnre,mixing,M003,participant
W04841,3LEepbcvygCouSm3fBsF1KFnu32AmEvdf7,mixing,M003,participant
W04842,bc1qsec8f8fztljprr55cmyasdmh0mfa6s239me3lj,mixing,M003,participant
W04843,3BjcZYG2EXhLiGGPSuTQ7nQq3sL5CRUbWu,mixing,M003,participant
W04844,13wjkxptWjLCEHUHuP1atPaKP24CPbZwQZ,mixing,M003,participant
W04845,bc1q7mmhxu5t5ljhgnhq7hw7y4wnpg7glz3ptyaxsr,mixing,M003,participant
W04846,bc1qlxn4e3322r83yf54adp5pft6qgtuuwmmwtk9p7,mixing,M003,participant
W04847,14ZtDNKUyQ6jV3DdwfLgXkyNAeL35Bqst7,mixing,M003,participant
W04848,bc1qfmkc9zsyvzd55yqz2nvdmxehprmjjfusvrd9hn,mixing,M003,participant
W04849,bc1qxzsks08zst8x6n7x4g268gps9au08xtmheevtf,mixing,M003,participant
W04850,bc1qvdpun0tdvq9dlrz5ecg7r67qdza8q45f80aec8,mixing,M003,participant
W04851,1MY3gFheeEXAT3f9rccmP9sXwoxvX2Evji,mixing,M003,participant
W04852,1GZtni4VxVAgpgXruKksxUL6jXcsMsvUHJ,mixing,M003,participant
W04853,bc1pw7akqaquelcjztggj80407x260ffnrapfptrcp972sxxynfk50psuncs0f,mixing,M004,participant
W04854,12qGN1fP8aXxNVFwXPYp5mWfyxbMhgMMeh,mixing,M004,participant
W04855,1PUA8jQw7XNv2ZHW2WE63xqNyWBEPhQ44p,mixing,M004,participant
W04856,1CWNfTxJCsH6eDMysN1aSuA1qsZSyQcaks,mixing,M004,participant
W04857,bc1qghtkxlu8z8vesnw2e4a2jhsyx2w29h7kg7kn8y,mixing,M004,participant
W04858,bc1qqh07zhfv8l8t3xd76959jye6h5tp2xh4fkmv6y,mixing,M004,participant
W04859,bc1pvq8e4cy2zqcgakcnld4khuf770eudzqmvglzlgdmjqu0j75djclq47u9kw,mixing,M004,participant
W04860,17KpY8Xb79TAr7xN3idzr2htjVLsUKLxnj,mixing,M004,participant
W04861,bc1q8q5tdgkfc7eu6d7kelk6ygz02kyp5558emd3lj,mixing,M004,participant
W04862,bc1q53nwct5vanc9m84hts2y97hgrgatu9lgq34qv6,mixing,M004,participant
W04863,bc1q9gawu406xn8c8s0v0w4gw7xv4sm3nn2z4umtrf,mixing,M004,participant
W04864,bc1qyj66rtxz8jvq2mm4rdprwe5v0ev2q0cg65trlx,mixing,M004,participant
W04865,bc1qrx82w9665ew8wr2wdwc0jj3t0jjg6qs9lmgnk2,mixing,M004,participant
W04866,3LHLgtYtyW3ieDUVSggPPnEPfxWyea9WQ5,mixing,M004,participant
W04867,bc1qkuxzxm9wz7u79watpk79ledzrah0vc7hruj8s0,mixing,M004,participant
W04868,bc1qr29avcmwezj9ndhfjltva93mvh4n2mggnzj2mn,mixing,M004,participant
W04869,bc1qlk257fdptvzqzet3s8cy3vfe2yjrlgj7u8726v,mixing,M004,participant
W04870,3BA7XJVKCatcZjmRmkFZ12dJ7mD6w5Pg5z,mixing,M004,participant
W04871,bc1qke6r8rqm20l9edlekr2lxf80fx3jdek76echmg,mixing,M004,participant
W04872,33dBjmD1nSeLXnggFNG3xLzAGPtHxn8owM,mixing,M004,participant
W04873,bc1p07rcmszwhw5dr3r3fdkwphpzn7lm5jy4ardtjzuhavv3h8ftr5sq276a40,mixing,M004,participant
W04874,36Q87HKhKGan9QwKWpyoFTaQYMjfL747eD,mixing,M004,participant
W04875,3Qn7bQAUPAbVufHgLQbwqXNtUEL8E6q1Q5,mixing,M004,participant
W04876,bc1p4l43z0gds3x5cvljvu5sm004mw7r2p366epfddfwrhpqwjq2hmns0hpaem,mixing,M004,participant
W04877,bc1qqrakm7x674p2sz9tsma5xxs0dayuhft682nw04,mixing,M004,participant
W04878,36qxiBtBiJbTnTFNeBz2iQqPRfRBVSrrMH,mixing,M004,participant
W04879,19z5QnvFvkZRe3WEJAvCgE3F6MMdAADeAd,mixing,M004,participant
W04880,bc1qs4xzcavkwu7fxrxdn4fktc7mxz5aqymle44pxx,mixing,M004,participant
W04881,1EKy1M2KQDt2fQ5zCx8HUpWWyGgoCyrQ87,mixing,M004,participant
W04882,1KaA5EYUWoH9b4RgYGjQhxvRgBo75ToG1P,mixing,M004,participant
W04883,13Fp3Fitw6PWv8K2ds7DMmkctdBg1aneqv,mixing,M004,participant
W04884,14Dys8DYvdEnRPStPAi7pGRzVXVvfssLXe,mixing,M004,participant
W04895,3NRfktcK4y3xZKHkpY9b2m6TxKXibiknAc,mixing,M004,participant
W04896,3LnXBmt4QsNCAdPP6L8A9YNUposbf6FF3a,mixing,M004,participant
W04897,bc1qyeur0lv8ydvdm0293lnwzjdcdaeqxwvyvw4xnh,mixing,M004,participant
W04898,bc1qlyssgs2tt9mdnlmtfep0s5cpsv90tcn493xhhk,mixing,M004,participant
W04899,bc1qgxvnj29w2x4mx977xxrf2v47h8s4609ql27p3t,mixing,M004,participant
W04900,1ATCtwWJswmxdUrYwTcS8UTtaYUmSu82U6,mixing,M004,participant
W04901,13sZdnAVvhdepMMttWjViRjdSL4E2xPCMd,mixing,M004,participant
W04902,323WfbovMzueZDHpYnkruAQQkUkezfJzZP,mixing,M004,participant
W04906,33heg19DiLBrhNfVBkzvqGBMTHZhY8H6Wt,mixing,M005,participant
W04907,3QMfkPCrhxqs5f5ST5Uyk1fSA5WLDF1mZC,mixing,M005,participant
W04908,14n5CMwYgnWY9mVFthvTCP7RRiypyhxQ25,mixing,M005,participant
W04909,bc1p6yzg4zhyptjawpjwaxwhmla9pgx7upl6rls3jm5237stt6qldd2qyv7acc,mixing,M005,participant
W04910,13EvUt6PMv2RDwbRanDD1UwvPggE3CH1cq,mixing,M005,participant
W04911,1HMJpkxbpfqtFEdNQGwYGMaPWcZFPVMYoY,mixing,M005,participant
W04912,1L5Qdbwqhvok7heGJ8huUUyXfYM1yXPCY1,mixing,M005,participant
W04913,bc1q8jufqp9yn57ucud2c60wcuue55xxamkpap7wav,mixing,M005,participant
W04914,bc1qf80daftaenx2k636p33lzs8yrr20d0l8mf3ucw,mixing,M005,participant
W04915,1EDiJSfKqTPvjkHJMQ5WPzT9gMKEb5iV8q,mixing,M005,participant
W04916,bc1qde8z936gztc94ake0as544tr2t9rmmcnyn35fg,mixing,M005,participant
W04917,bc1pypfm4lnuh0fgyfecknwn7uehr7nwwgtj0w6z20vqz9pjr6ne9m3qdwzq2r,mixing,M005,participant
W04918,1BrbKCQ3NidPT7BzXvb6g2fNTAqMa2556U,mixing,M005,participant
W04919,bc1qjwez8pgpt33egzp2ppq0gsstags9qka9t0xyd4,mixing,M005,participant
W04920,bc1q5h5c7hc3xx9t8r6y66l4rth0qny9rhknnjqh2n,mixing,M005,participant
W04921,3KBfoUPKM8RMFwdsNXN4pYUWDSpumLsiP2,mixing,M005,participant
W04922,1ByyghPY6H9v4Qmkn5QRCYqgCBH3sE9LR4,mixing,M005,participant
W04923,bc1qua5mml4sdqngdw50vg4fd436635pzsu7hu9qgk,mixing,M005,participant
W04924,1MqUBrxbBR3tdKkFUBUnZGoWrDJ7xZkH83,mixing,M005,participant
W04925,bc1pfaf2xx0v3ecv6ajzv9hvvufvyct0prk8688rqa4halvqntzw8tqsl6dy00,mixing,M005,participant
W04926,14vJfutu2AakdPBcYJbzrinb3VUskn7mmQ,mixing,M005,participant
W04927,1MKxFRiQsCcpA1opA1LHQT3JfA2wi9yazj,mixing,M005,participant
W04928,3FehYDSLMy7b3gCkdTHyNHjkuNdxWojUoT,mixing,M005,participant
W04929,1LjSJ3XwJe7EsGRGcDP49nekStvvQAaybq,mixing,M005,participant
W04930,3ARKR8b3viDW9Vba1buCgCv7ndJKFntoRY,mixing,M005,participant
W04931,bc1qhvqw5gsqqg72ju8pnxqdz5h0k6s8mx0akhnswn,mixing,M005,participant
W04932,bc1qzmcfcnhgsprruwgfzsy52da52mpg6rjhhr278a,mixing,M005,participant
W04933,bc1p9x5mmjmxsckhq8vzuqtlrrp9c7vzr9qes2nq229kwvvj7qeg3ekse84ucn,mixing,M005,participant
W04934,1G5bEShaEFPwej2tw7ZKHZSdNW5du9F4kL,mixing,M005,participant
W04935,1EGErUscoKnHpxuomanafmGTbmE1XEZgAk,mixing,M005,participant
W04936,1AmqS6HtRMYTVTx3RpbkzVuqnCMEio5PtF,mixing,M005,participant
W04937,bc1qazannplj6jkk9scdpuxp8qt42hh3fnfumh583v,mixing,M005,participant
W04938,bc1pj5s23gqy0y0chgnn7vdpzj0kq2l887m7lzxlwudm49sa9xpy9wyq49nce7,mixing,M005,participant
W04939,bc1q08sy0fjls7ct9n48wht9rff0smx6yyp9xq0x4k,mixing,M005,participant
W04940,1PKYBsrRdrTXyJwa1d79Xg5g7eiksQAncX,mixing,M005,participant
W04941,154eoGVmSEG5maR5YyLBD7HhWLZniVndue,mixing,M005,participant
W04942,bc1ppqr2ws2c49qcwt97ue5kj3we62fp60g2y5zr9d5tex54ahpx85yqy7n0fg,mixing,M005,participant
W04943,3HLMjHtCXoa4EXZkngVFZrNDCdQLeXP3ZK,mixing,M005,participant
W04944,3Pdx5gN3CDyYVoKDTCEVGC628cjLVvHS72,mixing,M005,participant
W04945,bc1q8vlnf7n3kkn3h6z0jnepemhhaqtus4us9ff53m,mixing,M005,participant
W04946,bc1qm2mpuq5qqvsvs9pxdn0y7qh8neqycf262gzy9z,mixing,M005,participant
W04963,bc1q6jlzz0nwz6nn879cl9tv3dnh87y4f7y660zk3f,mixing,M005,participant
W04964,15Lq6vowaiZcUjrAa2yzbpbQKNMREfekKj,mixing,M005,participant
W04965,bc1q75hrmvwk472qqfx7lxdj3hx2udznschu63umte,mixing,M005,participant
W04966,1F78tFZfkqdqGqVwwmQWbb2PyyjKCNjhrp,mixing,M005,participant
W04967,bc1qwyfu24xkpxet3ukds5syt9nemp607hrd7wvhjm,mixing,M005,participant
W04968,1EickKhfNnswReWQrceiAW1GNfn8a1NPrH,mixing,M005,participant
W04969,bc1q2st2e9wfp89t2uypghw5frewhjrxdu4jmf4pt6,mixing,M005,participant
W04970,bc1qp2g0y2kkjladp2e50vtp8pay38lrh6gagqkvr6,mixing,M005,participant
W04971,181wJD3BF3eqJfHEKSYghDCWKdVKFbFdf8,mixing,M005,participant
