rank,wallet,confidence_pct,risk_level,is_anomaly,reason,tx_count,avg_amount,total_amount,avg_fee,avg_time_gap_seconds
1,1CLGfLVNJvPivTSnh4HJ12AQkvJwv34Sue,100.0,High,Yes,"SHAP explanation: average transaction amount (pushed toward suspicious, impact=-4.115) ; total transaction volume (pushed toward suspicious, impact=-1.815)",1,86.27742101564647,86.27742101564647,0.0001172325963507,0.0
2,bc1qmfrmma84yyjyv4j5kjyw0kyssyu0rpkrqe8w74,98.9,High,Yes,"SHAP explanation: average transaction amount (pushed toward suspicious, impact=-4.313) ; total transaction volume (pushed toward suspicious, impact=-1.333)",1,76.17521389597096,76.17521389597096,0.0001183241079292,0.0
3,bc1qww3hsfq8gtyjp7f8dfgsnft77d6xpatqsawuu8,96.8,High,Yes,"SHAP explanation: average transaction amount (pushed toward suspicious, impact=-3.924) ; total transaction volume (pushed toward suspicious, impact=-1.434)",2,38.89846320687609,77.79692641375217,6.121334386512405e-05,1697.562023
4,127YDyyydje7eUPc1soMzwmAUdYUDDkHtN,96.2,High,Yes,"SHAP explanation: average transaction amount (pushed toward suspicious, impact=-3.835) ; transaction count (pushed toward suspicious, impact=-1.034)",2,31.369531131484266,62.73906226296853,2.8155817898307103e-05,1434.70848
5,1BJSQsvwi8cs9pBmmZGs9GsP9BFP6KTxNs,96.1,High,Yes,"SHAP explanation: average transaction amount (pushed toward suspicious, impact=-3.869) ; total transaction volume (pushed toward suspicious, impact=-1.186)",2,36.22764262678228,72.45528525356455,4.6220524387062745e-05,1632.327904
6,bc1qmj7gmryj6evpnwuuz28azlzeppudelp43gu3km,96.0,High,Yes,"SHAP explanation: average transaction amount (pushed toward suspicious, impact=-3.825) ; total transaction volume (pushed toward suspicious, impact=-1.339)",2,38.037128120717846,76.07425624143569,5.077450480855405e-05,406.715928
7,bc1qstp0ylj0ysa9m77ly77cagveelg7fhywmzxc7w,94.7,High,Yes,"SHAP explanation: average transaction amount (pushed toward suspicious, impact=-3.902) ; transaction count (pushed toward suspicious, impact=-1.008)",2,33.06563611550683,66.13127223101365,4.4734523226370605e-05,1565.228636
8,154NMojWTHTYc12aKqjy9BDixkATQMb4wu,94.7,High,Yes,"SHAP explanation: average transaction amount (pushed toward suspicious, impact=-3.810) ; total transaction volume (pushed toward suspicious, impact=-1.088)",2,34.14711199452209,68.29422398904418,4.396796060737213e-05,1097.332547
9,bc1qm96vntchhz0704d5x5sdev8y8zqfu7zf668wnl,93.7,High,Yes,"SHAP explanation: average transaction amount (pushed toward suspicious, impact=-4.140) ; transaction count (pushed toward suspicious, impact=-1.135)",2,34.95947629815315,69.9189525963063,0.0001179168134504,717.086498
10,1AhZq3UDRPUFZmKRCJeJtkK4SpCqny1fE6,92.8,High,Yes,"SHAP explanation: average transaction amount (pushed toward suspicious, impact=-3.850) ; transaction count (pushed toward suspicious, impact=-1.058)",2,29.95461980438137,59.90923960876273,4.656364890882876e-05,636.459208
11,1N39hpTRmApyD9aVxDUh8ofoZqgSS4apnG,92.7,High,Yes,"SHAP explanation: average transaction amount (pushed toward suspicious, impact=-4.128) ; transaction count (pushed toward suspicious, impact=-1.122)",2,32.55464840671158,65.10929681342316,7.071196768792699e-05,754.017944
12,bc1qpceyfulk87hthm3feleepqnr2p2crq63amrjxq,92.2,High,Yes,"SHAP explanation: average transaction amount (pushed toward suspicious, impact=-3.942) ; transaction count (pushed toward suspicious, impact=-1.146)",2,29.940289866793616,59.88057973358723,5.582211426911896e-05,1351.431518
13,bc1qc2xkvmeu960ng3prkqdg2pv6h50pmg5cpzge6d,92.2,High,Yes,"SHAP explanation: average transaction amount (pushed toward suspicious, impact=-3.828) ; transaction count (pushed toward suspicious, impact=-1.063)",2,29.051649169168225,58.10329833833645,4.196740561774377e-05,1129.715162
14,bc1qr742m20l3n97z3gfwzzuyx6hxzh2rclgcja9hl,91.8,High,Yes,"SHAP explanation: average transaction amount (pushed toward suspicious, impact=-4.218) ; transaction count (pushed toward suspicious, impact=-1.209)",2,30.88047708419409,61.76095416838818,9.453239172577708e-05,1777.156612
15,bc1p5gkq44ptlm3qh3swwt2fqa2hwkcf8ry0vj09pns6dyl8pmtxxypqu9av4y,91.0,High,Yes,"SHAP explanation: average transaction amount (pushed toward suspicious, impact=-4.205) ; transaction count (pushed toward suspicious, impact=-1.139)",2,32.12403431528309,64.24806863056618,9.038011478965091e-05,366.716219
16,31wXvyQiJcSKrodskLHCVZbc1h7xNYYFnV,90.9,High,Yes,"SHAP explanation: average transaction amount (pushed toward suspicious, impact=-3.920) ; transaction count (pushed toward suspicious, impact=-1.114)",2,29.278774866730267,58.55754973346053,0.0001351907912932,440.5438
17,bc1pegeyvrvxuetektmcxvrepny9a28qxcthcv2hsnqr7akxec2g93qseh67pf,90.8,High,Yes,"SHAP explanation: average transaction amount (pushed toward suspicious, impact=-4.214) ; transaction count (pushed toward suspicious, impact=-0.951)",1,37.64755656454428,37.64755656454428,0.0001650300273501,0.0
18,3FmK2pVT9x7jWEdVpc2GtcJ9SeZHMbMcki,90.5,High,Yes,"SHAP explanation: average transaction amount (pushed toward suspicious, impact=-4.032) ; transaction count (pushed toward suspicious, impact=-1.304)",2,27.75685527338773,55.51371054677546,0.0001218166116917,1531.274982
19,bc1q85m3lh2jmm7yw0mp8hsvk7s2yesq22y7x5eqen,90.4,High,Yes,"SHAP explanation: average transaction amount (pushed toward suspicious, impact=-3.890) ; transaction count (pushed toward suspicious, impact=-1.109)",2,28.67355610207052,57.34711220414103,0.0001396856434605,410.429201
20,bc1pf6llflkfuhlrf37qw98uuvgex8d2g92t04x6rf52940ywv3kuxfq5rrukp,89.6,High,Yes,"SHAP explanation: average transaction amount (pushed toward suspicious, impact=-4.161) ; transaction count (pushed toward suspicious, impact=-0.948)",1,32.3220296547578,32.3220296547578,1.409313907295257e-05,0.0
21,bc1q50vyftultcuwfq20qfnwsnwdpklssvvde2f456,89.6,High,Yes,"SHAP explanation: average transaction amount (pushed toward suspicious, impact=-3.849) ; transaction count (pushed toward suspicious, impact=-1.110)",2,27.787707587305377,55.575415174610754,0.0001404691361312,481.847294
22,31k5Sdr7LPCKdMFQpGX8ShzBcc2zZPeJV8,88.4,High,Yes,"SHAP explanation: average transaction amount (pushed toward suspicious, impact=-4.337) ; transaction count (pushed toward suspicious, impact=-0.984)",1,37.23541797276255,37.23541797276255,0.0001449355326126,0.0
23,33H84B5LmnerfAASjYmo9NHGV7D3Jx3XxM,88.3,High,Yes,"SHAP explanation: average transaction amount (pushed toward suspicious, impact=-4.640) ; transaction count (pushed toward suspicious, impact=-1.120)",1,39.87032635733463,39.87032635733463,6.562168311932615e-05,0.0
24,3QGRNMp5c8KTQKyv173RoqCGfyX5X7wHdu,88.1,High,Yes,"SHAP explanation: average transaction amount (pushed toward suspicious, impact=-4.297) ; transaction count (pushed toward suspicious, impact=-0.922)",1,31.51595999702373,31.51595999702373,2.911491415275603e-05,0.0
25,125muDXjxQ2djE4wFM6gz8NLyjikAgLfGs,87.8,High,Yes,"SHAP explanation: average transaction amount (pushed toward suspicious, impact=-4.692) ; transaction count (pushed toward suspicious, impact=-1.146)",1,37.7097368560087,37.7097368560087,7.796420289169051e-05,0.0
26,1LeEQSgR2EoHypRMKJ7RkZHj8rijSjvjAi,87.0,High,Yes,"SHAP explanation: average transaction amount (pushed toward suspicious, impact=-3.964) ; transaction count (pushed toward suspicious, impact=-1.279)",2,26.954065703478182,53.90813140695637,0.000109562611998,425.242338
27,1ALjnVNjajzezZa2qeL1ir8XfZ5KQpVDgi,86.7,High,Yes,"SHAP explanation: average transaction amount (pushed toward suspicious, impact=-3.952) ; transaction count (pushed toward suspicious, impact=-1.313)",2,26.74523890226191,53.49047780452382,0.0001059402333249,356.054028
28,1KYFpFr4DviFrHatRN1RYRzbx2CPB6c4UW,86.7,High,Yes,"SHAP explanation: average transaction amount (pushed toward suspicious, impact=-3.688) ; transaction count (pushed toward suspicious, impact=-1.154)",2,25.674984192372,51.349968384744,0.0001380466756216,700.429729
29,bc1qvde998534t4pqwk89pxwyz6j8gmn29xwmaetzh,86.0,High,Yes,"SHAP explanation: average transaction amount (pushed toward suspicious, impact=-3.849) ; transaction count (pushed toward suspicious, impact=-1.291)",2,25.60450684723204,51.20901369446408,7.345726670725258e-05,1155.712395
30,bc1pwmdqhd4gsn6pqwyrtn8ywjxhwj3zre5gvshf8m4ycr9uvgfnmlgsq4pzpk,85.9,High,Yes,"SHAP explanation: average transaction amount (pushed toward suspicious, impact=-4.306) ; transaction count (pushed toward suspicious, impact=-1.056)",1,29.80984192785529,29.80984192785529,0.0001308923637449,0.0
31,1NCZ4F1pK1GxMCTueCWdFmq7a2jfdQEoTq,85.1,High,Yes,"SHAP explanation: average transaction amount (pushed toward suspicious, impact=-3.876) ; transaction count (pushed toward suspicious, impact=-1.280)",2,25.905909277984858,51.81181855596972,7.848847752330982e-05,625.088755
32,3Pps4U3DAKDuXV75BJqzsEEL3PwwL1cgam,84.7,High,Yes,"SHAP explanation: average transaction amount (pushed toward suspicious, impact=-3.844) ; transaction count (pushed toward suspicious, impact=-1.285)",2,26.31109845430784,52.622196908615685,8.158188298666162e-05,703.158021
33,1B5s6D9dw6hByUhZ54suktnLgH6iKcyehn,84.6,High,Yes,"SHAP explanation: average transaction amount (pushed toward suspicious, impact=-3.882) ; transaction count (pushed toward suspicious, impact=-1.310)",2,26.36109286094774,52.72218572189548,8.987988299558497e-05,315.421997
34,1GpfidoYwB2f9iiHRBiWrYeiVQV5Xasrja,84.6,High,Yes,"SHAP explanation: average transaction amount (pushed toward suspicious, impact=-3.842) ; transaction count (pushed toward suspicious, impact=-0.963)",1,26.203661877956502,26.203661877956502,1.9460417757858468e-05,0.0
35,bc1q0cntnywtua7k3zjtvc8frv99mkhh906tq5w3wk,84.0,High,Yes,"SHAP explanation: average transaction amount (pushed toward suspicious, impact=-3.837) ; transaction count (pushed toward suspicious, impact=-1.267)",2,24.394143569608733,48.788287139217466,0.0001168342267038,727.505182
36,36dmvHQd5oQexhCCLjHQrmBtMMb1giT7Qg,83.7,High,Yes,"SHAP explanation: average transaction amount (pushed toward suspicious, impact=-3.798) ; transaction count (pushed toward suspicious, impact=-1.258)",2,24.72298818556088,49.44597637112176,7.458782268011161e-05,952.931824
37,1HGY6A4RGPUapffmxxPYftvDc8mwYXxLVc,82.8,High,Yes,"SHAP explanation: average fee (pushed toward suspicious, impact=-2.364) ; average transaction amount (pushed toward suspicious, impact=-2.077)",1,10.930384676640829,10.930384676640829,0.0002932272680701,0.0
38,16Q65e7UrC3HKmupo3vJr1dWuqjsD8N9Fw,82.7,High,Yes,"SHAP explanation: average transaction amount (pushed toward suspicious, impact=-3.855) ; transaction count (pushed toward suspicious, impact=-1.276)",2,24.09926862684345,48.1985372536869,7.84989105509598e-05,869.461675
39,3A2mHHXA9roRKeQaZCEXzSxf98iHDBPXZN,81.7,High,Yes,"SHAP explanation: average transaction amount (pushed toward suspicious, impact=-3.802) ; transaction count (pushed toward suspicious, impact=-1.245)",2,23.102646660681216,46.20529332136243,0.0001147843176505,1571.834486
40,bc1qs60l5aq9dn9kj5f9rq88lg3ltwp0wykj7lcz9z,80.8,High,Yes,"SHAP explanation: total transaction volume (pushed toward suspicious, impact=-2.973) ; transaction count (pushed toward suspicious, impact=-2.009)",58,2.9750875258014764,172.55507649648564,0.0001006848170813,37212.33633796492
41,bc1qkcn98hqlkafshdrdc6sdcucjmjf3xn3g9errsn,80.6,High,Yes,"SHAP explanation: average transaction amount (pushed toward suspicious, impact=-3.973) ; transaction count (pushed toward suspicious, impact=-1.128)",1,23.75802463900549,23.75802463900549,0.0001106720782716,0.0
42,bc1qjatt2xdfdak7ysgj32szuxw7ml4ewf7n4wnmkd,80.3,High,Yes,"SHAP explanation: total transaction volume (pushed toward suspicious, impact=-2.957) ; transaction count (pushed toward suspicious, impact=-2.039)",50,3.047013288803155,152.35066444015774,9.49334488575826e-05,55745.596191326535
43,13xHn718RabTSLgm6yqLBax2WaNq9U45Yv,80.3,High,Yes,"SHAP explanation: average transaction amount (pushed toward suspicious, impact=-3.685) ; transaction count (pushed toward suspicious, impact=-0.948)",1,23.29076568042004,23.29076568042004,0.0001436505271428,0.0
44,1NUjFySEF29tZsVY6Bn631EgC7owcwwHfk,80.2,High,Yes,"SHAP explanation: average transaction amount (pushed toward suspicious, impact=-3.836) ; transaction count (pushed toward suspicious, impact=-1.218)",2,23.509871267480868,47.019742534961736,8.344324003922392e-05,454.060982
45,3PKJX7TikLfiffBjfiRdaxyrdCdwAB5V9Z,80.0,High,Yes,"SHAP explanation: time gap between transactions (pushed toward suspicious, impact=-3.475) ; transaction count (pushed toward suspicious, impact=-1.085)",5,1.40646582909651,7.03232914548255,2.604425674122743e-05,1341579.0620535
46,3DxPwZ2rn5w6iTdMcw9k4wPcFKFLmgkhYp,79.7,High,Yes,"SHAP explanation: average fee (pushed toward suspicious, impact=-3.497) ; time gap between transactions (pushed toward suspicious, impact=-1.076)",2,0.9993034190011312,1.9986068380022624,0.0004214161967281,34749.773727
47,172kT9LWTzPso9NMoDAjPfqn7z5Qd3NyiQ,79.7,High,Yes,"SHAP explanation: average transaction amount (pushed toward suspicious, impact=-3.883) ; transaction count (pushed toward suspicious, impact=-0.988)",1,22.94701443969621,22.94701443969621,5.930046616074785e-05,0.0
48,1EhEcuHyiCyMLhTrMhPFA4XDz7nbM5TB4i,79.0,High,Yes,"SHAP explanation: average transaction amount (pushed toward suspicious, impact=-3.349) ; average fee (pushed toward suspicious, impact=-0.840)",1,19.3359684081321,19.3359684081321,1.028540550934245e-05,0.0
49,1N98VKk7z4DXn449VGeTksSYWfJEUw7VPj,79.0,High,Yes,"SHAP explanation: average transaction amount (pushed toward suspicious, impact=-2.910) ; average fee (pushed toward suspicious, impact=-1.156)",1,16.949346878401148,16.949346878401148,0.0001746339146016,0.0
50,1ByyghPY6H9v4Qmkn5QRCYqgCBH3sE9LR4,78.1,High,Yes,"SHAP explanation: average fee (pushed toward suspicious, impact=-3.655) ; average transaction amount (pushed toward suspicious, impact=-0.941)",1,4.999487075769281,4.999487075769281,0.0005129242307187,0.0
51,112vhWKHoS4F5zrwRuUtPh8jEmsEgD2fUW,77.8,High,Yes,"SHAP explanation: average fee (pushed toward suspicious, impact=-3.679) ; average transaction amount (pushed toward suspicious, impact=-0.922)",1,5.0,5.0,0.0005129242307187,0.0
52,31jA8mH2kvfcKjamoXGqgDDPyin8Er1cZJ,77.8,High,Yes,"SHAP explanation: average transaction amount (pushed toward suspicious, impact=-3.805) ; transaction count (pushed toward suspicious, impact=-1.166)",2,22.41588776710929,44.83177553421857,8.949590704565845e-05,295.611143
53,bc1qpkaru20j93eya79g9v799guxhyhw5atg260q2l,77.7,High,Yes,"SHAP explanation: average fee (pushed toward suspicious, impact=-3.136) ; average transaction amount (pushed toward suspicious, impact=-1.220)",1,6.183339869008961,6.183339869008961,0.000374829181652,0.0
54,bc1pp97q38t8wf9sqgussxq4agj3qku2yfuek0nuzjkq53xy0lny8maqshrnre,77.6,High,Yes,"SHAP explanation: average fee (pushed toward suspicious, impact=-3.627) ; average transaction amount (pushed toward suspicious, impact=-0.948)",1,4.999363620299915,4.999363620299915,0.0004115528589904,0.0
55,bc1perg88p364qfr6uj3rswtfre8mney2v207tzkvpf5y9edlwlmrmlstpwu7r,77.0,High,Yes,"SHAP explanation: average transaction amount (pushed toward suspicious, impact=-3.116) ; transaction count (pushed toward suspicious, impact=-0.834)",1,17.288957217907413,17.288957217907413,1.2818858335063998e-05,0.0
56,bc1qlk257fdptvzqzet3s8cy3vfe2yjrlgj7u8726v,76.6,High,Yes,"SHAP explanation: average fee (pushed toward suspicious, impact=-2.669) ; time gap between transactions (pushed toward suspicious, impact=-1.151)",2,0.0994920556116156,0.1989841112232313,0.0003367784916417,36229.037837
57,bc1q3sygp3lmx4wvzeamqq2qtycwjey4vylc3cmxsm,76.3,High,Yes,"SHAP explanation: time gap between transactions (pushed toward suspicious, impact=-3.579) ; transaction count (pushed toward suspicious, impact=-0.983)",6,0.7353071323431908,4.411842794059145,0.000128387166797,1528865.4962117998
58,bc1q8t3rpfx2ldh83wlm743vpjrnrzrk3pdxes84mj,75.9,High,Yes,"SHAP explanation: total transaction volume (pushed toward suspicious, impact=-3.062) ; transaction count (pushed toward suspicious, impact=-1.977)",35,3.008864568445143,105.31025989558,0.0001149917661792,227975.95128591172
59,3FFhVtCfcRa7agKwHC6x7rLoLzLv8h5P7d,75.6,High,Yes,"SHAP explanation: average fee (pushed toward suspicious, impact=-3.507) ; average transaction amount (pushed toward suspicious, impact=-0.927)",1,5.0,5.0,0.0003905673549114,0.0
60,bc1q0sd8d90ja4zha6dkhel4mvrevkpep4w8k8j6a7,75.5,High,Yes,"SHAP explanation: total transaction volume (pushed toward suspicious, impact=-3.237) ; average transaction amount (pushed toward suspicious, impact=-1.125)",28,4.054918019614613,113.53770454920917,0.0001324834845526,280514.766263
61,1CgmBRhoHJDF6iJ2GBYv25NpebB4HNLx4o,75.1,High,Yes,"SHAP explanation: average transaction amount (pushed toward suspicious, impact=-1.555) ; time gap between transactions (pushed toward suspicious, impact=-1.507)",11,5.215081774384356,57.36589951822792,0.0001598947517567,665124.1285715001
62,3JTLuRpk4aMc31bQxmmNppxDwehd8GMWeq,74.9,High,Yes,"SHAP explanation: average transaction amount (pushed toward suspicious, impact=-3.511) ; transaction count (pushed toward suspicious, impact=-1.144)",2,20.814356835802105,41.62871367160421,7.049612209833694e-05,1473.091081
63,bc1qtu0hagmd5khaqwnlsq5p0m8vn73jat4xphgpjc,74.5,High,Yes,"SHAP explanation: time gap between transactions (pushed toward suspicious, impact=-3.620) ; average transaction amount (pushed toward suspicious, impact=-1.351)",6,4.610752942833392,27.66451765700036,0.0001047920868437,1315706.8627516
64,1M54dkFuekuTqGsqVnGNBDtzPbpgXYABcN,74.3,High,Yes,"SHAP explanation: average transaction amount (pushed toward suspicious, impact=-3.085) ; transaction count (pushed toward suspicious, impact=-0.828)",1,16.8035058793738,16.8035058793738,2.067034472270008e-05,0.0
65,3PgTdZnyW5AvgwmQaFp4no1PtLquzSimLT,74.0,High,Yes,"SHAP explanation: average transaction amount (pushed toward suspicious, impact=-3.454) ; transaction count (pushed toward suspicious, impact=-1.028)",2,19.94854644540648,39.89709289081296,5.4491807487294536e-05,195.815074
66,bc1qlteg288j9dmdaf5h8nvwlyanj0l52fen2n934a,74.0,High,Yes,"SHAP explanation: average fee (pushed toward suspicious, impact=-3.097) ; average transaction amount (pushed toward suspicious, impact=-1.086)",1,5.361008673562786,5.361008673562786,0.0003602187106891,0.0
67,39jHCnFM89tPaLWNrkWZUJskBDEM7bR6mM,73.8,High,Yes,"SHAP explanation: average transaction amount (pushed toward suspicious, impact=-3.118) ; transaction count (pushed toward suspicious, impact=-0.800)",1,15.991469749781768,15.991469749781768,2.823667710903153e-05,0.0
68,bc1qwl9j6w5g7sxzcgsxguhp8pm2nkq7ctfuhl29q3,73.7,High,Yes,"SHAP explanation: average fee (pushed toward suspicious, impact=-2.664) ; time gap between transactions (pushed toward suspicious, impact=-0.986)",2,0.0994915864424486,0.1989831728848972,0.0003133450316366,27056.403901
69,bc1qctspn3hvvgtuqaszunkgkyznfgta25pak98tl5,73.5,High,Yes,"SHAP explanation: average transaction amount (pushed toward suspicious, impact=-2.857) ; average fee (pushed toward suspicious, impact=-1.012)",2,14.934057580908558,29.86811516181712,1.0225145771928038e-05,401.116054
70,14WyrcjaPmeoEK9AVqB2hbqaY5bQS6JipA,73.4,High,Yes,"SHAP explanation: average fee (pushed toward suspicious, impact=-3.326) ; average transaction amount (pushed toward suspicious, impact=-0.926)",1,5.0,5.0,0.0003774579744764,0.0
71,1Km8A5TVNLLH6dQ7LWmSSK3aFs9HCwiBbG,73.3,High,Yes,"SHAP explanation: time gap between transactions (pushed toward suspicious, impact=-2.733) ; average fee (pushed toward suspicious, impact=-1.221)",8,1.1031769010464647,8.825415208371718,0.0001684245305444,926154.672703
72,bc1q6eyx2laz5qwvg9lw8w7gz2kq9jkaphs6gzpznf,73.2,High,Yes,"SHAP explanation: average transaction amount (pushed toward suspicious, impact=-2.765) ; average fee (pushed toward suspicious, impact=-1.121)",2,14.511970016699149,29.023940033398294,0.000166343012851,1280.901543
73,bc1pe3zx4l9f5zuw99uznqvyjeg8e3zy2rjucswt2gp05kq8mr5nwudq7j7ghn,72.7,High,Yes,"SHAP explanation: average fee (pushed toward suspicious, impact=-3.806) ; transaction count (pushed toward suspicious, impact=-0.622)",1,0.2849142300015072,0.2849142300015072,0.0004485241485468,0.0
74,15YR1pjmhUKBgGzkzmtL3t4Eao3WgqBH3y,72.2,High,Yes,"SHAP explanation: average fee (pushed toward suspicious, impact=-3.819) ; transaction count (pushed toward suspicious, impact=-0.623)",1,0.230502498983298,0.230502498983298,0.0006024797488945,0.0
75,1F2Jx2j77qrWC72e4khYrdaAhgWnUQohqq,72.1,High,Yes,"SHAP explanation: average fee (pushed toward suspicious, impact=-2.341) ; time gap between transactions (pushed toward suspicious, impact=-1.081)",2,0.0996898729180766,0.1993797458361532,0.000271169611528,42261.242887
76,33YD7x5d3DfTs8cZkn5ZCKpiQZkVDYoTZs,72.0,High,Yes,"SHAP explanation: average transaction amount (pushed toward suspicious, impact=-2.917) ; transaction count (pushed toward suspicious, impact=-0.936)",2,14.920776226717022,29.841552453434044,2.698123457801172e-05,908.428201
77,bc1qp2g0y2kkjladp2e50vtp8pay38lrh6gagqkvr6,71.8,High,Yes,"SHAP explanation: average fee (pushed toward suspicious, impact=-3.180) ; average transaction amount (pushed toward suspicious, impact=-0.947)",1,4.999324464885837,4.999324464885837,0.000354170071843,0.0
78,1FBywQbncJwu7DftvH2kpPg7Tvh1L4LGAy,71.8,High,Yes,"SHAP explanation: time gap between transactions (pushed toward suspicious, impact=-3.697) ; transaction count (pushed toward suspicious, impact=-1.165)",6,1.674803022198588,10.048818133191528,7.249473143999867e-05,1225615.8668344
79,1DGPkGzZAfafase8qmd3QHKbJXBxi7sg9L,71.6,High,Yes,"SHAP explanation: average transaction amount (pushed toward suspicious, impact=-2.515) ; average fee (pushed toward suspicious, impact=-1.156)",2,13.478177150336704,26.95635430067341,6.905660461059226e-06,1256.930034
80,bc1qmnm50h9464af6zdk8zjy2u7x8rfqk3w9xl5j7k,71.6,High,Yes,"SHAP explanation: average transaction amount (pushed toward suspicious, impact=-2.797) ; transaction count (pushed toward suspicious, impact=-0.951)",2,14.624568735908465,29.24913747181693,1.901838957350516e-05,1395.234998
81,1HRvqRvxJtm9gmcfDdrFbV4wUsbr2zg2gA,71.6,High,Yes,"SHAP explanation: average fee (pushed toward suspicious, impact=-3.208) ; average transaction amount (pushed toward suspicious, impact=-0.927)",1,5.0,5.0,0.0003666117068301,0.0
82,bc1q0tv8m5xy4cx4sqzp8egnwl7dn3fuhjevdes30n,71.4,High,Yes,"SHAP explanation: total transaction volume (pushed toward suspicious, impact=-2.949) ; average transaction amount (pushed toward suspicious, impact=-1.948)",17,5.287771477778515,89.89211512223476,0.0001362180975485,477794.267928
83,12qSc8XzxjWuzziWsgUtZfusNuKTxycHVx,71.3,High,Yes,"SHAP explanation: average transaction amount (pushed toward suspicious, impact=-3.129) ; transaction count (pushed toward suspicious, impact=-1.020)",2,17.39058189469501,34.78116378939002,0.0001365637507355,575.530065
84,17o8Ue6iqoNrmyrYUzLuzMC28niRpM41M4,71.2,High,Yes,"SHAP explanation: average transaction amount (pushed toward suspicious, impact=-3.199) ; transaction count (pushed toward suspicious, impact=-0.890)",2,18.41836068224859,36.83672136449718,4.0353445682748266e-05,721.130103
85,bc1p058fhvug6x5jn2khy7dllzu5akc2p68vp4706c2q7u34a4kx575spuegy0,70.8,High,Yes,"SHAP explanation: average fee (pushed toward suspicious, impact=-2.680) ; average transaction amount (pushed toward suspicious, impact=-0.895)",2,4.9997751731589055,9.999550346317813,0.0003181898500424,19352.20919
86,bc1q3r2kxx2w6a85lkld79m7wf7jsyjxzzcl4zfu40,70.6,High,Yes,"SHAP explanation: time gap between transactions (pushed toward suspicious, impact=-3.321) ; transaction count (pushed toward suspicious, impact=-1.105)",6,1.679795710280964,10.078774261685783,0.0001350702716183,1100151.7555646002
87,1FiWKP1FXY7pgq4zNYanSZcNNXqnz1RBHL,70.5,High,Yes,"SHAP explanation: average transaction amount (pushed toward suspicious, impact=-2.592) ; average fee (pushed toward suspicious, impact=-0.993)",2,13.51654035851956,27.03308071703912,1.342124218192573e-05,586.704614
88,3HBXrXZfAg1rsho3ng545h2EAMTdMKEhn7,70.2,High,Yes,"SHAP explanation: average transaction amount (pushed toward suspicious, impact=-2.985) ; transaction count (pushed toward suspicious, impact=-0.901)",2,15.251708403923027,30.50341680784605,4.03236309912015e-05,1226.65303
89,bc1psd8vfylh9mfn72e0ce3g45n85kd5lkrdzmw0d7mumlhrklqukfwsvqxgpr,70.2,High,Yes,"SHAP explanation: time gap between transactions (pushed toward suspicious, impact=-3.199) ; transaction count (pushed toward suspicious, impact=-0.876)",8,0.8456293616630608,6.765034893304486,0.0001195853903461,981443.393859
90,bc1qwj2ad0jxkvpyn484qt46xgn6h5cv4e472t2l00,70.1,High,Yes,"SHAP explanation: average transaction amount (pushed toward suspicious, impact=-2.964) ; transaction count (pushed toward suspicious, impact=-0.924)",2,16.129377298484982,32.258754596969965,3.28489290757347e-05,630.307168
91,14k8Qn8Cu65RW1VWkNTc5Q6f9kax6mHNs6,69.7,Medium,Yes,"SHAP explanation: average fee (pushed toward suspicious, impact=-2.493) ; transaction count (pushed toward suspicious, impact=-0.933)",2,0.0994576607769439,0.1989153215538878,0.0002982069373295,14019.330403
92,bc1qwvk4ehu6m8qyhz2p77tvsvmuey9jnw9l2zxh9q,69.5,Medium,Yes,"SHAP explanation: average transaction amount (pushed toward suspicious, impact=-3.260) ; transaction count (pushed toward suspicious, impact=-1.160)",2,17.896279352960562,35.792558705921124,0.000111870241384,1020.855031
93,1HE2AQig6uZwmTNvNL329aTvmSowDib9NX,69.3,Medium,Yes,"SHAP explanation: average fee (pushed toward suspicious, impact=-2.373) ; average transaction amount (pushed toward suspicious, impact=-1.263)",2,6.2823614264915095,12.56472285298302,0.000259051879075,129.806979
94,bc1qgm5ylmyltmmephz4nnvtpf80f7yhr0lfswtswu,69.3,Medium,Yes,"SHAP explanation: average fee (pushed toward suspicious, impact=-2.396) ; average transaction amount (pushed toward suspicious, impact=-1.271)",2,6.567724180641564,13.135448361283128,0.0002628962318503,290.049626
95,bc1qgv75wgqdkxzsasxmy7lkvtnq367yn8088nsxlj,69.3,Medium,Yes,"SHAP explanation: average transaction amount (pushed toward suspicious, impact=-2.490) ; average fee (pushed toward suspicious, impact=-1.062)",2,13.152341244845726,26.30468248969145,0.0001651713062539,1199.568638
96,38YSVHACq613AoRvZugZnLHojxEJaUQj4f,69.2,Medium,Yes,"SHAP explanation: time gap between transactions (pushed toward suspicious, impact=-2.730) ; average fee (pushed toward suspicious, impact=-0.979)",7,1.259683504901645,8.817784534311516,0.0001566503107677,901905.6472408334
97,1NUb3kkKBURPHWc2uDP7Qh8tH6nPsKG2NF,69.0,Medium,Yes,"SHAP explanation: total transaction volume (pushed toward suspicious, impact=-3.506) ; average transaction amount (pushed toward suspicious, impact=-1.790)",21,4.8551860924644,101.9589079417524,0.0001220790515995,301614.2817671999
98,bc1pg5ter3wa7u7kpvcg2sc98tvcjl5eve49cs004yuwsxxjud5drcjs982zg0,68.9,Medium,Yes,"SHAP explanation: total transaction volume (pushed toward suspicious, impact=-3.574) ; average transaction amount (pushed toward suspicious, impact=-1.854)",24,4.783342829962476,114.8002279190994,9.694619250026538e-05,333392.657304826
99,bc1pw7akqaquelcjztggj80407x260ffnrapfptrcp972sxxynfk50psuncs0f,68.9,Medium,Yes,"SHAP explanation: average fee (pushed toward suspicious, impact=-2.308) ; transaction count (pushed toward suspicious, impact=-0.966)",2,0.0999128194924995,0.1998256389849991,0.0002539721941921,22129.28147
100,33pKsg4DPi6DqtVNm6cg7mDJpnZ9p6WTCu,68.8,Medium,Yes,"SHAP explanation: total transaction volume (pushed toward suspicious, impact=-3.379) ; average transaction amount (pushed toward suspicious, impact=-1.653)",26,4.488236859528493,116.69415834774082,8.432486488453766e-05,300014.56865140004
101,3Eikd6YibFCQjw6U4a6PqhcNbUtM62EW9z,68.7,Medium,Yes,"SHAP explanation: total transaction volume (pushed toward suspicious, impact=-3.079) ; transaction count (pushed toward suspicious, impact=-1.368)",29,3.54481160657254,102.79953659060364,8.578457488576688e-05,256628.53665117853
102,1PGKX2cTWnka9rLoSj56eKA75yvKa3jRFi,68.5,Medium,Yes,"SHAP explanation: average transaction amount (pushed toward suspicious, impact=-3.256) ; transaction count (pushed toward suspicious, impact=-1.121)",2,16.557466084407213,33.11493216881443,0.0001093674252565,879.338218
103,38Y4HCAqbTZi952y8MaWqCL2WHyRXxdLka,68.5,Medium,Yes,"SHAP explanation: average fee (pushed toward suspicious, impact=-2.328) ; average transaction amount (pushed toward suspicious, impact=-1.266)",2,6.577478825912082,13.154957651824164,0.0002477916572299,829.558648
104,3D5vdZmdMPVBkVWxF5dF9s19yt6EJ1GVAW,68.2,Medium,Yes,"SHAP explanation: average fee (pushed toward suspicious, impact=-2.836) ; transaction count (pushed toward suspicious, impact=-0.889)",2,0.9999438922830104,1.999887784566021,0.000322276563637,22539.196773
105,bc1q5y7j2c5yev2sfhrfmpznu5a3jlxrng6v66fm7c,68.2,Medium,Yes,"SHAP explanation: total transaction volume (pushed toward suspicious, impact=-3.556) ; average transaction amount (pushed toward suspicious, impact=-1.649)",24,4.468400229208746,107.2416055010099,0.0001135881788273,310662.46483400004
106,bc1qy3v7jg0x8h2q5xzy6estrjjwrg7yarcyapfhjw,68.1,Medium,Yes,"SHAP explanation: average transaction amount (pushed toward suspicious, impact=-2.393) ; average fee (pushed toward suspicious, impact=-0.963)",2,12.152798244606837,24.30559648921368,0.0001566803999971,1569.643486
107,bc1qr03ajump7cx7e62r7jv4mg90ne3cetgft3xn27,68.1,Medium,Yes,"SHAP explanation: average transaction amount (pushed toward suspicious, impact=-2.522) ; transaction count (pushed toward suspicious, impact=-0.897)",2,12.778218408970226,25.55643681794045,1.882834811534362e-05,1786.326581
108,3M57i3V3VBxiYLXMB9d44oG4MSAKiMbEPG,68.0,Medium,Yes,"SHAP explanation: total transaction volume (pushed toward suspicious, impact=-2.774) ; transaction count (pushed toward suspicious, impact=-1.044)",28,3.4064886265388226,95.38168154308704,0.0001239973894077,222876.10898477773
109,bc1q2uq0g5vtxvetn77ptwj9auqqtr4qwdzc6agscc,67.9,Medium,Yes,"SHAP explanation: average transaction amount (pushed toward suspicious, impact=-3.258) ; transaction count (pushed toward suspicious, impact=-1.122)",2,15.872841572392716,31.745683144785435,9.891900535995004e-05,869.646506
110,bc1puslcq8ym5ds04q4mtkk8agtm685z0he9nfw77dqumvsuy28ge4sqlx9gwc,67.8,Medium,Yes,"SHAP explanation: time gap between transactions (pushed toward suspicious, impact=-2.694) ; average fee (pushed toward suspicious, impact=-1.144)",8,1.4984836543084,11.9878692344672,0.0001629004501913,906849.167498
111,bc1qhmxhwc5a3vatyucg837zwygvzp2arapuka24vf,67.7,Medium,Yes,"SHAP explanation: time gap between transactions (pushed toward suspicious, impact=-2.218) ; average fee (pushed toward suspicious, impact=-1.942)",9,2.684574507130422,24.1611705641738,0.000202989463694,831415.4185856249
112,18ZAtjh534xDv8BEfFjrJGktYiufQgBSAV,67.6,Medium,Yes,"SHAP explanation: time gap between transactions (pushed toward suspicious, impact=-3.557) ; transaction count (pushed toward suspicious, impact=-1.205)",7,2.5032441286601625,17.522708900621137,0.0001113986837715,1164538.6008618332
113,3KBBAqDori6yBPPwPRQ6wxfWEu5wTEsZqF,67.4,Medium,Yes,"SHAP explanation: average transaction amount (pushed toward suspicious, impact=-2.020) ; average fee (pushed toward suspicious, impact=-1.435)",2,9.5059623829548,19.0119247659096,0.0001804778347301,444.48651
114,bc1qk4d5qvhqrzcxw6frxsj9mkykp0m6uehz0kt669,67.1,Medium,Yes,"SHAP explanation: time gap between transactions (pushed toward suspicious, impact=-3.221) ; transaction count (pushed toward suspicious, impact=-1.108)",6,2.119013945882726,12.71408367529636,0.0001323248008597,1052904.4369138
115,31rj821ZJUogyK7Rg93Hj8JN9aTfxDj3tJ,67.1,Medium,Yes,"SHAP explanation: time gap between transactions (pushed toward suspicious, impact=-2.824) ; transaction count (pushed toward suspicious, impact=-0.856)",9,0.710649870045795,6.395848830412156,7.038834304201292e-05,859666.78948675
116,bc1q548v2y3f7xpp98kx0p8p30u9g33un7jxchen9e,67.0,Medium,Yes,"SHAP explanation: average fee (pushed toward suspicious, impact=-2.301) ; transaction count (pushed toward suspicious, impact=-0.932)",2,0.0999788315298093,0.1999576630596187,0.0002496731214865,13754.169779
117,1AnYENDaSs4xDQvPnUgvLvoF99VxwxVLy6,67.0,Medium,Yes,"SHAP explanation: average fee (pushed toward suspicious, impact=-3.345) ; transaction count (pushed toward suspicious, impact=-0.579)",1,0.0955789500075094,0.0955789500075094,0.0003736040915082,0.0
118,bc1pk45qfkh4q865hjy065rwzk72jax95kcyamlcg99j5z83exrukgts5h8zys,67.0,Medium,Yes,"SHAP explanation: average fee (pushed toward suspicious, impact=-3.431) ; transaction count (pushed toward suspicious, impact=-0.591)",1,0.3937641277214687,0.3937641277214687,0.000374829181652,0.0
119,bc1qxdmr0jneeuemffpucd3atw309q3cardpuf2dap,66.8,Medium,Yes,"SHAP explanation: average fee (pushed toward suspicious, impact=-2.496) ; time gap between transactions (pushed toward suspicious, impact=-1.049)",2,0.9995856318478908,1.9991712636957808,0.0002624238761162,32915.992871
120,1PKYBsrRdrTXyJwa1d79Xg5g7eiksQAncX,66.4,Medium,Yes,"SHAP explanation: average fee (pushed toward suspicious, impact=-1.930) ; time gap between transactions (pushed toward suspicious, impact=-0.969)",2,4.999157913992796,9.998315827985593,0.0002260954083225,32634.882103
121,bc1ph9vq2qez2qcgwjx9etl9fv7a9muraumefucpywfqmwqx0nj5cmysrtx0nl,66.2,Medium,Yes,"SHAP explanation: average fee (pushed toward suspicious, impact=-3.462) ; transaction count (pushed toward suspicious, impact=-0.582)",1,0.4536639859355812,0.4536639859355812,0.0003709900103473,0.0
122,bc1qhsycdtdh4arx56s0vlsdarums3ed3784m9e0d0,66.2,Medium,Yes,"SHAP explanation: total transaction volume (pushed toward suspicious, impact=-3.279) ; average transaction amount (pushed toward suspicious, impact=-1.197)",24,4.201142741326598,100.82742579183837,0.0001368904057663,331205.1994052608
123,bc1pfwemnjeve2jks2f8p9dgw44syle56h0z5evvdnvllp0wwn5s0cxqhr6ank,66.1,Medium,Yes,"SHAP explanation: average fee (pushed toward suspicious, impact=-3.359) ; transaction count (pushed toward suspicious, impact=-0.661)",1,1.0,1.0,0.0003424191955459,0.0
124,bc1q6wfgey775r5xr8s55r2xvz39rca6uxtrcj3yw7,66.0,Medium,Yes,"SHAP explanation: time gap between transactions (pushed toward suspicious, impact=-3.219) ; transaction count (pushed toward suspicious, impact=-1.090)",7,2.427358323302809,16.991508263119663,0.0001307165888619,1103041.1234873333
125,bc1paj8mehymupwvp654t8j9nhq9av9mfpgqn8fxk5fvkeyezj0r0dzsy9s6na,65.9,Medium,Yes,"SHAP explanation: average fee (pushed toward suspicious, impact=-2.333) ; average transaction amount (pushed toward suspicious, impact=-0.902)",2,4.999633388293169,9.99926677658634,0.0002596186415096,18647.262057
126,19P9PweM4tVoMpsp1LMH4i8Y1snQEnaFkE,65.8,Medium,Yes,"SHAP explanation: average fee (pushed toward suspicious, impact=-3.355) ; transaction count (pushed toward suspicious, impact=-0.578)",1,0.4798522978672879,0.4798522978672879,0.0003655098096995,0.0
127,bc1q78q70pgwkttpr0vh8a3gurf44pcdm3mspxg2l6,65.8,Medium,Yes,"SHAP explanation: average transaction amount (pushed toward suspicious, impact=-2.619) ; transaction count (pushed toward suspicious, impact=-0.956)",2,12.534558524028022,25.069117048056043,0.0001358776217487,1637.945271
128,33dBjmD1nSeLXnggFNG3xLzAGPtHxn8owM,65.8,Medium,Yes,"SHAP explanation: average fee (pushed toward suspicious, impact=-1.783) ; time gap between transactions (pushed toward suspicious, impact=-1.144)",2,0.0996183618728078,0.1992367237456156,0.0002090742367462,36237.045934
129,bc1qfejr2940um599tekat2dpl50jcy7jzvpsd0hjn,65.6,Medium,Yes,"SHAP explanation: time gap between transactions (pushed toward suspicious, impact=-2.215) ; average transaction amount (pushed toward suspicious, impact=-1.625)",11,5.092602114873911,56.018623263613016,0.0001083513380603,747952.2426032999
130,14n5CMwYgnWY9mVFthvTCP7RRiypyhxQ25,65.5,Medium,Yes,"SHAP explanation: average fee (pushed toward suspicious, impact=-2.352) ; average transaction amount (pushed toward suspicious, impact=-0.886)",2,4.999609432645088,9.999218865290176,0.0002605919611392,14389.28684
131,37DwkUW4kxqCD8TvKnA2T2MuqBak2mn6a7,65.3,Medium,Yes,"SHAP explanation: total transaction volume (pushed toward suspicious, impact=-2.847) ; transaction count (pushed toward suspicious, impact=-1.385)",29,3.2781281639257656,95.0657167538472,8.979302612962747e-05,241534.12855385712
132,bc1qdq0nxlfnhduay9s80py9xte9mrucreryc884z3,65.2,Medium,Yes,"SHAP explanation: average transaction amount (pushed toward suspicious, impact=-3.134) ; transaction count (pushed toward suspicious, impact=-1.112)",2,14.682672152769952,29.365344305539907,9.175415273773884e-05,426.896991
133,bc1pvpzefcv6gq7yyym6jfnsjfas2l9tw8eqnqzwtdd8sfvfnr83hzushc4w7r,65.2,Medium,Yes,"SHAP explanation: total transaction volume (pushed toward suspicious, impact=-2.907) ; average transaction amount (pushed toward suspicious, impact=-1.726)",19,4.882708358852395,92.7714588181955,0.0001371564537872,337780.09132238885
134,1PoGHezaKEjQ1wuCwvZGTKQ6mTQoobQjFk,65.0,Medium,Yes,"SHAP explanation: average fee (pushed toward suspicious, impact=-1.915) ; transaction count (pushed toward suspicious, impact=-0.967)",2,0.0990934590434174,0.1981869180868349,0.0002225125023089,27483.768577
135,1pZhPxoRTq5qqC729UChpxERfQj6k2PZU,65.0,Medium,Yes,"SHAP explanation: time gap between transactions (pushed toward suspicious, impact=-2.108) ; average transaction amount (pushed toward suspicious, impact=-1.841)",9,5.57541819823152,50.17876378408368,0.0001004209206214,744312.5281843749
136,bc1pvslcewfsc3euf46twwsva6q5wtkgy2j5dpq7mh2ptrq5uk500hgqysmzw5,64.9,Medium,Yes,"SHAP explanation: average transaction amount (pushed toward suspicious, impact=-2.313) ; transaction count (pushed toward suspicious, impact=-0.873)",2,11.387737831527044,22.775475663054088,0.0001475655275698,1541.87602
137,bc1q2zzvcgsfz7mcad0pj70r0u6ql9ct7vslsaz0mj,64.8,Medium,Yes,"SHAP explanation: total transaction volume (pushed toward suspicious, impact=-3.193) ; average transaction amount (pushed toward suspicious, impact=-1.016)",27,3.869842277597433,104.48574149513068,8.145485776653577e-05,274746.4735566539
138,3GHqR23dF5yo15CZhogcVFP5P48CgWAX1Y,64.7,Medium,Yes,"SHAP explanation: average transaction amount (pushed toward suspicious, impact=-2.548) ; transaction count (pushed toward suspicious, impact=-0.872)",2,12.307600908129508,24.615201816259017,4.645507445079387e-05,555.731728
139,1QDawm2rSg8bGaJiFihMpEQDQhvZLhkw9H,64.7,Medium,Yes,"SHAP explanation: average transaction amount (pushed toward suspicious, impact=-2.630) ; transaction count (pushed toward suspicious, impact=-0.935)",2,12.873570875788314,25.747141751576628,0.0001363025370032,609.254379
140,bc1qqv2tshn4lmhuw3c3p0nrdt6s2eqlpa7xyc7gdl,64.6,Medium,Yes,"SHAP explanation: total transaction volume (pushed toward suspicious, impact=-2.996) ; average transaction amount (pushed toward suspicious, impact=-1.998)",16,5.631407890109649,90.1025262417544,0.000114364688749,507189.070337
141,1LRC1NbzyZhAFMdV9vQkBaL8D8pE2E16Zz,64.4,Medium,Yes,"SHAP explanation: average transaction amount (pushed toward suspicious, impact=-2.357) ; transaction count (pushed toward suspicious, impact=-0.839)",2,11.51823568505916,23.03647137011832,2.5084569821978623e-05,841.846679
142,1PAZBAAsKKHSFHZ259WArvFZqP24xBQfi4,64.4,Medium,Yes,"SHAP explanation: average transaction amount (pushed toward suspicious, impact=-2.533) ; transaction count (pushed toward suspicious, impact=-0.879)",2,12.24635907665222,24.49271815330444,4.756064455673733e-05,1320.316484
143,37UQEZhyatx8n5npNhccAv2fhaDtaNoj8p,64.4,Medium,Yes,"SHAP explanation: average transaction amount (pushed toward suspicious, impact=-2.739) ; transaction count (pushed toward suspicious, impact=-1.080)",2,13.465983851285367,26.93196770257073,0.0001223294302742,1293.680735
144,bc1qxw566vs78kj608aadygncuwfh2lq4rrqh5vp9l,64.1,Medium,Yes,"SHAP explanation: total transaction volume (pushed toward suspicious, impact=-3.584) ; average transaction amount (pushed toward suspicious, impact=-1.701)",23,4.492366224250534,103.32442315776228,9.15378882212532e-05,334732.03017050005
145,1DQSBALoaashsHKxxb5XRgHi8WfW4ykqhM,64.1,Medium,Yes,"SHAP explanation: average transaction amount (pushed toward suspicious, impact=-2.879) ; transaction count (pushed toward suspicious, impact=-1.026)",2,14.13500671569784,28.27001343139568,6.707679590124596e-05,1043.008066
146,1KBdHYRkeDdVdexavEBUwUjwXNvbbh1AY7,64.0,Medium,Yes,"SHAP explanation: total transaction volume (pushed toward suspicious, impact=-3.533) ; average transaction amount (pushed toward suspicious, impact=-1.488)",24,4.286116375638242,102.8667930153178,9.82915270296211e-05,308363.4893981304
147,bc1pra4x3kr2nnw5u5pptpmz5efh6vep6ucvr5pwahdw8atqtu0qd2ms75snth,64.0,Medium,Yes,"SHAP explanation: total transaction volume (pushed toward suspicious, impact=-3.271) ; average transaction amount (pushed toward suspicious, impact=-1.121)",25,4.05484624966448,101.371156241612,6.638540220299958e-05,321715.0738395833
148,bc1pvq8e4cy2zqcgakcnld4khuf770eudzqmvglzlgdmjqu0j75djclq47u9kw,63.7,Medium,Yes,"SHAP explanation: average fee (pushed toward suspicious, impact=-1.907) ; transaction count (pushed toward suspicious, impact=-0.966)",2,0.0998417643947493,0.1996835287894986,0.000221683973478,21645.12287
149,1E7b77Mg1AqKmavCKsGViz8cjPQLfSYtiL,63.6,Medium,Yes,"SHAP explanation: total transaction volume (pushed toward suspicious, impact=-3.248) ; average transaction amount (pushed toward suspicious, impact=-1.442)",23,4.305009130453692,99.0152100004349,8.464251425418198e-05,259833.8490632273
150,bc1q8vlnf7n3kkn3h6z0jnepemhhaqtus4us9ff53m,63.5,Medium,Yes,"SHAP explanation: average fee (pushed toward suspicious, impact=-1.741) ; time gap between transactions (pushed toward suspicious, impact=-0.943)",2,4.9996786349576805,9.99935726991536,0.0001969276681003,32043.731602
151,14xQss8sN5qsEdfHmE5WMZyFhGS1qbhfDa,63.3,Medium,Yes,"SHAP explanation: average transaction amount (pushed toward suspicious, impact=-1.726) ; time gap between transactions (pushed toward suspicious, impact=-1.648)",11,5.057703106256937,55.6347341688263,0.0001255488298589,671027.9273287001
152,3K41ZAAuMD4eiHvpvKMiVupZxZopKTq7zc,63.3,Medium,Yes,"SHAP explanation: average fee (pushed toward suspicious, impact=-1.638) ; time gap between transactions (pushed toward suspicious, impact=-1.031)",2,0.0998433616041737,0.1996867232083475,0.0001919788233611,42537.239338
153,156TJZGtd1zENdMCd1aDTDeMXhjsFkv24L,63.1,Medium,Yes,"SHAP explanation: average fee (pushed toward suspicious, impact=-3.108) ; transaction count (pushed toward suspicious, impact=-0.575)",1,0.5497634923575265,0.5497634923575265,0.0003309972137025,0.0
154,1HVzXxjX9YpF6g75Y6Tbyfy9yE76NHg37p,63.0,Medium,Yes,"SHAP explanation: transaction count (pushed toward suspicious, impact=-2.361) ; total transaction volume (pushed toward suspicious, impact=-1.445)",37,2.061333821581675,76.26935139852198,7.03231423805523e-05,199380.33778441665
155,35xhMi6fRJcp5En3Saf7ZMUUhLmiBdoP44,62.9,Medium,Yes,"SHAP explanation: average fee (pushed toward suspicious, impact=-3.087) ; transaction count (pushed toward suspicious, impact=-0.577)",1,0.2299330110774944,0.2299330110774944,0.0003213053142694,0.0
156,1935ZqKUNxpqjYWoLjVrEVmp5Bx3qyow66,62.7,Medium,Yes,"SHAP explanation: average fee (pushed toward suspicious, impact=-3.044) ; transaction count (pushed toward suspicious, impact=-0.593)",1,0.2595505790568456,0.2595505790568456,0.0003114859307274,0.0
157,bc1ppx0h2vvqzlzy0nz7n0er8kta5rwkdcq0hwacreyp3fqde20qc2xsfad4kd,62.7,Medium,Yes,"SHAP explanation: time gap between transactions (pushed toward suspicious, impact=-2.831) ; average transaction amount (pushed toward suspicious, impact=-1.098)",9,4.060762503811699,36.54686253430529,7.467688961565992e-05,885550.564883875
158,1McJR3z3HgWiJSseMKVUv2bvpYjNCpoyuv,62.3,Medium,Yes,"SHAP explanation: total transaction volume (pushed toward suspicious, impact=-3.402) ; average transaction amount (pushed toward suspicious, impact=-1.351)",25,4.26021793964936,106.505448491234,8.35962994356164e-05,311078.7104189167
159,bc1qmwtzthyk8l3hfjvhtzgzm6pgky8mz3q7f239xp,62.1,Medium,Yes,"SHAP explanation: total transaction volume (pushed toward suspicious, impact=-3.502) ; average transaction amount (pushed toward suspicious, impact=-1.961)",19,5.244812106836829,99.65143002989974,0.0001001008765228,384772.0611625
160,bc1qywjrv972ch24049arvwnhd2luv3prq9mvas6gr,62.0,Medium,Yes,"SHAP explanation: time gap between transactions (pushed toward suspicious, impact=-2.236) ; transaction count (pushed toward suspicious, impact=-1.095)",7,0.9777064902756074,6.843945431929252,0.0001149714391365,756252.8075838335
161,1FAJcQft7P9jE88kbhZuVujjcZttaTP83k,62.0,Medium,Yes,"SHAP explanation: transaction count (pushed toward suspicious, impact=-2.168) ; time gap between transactions (pushed toward suspicious, impact=-1.484)",36,2.068642383794176,74.47112581659033,9.326261171743548e-05,107528.73593022858
162,3Ln4jrxnvD6YTAveBukko5oNVy9R5xpYFh,62.0,Medium,Yes,"SHAP explanation: average transaction amount (pushed toward suspicious, impact=-2.658) ; transaction count (pushed toward suspicious, impact=-0.999)",2,11.844517837904649,23.689035675809297,6.997188635198692e-05,1557.517376
163,3JnNaHbyndrMmDr6mLu3QEf86etj46rVvk,61.8,Medium,Yes,"SHAP explanation: average fee (pushed toward suspicious, impact=-2.933) ; transaction count (pushed toward suspicious, impact=-0.676)",1,1.3593326321537895,1.3593326321537895,0.0002961396996313,0.0
164,bc1pgjs4ynt7aqyjlf0sxq3hkdrgltmj44uf8zdzdeayv932thu0ys9q0dh47s,61.5,Medium,Yes,"SHAP explanation: average transaction amount (pushed toward suspicious, impact=-2.152) ; transaction count (pushed toward suspicious, impact=-0.799)",2,9.268333546311668,18.536667092623336,0.0001423881227483,1025.9518
165,13U8UhZLfdUwrj1fKCxTjBBP1yJrrAzFPW,61.5,Medium,Yes,"SHAP explanation: time gap between transactions (pushed toward suspicious, impact=-3.265) ; transaction count (pushed toward suspicious, impact=-1.008)",8,2.5585810902951764,20.46864872236141,0.0001188410008769,1019228.8599797144
166,bc1qmpg0rqw7mzygf4xzrekcufjc79zxsjncgwdvn6,61.4,Medium,Yes,"SHAP explanation: average transaction amount (pushed toward suspicious, impact=-2.372) ; transaction count (pushed toward suspicious, impact=-0.867)",2,11.253963508760757,22.50792701752151,4.920910892747461e-05,399.445726
167,bc1qeaw8gt7g4h3cgwgwhm7673jdzupjr6lqcdtenf,61.4,Medium,Yes,"SHAP explanation: average fee (pushed toward suspicious, impact=-2.952) ; transaction count (pushed toward suspicious, impact=-0.536)",1,0.1,0.1,0.0003101270819233,0.0
168,bc1q00kjet8830whh432dyucelw77e2ux9s5zsx28q,61.3,Medium,Yes,"SHAP explanation: average fee (pushed toward suspicious, impact=-2.906) ; transaction count (pushed toward suspicious, impact=-0.561)",1,0.2693371940242797,0.2693371940242797,0.0003058220985548,0.0
169,bc1qpfhw7ln3sx5qmrvl9j6yvznlc8rzla29wnmvnc,61.2,Medium,Yes,"SHAP explanation: average transaction amount (pushed toward suspicious, impact=-2.359) ; transaction count (pushed toward suspicious, impact=-0.828)",2,11.033721311966469,22.067442623932934,4.652215562607353e-05,222.551521
170,1DWnDXsGF2NoPdZvs66EAmSmUYfMT1V21m,61.0,Medium,Yes,"SHAP explanation: average transaction amount (pushed toward suspicious, impact=-2.149) ; transaction count (pushed toward suspicious, impact=-0.772)",2,10.648408106638716,21.29681621327743,2.3438446784535497e-05,730.128039
171,19vUN3Usqnjs6z8GHSPUYbsZP3zHy7E63e,60.9,Medium,Yes,"SHAP explanation: average fee (pushed toward suspicious, impact=-2.021) ; time gap between transactions (pushed toward suspicious, impact=-1.039)",2,0.9995755358185912,1.9991510716371823,0.0002249603682945,32456.116514
172,bc1pl85tzxd2tejk674r3xaf5539zhxwlglr055jtnx2ez3egf2c8qasrkskd2,60.8,Medium,Yes,"SHAP explanation: transaction count (pushed toward suspicious, impact=-2.120) ; total transaction volume (pushed toward suspicious, impact=-1.954)",33,2.445973617857617,80.71712938930136,7.727261555786518e-05,227835.68566325
173,bc1q4ttwr5f220vtcgglacz4g7kxm9u2ah86jc64l3,60.7,Medium,Yes,"SHAP explanation: average transaction amount (pushed toward suspicious, impact=-2.033) ; transaction count (pushed toward suspicious, impact=-0.746)",2,9.613919734782268,19.227839469564536,1.9296396601219744e-05,850.852154
174,1KAdmeVs23V2DYXL4em2oayoY4mEMicwtd,60.6,Medium,Yes,"SHAP explanation: average fee (pushed toward suspicious, impact=-2.833) ; transaction count (pushed toward suspicious, impact=-0.539)",1,0.1060681357253389,0.1060681357253389,0.000305483407213,0.0
175,bc1qfq5ug52kwc6gfmhm29lkp4np4vht5eral20e4c,60.6,Medium,Yes,"SHAP explanation: average transaction amount (pushed toward suspicious, impact=-2.659) ; transaction count (pushed toward suspicious, impact=-1.028)",2,11.866008684000931,23.732017368001863,8.994167838990646e-05,1138.974508
176,3Qn7bQAUPAbVufHgLQbwqXNtUEL8E6q1Q5,60.3,Medium,Yes,"SHAP explanation: average fee (pushed toward suspicious, impact=-1.283) ; time gap between transactions (pushed toward suspicious, impact=-1.134)",2,0.0995566320530439,0.1991132641060878,0.0001733807413996,36446.941203
177,bc1qr29avcmwezj9ndhfjltva93mvh4n2mggnzj2mn,60.2,Medium,Yes,"SHAP explanation: average fee (pushed toward suspicious, impact=-2.831) ; transaction count (pushed toward suspicious, impact=-0.521)",1,0.0996989256769896,0.0996989256769896,0.0003010743230103,0.0
178,38R39NT4t2pTU5nMHpeMUeBLhpu2sqSXj7,60.2,Medium,Yes,"SHAP explanation: average fee (pushed toward suspicious, impact=-1.764) ; transaction count (pushed toward suspicious, impact=-0.914)",2,0.0997482369646883,0.1994964739293767,0.0002066233490875,13455.493187
179,1GCKXtdKHAkfvNQRr6JUS5aw5X2gT1UWvc,60.1,Medium,Yes,"SHAP explanation: average fee (pushed toward suspicious, impact=-2.829) ; transaction count (pushed toward suspicious, impact=-0.520)",1,0.1,0.1,0.0003010743230103,0.0
180,bc1qsdpfr6jnexctuf5j8ufcn54afqp2mq3pfkdnx4,60.1,Medium,Yes,"SHAP explanation: average transaction amount (pushed toward suspicious, impact=-2.288) ; transaction count (pushed toward suspicious, impact=-0.846)",2,10.965393450532655,21.930786901065314,5.180933899670166e-05,924.969181
181,bc1q24kqpjuyshfygcuutmqhtph4ufl9s6ku5qtljx,60.0,Medium,Yes,"SHAP explanation: average transaction amount (pushed toward suspicious, impact=-2.188) ; transaction count (pushed toward suspicious, impact=-0.749)",2,10.778598019660985,21.557196039321965,3.181705983505158e-05,1017.740159
182,1CWNfTxJCsH6eDMysN1aSuA1qsZSyQcaks,59.9,Medium,Yes,"SHAP explanation: average fee (pushed toward suspicious, impact=-1.617) ; transaction count (pushed toward suspicious, impact=-0.961)",2,0.0998980730027526,0.1997961460055052,0.000190819063596,22351.453053
183,bc1qhvqw5gsqqg72ju8pnxqdz5h0k6s8mx0akhnswn,59.9,Medium,Yes,"SHAP explanation: average fee (pushed toward suspicious, impact=-1.900) ; average transaction amount (pushed toward suspicious, impact=-0.880)",2,4.999478816077721,9.998957632155442,0.0002257593261462,16561.897771
184,1HF7AHojt58cTva5PmGyuZeajHQybtzmEi,59.9,Medium,Yes,"SHAP explanation: transaction count (pushed toward suspicious, impact=-1.958) ; total transaction volume (pushed toward suspicious, impact=-1.920)",33,2.434198350400424,80.32854556321398,0.0001271306274982,230933.918652125
185,bc1qgaa88vdlsdwlp6c2r9ncml2r9lh0crfgrj7gnj,59.8,Medium,Yes,"SHAP explanation: transaction count (pushed toward suspicious, impact=-2.315) ; time gap between transactions (pushed toward suspicious, impact=-1.569)",38,1.5689459379062651,59.61994564043808,9.7682911140669e-05,34165.24815935135
186,35fTHKUhZstBmriFk73dmZiCkh1AnE66ah,59.8,Medium,Yes,"SHAP explanation: average fee (pushed toward suspicious, impact=-2.842) ; transaction count (pushed toward suspicious, impact=-0.608)",1,1.0203676169800893,1.0203676169800893,0.0002774597124344,0.0
187,1D2QyuNFdKUYNjozKm3uVabBzxt8LsVcBC,59.6,Medium,Yes,"SHAP explanation: average fee (pushed toward suspicious, impact=-1.960) ; average transaction amount (pushed toward suspicious, impact=-1.160)",1,5.367691408569043,5.367691408569043,0.0002141361150328,0.0
188,3Nd73T42jRiotfSqNbHn6dNojRR4UFJZaR,59.6,Medium,Yes,"SHAP explanation: total transaction volume (pushed toward suspicious, impact=-3.132) ; average transaction amount (pushed toward suspicious, impact=-1.570)",21,4.522142562497622,94.96499381245006,7.80136880564865e-05,300045.1999263
189,17oNWzQm7b5J6N445RXBdfVmYyLhjLcVLx,59.5,Medium,Yes,"SHAP explanation: average fee (pushed toward suspicious, impact=-2.718) ; transaction count (pushed toward suspicious, impact=-0.758)",1,1.977427100885432,1.977427100885432,0.0002549018384538,0.0
190,154eoGVmSEG5maR5YyLBD7HhWLZniVndue,59.4,Medium,Yes,"SHAP explanation: average fee (pushed toward suspicious, impact=-1.275) ; time gap between transactions (pushed toward suspicious, impact=-0.962)",2,4.999495094433758,9.998990188867516,0.0001690859242078,32404.823837
191,bc1qx6gnswv23enlk8arc8gujyg5gwkg2x3tpvxk4l,58.9,Medium,Yes,"SHAP explanation: average transaction amount (pushed toward suspicious, impact=-2.537) ; transaction count (pushed toward suspicious, impact=-0.991)",2,11.64635041439913,23.29270082879826,7.673557189997845e-05,208.682278
192,bc1qpkcx0uqpetdf3peqws7awde6vv9we0gjrdxcxg,58.9,Medium,Yes,"SHAP explanation: average transaction amount (pushed toward suspicious, impact=-2.122) ; transaction count (pushed toward suspicious, impact=-0.728)",2,9.310308822675603,18.620617645351206,4.055445768098112e-05,1671.820176
193,1Bm21PCiiju7UUgTCq7FbMJ5K9jiSVvXPp,58.9,Medium,Yes,"SHAP explanation: time gap between transactions (pushed toward suspicious, impact=-2.023) ; average fee (pushed toward suspicious, impact=-1.219)",10,2.8219699762496555,28.21969976249656,0.000153549710968,775924.0357612222
194,bc1p6mh3hrgdjary6rakxww9ugz4hfq3nufttcta5umf0mdqvfzctrsscayxhh,58.7,Medium,Yes,"SHAP explanation: average fee (pushed toward suspicious, impact=-2.874) ; transaction count (pushed toward suspicious, impact=-0.516)",1,0.4570599276181465,0.4570599276181465,0.0002932272680701,0.0
195,bc1qq0mu43sh9y4z2qudhq7wul8vj7tssr2a9a3hc9,58.6,Medium,Yes,"SHAP explanation: time gap between transactions (pushed toward suspicious, impact=-2.305) ; transaction count (pushed toward suspicious, impact=-0.846)",9,1.0729510151446096,9.656559136301484,0.0001209483528116,787337.16576975
196,1GR1BHrzM4bRGBDhbGerzKg7uG2kPXiaCf,58.5,Medium,Yes,"SHAP explanation: time gap between transactions (pushed toward suspicious, impact=-1.207) ; average fee (pushed toward suspicious, impact=-1.019)",2,0.0999909326854218,0.1999818653708436,1.058423509531308e-05,42786.170598
197,bc1pqzm98pgnqztx88s7aas40cl2wmm04m9yhnrqg4hg2pv422anyk9s0ned35,58.5,Medium,Yes,"SHAP explanation: average fee (pushed toward suspicious, impact=-2.725) ; transaction count (pushed toward suspicious, impact=-0.523)",1,0.2510540737849172,0.2510540737849172,0.0002807776285404,0.0
198,bc1qv5qknwupnxss4wvdjs2np0ffaslyycdpdh8afq,58.5,Medium,Yes,"SHAP explanation: average transaction amount (pushed toward suspicious, impact=-2.077) ; average fee (pushed toward suspicious, impact=-0.643)",1,9.471235118578411,9.471235118578411,1.980070702553256e-05,0.0
199,13mM6DhYLrHWUSdwt9Zg8G8iMZWSBxENNd,58.3,Medium,Yes,"SHAP explanation: time gap between transactions (pushed toward suspicious, impact=-2.958) ; transaction count (pushed toward suspicious, impact=-0.878)",9,3.164950873135332,28.484557858217983,6.95628594762619e-05,901513.41760525
200,bc1qq7vs0f0grhg5daeak35dz04nn3jkq82lesuy9x,58.3,Medium,Yes,"SHAP explanation: time gap between transactions (pushed toward suspicious, impact=-3.251) ; transaction count (pushed toward suspicious, impact=-0.896)",9,3.130846221636114,28.177615994725024,0.0001019499477502,940041.4282783752
201,bc1qjw4l20hk34cp7qfjhcgwvreurtuvppgjz336as,58.3,Medium,Yes,"SHAP explanation: time gap between transactions (pushed toward suspicious, impact=-2.946) ; transaction count (pushed toward suspicious, impact=-0.835)",9,1.976065229896071,17.78458706906464,6.082741782450012e-05,898415.96729575
202,bc1pll9xe5m9huuz3hrk3039sush80psvrwqexy58j5n3wje5dzqznqsw62ns5,58.2,Medium,Yes,"SHAP explanation: total transaction volume (pushed toward suspicious, impact=-2.578) ; transaction count (pushed toward suspicious, impact=-0.687)",27,3.2708786835128234,88.31372445484624,0.0001250847488514,267169.0567754231
203,bc1qcwsnmejd5w0sxu46rypr6vppmfazquwjnsqc3x,58.2,Medium,Yes,"SHAP explanation: average fee (pushed toward suspicious, impact=-1.704) ; average transaction amount (pushed toward suspicious, impact=-0.903)",2,4.999622542025524,9.999245084051047,0.000200563082886,18462.978919
204,16mymBoWuRtusjAS7hsJCpGe7wfHGnyMBZ,58.0,Medium,Yes,"SHAP explanation: average transaction amount (pushed toward suspicious, impact=-2.121) ; transaction count (pushed toward suspicious, impact=-0.704)",2,9.896732059365132,19.793464118730263,3.78868071161992e-05,955.394845
205,bc1qjlwuk484xvdj8m8fafu4r5sf794fj0872dyk8j,58.0,Medium,Yes,"SHAP explanation: time gap between transactions (pushed toward suspicious, impact=-3.241) ; transaction count (pushed toward suspicious, impact=-0.984)",8,2.4675821863688525,19.74065749095082,0.0001033329236624,973714.8474562856
206,16TCzhEEuPPH6BXX7WxcUKrL31abNr23pa,57.7,Medium,Yes,"SHAP explanation: average transaction amount (pushed toward suspicious, impact=-1.727) ; time gap between transactions (pushed toward suspicious, impact=-1.492)",12,4.990685816209993,59.88822979451992,8.831705161039775e-05,637282.3998994546
207,3FntvAYb29sEu5w3fmnJif4krURoygLgCE,57.7,Medium,Yes,"SHAP explanation: total transaction volume (pushed toward suspicious, impact=-2.306) ; average fee (pushed toward suspicious, impact=-1.266)",23,3.729772137051725,85.78475915218968,0.0001503171753981,345234.8648722273
208,bc1q8vxq63s50r8v44gdwxey4rg6xdhfmhy9ys0gpv,57.6,Medium,Yes,"SHAP explanation: average fee (pushed toward suspicious, impact=-2.718) ; transaction count (pushed toward suspicious, impact=-0.499)",1,0.5239523056541382,0.5239523056541382,0.0002751609772813,0.0
209,bc1q4w57adwjgajtpd586nx2m6gj6wf0n7ag6hnmj0,57.4,Medium,Yes,"SHAP explanation: average fee (pushed toward suspicious, impact=-1.171) ; time gap between transactions (pushed toward suspicious, impact=-1.101)",2,0.0998737376225522,0.1997474752451045,6.712125146604744e-06,27681.808611
210,bc1p8q9zffjhxaqacfesl66raullxn8rfgs28gumtgxs8p24g8quckjs7pngkq,57.3,Medium,Yes,"SHAP explanation: average transaction amount (pushed toward suspicious, impact=-1.695) ; time gap between transactions (pushed toward suspicious, impact=-1.399)",11,5.103007103009959,56.13307813310954,8.26098283304807e-05,612997.7558028
211,3BA7XJVKCatcZjmRmkFZ12dJ7mD6w5Pg5z,57.3,Medium,Yes,"SHAP explanation: time gap between transactions (pushed toward suspicious, impact=-1.269) ; transaction count (pushed toward suspicious, impact=-0.960)",2,0.0999331831371719,0.1998663662743439,1.597042955911306e-05,36440.295193
212,bc1pss450fcqd7vpsewq9z4h7ttf66atz3arugjd93rjve4jl6h4xgeqqet8ze,57.2,Medium,Yes,"SHAP explanation: average transaction amount (pushed toward suspicious, impact=-2.233) ; transaction count (pushed toward suspicious, impact=-0.919)",2,9.2489930558819,18.4979861117638,8.40345622557601e-05,1141.425887
213,bc1p5kddzr3p94yf5u6z0qg97u3cv2ghec9zjm3n6sljgscrtar05tdqa5yxa7,57.1,Medium,Yes,"SHAP explanation: average fee (pushed toward suspicious, impact=-2.683) ; transaction count (pushed toward suspicious, impact=-0.483)",1,0.2373548748884831,0.2373548748884831,0.0002739617546496,0.0
214,1GcoGdqcNx1KWriEHaMf9fRD7pdc1XAz9u,57.0,Medium,Yes,"SHAP explanation: time gap between transactions (pushed toward suspicious, impact=-2.423) ; transaction count (pushed toward suspicious, impact=-0.811)",9,1.2945973638343335,11.651376274509,6.678085898626505e-05,803809.003052625
215,1CwDKKugiNz5cXLfwZmG22UgjMeNUTg6pp,57.0,Medium,Yes,"SHAP explanation: average fee (pushed toward suspicious, impact=-1.651) ; transaction count (pushed toward suspicious, impact=-0.922)",2,0.0997625396398689,0.1995250792797379,0.0001892242006238,7635.877028
216,bc1pmtvjdjmeznd82pcr7m294r2d0836wmeqjw5jz7vauh2823xhyh8sau8sx5,56.9,Medium,Yes,"SHAP explanation: total transaction volume (pushed toward suspicious, impact=-3.083) ; average transaction amount (pushed toward suspicious, impact=-1.874)",19,4.792431791316471,91.05620403501294,8.50838239816921e-05,390260.0503175554
217,bc1ppqr2ws2c49qcwt97ue5kj3we62fp60g2y5zr9d5tex54ahpx85yqy7n0fg,56.9,Medium,Yes,"SHAP explanation: average fee (pushed toward suspicious, impact=-1.161) ; time gap between transactions (pushed toward suspicious, impact=-1.012)",2,4.999914854233072,9.999829708466144,7.320679577125331e-06,32014.304408
218,1Dnft5ywowkyqa3zAFaqdAtRhYSBrzRjVu,56.8,Medium,Yes,"SHAP explanation: average fee (pushed toward suspicious, impact=-2.673) ; transaction count (pushed toward suspicious, impact=-0.480)",1,0.5178724540672974,0.5178724540672974,0.0002663851628726,0.0
219,bc1q6t7wwlssj2k7khm22m0kvxpwrvuv6kegezkdjx,56.8,Medium,Yes,"SHAP explanation: average transaction amount (pushed toward suspicious, impact=-2.335) ; transaction count (pushed toward suspicious, impact=-0.906)",2,10.69034266940892,21.38068533881784,6.642684682467439e-05,716.769471
220,129Q9zE8MLvcsGH5mK96MVB81awCHAS3kg,56.8,Medium,Yes,"SHAP explanation: average fee (pushed toward suspicious, impact=-2.596) ; transaction count (pushed toward suspicious, impact=-0.465)",1,0.0994926826688059,0.0994926826688059,0.000269856971063,0.0
221,bc1qvscf824vq43jk93z2a0hur4fa8z36pptm2k6rn,56.7,Medium,Yes,"SHAP explanation: average transaction amount (pushed toward suspicious, impact=-2.003) ; transaction count (pushed toward suspicious, impact=-0.715)",2,8.994897154558645,17.98979430911729,3.653186453986281e-05,1668.059872
222,1Kw8Kd6sDEe1o2SpnGsJ1T1kpcqAjBtTLh,56.7,Medium,Yes,"SHAP explanation: average fee (pushed toward suspicious, impact=-2.673) ; transaction count (pushed toward suspicious, impact=-0.536)",1,0.9886541360887848,0.9886541360887848,0.0002459910239307,0.0
223,bc1qwl45qvwdxfxmka6g6pelghcjf87vma0chmvjae,56.6,Medium,Yes,"SHAP explanation: average fee (pushed toward suspicious, impact=-1.981) ; transaction count (pushed toward suspicious, impact=-0.856)",2,0.9993098905647202,1.9986197811294404,0.0002228850857075,12204.672713
224,bc1qzmcfcnhgsprruwgfzsy52da52mpg6rjhhr278a,56.5,Medium,Yes,"SHAP explanation: average fee (pushed toward suspicious, impact=-1.615) ; average transaction amount (pushed toward suspicious, impact=-0.901)",2,4.999787597943897,9.999575195887791,0.0001936807078986,17298.826655
225,bc1qemraxdz8zs8ytljhtg3nc2j7z87dxfwu2jaa90,56.5,Medium,Yes,"SHAP explanation: average fee (pushed toward suspicious, impact=-2.053) ; average transaction amount (pushed toward suspicious, impact=-0.955)",1,5.0,5.0,0.0002248268410945,0.0
226,1NRfMDuoUyrysfEVvr3ueyaoBzeXzgxJTW,56.4,Medium,Yes,"SHAP explanation: average fee (pushed toward suspicious, impact=-2.092) ; time gap between transactions (pushed toward suspicious, impact=-1.476)",12,2.924782118243838,35.09738541892605,0.0001843509114109,667203.3579565455
227,bc1p7yx0ter2usz7f9tlagu7jp8yjj3ee5egljskxfc93kzxf90n0f7qr280eg,56.4,Medium,Yes,"SHAP explanation: average fee (pushed toward suspicious, impact=-2.593) ; transaction count (pushed toward suspicious, impact=-0.469)",1,0.2688211419655846,0.2688211419655846,0.0002537130903883,0.0
228,1HhL9pFFeavMCYnFtyQBk4o2AoU7SfraPy,56.3,Medium,Yes,"SHAP explanation: average fee (pushed toward suspicious, impact=-1.714) ; average transaction amount (pushed toward suspicious, impact=-1.181)",1,5.306003411213725,5.306003411213725,0.0001896039651343,0.0
229,38rhX1bYiM49atX6x1MZ3fsR58dJ8r21U1,56.3,Medium,Yes,"SHAP explanation: average transaction amount (pushed toward suspicious, impact=-1.655) ; average fee (pushed toward suspicious, impact=-0.782)",2,8.244916100720737,16.489832201441473,1.53786715662014e-05,875.418102
230,1J3oRHX3WH3DMBVvTn19vp1KkMMpgRtQRr,56.2,Medium,Yes,"SHAP explanation: total transaction volume (pushed toward suspicious, impact=-2.580) ; transaction count (pushed toward suspicious, impact=-1.094)",28,3.1235212852370773,87.45859598663816,0.0001104050884007,275095.60257525934
231,1PvghpBPYkQp6U9f3G79CqgPGvdUnaENUR,56.2,Medium,Yes,"SHAP explanation: average transaction amount (pushed toward suspicious, impact=-1.523) ; average fee (pushed toward suspicious, impact=-1.033)",12,4.876465980400508,58.5175917648061,4.180319443521027e-05,470533.4499553636
232,1N1LGfRzimkizGBdRjs5NTLKFP5dRbnJx1,56.1,Medium,Yes,"SHAP explanation: average transaction amount (pushed toward suspicious, impact=-1.539) ; average fee (pushed toward suspicious, impact=-0.917)",2,7.956020916706669,15.91204183341334,1.3957659881296846e-05,503.256357
233,bc1q2r6mrgcajavzq7cj9r0gfkmyp7s2jx5cycc273,56.0,Medium,Yes,"SHAP explanation: average fee (pushed toward suspicious, impact=-2.453) ; transaction count (pushed toward suspicious, impact=-0.750)",1,2.004461832472083,2.004461832472083,0.000242530649416,0.0
234,bc1qemshhxul3m885qseaz0smyja3nu9fvwfj3ajrr,55.9,Medium,Yes,"SHAP explanation: total transaction volume (pushed toward suspicious, impact=-2.413) ; average transaction amount (pushed toward suspicious, impact=-0.561)",26,3.3974839090511564,88.33458163533007,6.005382096380933e-05,289764.19022236
235,1DgcEEUVJ7nWPaTPPWLjjcUo7o5ambZMVZ,55.9,Medium,Yes,"SHAP explanation: average transaction amount (pushed toward suspicious, impact=-2.272) ; transaction count (pushed toward suspicious, impact=-0.901)",2,10.35793111410061,20.71586222820122,6.598596835073042e-05,270.817413
236,36eb8BYQzHdvGTxmT1xYPqnCxSAvW2ZcHX,55.8,Medium,Yes,"SHAP explanation: total transaction volume (pushed toward suspicious, impact=-2.251) ; transaction count (pushed toward suspicious, impact=-1.396)",29,2.847832112041194,82.58713124919463,0.0001025326044703,233455.2255428928
237,138tCF5UeygHPfggVzfat1iCB88k9WnnCq,55.6,Medium,Yes,"SHAP explanation: total transaction volume (pushed toward suspicious, impact=-2.747) ; average transaction amount (pushed toward suspicious, impact=-1.002)",23,3.8537498418396408,88.63624636231174,0.0001334874809446,339114.7822051364
238,bc1q3e5ffvkvkmpjemzmgcstvhhgusjjdvevhj7386,55.5,Medium,Yes,"SHAP explanation: average fee (pushed toward suspicious, impact=-1.470) ; transaction count (pushed toward suspicious, impact=-0.916)",2,0.099352141466536,0.1987042829330721,0.0001786153116029,7688.740015
239,1F6dUVETBiN1N6kXXKRDZPmsP6pjQQt9eC,55.5,Medium,Yes,"SHAP explanation: total transaction volume (pushed toward suspicious, impact=-3.038) ; average transaction amount (pushed toward suspicious, impact=-0.797)",26,3.707990483232992,96.4077525640578,0.0001079496901867,292983.55029104
240,373HavDeViRvxg45BKqbmR18VMST1M2u26,55.4,Medium,Yes,"SHAP explanation: time gap between transactions (pushed toward suspicious, impact=-2.517) ; average transaction amount (pushed toward suspicious, impact=-0.881)",10,3.611200109879249,36.11200109879249,7.884070714222346e-05,792962.1433162221
241,bc1qep69yt69rv2adyptml4n0j4l9qd0njczvzq6ph,55.4,Medium,Yes,"SHAP explanation: time gap between transactions (pushed toward suspicious, impact=-2.438) ; transaction count (pushed toward suspicious, impact=-1.153)",7,3.0545347832686773,21.38174348288074,8.290372284792602e-05,809081.9331348334
242,1HDW1wRihCN3wpgjbLADWn2BAYJ2vktV3g,55.4,Medium,Yes,"SHAP explanation: time gap between transactions (pushed toward suspicious, impact=-3.146) ; transaction count (pushed toward suspicious, impact=-0.931)",9,2.141044137556497,19.26939723800847,8.1958242599749e-05,922267.101934
243,33q94gmMhRp8V9hKeBczzh8h6oaXPHVYik,55.3,Medium,Yes,"SHAP explanation: total transaction volume (pushed toward suspicious, impact=-2.698) ; average transaction amount (pushed toward suspicious, impact=-1.971)",17,5.015730565601944,85.26741961523304,0.0001004801677269,435746.001436375
244,bc1q5uely3q9zuf39tdn032fnf7gsj4efldylw6wdq,55.3,Medium,No,Normal behaviour -- no red flags,1,0.0987582152810886,0.0987582152810886,0.0002544204912372,0.0
245,bc1q6smzv36tcw9rma9t5n4kftkc59kzskr9k4xxs7,55.3,Medium,No,Normal behaviour -- no red flags,9,1.7188972932851228,15.470075639566105,0.0001289052524805,868406.375090125
246,bc1qtxurp2n9ct4ps0per92fwsffmq50z2rlvksye2,55.3,Medium,No,Normal behaviour -- no red flags,2,0.999657580804454,1.999315161608908,0.0001816391525871,36517.022968
247,1NCFM8bjNvVSTrcUy4oXaYKdLhzz5xWrrS,55.3,Medium,No,Normal behaviour -- no red flags,2,5.751808771638733,11.503617543277466,0.0001736770809137,1573.576264
248,bc1p4r2xyswlka24xxk8pyc23rjcgdnyvmj8wyhf9306w7qm8nut63hq06ukrd,55.2,Medium,No,Normal behaviour -- no red flags,27,3.124020030326427,84.34854081881353,0.00011843208388,247596.2031758461
249,1KUH4JWCDFUggT2XTbuGx6ducZa9tjSeWq,55.2,Medium,No,Normal behaviour -- no red flags,30,2.776788615631219,83.30365846893658,0.0001227465885533,263678.138396
250,187Ae6Pbpi93Vn2tHXLY6sQ1y8az7uqhX8,55.1,Medium,No,Normal behaviour -- no red flags,1,0.1007880757748499,0.1007880757748499,0.0002503826781768,0.0
251,bc1qeu9jrld3mfsdrh3px6vw0fhf56c8jwjezl8v4l,55.0,Medium,No,Normal behaviour -- no red flags,1,2.8387594364446422,2.8387594364446422,0.0002198649148696,0.0
252,3MFeB58yyTT85Rj69o62qkqprAK2BzkwGh,55.0,Medium,No,Normal behaviour -- no red flags,10,1.9761334794835523,19.761334794835523,5.400989935087944e-05,817103.0731937778
253,1NBYD667oG5TdLgdv8t9YvkuRmxZHBV26,54.9,Medium,No,Normal behaviour -- no red flags,10,2.541907800612254,25.41907800612254,4.266544466430976e-05,716063.4693201111
254,bc1q70gm6eczt8ahjw3spf92wu34spwqafss5s9jwl,54.9,Medium,No,Normal behaviour -- no red flags,1,0.2381464354620523,0.2381464354620523,0.0002480463922903,0.0
255,bc1p573y5p4dfvnkefev495h27xaasw7uq9kx3hntc2893uzcmr8p26s0fy27f,54.9,Medium,No,Normal behaviour -- no red flags,2,0.999192855823796,1.998385711647592,0.0002075436792807,11956.862719
256,3KYsc9kDPKnHFMhfCDj8dNPDWu7KozRind,54.8,Medium,No,Normal behaviour -- no red flags,10,3.386757084506282,33.86757084506282,8.704292449084318e-05,823994.5386322222
257,129WxNh1xu6JL5C5wVPFuXMggYogp9MSWu,54.7,Medium,No,Normal behaviour -- no red flags,30,2.8127049255591285,84.38114776677385,0.0001132613791232,259912.01591055177
258,bc1q05nm8rqhulpe42pmxjcju44jam88f3wt6dq8sw,54.6,Medium,No,Normal behaviour -- no red flags,35,2.047799881278228,71.67299584473797,0.0001001703371718,222262.2004742647
259,bc1p0z9s8k58jm239cks8p8njlc94en2473f2x5c29n70gl4g60ljycqs9zta0,54.5,Medium,No,Normal behaviour -- no red flags,11,4.193035857505024,46.12339443255527,0.000106729108399,725234.7236342999
260,182dzBHwFqKezL91j3TFBQcsHBLEgZNhaY,54.5,Medium,No,Normal behaviour -- no red flags,10,4.275491243454113,42.754912434541126,0.0001267328535733,666757.4695891112
261,bc1q4yt6ghslgdz48shpce6jqz62rd8efe3qt0tdtm,54.4,Medium,No,Normal behaviour -- no red flags,2,8.642674264903523,17.285348529807045,0.00011592926765,355.925832
262,bc1qpnja9ncm9xz0n54wum2sjzlsq9l3mlty3qz2hw,54.4,Medium,No,Normal behaviour -- no red flags,12,0.9442214043873226,11.330656852647872,0.0001539887539609,627729.7399254545
263,bc1q08sy0fjls7ct9n48wht9rff0smx6yyp9xq0x4k,54.2,Medium,No,Normal behaviour -- no red flags,2,4.999875107614372,9.999750215228744,1.8857365233649936e-05,33079.927928
264,15B4ybmCdqxnvGQSuna92rB6zA3kVERTng,54.2,Medium,No,Normal behaviour -- no red flags,9,1.1998119043545556,10.798307139191,0.0001244345348714,763495.8617877499
265,3PRFQh1AUieEC8zPnfJg92gKn8vWFG9a6n,54.2,Medium,No,Normal behaviour -- no red flags,27,3.210243270634451,86.67656830713018,7.980340850392485e-05,251712.34338838464
266,bc1qxzsks08zst8x6n7x4g268gps9au08xtmheevtf,54.2,Medium,No,Normal behaviour -- no red flags,1,4.999763232157008,4.999763232157008,0.0002014293694532,0.0
267,1Jf4vJhpfVafkB6qG75xbQUfBH5iSu6NcQ,54.2,Medium,No,Normal behaviour -- no red flags,10,2.223049425374787,22.23049425374787,0.0001554583938954,784464.389991111
268,3CchgBVfi1gfa1d2SZcViYs88w85Ndvjzb,54.1,Medium,No,Normal behaviour -- no red flags,2,7.888530261000562,15.777060522001124,1.5084168213204804e-05,966.142424
269,1DWAB1yNBUPR4DeV8sqSgZFSHHeUKWtRkF,54.1,Medium,No,Normal behaviour -- no red flags,2,0.0998889143080748,0.1997778286161496,0.0001258815176557,42840.868008
270,bc1qqrakm7x674p2sz9tsma5xxs0dayuhft682nw04,54.1,Medium,No,Normal behaviour -- no red flags,2,0.0992392625092161,0.1984785250184322,0.0001574083644965,13781.131355
271,bc1qm2mpuq5qqvsvs9pxdn0y7qh8neqycf262gzy9z,54.1,Medium,No,Normal behaviour -- no red flags,2,4.999785095505009,9.99957019101002,0.0001450548988308,32651.32593
272,bc1pf73w25gev0qef6dzq7py0h7sdchd6zv2m3twn70dqx88cju8gugsv8pxsu,54.0,Medium,No,Normal behaviour -- no red flags,2,4.999867704996062,9.999735409992123,0.0001621061513253,19046.589895
273,bc1qt6nk5790ejsf0hm2th4qqwda2jjejwr3sdxkh9,54.0,Medium,No,Normal behaviour -- no red flags,2,0.9997177035760284,1.999435407152057,0.0001750988237858,35181.361398
274,bc1qew5uj20pyaqqypmg5n6djrl47sfqtxtjf4jlcd,54.0,Medium,No,Normal behaviour -- no red flags,2,0.0990126357723259,0.1980252715446518,0.0001676218811643,7321.683751
275,1N8WRqt6BGcm28CPmXY3VMeh2RjCUm2aZ3,54.0,Medium,No,Normal behaviour -- no red flags,11,3.8565494561212232,42.422044017333455,6.541368355592185e-05,692526.6418964
276,1Pp2hhHRiXSZPvroJZt3m6pyDcpkHCsJMz,53.8,Medium,No,Normal behaviour -- no red flags,2,0.0998868221569157,0.1997736443138315,9.465168212366872e-06,13684.365411
277,1DA7wZKC8e8Sgth83zW1PngRSDZhjSRNov,53.8,Medium,No,Normal behaviour -- no red flags,17,4.331225270895204,73.63082960521847,0.0001473851951322,361060.54159306246
278,bc1qvsakcgnnxgzltvfnn3583csttkcymekgsyzpx0,53.7,Medium,No,Normal behaviour -- no red flags,17,4.89146465101729,83.15489906729393,0.0001178904355151,376093.148912
279,bc1qvg49mxvpwvg67tdeze90mz0us8t58t5yl2m9pz,53.7,Medium,No,Normal behaviour -- no red flags,15,5.164897903897507,77.4734685584626,0.0001129285054257,488422.5847077857
280,18SvcvGoFg5ToQLvAFVVhFY4vT1HAyBkoJ,53.6,Medium,No,Normal behaviour -- no red flags,11,1.475519987052804,16.230719857580844,5.212437028369944e-05,758987.2913460999
281,bc1qm9wpn4l6er46r8dnz0420v47qjsvy77rxjarwh,53.6,Medium,No,Normal behaviour -- no red flags,11,3.3891661867134104,37.28082805384752,4.446453213614527e-05,643731.3687802999
282,bc1q940nc4d5h9am5qh47cy7nzfu2ezcq3agx2efnh,53.6,Medium,No,Normal behaviour -- no red flags,2,8.363794211748477,16.727588423496954,0.0001143544814351,122.370048
283,15xDXjpddhKnWHo5ZEBrZrrx61PoCVR3Kg,53.3,Medium,No,Normal behaviour -- no red flags,1,0.1083663385413271,0.1083663385413271,0.0002401240688539,0.0
284,1NaaiXxdaY1kCMP396aGxy9fGwmsF9V2Xn,53.3,Medium,No,Normal behaviour -- no red flags,2,7.623245492634486,15.246490985268972,1.8459832297170823e-05,1473.300034
285,bc1qfd028kuw4ggvzh64s2wmt9a8qgr0yytkxl84g3,53.2,Medium,No,Normal behaviour -- no red flags,25,3.653617291922639,91.34043229806596,0.0001134566357599,278742.07463833335
286,16fV2AAgjgNRWyidg7yj2HCJ5T2MkvyxXX,53.2,Medium,No,Normal behaviour -- no red flags,11,0.9370045786854444,10.307050365539888,0.0001049054190363,725038.2337297
287,1MnRARFovK4EAon5j48Kuye7ntRHfvps4v,53.2,Medium,No,Normal behaviour -- no red flags,28,2.996850817504068,83.91182289011388,0.00011619573214,266358.4136367778
288,13o7xUWsNf3vV5EfJvGCqsjy9pmjWWG8rT,53.1,Medium,No,Normal behaviour -- no red flags,2,0.999449353018418,1.998898706036836,0.0001637592334295,35185.016101
289,16VRez5k95aCXMgP6NLXyKn8YUrJaNmgxC,53.1,Medium,No,Normal behaviour -- no red flags,10,0.7294269635508046,7.294269635508046,8.79655617500062e-05,707162.4967955555
290,1G5bEShaEFPwej2tw7ZKHZSdNW5du9F4kL,53.0,Medium,No,Normal behaviour -- no red flags,2,4.999845863114696,9.999691726229392,7.322633686888722e-06,17674.880799
291,bc1qv7jsfgu2t0c296n8vr4l3w6xlar0tg68986rc5,53.0,Medium,No,Normal behaviour -- no red flags,2,8.549841393478742,17.099682786957484,6.189028796724943e-05,1578.678493
292,1GZtni4VxVAgpgXruKksxUL6jXcsMsvUHJ,52.9,Medium,No,Normal behaviour -- no red flags,1,4.999675787697349,4.999675787697349,0.0001919172987126,0.0
293,1CazkHxtnbiFbeWMfT5MRoTRd41w2vfd2A,52.9,Medium,No,Normal behaviour -- no red flags,22,4.197818100140445,92.3519982030898,7.46504285086837e-05,352040.044731762
294,3Dq9nowePwL8otkZwFK9Sb2Zj8pARTxLpW,52.9,Medium,No,Normal behaviour -- no red flags,9,2.9543478737506943,26.58913086375625,8.639511217243599e-05,893210.812051625
295,3BYXRjJ64ZH9Zgw55PGnY55ecgNCktqp8B,52.7,Medium,No,Normal behaviour -- no red flags,18,4.728971400243097,85.12148520437574,0.0001116565163291,407855.8589703529
296,1NuX3p9j8tPepzPny4tAHpzRgdFEzu9LpA,52.6,Medium,No,Normal behaviour -- no red flags,2,8.066408115934259,16.132816231868517,3.580392332880156e-05,1588.898842
297,bc1q83puaa9jq97a60cytyflpvszx90zkr43usnjt5,52.6,Medium,No,Normal behaviour -- no red flags,9,2.1142450698258326,19.02820562843249,9.82462406115134e-05,901980.122560875
298,bc1pss6rvatjevvlqm3mmw3097k38yxf7k9tewgfuwze3up4n7k70ceqlz069h,52.5,Medium,No,Normal behaviour -- no red flags,1,2.168224102242206,2.168224102242206,0.00022576086254,0.0
299,1GSmCheM4GPmNdmQmCtmwjm5TyKB8VnTb2,52.5,Medium,No,Normal behaviour -- no red flags,29,2.696837502635194,78.20828757642062,0.0001275523447088,242560.6607286429
300,1V64GGcZKP7JAWyR6jyqCQ1wzj1p5JLbr,52.5,Medium,No,Normal behaviour -- no red flags,9,1.8068531172481537,16.261678055233382,0.0001477468595942,715062.866798625
301,bc1q8gsduzxhyf7mhdlvu64eqqqns8gtfr6kxm04n2,52.3,Medium,No,Normal behaviour -- no red flags,2,0.0999168794778717,0.1998337589557435,5.199631508853027e-05,42207.390596
302,3GoJK57oApJL5EzNKs6trzVqQLzVwuYw2F,52.2,Medium,No,Normal behaviour -- no red flags,2,8.607466905626183,17.214933811252365,8.169180581052143e-05,1335.129511
303,1LpqeRXgMf3zvVNgTVeP8RmEiwuSBk6k9n,52.2,Medium,No,Normal behaviour -- no red flags,27,3.3874875070642463,91.46216269073464,8.833377859033028e-05,268786.8161985
304,bc1p27yp655ay4us3d7sd3v4rwlld29a3hau3ckg2vnm2jpdhmmcj4qq6zydqe,52.2,Medium,No,Normal behaviour -- no red flags,10,2.8113478413256194,28.1134784132562,0.0001714746313068,605453.8710002223
305,1EMTb1F5dZEbe39ojuGYQ6zfKCVa3WSxjB,52.2,Medium,No,Normal behaviour -- no red flags,2,0.0999825501239056,0.1999651002478112,4.540569706035914e-05,42387.96973
306,1GdqVrxa4inX6J6pWE1CWSSwUsz8jc9Lw9,52.2,Medium,No,Normal behaviour -- no red flags,2,0.0999646205787653,0.1999292411575306,4.41032379824005e-05,43066.80214
307,bc1p4l43z0gds3x5cvljvu5sm004mw7r2p366epfddfwrhpqwjq2hmns0hpaem,52.1,Medium,No,Normal behaviour -- no red flags,2,0.0998224225774811,0.1996448451549623,0.0001128771682663,36471.669047
308,3BLKj8KcHdzom1KN4uYzeojY9nXwWFBfcS,52.0,Medium,No,Normal behaviour -- no red flags,2,0.0994756676098995,0.1989513352197991,0.0001378759210638,27726.71695
309,1PAx1wmGprWbQVu9uS6YQeVa4M55tnW8ER,52.0,Medium,No,Normal behaviour -- no red flags,24,3.864440687132898,92.74657649118956,0.0001124633748442,319964.7239435652
310,3HAucapL2Q8GFT37XWJcgccapp9raPTqKv,52.0,Medium,No,Normal behaviour -- no red flags,2,0.0998733979066225,0.1997467958132451,6.736187070860519e-06,7449.449737
311,3QViuzpZvSHjx3aSFp4PctdmBdvjPxyesL,51.9,Medium,No,Normal behaviour -- no red flags,26,3.5110749208080394,91.28794794100902,0.0001078861207408,284752.43874388
312,bc1qzkeg7exfxwru30qxxel20xjrvlmast5l0v9uvs,51.9,Medium,No,Normal behaviour -- no red flags,11,4.12662404421716,45.39286448638876,0.0001458626644375,565196.6616389999
313,bc1qs4xzcavkwu7fxrxdn4fktc7mxz5aqymle44pxx,51.9,Medium,No,Normal behaviour -- no red flags,2,0.0994799245292598,0.1989598490585197,0.0001465731440317,13520.61745
314,3CWnJLt9cipkxMj1s9AaEE24vL9YbFtNVp,51.8,Medium,No,Normal behaviour -- no red flags,32,2.359095396969738,75.49105270303161,0.00010991223032,233178.2083035161
315,bc1pjex6jt7c8vay2ayeqxd87n24g3tkzej34mz7q9fqg4yvan2yqd7sjdyf4h,51.8,Medium,No,Normal behaviour -- no red flags,2,4.9999868491697175,9.999973698339437,1.2473110292175858e-05,18579.617135
316,38RzLaHsQa92NSkYuETupoxRTQ9DjFgRrD,51.7,Medium,No,Normal behaviour -- no red flags,11,3.860260200819112,42.46286220901023,0.0001183541037938,694015.7778008
317,bc1ph2t6pavupcvute7uzpwqupv42gqpjkrk7qh0seh9d3q8qk67mgls8hdmtq,51.7,Medium,No,Normal behaviour -- no red flags,2,8.268466294699529,16.536932589399058,5.988483209745756e-05,210.388394
318,bc1qhrejfkclcd9qq7us98nyduk90rm5aa82n5hac5,51.6,Medium,No,Normal behaviour -- no red flags,1,4.574093821104884,4.574093821104884,0.0001749607199503,0.0
319,1HAq12YMCNpVP8D9rcZqCRR66jCvmkogRo,51.5,Medium,No,Normal behaviour -- no red flags,9,1.5773704259166426,14.196333833249785,5.7449247960002464e-05,711612.5523015
320,3Pdx5gN3CDyYVoKDTCEVGC628cjLVvHS72,51.5,Medium,No,Normal behaviour -- no red flags,2,4.999698915912465,9.99939783182493,0.0001355919339101,32088.548307
321,bc1q4k3s044r2wdkk4a5g0l8gpg5qh6faz9m2xnfxx,51.5,Medium,No,Normal behaviour -- no red flags,2,0.099892667958977,0.199785335917954,5.658892154206287e-05,42615.628526
322,181wJD3BF3eqJfHEKSYghDCWKdVKFbFdf8,51.5,Medium,No,Normal behaviour -- no red flags,1,4.99960982283926,4.99960982283926,0.0001752726657487,0.0
323,169CyiTvJXuXGjzfxje9VQUT17MNBJBycE,51.5,Medium,No,Normal behaviour -- no red flags,23,3.823426114682417,87.93880063769559,0.0001112503971232,286403.57187518175
324,bc1pmq3naxjnz7w7t9d6mggd6h26qgh2u4mccpck0c3ryzu54xw3l4nq5zxqwa,51.5,Medium,No,Normal behaviour -- no red flags,30,2.682098176403123,80.46294529209369,8.497219104240581e-05,253100.0078631724
325,3EWi8jjyBCtiijyjSX6GvgXZ3tkvdUfubJ,51.4,Medium,No,Normal behaviour -- no red flags,27,3.269745720997951,88.28313446694467,8.072486790344893e-05,279087.21496880776
326,13n2kssaDYtzQNHZXsCeMovADKTJxUxbfC,51.3,Medium,No,Normal behaviour -- no red flags,2,0.9999100685891784,1.9998201371783568,1.0775742104878678e-05,34522.275063
327,1bdH1o2Fc4PAN75RoS879N51MfQLqccj8,51.3,Medium,No,Normal behaviour -- no red flags,30,2.1140641016133355,63.42192304840007,5.853336578006392e-05,246722.52227141376
328,36Q87HKhKGan9QwKWpyoFTaQYMjfL747eD,51.2,Medium,No,Normal behaviour -- no red flags,2,0.0997434453072621,0.1994868906145243,0.0001006927585039,36386.401806
329,bc1ply95786gz4twljf3vnhjsuwagaz2evn2fzzyzn8qdux4wq4m24eqgwdj7j,51.2,Medium,No,Normal behaviour -- no red flags,22,4.077811350573544,89.71184971261796,7.994438844096964e-05,299124.9367899048
330,bc1qke6r8rqm20l9edlekr2lxf80fx3jdek76echmg,51.1,Medium,No,Normal behaviour -- no red flags,2,0.0998101972379213,0.1996203944758426,9.322837268914656e-05,35970.781172
331,bc1qqh07zhfv8l8t3xd76959jye6h5tp2xh4fkmv6y,51.0,Medium,No,Normal behaviour -- no red flags,2,0.0998839436495463,0.1997678872990927,0.0001282773463688,22192.730891
332,1PEyxKuo2DdxTEmZ8nse7BgRqrbF2BF4XV,51.0,Medium,No,Normal behaviour -- no red flags,32,2.280004707727866,72.96015064729171,0.0001142316212744,240994.8668360001
333,1ovDdgrty4W8wcqqHgv9b4c4S1Des7Gxs,51.0,Medium,No,Normal behaviour -- no red flags,11,1.610930331683364,17.720233648517006,0.0001591048107784,692924.1737293999
334,bc1q8kfufzvjyn2gzrwfeatz2s0cjd0p6ayhmtjc8v,50.9,Medium,No,Normal behaviour -- no red flags,1,5.172095331120628,5.172095331120628,0.0001614032813894,0.0
335,bc1p5q0alrsmafyqrkpnfey7m0zrwr3vtj83asvfk9mhfrp4l2r7hues6t5rdg,50.9,Medium,No,Normal behaviour -- no red flags,10,2.142218059441832,21.42218059441832,6.696379404807506e-05,836026.8992412222
336,bc1q7k20uaz3s6zyyv5uy3q6wys23p78dp2ju6zt6w,50.8,Medium,No,Normal behaviour -- no red flags,1,1.4908432377597778,1.4908432377597778,0.0002240416651129,0.0
337,3FNTKWHhEf25n7qTmbeG1UgBFXcNKqePZ8,50.8,Medium,No,Normal behaviour -- no red flags,2,7.5221617394060605,15.04432347881212,3.6088961208143344e-05,1354.220552
338,bc1q8zrr7hpsr9k9u66339zevyhup8sar26yp5cns6,50.8,Medium,No,Normal behaviour -- no red flags,11,1.7819303713844974,19.60123408522947,0.0001531180995828,725521.6322124001
339,1FjxvKH8g4EGWFFTr4xR7BPhEwaHGU6GhA,50.7,Medium,No,Normal behaviour -- no red flags,9,2.836196213228816,25.525765919059342,8.576452481270275e-05,797568.6545616251
340,bc1qk4np73qwcaw5tx7zujyvsuffppalfufnmrzdry,50.6,Medium,No,Normal behaviour -- no red flags,9,2.2970908850459777,20.6738179654138,0.0001452412406703,677003.0451787501
341,16xhr7XSnjJxisHpqW2xMRd4w2vnsT2t8f,50.6,Medium,No,Normal behaviour -- no red flags,11,2.67665502924854,29.44320532173393,5.503350675477268e-05,765490.7783827002
342,19RG3H5q91drc51Zasy6gnaVrQwdiSCQ75,50.6,Medium,No,Normal behaviour -- no red flags,2,0.9999881948464956,1.9999763896929912,1.5715496739900072e-05,36556.641213
343,1NBHB8Xv724c9VAnvEzrGSjnS6SZ6kY71,50.5,Medium,No,Normal behaviour -- no red flags,11,1.1139662337728582,12.25362857150144,0.0001097674594796,714611.9557924999
344,1NdPefBfhTKvsHmoPTLtncNqMXhxe5e4iD,50.5,Medium,No,Normal behaviour -- no red flags,30,2.650217822074976,79.50653466224928,0.0001033230246305,252168.76201375865
345,bc1qza98ctgw9c3arwmd7dh85s7cfam5kaarmxxgum,50.4,Medium,No,Normal behaviour -- no red flags,2,7.742216311103839,15.484432622207676,4.917120436686444e-05,731.638269
346,bc1qlw60tyx39l9huygta92r70d67ueaq49d7p7063,50.4,Medium,No,Normal behaviour -- no red flags,28,2.977176222063988,83.36093421779165,0.0001061237071086,265296.9937818148
347,bc1qscuahmpy0jwxl3vkp675g8g52zadcpl5lz6mtk,50.3,Medium,No,Normal behaviour -- no red flags,2,0.9998515727336396,1.9997031454672791,0.0001502560835899,36886.538295
348,bc1p07rcmszwhw5dr3r3fdkwphpzn7lm5jy4ardtjzuhavv3h8ftr5sq276a40,50.2,Medium,No,Normal behaviour -- no red flags,2,0.0998917540689011,0.1997835081378023,8.551681250959355e-05,36277.885894
349,16wZtqD4gq8f3UFFMs1V7xno4P3wfDfU5R,50.2,Medium,No,Normal behaviour -- no red flags,10,1.5690104439966202,15.690104439966202,4.528098475628869e-05,672641.8851214445
350,bc1p9x5mmjmxsckhq8vzuqtlrrp9c7vzr9qes2nq229kwvvj7qeg3ekse84ucn,50.2,Medium,No,Normal behaviour -- no red flags,2,4.999922090727633,9.999844181455266,1.893109624712324e-05,17479.358286
351,1JTkrXCXJBwhgGFxjxHt3AkUQCQvAseyRL,50.2,Medium,No,Normal behaviour -- no red flags,1,0.9164715339524228,0.9164715339524228,0.000229294730364,0.0
352,3E5KDo4yd1TUscwv5rh8BiopT78QinjbZL,50.1,Medium,No,Normal behaviour -- no red flags,29,2.70642130303911,78.48621778813418,0.0001303216388274,263841.75361985713
353,1HhpEsrbk95uP1Xhnx9DBJQGAcLTEq77s4,50.0,Medium,No,Normal behaviour -- no red flags,1,0.0680012026183337,0.0680012026183337,0.0002226614635904,0.0
354,bc1ptv6gs58mtkztmcaazpm94xhl53frfh7hhptm5q9qjzffgqzsf7csrzf9cf,50.0,Medium,No,Normal behaviour -- no red flags,21,4.102314402917519,86.14860246126788,0.0001134578750811,378640.26524204994
355,12qGN1fP8aXxNVFwXPYp5mWfyxbMhgMMeh,49.9,Medium,No,Normal behaviour -- no red flags,2,0.0999606171096811,0.1999212342193622,3.340843141402676e-05,21801.288629
356,18gieSea977oJCaZ5QwtW5gzzx6beHZC2K,49.9,Medium,No,Normal behaviour -- no red flags,22,4.008450242828361,88.18590534222395,0.0001003070764388,322536.5458368572
357,1MBMMVvSbD5fGRDBUjRAqATLKY3EoQs55P,49.8,Medium,No,Normal behaviour -- no red flags,2,6.984798060404086,13.969596120808172,0.0001076543274369,1440.131299
358,bc1ql2y43uhkt7pwwqjhc0fws6782ywcsnhrfmlr7z,49.8,Medium,No,Normal behaviour -- no red flags,2,3.189613164109341,6.379226328218682,0.0001632521227276,1191.202194
359,1JPyeKHZQ6YRBiaCuX66QNvd41By9Jg6px,49.7,Medium,No,Normal behaviour -- no red flags,1,0.2285106930925186,0.2285106930925186,0.0002312629953148,0.0
360,bc1qee9j6eg9xzu5akh9sjm029g63evclyy2vha9g9,49.7,Medium,No,Normal behaviour -- no red flags,13,0.7748862844795927,10.073521698234703,6.752564485783472e-05,635260.0669420833
361,1K3Zm95HXpkLD6XNLt3YmoSqeMvfAEfuPN,49.6,Medium,No,Normal behaviour -- no red flags,26,3.3101019832557927,86.06265156465061,7.400337919802334e-05,270326.7703068
362,bc1q8l94dt958jf435kymtpeess0rjm9tm5rctaz6d,49.6,Medium,No,Normal behaviour -- no red flags,2,0.999735924668442,1.999471849336884,0.0001699754073463,22002.710975
363,bc1qjf2zmmee5lqa6dpu9hk2ue4cc7mcrwukmaxpak,49.6,Medium,No,Normal behaviour -- no red flags,10,1.953041505494988,19.53041505494988,0.0001428553579764,766524.6793286668
364,bc1qzkg09aletvzt3t83smer93h82s9mcm94g84tvk,49.6,Medium,No,Normal behaviour -- no red flags,1,5.0,5.0,0.0001723616184708,0.0
365,3Q4TnE5qpABd1zTUHfz8p5pBp1AvmmhzWv,49.5,Medium,No,Normal behaviour -- no red flags,12,1.492148254893481,17.905779058721773,0.0001606701513284,689598.4714712726
366,12Nw2cQnZPtdeqKQ2AuVMV2qPLGazYCa6r,49.5,Medium,No,Normal behaviour -- no red flags,1,0.107823186978891,0.107823186978891,0.0002240258333661,0.0
367,1826STvPbgxJ9uLSDySXp2sfWcdXUgjgu8,49.5,Medium,No,Normal behaviour -- no red flags,2,0.0998414962558438,0.1996829925116876,4.429467125446506e-05,27544.373931
368,1FJ5E6jLmdxkCZqi9qS3JmqtPRYkc3uzkn,49.4,Medium,No,Normal behaviour -- no red flags,1,5.3985892214118,5.3985892214118,3.5695907580001226e-07,0.0
369,bc1qz554erp6x3m86ffftfxv4rcazt2u9t9caxmndv,49.4,Medium,No,Normal behaviour -- no red flags,10,0.9316973304152834,9.316973304152834,0.0001209980153479,644156.9023665556
370,bc1q0yqr4t6d8x2p707ac6kvr8rxr4nwrse59nxf9x,49.3,Medium,No,Normal behaviour -- no red flags,2,4.999978899908535,9.99995779981707,2.334176115122349e-05,18857.673829
371,bc1qn3dnh2qyltvl525ce5uvj9pml36nay6ku2mh92,49.2,Medium,No,Normal behaviour -- no red flags,2,4.999960184538681,9.999920369077362,2.199615828181141e-05,18926.255415
372,19z5QnvFvkZRe3WEJAvCgE3F6MMdAADeAd,49.2,Medium,No,Normal behaviour -- no red flags,2,0.0997735492057526,0.1995470984115052,2.220354801286496e-05,13913.184814
373,bc1q90e664m5rf3r9z28gjm7p266m4vna6y4xpyk5e,49.2,Medium,No,Normal behaviour -- no red flags,2,2.290267032879881,4.580534065759763,0.0001695615021968,502.209025
374,39Q4HpWCnvdiRcvFYTLSXsHeK85SVsFW2M,49.2,Medium,No,Normal behaviour -- no red flags,2,0.099830769781945,0.1996615395638901,6.0005022098289214e-05,27240.26188
375,13q99sQPFRm7NXPAiXy3kyMU85o13Cabw8,49.2,Medium,No,Normal behaviour -- no red flags,10,2.14310304249532,21.4310304249532,5.267428880921333e-05,718406.7040836667
376,32DxCBeAfXPBP2c5HoVYvtwXXdbA8ruvzw,49.1,Medium,No,Normal behaviour -- no red flags,2,7.409742483486011,14.819484966972022,8.962473736298013e-05,1663.727362
377,bc1pj5s23gqy0y0chgnn7vdpzj0kq2l887m7lzxlwudm49sa9xpy9wyq49nce7,49.1,Medium,No,Normal behaviour -- no red flags,2,4.999627472991847,9.999254945983694,5.201354651821644e-05,32192.955885
378,bc1qacgzp6t2kn2qn6xuye4rld0l8fhvy5n8ue2lz6,49.0,Medium,No,Normal behaviour -- no red flags,13,1.650065454282006,21.45085090566608,0.0002219909146253,621329.3611813334
379,bc1q4e0stxagntd6swcjgsdm8ngrwa8u5ye69tfde6,49.0,Medium,No,Normal behaviour -- no red flags,20,0.9645633351277032,19.29126670255406,0.0001800896576515,293874.01779536845
380,38TiN5hw3xaDe89xa9RKiEL4fQ4W4uGGRW,48.9,Medium,No,Normal behaviour -- no red flags,2,0.9998966129908778,1.999793225981756,2.13806667592419e-05,35328.287622
381,3HLMjHtCXoa4EXZkngVFZrNDCdQLeXP3ZK,48.9,Medium,No,Normal behaviour -- no red flags,2,4.999841166874077,9.999682333748154,5.2180977847818165e-05,32128.31105
382,bc1qpe6cldk3u53mvpkazdcu70h69htvuas0p509j0,48.8,Medium,No,Normal behaviour -- no red flags,23,3.792582621205956,87.22940028773698,0.0001259457804889,345200.0338067727
383,bc1q8hvu6snqej95r8veltjv7slldkza32z8tnr0cm,48.8,Medium,No,Normal behaviour -- no red flags,11,3.7590017367100383,41.34901910381042,0.0001091143331055,669865.9007511
384,bc1p05q9v43l4s43naklx06e0hat7yec5lsfmkg7zrghg5yftcg9eh2qe4070y,48.8,Medium,No,Normal behaviour -- no red flags,1,0.260089658242184,0.260089658242184,0.0002198649148696,0.0
385,bc1qrd8zqmdg40x67p4nmfsn73cgqryn5ep2a4ngyf,48.8,Medium,No,Normal behaviour -- no red flags,10,3.136447337000951,31.36447337000951,7.601394822996974e-05,738179.6049844444
386,18RTB3tcKRnP6FeGZ1Wu4w9dEBXh8XDJg1,48.8,Medium,No,Normal behaviour -- no red flags,10,2.4668219548623145,24.668219548623146,0.0001547722697163,637143.1292894444
387,bc1qghtkxlu8z8vesnw2e4a2jhsyx2w29h7kg7kn8y,48.8,Medium,No,Normal behaviour -- no red flags,2,0.0999247544440045,0.199849508888009,5.412296554943288e-05,21439.291099
388,16vFR9wm8r4a4DwATZEKG9fkiM1SkHsQhc,48.7,Medium,No,Normal behaviour -- no red flags,1,0.0991343558192427,0.0991343558192427,0.0002177856472933,0.0
389,3DQsEnmvYfa45ytcyF87yaFBFrYZiiV32N,48.6,Medium,No,Normal behaviour -- no red flags,2,0.9997406001025688,1.9994812002051368,1.860242554544549e-05,33331.844142
390,36qxiBtBiJbTnTFNeBz2iQqPRfRBVSrrMH,48.6,Medium,No,Normal behaviour -- no red flags,2,0.0999286762505629,0.1998573525011258,2.903891921116928e-05,14003.704307
391,1AZBbXFxBgxnWRMWBDRMZxCFsrQTzneiJM,48.6,Medium,No,Normal behaviour -- no red flags,24,3.768399456609911,90.44158695863786,0.0001015083245033,321872.9205547825
392,1DVsH5M9tBJQkhCbXtkvJ3L8tXcabm2fKD,48.6,Medium,No,Normal behaviour -- no red flags,29,2.65308215477484,76.93938248847034,0.0001113024975054,241062.19518967852
393,1KRpnyAxUHZoG9W21yM7WAg96AVP9RR3w5,48.5,Medium,No,Normal behaviour -- no red flags,2,6.886448473527485,13.77289694705497,6.111877923578666e-05,235.187183
394,1EJARC6aBVNXr734Nn8LudGFix9Uy7UJfg,48.5,Medium,No,Normal behaviour -- no red flags,1,0.2387595770195012,0.2387595770195012,0.0002240409131827,0.0
395,3HzM8yYe12gDwWweGSJ7hTUtbnuVY9f9jH,48.5,Medium,No,Normal behaviour -- no red flags,1,0.2786679953267705,0.2786679953267705,0.0002120578282746,0.0
396,bc1q848574czcna9xl0pj4ylt5j8nkn769uy5amve3,48.5,Medium,No,Normal behaviour -- no red flags,15,4.0473634984240165,60.710452476360246,0.0001391595180496,543269.3181768573
397,1LQyMFqzmVxqv7ssG8TW8XWP534CqD6Tv2,48.4,Medium,No,Normal behaviour -- no red flags,2,0.9999196949893332,1.9998393899786664,1.1502698927818873e-05,22610.631722
398,bc1q34353zys3pjjz54uw6g3lh9drrfngdleqswggj,48.4,Medium,No,Normal behaviour -- no red flags,1,7.210554917096154,7.210554917096154,7.72306680787503e-05,0.0
399,bc1qawuupddvqfa5rettduemernlqauzruaxl623yc,48.4,Medium,No,Normal behaviour -- no red flags,1,1.0,1.0,0.0002106961668892,0.0
400,bc1pmchw0ynkvccxjn0en6m0ur8hacasdqddw4dlnle38rwttdv6jk5qlwlvj0,48.4,Medium,No,Normal behaviour -- no red flags,21,4.052513726093482,85.10278824796312,0.000103973912914,375705.17468295
401,1CdYE1YEZByieHjfqAfdskm6JmAXQ4gueb,48.3,Medium,No,Normal behaviour -- no red flags,2,0.9999902645423796,1.999980529084759,2.6555010971613228e-05,36308.447296
402,bc1q39nl0w4kf0vflqrv9xmxrk63eu8dmq8awqsrk2,48.3,Medium,No,Normal behaviour -- no red flags,2,0.099612764030108,0.1992255280602161,0.0001013371311053,27127.730993
403,12NDy467Ks6i5vwFRhNob9TxoTE4wqA553,48.2,Medium,No,Normal behaviour -- no red flags,26,3.349710214332067,87.09246557263374,0.0001128405428068,303700.48950536
404,12sKoXQGkAB36wpwzn1ZtGSXMs6W9eeosh,48.2,Medium,No,Normal behaviour -- no red flags,1,0.1992601241731557,0.1992601241731557,0.0002172536537608,0.0
405,1PUA8jQw7XNv2ZHW2WE63xqNyWBEPhQ44p,48.1,Medium,No,Normal behaviour -- no red flags,2,0.0999600059511309,0.1999200119022618,9.490138103935552e-05,22027.853904
406,bc1pclpcxd0j6qs2zrks2eq8qx9dty4ru6caqu4e4ws2mka53928mr2qjwehsa,48.1,Medium,No,Normal behaviour -- no red flags,9,2.550244091504513,22.95219682354062,6.248217684855162e-05,725498.1257393749
407,bc1p80d7sj8avchrhh5aqu9pgun56d8afuv0wf6gk4mpk9l5eh85afgq9p6dmt,48.1,Medium,No,Normal behaviour -- no red flags,11,2.603586663349968,28.63945329684964,0.0001825976370615,583344.1763793
408,bc1q354hgzdsc8zg47e0jd7gdt7xevnx2p5styn24g,48.1,Medium,No,Normal behaviour -- no red flags,2,7.194674844915838,14.389349689831676,7.725054011479652e-05,182.503829
409,bc1prx6fqnrqqksxg77983p04af9fjfty0szgyzwymazpgzzjg4h38vs65pr02,48.0,Medium,No,Normal behaviour -- no red flags,12,3.484316315068931,41.811795780827175,5.9912594055561705e-05,635271.1404142727
410,bc1qvjrv3ay5wqh8qyp7tu8pkhaqn5fvkcaegcexsv,48.0,Medium,No,Normal behaviour -- no red flags,2,1.957913464867485,3.91582692973497,6.086902284230601e-06,905.343396
411,1MH5KTZgRkt3Mb3LJVFyVdBXrYrd8eBZxz,48.0,Medium,No,Normal behaviour -- no red flags,11,1.5738951496250937,17.31284664587603,6.288115087498638e-05,746372.3860203
412,19FRVtKjbMzGK1HpA7zSXi2AgYGRcwn1ru,48.0,Medium,No,Normal behaviour -- no red flags,2,6.843532000573578,13.687064001147156,8.849490829930897e-05,401.062673
413,bc1q7vmh8qqy8r9lctak7t86lkv4fqr68n3uk7cgau,47.9,Medium,No,Normal behaviour -- no red flags,1,0.5054840031882931,0.5054840031882931,0.0002134550772588,0.0
414,3LaCwwzygocsWMBYQzKHj62AT2Y3HFMJbT,47.8,Medium,No,Normal behaviour -- no red flags,14,4.420010808467434,61.88015131854407,9.436557918712884e-05,572670.4755073078
415,1HidxNuGQs1uSaXiNUt8fKonKXtW8wVifi,47.8,Medium,No,Normal behaviour -- no red flags,2,0.0998711310700535,0.1997422621401071,7.332448300515465e-05,27542.461768
416,1EKy1M2KQDt2fQ5zCx8HUpWWyGgoCyrQ87,47.8,Medium,No,Normal behaviour -- no red flags,2,0.0997537208189853,0.1995074416379706,0.0001235012165416,13867.490734
417,14ujBG48gJyV34fxeny78m2RMd5wt2eoFk,47.7,Medium,No,Normal behaviour -- no red flags,10,1.1763027396274803,11.763027396274802,0.0001227504782928,654704.0586640001
418,13Fp3Fitw6PWv8K2ds7DMmkctdBg1aneqv,47.7,Medium,No,Normal behaviour -- no red flags,2,0.0994950029119499,0.1989900058238998,0.0001096765523578,14029.422066
419,bc1q7nu43q2aklrhknwnnrwsvg8r90664x4d4ns2xd,47.7,Medium,No,Normal behaviour -- no red flags,10,1.7621141071535107,17.621141071535106,0.0001489117241045,664812.5995975555
420,bc1qkq4gsh0mxqwe6tdnl4xxrukkdlzz82rhtdcfwm,47.6,Medium,No,Normal behaviour -- no red flags,2,0.0998960073698229,0.1997920147396459,3.76916110139849e-05,13677.024012
421,bc1qurjhsqr5p3rwvnq583n29kqr84h2q85qxxz5n4,47.5,Medium,No,Normal behaviour -- no red flags,10,1.8589537834929133,18.58953783492913,7.071083904171319e-05,794568.9720344445
422,34HFQwBRuaqa99uSHF2rVFkGnRABqcX4jm,47.4,Medium,No,Normal behaviour -- no red flags,26,3.2945840569488385,85.6591854806698,7.784095431936069e-05,280021.81952564
423,bc1qkq3nqes440p4z0q25eny3yf3t27nyjtrrd4uwc,47.3,Medium,No,Normal behaviour -- no red flags,2,3.677520585123262,7.355041170246524,5.96141845553526e-06,150.152772
424,122cFMf3eyqoWCMhXpw5m8dRgSSTLCHUWs,47.3,Medium,No,Normal behaviour -- no red flags,33,2.027170704175976,66.89663323780721,8.906167852021688e-05,235863.46632659377
425,1NytS3hgczwGJwp7RVLVeVrKY5EvdqmNjo,47.2,Medium,No,Normal behaviour -- no red flags,2,4.999827638381529,9.999655276763058,0.0001349047149751,19030.049368
426,1KdXhJYX2CZqvh9StK3STJ7wBoXvdnJac,47.2,Medium,No,Normal behaviour -- no red flags,2,0.9999479721284054,1.9998959442568107,2.805385849476852e-05,36563.096745
427,bc1qpsqt0wesu8zw9jmackncuzwr5p0da5ksyswr5s,47.2,Medium,No,Normal behaviour -- no red flags,2,0.0999091886058792,0.1998183772117585,5.570952692601268e-05,13594.12024
428,31naScfzmecnQp8fcrb3B6d9t8EgbRtWPC,47.2,Medium,No,Normal behaviour -- no red flags,2,0.9997598113013092,1.9995196226026184,0.0001428889788595,35353.385763
429,bc1q9kh6vlz6gwj7lvjz0ls7sxpmryj04t2wtfcwlh,47.2,Medium,No,Normal behaviour -- no red flags,2,2.556319080625728,5.112638161251455,0.0001542766962571,544.418317
430,17ptaHSLVMTqfpzb8JSrhwevLGye4cUyxV,47.2,Medium,No,Normal behaviour -- no red flags,2,0.9994384941769332,1.9988769883538664,0.0001597396370108,11917.97872
431,17KpY8Xb79TAr7xN3idzr2htjVLsUKLxnj,47.1,Medium,No,Normal behaviour -- no red flags,2,0.0999565393315517,0.1999130786631034,8.878871125940489e-05,21856.580298
432,bc1qvh29r6wrp8zx0gdxfa63tpscdtv4gaypafc6t3,47.1,Medium,No,Normal behaviour -- no red flags,14,4.394111097523841,61.51755536533377,9.122879967249652e-05,583559.7354160768
433,bc1qqxqjtaca6ff467e4ygd6nv7wdfk0qpf9h5uxne,47.1,Medium,No,Normal behaviour -- no red flags,10,2.099452100575223,20.99452100575223,0.0001040508138343,831895.9600985555
434,1KaA5EYUWoH9b4RgYGjQhxvRgBo75ToG1P,47.0,Medium,No,Normal behaviour -- no red flags,2,0.0996825581325384,0.1993651162650768,4.968309890110575e-05,13645.486358
435,1LXgTUdUEC91p1b4y61GexSCasASQBnzxR,47.0,Medium,No,Normal behaviour -- no red flags,1,1.8468353172683205,1.8468353172683205,0.0001831044811967,0.0
436,36kSTVMvzq7Dk7c6CBiJq3wSYXUby4uYkF,47.0,Medium,No,Normal behaviour -- no red flags,1,1.8811805142916544,1.8811805142916544,0.0001911461850658,0.0
437,bc1p807g4ftcs2kpslcxdyj9v8z43zzvurtnr7yf3dq4cdqeldj3u2ussxkpty,47.0,Medium,No,Normal behaviour -- no red flags,24,3.5295822493835805,84.70997398520593,7.427204630149241e-05,302014.19327739126
438,14Dys8DYvdEnRPStPAi7pGRzVXVvfssLXe,47.0,Medium,No,Normal behaviour -- no red flags,2,0.0997307849950189,0.1994615699900379,5.220308694201315e-05,14277.142818
439,bc1qh9ae90hedz3tgwcszcnrfqnwgph0g6mrz5zvdq,46.9,Medium,No,Normal behaviour -- no red flags,9,1.9112081793685844,17.20087361431726,0.0001088237358396,771890.712519875
440,1M7YS84Qg5rnU9q1cE9qxdp9ELhxoDCh3u,46.9,Medium,No,Normal behaviour -- no red flags,2,0.0996160423532776,0.1992320847065553,0.0001152987870328,13765.708923
441,bc1qsec8f8fztljprr55cmyasdmh0mfa6s239me3lj,46.8,Medium,No,Normal behaviour -- no red flags,1,4.999956007683436,4.999956007683436,4.176855244772351e-06,0.0
442,1FDr9H29CmjkfNYanfd6YrK8txGZtz7RLE,46.8,Medium,No,Normal behaviour -- no red flags,1,4.528521320399428,4.528521320399428,5.628174898931493e-06,0.0
443,37RfXKDr5JE8kjg3WzCZHyFrc94eLnHVFQ,46.8,Medium,No,Normal behaviour -- no red flags,10,1.9500177084182628,19.500177084182628,0.000125681575656,789494.7942946666
444,1BuciwgaQGeEc5YiSW9ipUB8DBHtLJAxPw,46.7,Medium,No,Normal behaviour -- no red flags,1,2.687915236363787,2.687915236363787,0.0001650300273501,0.0
445,1MY3gFheeEXAT3f9rccmP9sXwoxvX2Evji,46.7,Medium,No,Normal behaviour -- no red flags,1,4.99948076271698,4.99948076271698,0.0001526255761891,0.0
446,1KfkdR9MpqqrVzbBuMPHmRfR2Y21UEpbx1,46.7,Medium,No,Normal behaviour -- no red flags,2,0.0994724851225606,0.1989449702451213,2.64602425726577e-05,7176.734914
447,1MqUBrxbBR3tdKkFUBUnZGoWrDJ7xZkH83,46.7,Medium,No,Normal behaviour -- no red flags,1,4.999995633264739,4.999995633264739,4.366735261532588e-06,0.0
448,1BrbKCQ3NidPT7BzXvb6g2fNTAqMa2556U,46.7,Medium,No,Normal behaviour -- no red flags,1,4.99999514674482,4.99999514674482,4.8532551798509165e-06,0.0
449,1BBDioeksjyem9kqi1radi3XBcUE8uGBvZ,46.7,Medium,No,Normal behaviour -- no red flags,1,1.330064508866104,1.330064508866104,0.0001887309210136,0.0
450,38Bw6aXojumCg9vT7LqmpUU85onyoMvr7X,46.6,Medium,No,Normal behaviour -- no red flags,24,3.7075546721404993,88.98131213137198,8.631609836063534e-05,323111.72884726094
451,1PjxpX4eHwhxtEKFjkMiJweNbjK3EDFf3y,46.6,Medium,No,Normal behaviour -- no red flags,33,1.908724206285004,62.98789880740512,0.0001192230625609,236730.838395
452,bc1qy8rgwvw4zckdfqysqcpvn6kn0tu0zcluhcsvt7,46.6,Medium,No,Normal behaviour -- no red flags,33,2.0023391919089724,66.07719333299609,0.000100846422657,238578.0857347188
453,bc1qzsvtevun80s89glkyhkxlnq4zhtu9ql8qwnq7t,46.6,Medium,No,Normal behaviour -- no red flags,2,0.0994133680910669,0.1988267361821338,0.0001231876425067,7545.262627
454,31msZVdZbxVfDFJW5wpoeG5WeKnnvswC3V,46.5,Medium,No,Normal behaviour -- no red flags,2,6.213011944119399,12.4260238882388,0.0001049373937296,761.23502
455,bc1qqpjqj7yz4qjcwhwl52dvadzgqc5h9xet37y463,46.5,Medium,No,Normal behaviour -- no red flags,32,1.9410254492790364,62.112814376929165,0.0001020205741018,223527.4436549677
456,bc1qzaugs909lqgtd4jw7zy8dvh3tg8tq8a7h8jzum,46.5,Medium,No,Normal behaviour -- no red flags,2,0.999966013883426,1.999932027766852,3.3247899904162603e-05,36711.47225
457,bc1q3smm60u0fu4c04zjclk3jp8ndg5hrlwkuewd3z,46.5,Medium,No,Normal behaviour -- no red flags,2,0.9999998190250702,1.9999996380501404,3.208525226869417e-05,36881.805188
458,bc1qfxae654lnvv248q2nygdpa94crd42arjqwnphw,46.5,Medium,No,Normal behaviour -- no red flags,1,1.8538912818943905,1.8538912818943905,0.0001812855400509,0.0
459,13fyhSD8Hbq2hjj1T5n24UnLqL97JQFVtR,46.4,Medium,No,Normal behaviour -- no red flags,1,0.9992198097685508,0.9992198097685508,0.0001980166363893,0.0
460,bc1qhfxup2yz6ldlfdprqq2fh7ka94hpdzqzl8n0hz,46.4,Medium,No,Normal behaviour -- no red flags,1,0.9995987038515464,0.9995987038515464,0.0001989098926926,0.0
461,bc1pluxalk5zzj9k03ljrw9c26u3zg3vdtg4uwu97r37lej8z4nn2jzs6qzg4f,46.4,Medium,No,Normal behaviour -- no red flags,1,5.0,5.0,4.366735261532588e-06,0.0
462,112FnDXE3uyXKqhts1XU7F8JicngVsVREq,46.4,Medium,No,Normal behaviour -- no red flags,1,5.0,5.0,4.8532551798509165e-06,0.0
463,1EGErUscoKnHpxuomanafmGTbmE1XEZgAk,46.4,Medium,No,Normal behaviour -- no red flags,2,4.9999369958022655,9.999873991604533,0.0001315635733274,17216.645115
464,38J7g1WkEupUBXPkWYFTJMfYzUYoBnLhBr,46.2,Medium,No,Normal behaviour -- no red flags,1,0.9119512702292212,0.9119512702292212,0.0001976931578136,0.0
465,bc1qgce0qnewd4965vtv2gfgzzc00y6k8h7qpq6aum,46.2,Medium,No,Normal behaviour -- no red flags,13,4.04738907088032,52.61605792144417,0.0001074898507017,611808.7897925833
466,13kG9LHgEHBsxyNJA393J5qmvGsKATGPWi,46.1,Medium,No,Normal behaviour -- no red flags,28,2.899885826086016,81.19680313040844,0.0001187622636423,278786.001453
467,bc1qvqetntuwm40epyc5qss2f76p7e0477mld0pnr0,46.1,Medium,No,Normal behaviour -- no red flags,2,0.9995963499654577,1.999192699930915,0.0001355798319931,34874.742714
468,bc1q8r6d0nd5juaz5tawrd0l5vtwy0dp28e5grtj4m,46.0,Medium,No,Normal behaviour -- no red flags,2,0.999805643914132,1.999611287828264,2.8740208718187064e-05,33024.78903
469,bc1qez3zkmdclzkxrxg37h3pr244z7czm746utvfxm,46.0,Medium,No,Normal behaviour -- no red flags,17,4.255705423897346,72.34699220625488,0.0001196299226568,460871.4551724375
470,bc1qc0knar0mlr33le976mpteurtdgffymn322y8ut,46.0,Medium,No,Normal behaviour -- no red flags,10,2.1891676710042463,21.89167671004246,8.557344295961795e-05,813814.648584
471,bc1qng3gt9a2ajk5ce8h3e8tqufxzyfv7k4lvwpzfa,46.0,Medium,No,Normal behaviour -- no red flags,2,0.9997893038331108,1.9995786076662208,0.0001320376657789,36931.124292
472,bc1q8jufqp9yn57ucud2c60wcuue55xxamkpap7wav,46.0,Medium,No,Normal behaviour -- no red flags,2,4.999854118178967,9.999708236357934,0.0001408398889811,13400.298359
473,bc1qpmfw74ygghg79w62rf3hjcj278fvvnj9mtyakd,45.9,Medium,No,Normal behaviour -- no red flags,2,0.999101059889554,1.998202119779108,0.0001348271944008,33193.237745
474,33heg19DiLBrhNfVBkzvqGBMTHZhY8H6Wt,45.9,Medium,No,Normal behaviour -- no red flags,2,4.999852936496947,9.999705872993896,0.0001389490026522,13850.445333
475,3ARKR8b3viDW9Vba1buCgCv7ndJKFntoRY,45.8,Medium,No,Normal behaviour -- no red flags,2,4.9998866763342384,9.999773352668475,3.381342260895794e-05,16734.169919
476,1L5Qdbwqhvok7heGJ8huUUyXfYM1yXPCY1,45.8,Medium,No,Normal behaviour -- no red flags,2,4.999962043059121,9.99992408611824,3.150209886712666e-05,13730.882618
477,bc1qqpc0247unkwyl2uj2sp265vf560u2ys6szuazs,45.8,Medium,No,Normal behaviour -- no red flags,2,0.0999117935240352,0.1998235870480704,6.692539841012771e-05,13379.820011
478,38L5t43kEVoCz3tQ6sZtYL1FRLceNHnftV,45.8,Medium,No,Normal behaviour -- no red flags,33,1.5442975739321845,50.96181993976209,8.530240850344234e-05,233121.35447290627
479,bc1q3hce87m3fwsmt8ddmk6vkr97f09x9hna3q080k,45.8,Medium,No,Normal behaviour -- no red flags,2,0.9997548509473516,1.999509701894703,3.469005068212911e-05,34531.407993
480,1KeztVviKo6dHEPW2UeESJ264hX1Cy4Lfi,45.8,Medium,No,Normal behaviour -- no red flags,5,2.8680443241989115,14.34022162099456,7.974279018926562e-05,168288.000149
481,bc1psyrk35pzh2lagwf8rtggd9ksqw2vnv4ervkcq202jgh7xgaf5kesr88yfp,45.8,Medium,No,Normal behaviour -- no red flags,1,0.1990818895617666,0.1990818895617666,0.0001973288783011,0.0
482,3R1W1ViM8Jd7Q6Cocnu42256TdFGxoYUti,45.7,Medium,No,Normal behaviour -- no red flags,2,4.999993236779138,9.999986473558277,3.828278130724259e-05,18779.904125
483,3N5629G38qJ17QiMEuhV5keMXTbVVZC5D4,45.7,Medium,No,Normal behaviour -- no red flags,2,0.9996851120580874,1.9993702241161748,0.0001373291852218,32936.415617
484,13R3AHsvjhLnW3jmj6CjwpcAfxtJMfXqJF,45.7,Medium,No,Normal behaviour -- no red flags,1,5.468817415212998,5.468817415212998,1.4147553228750829e-05,0.0
485,bc1qmqdsxqy274ekkf3dn0z5zewfqhgkl20rpcty7p,45.7,Medium,No,Normal behaviour -- no red flags,12,3.394918900579953,40.73902680695944,0.0001376296513,625708.4705360909
486,331a2kw3t42Zmtxy7HRktT2YW12hrxxp6q,45.6,Medium,No,Normal behaviour -- no red flags,2,4.999938067937075,9.99987613587415,3.690438277181263e-05,18507.392674
487,bc1qmsgr0kv3lk8q9f8t0uw4esnwdp0cqdyulq00ux,45.5,Medium,No,Normal behaviour -- no red flags,1,5.376471981854253,5.376471981854253,1.417371700352581e-05,0.0
488,bc1qrzt0eqyw9a6h4700vzh4dgk7qyjcf469jn7mzf,45.5,Medium,No,Normal behaviour -- no red flags,2,1.8362387621314744,3.672477524262949,1.3024553844163164e-05,1323.622856
489,bc1q8h3j0z9w8pxptepp7xdprs3j9d6tmhfcf20fm7,45.5,Medium,No,Normal behaviour -- no red flags,1,0.1599697542016956,0.1599697542016956,0.0002010562122541,0.0
490,12KcUykzWS3XzdRfYQbDAu6PXJUJiYqWLp,45.4,Medium,No,Normal behaviour -- no red flags,2,5.591637961224783,11.183275922449566,0.0001175501157784,574.00723
491,bc1qzpy97p56lu3f7ejp4q0fj0cqcnmm7suqmrk8hk,45.4,Medium,No,Normal behaviour -- no red flags,1,5.262591141511013,5.262591141511013,9.72338554455008e-06,0.0
492,1CuWd9rJdhmiomvYihWsRKYyBtxxfNRRMQ,45.4,Medium,No,Normal behaviour -- no red flags,28,2.544010364352702,71.23229020187566,7.124766973647203e-05,233236.5082895926
493,bc1ps5scmpzaae6q235vjlcvh0ss0hdkwchzkzvkm6l9najjxtamgcrssfkq8p,45.4,Medium,No,Normal behaviour -- no red flags,12,1.235148426773632,14.821781121283584,0.0001412656090501,650452.7776669092
494,bc1qw6p9yxhauc90jvuwu448dm6n07sajldwgu0654,45.4,Medium,No,Normal behaviour -- no red flags,14,4.342560319481807,60.795844472745294,0.0001318439023716,477639.88454700005
495,bc1q4fhps32p74s2lnycu90fnqx9swma0q725k2h60,45.3,Medium,No,Normal behaviour -- no red flags,2,0.9994084062015832,1.9988168124031664,0.0001261466486173,32714.070638
496,bc1qv6xvrkxga2we6u92y2fyagxk2twyjzxd2fgpyn,45.2,Medium,No,Normal behaviour -- no red flags,2,0.9997976137442393,1.9995952274884785,0.0001497198267883,11624.009466
497,bc1qr253jswr5gzc043qgqz4dle4632t95a3guj7sq,45.2,Medium,No,Normal behaviour -- no red flags,29,2.4689308522354194,71.59899471482716,7.677606953812229e-05,252930.05426375003
498,33p7HGVVuTbfgNUggYi9qNVJY3GQeDFPDS,45.2,Medium,No,Normal behaviour -- no red flags,19,4.2276148911482565,80.32468293181687,6.418111654706041e-05,369858.28564666666
499,1DjqNyC8LiK96uc4gATu3rQoCHUDdtAg3b,45.2,Medium,No,Normal behaviour -- no red flags,2,4.9999506613932025,9.999901322786403,4.6328745544147313e-05,18401.044982
500,1LFJrLfkaDmq3UboQLtnb8U83Jrc4AnWxH,45.2,Medium,No,Normal behaviour -- no red flags,10,1.334413148094108,13.34413148094108,6.627969486186781e-05,644573.4226389999
501,3DiSSVUR8fw8Sw41eWXxa8qNZxRUS9NxdR,45.1,Medium,No,Normal behaviour -- no red flags,2,0.099807418027314,0.199614836054628,3.2060163916251166e-05,7402.758205
502,35BaPvWuDm2eG1hhWj6rMq9m3VPYa1CP9F,45.1,Medium,No,Normal behaviour -- no red flags,1,5.0,5.0,6.763220861759192e-06,0.0
503,bc1qj0egl2rxcasmeyxw953c5mqw77ddq535780ja0,45.1,Medium,No,Normal behaviour -- no red flags,1,1.0,1.0,0.0001956258815301,0.0
504,bc1qzdn0ze9slrh5hxgneffsxgfwntcmz0se4qcukc,45.0,Medium,No,Normal behaviour -- no red flags,2,0.9998907428666732,1.9997814857333465,3.2084330075049026e-05,32806.366548
505,13EvUt6PMv2RDwbRanDD1UwvPggE3CH1cq,45.0,Medium,No,Normal behaviour -- no red flags,2,4.999952716425566,9.999905432851133,3.895463618352488e-05,13928.821808
506,1FiGN4bsbFo7pdq7PEcpuGdGqh4jgh2f2i,44.9,Medium,No,Normal behaviour -- no red flags,23,3.612679196502029,83.09162151954668,6.907536354422738e-05,300202.77515022724
507,1Q71AK6nrD7bgfvupGSCgNuxgEtsSymnDn,44.9,Medium,No,Normal behaviour -- no red flags,10,2.9988426178764467,29.988426178764467,7.701865418963157e-05,713715.7022905556
508,bc1pw2vyz62rc09ws4nmppac4rkxh92zwfn5zwacs40m8atlsan77wxqnqrvef,44.9,Medium,No,Normal behaviour -- no red flags,1,0.9999386611684136,0.9999386611684136,0.0001893846927792,0.0
509,bc1pfcwaqzw7hhrnn4y6a5rmcv4pxa5vmcnn7tnn28ne6zf5l8dcfkxse447zx,44.8,Medium,No,Normal behaviour -- no red flags,13,4.608822670971245,59.91469472262618,0.0001142529159419,498438.6798806667
510,bc1qwyfu24xkpxet3ukds5syt9nemp607hrd7wvhjm,44.8,Medium,No,Normal behaviour -- no red flags,1,4.999907449368479,4.999907449368479,7.404864593390076e-06,0.0
511,1GoLSJkEQovcqUn5R6ifE8PGHikZywG79p,44.8,Medium,No,Normal behaviour -- no red flags,10,1.102566453538423,11.02566453538423,0.0001041132140854,632677.5279864445
512,346BiJAD1WLf1vvebCaFFF17PDpmQVakrV,44.7,Medium,No,Normal behaviour -- no red flags,27,3.050925443808739,82.37498698283595,0.0001037033923041,282995.35632796155
513,bc1pjt7cm8h9lj32llr9knxz0fuc507d2rmdcp6422cynfhlt2kz5w9qjw6any,44.6,Medium,No,Normal behaviour -- no red flags,1,0.1038346354470776,0.1038346354470776,0.0001887309210136,0.0
514,364WtGFqx4VG1naUTtWetMBCzhcGidV8rz,44.6,Medium,No,Normal behaviour -- no red flags,14,1.0953368898607885,15.33471645805104,0.000161426933743,518162.33456184616
515,389donNsw9JEgQehMRpwpct98sxrpxJDWN,44.6,Medium,No,Normal behaviour -- no red flags,2,0.999933073987034,1.999866147974068,4.015250533344168e-05,36777.665564
516,1PpSzLqCkZ2UNuYTc5ghC5qgVSKcUvQzhv,44.5,Medium,No,Normal behaviour -- no red flags,16,4.3055893221985215,68.88942915517634,6.775919386237223e-05,451731.3968590666
517,3EAACjvb45owsmkjP6G8bXqH1Xo5HhbLaJ,44.5,Medium,No,Normal behaviour -- no red flags,1,0.0945012431026826,0.0945012431026826,0.0001877331027453,0.0
518,bc1pf78a6q85upy6add75vsctm0ausvxh90q2rycz89zanewxa582ukqzrq07l,44.4,Medium,No,Normal behaviour -- no red flags,2,4.9999646615264615,9.999929323052925,0.0001183839214957,18809.486832
519,bc1qa95mtrrsrd9ufdq8vrsl2qr48mqsg06kz0guw4,44.4,Medium,No,Normal behaviour -- no red flags,1,5.006063662620443,5.006063662620443,8.10192071100191e-06,0.0
520,bc1q77wa7tvw94x2s36v2f6w23a4jdrg64hmpqv56g,44.4,Medium,No,Normal behaviour -- no red flags,1,5.0,5.0,0.0001470635030524,0.0
521,1LjSJ3XwJe7EsGRGcDP49nekStvvQAaybq,44.4,Medium,No,Normal behaviour -- no red flags,2,4.999722101994696,9.999444203989391,0.0001127317525501,17360.472388
522,bc1q6jlzz0nwz6nn879cl9tv3dnh87y4f7y660zk3f,44.3,Medium,No,Normal behaviour -- no red flags,1,4.999618074901659,4.999618074901659,9.398090188060124e-06,0.0
523,1FaK373x7LHoYuiz9ecSrraALCNwTQwzhy,44.3,Medium,No,Normal behaviour -- no red flags,1,5.067467256826259,5.067467256826259,0.0001441236620774,0.0
524,35EQgtkviSXD86i7FNjCx73uPP1cqJLjaE,44.2,Medium,No,Normal behaviour -- no red flags,2,3.892381782078045,7.784763564156091,2.0007699908424383e-05,483.469762
525,3ESyirjUVsgTMc8YYnNMP8fih2CaHt5uYh,44.2,Medium,No,Normal behaviour -- no red flags,11,1.412452417749546,15.536976595245006,0.000116880242874,716463.3156234
526,1Nz1gtkxeiZPDSQe3VQ2hvh3Gmr5Q8Urze,44.2,Medium,No,Normal behaviour -- no red flags,1,1.1899922519567658,1.1899922519567658,0.0001771676659972,0.0
527,16ajMyn7Ab8qFMoeFZfefyu3rcAy5Uebq8,44.2,Medium,No,Normal behaviour -- no red flags,1,0.0917699897005008,0.0917699897005008,0.0001841458005634,0.0
528,1AqUvKca83GsViRSPbpESdakjYBRsUqYXd,44.2,Medium,No,Normal behaviour -- no red flags,2,0.999968759083652,1.9999375181673045,0.000108669555678,36517.256488
529,3MWc9Lv5sVunyrmabpPu2zKdPqE3Dc7MAb,44.1,Medium,No,Normal behaviour -- no red flags,12,3.2426691917844046,38.912030301412855,3.840245115534794e-05,567654.4210657272
530,bc1qrx82w9665ew8wr2wdwc0jj3t0jjg6qs9lmgnk2,44.1,Medium,No,Normal behaviour -- no red flags,1,0.099814109397239,0.099814109397239,0.0001858906027609,0.0
531,1EEp6t9kh6A8oQYkkWtHmtArwuTwMqFpWG,44.1,Medium,No,Normal behaviour -- no red flags,12,2.8927792869494424,34.71335144339331,6.05677854450907e-05,657342.9757583636
532,3GhGm7CJhbieUP7wkrzgJLCeHY4kZAPY8p,44.0,Medium,No,Normal behaviour -- no red flags,1,0.1,0.1,0.0001858906027609,0.0
533,bc1qf80daftaenx2k636p33lzs8yrr20d0l8mf3ucw,44.0,Medium,No,Normal behaviour -- no red flags,2,4.999944696471881,9.999889392943762,5.00336815386847e-05,14173.765425
534,bc1q2x9kav7n226u69c3t4rj5dt6nyhxrvmweww3cx,43.9,Medium,No,Normal behaviour -- no red flags,2,0.9997131525473768,1.9994263050947536,4.877441527818928e-05,35069.350593
535,bc1qr5pwvhtkk7q95h477a36uzzf24salsn34a6z74,43.9,Medium,No,Normal behaviour -- no red flags,2,0.0997917834798386,0.1995835669596772,6.979745190215832e-05,7504.544597
536,174RgoNjkUFuH4jJF7YkWzk8AwihuWp574,43.8,Medium,No,Normal behaviour -- no red flags,1,4.99999101384299,4.99999101384299,8.986157009989466e-06,0.0
537,bc1pf79zj0jf8tuy0pldcfnmucxkdcyr08h2uq0q5y6q6606346s3z0s52z42n,43.8,Medium,No,Normal behaviour -- no red flags,31,2.030232782571124,62.93721625970485,9.85930713918278e-05,236652.6578294333
538,34DTdxxhVBLPV98Pdeuij8aRjLFA4Ffj8Y,43.8,Medium,No,Normal behaviour -- no red flags,22,3.503222452868437,77.07089396310562,0.0001439911780792,327802.519852
539,3EwSJuB5hoFT1wakC6KfdxVAippAaSMKJe,43.8,Medium,No,Normal behaviour -- no red flags,23,3.594360047210265,82.6702810858361,7.10742003983963e-05,340821.3926385909
540,bc1q6wslc20xnjk6n05mhsm9d2mc9k04jkpl3kgdd8,43.7,Medium,No,Normal behaviour -- no red flags,2,0.99980437411847,1.99960874823694,0.0001182993216213,36416.99434
541,15P69xWc9eGjEhofw6QrnWzJqZHdbxHHLA,43.7,Medium,No,Normal behaviour -- no red flags,1,0.2866115810361964,0.2866115810361964,0.0001779795697102,0.0
542,bc1q3vyt4vj4wf2tzm8t5tt4ljxmgkm989x6j3hm47,43.7,Medium,No,Normal behaviour -- no red flags,1,1.8228124135509527,1.8228124135509527,0.0001634792848487,0.0
543,1BKw3EFzLZwYH9govhoZKPcRhkcdAspdZw,43.7,Medium,No,Normal behaviour -- no red flags,11,2.1001533525646097,23.101686878210707,0.0001365754521361,747241.5700211
544,bc1qdqlvmdxjtxpnfcw35njfuywh23fqsxa37yg3e3,43.7,Medium,No,Normal behaviour -- no red flags,1,4.523965081667824,4.523965081667824,1.2014317849755083e-05,0.0
545,13wzuymN4BGwStU9JEaCFayhzqWTZgQMei,43.7,Medium,No,Normal behaviour -- no red flags,20,4.087638927560057,81.75277855120115,8.787851082628424e-05,362492.0187658947
546,bc1pp7sn6yj2gyxlvxay7xg6pmhyr2463kwcl0mf2j0mwzgn676rpa3s7lh20d,43.6,Medium,No,Normal behaviour -- no red flags,1,4.6420501882579375,4.6420501882579375,1.3053568573274598e-05,0.0
547,1GNe45fAVAMgZ6wuAsVJk2gVNx2fPzJqRP,43.6,Medium,No,Normal behaviour -- no red flags,32,1.6408555596093,52.5073779074976,8.83756167530089e-05,227877.60061251617
548,bc1qq255ghc4t6r64wnuhvfgwd3lrpf80qzca4vmys,43.5,Medium,No,Normal behaviour -- no red flags,1,5.0,5.0,8.986157009989466e-06,0.0
549,bc1qa6j8kuvps2u033ejshg7fpk5wqysl3pa62feah,43.5,Medium,No,Normal behaviour -- no red flags,9,1.3794235156314587,12.414811640683128,7.376467248902357e-05,620182.434197
550,bc1qdq2npxd0yx5ztaddrxl60tdnr60cm3dswfeqgr,43.5,Medium,No,Normal behaviour -- no red flags,11,1.4736977838813028,16.210675622694332,6.840886566435812e-05,649530.8610801001
551,bc1pn9dd2xzsyx2yjpk4vkuk5u7neazz8xlqdp9z5k6mnc5ps76ew6csl9pevy,43.5,Medium,No,Normal behaviour -- no red flags,1,0.4842238681340766,0.4842238681340766,0.0001793387033108,0.0
552,bc1qav5357zdy3mxdmxeck2syjl3s27ydcu2a4vh7g,43.5,Medium,No,Normal behaviour -- no red flags,2,0.9999358294954626,1.999871658990925,0.0001410577245207,22035.660379
553,bc1qr53r7qeaew8huzy667u0nej96erzvzd5qc7h6k,43.4,Medium,No,Normal behaviour -- no red flags,1,5.0,5.0,0.0001441878585486,0.0
554,17BxTaJFStLFxFqptwGAhqcBgqv2YnuY9g,43.4,Medium,No,Normal behaviour -- no red flags,1,5.0,5.0,0.0001458818210331,0.0
555,39G84t1cMmvTcdsXs2ejbnFM4aBA42xPiA,43.4,Medium,No,Normal behaviour -- no red flags,2,0.9999712401468211,1.9999424802936423,9.50098980334626e-05,36771.968269
556,bc1q5rgwjvph9s9f43vv508gahhan9p20mnkxwfth0,43.4,Medium,No,Normal behaviour -- no red flags,12,1.1188652016225025,13.42638241947003,0.0001248369580045,643730.6281595454
557,3B4jAzL26vhQYz7NMBKixf28w21T7CT3Wj,43.4,Medium,No,Normal behaviour -- no red flags,2,0.9999954838136158,1.999990967627232,5.682377829083041e-05,36603.557145
558,38n7PxRxQr7BCzmfGsCx5AVk2nK35JNzGM,43.4,Medium,No,Normal behaviour -- no red flags,2,0.9999939914013408,1.9999879828026808,5.657306583733528e-05,36717.422377
559,bc1p67wpaun9vsrz92v68qv58d4hu8xfhx70st87fr6z86wqcg3d4amql24zpd,43.3,Medium,No,Normal behaviour -- no red flags,2,2.651155896717369,5.302311793434738,2.1922642826273814e-05,1764.874436
560,bc1qh9hjfucpt06ufm8kr9a8tzl0ysxywrc3f4a952,43.3,Medium,No,Normal behaviour -- no red flags,2,0.99982512825522,1.99965025651044,4.0957944884200594e-05,32939.565993
561,bc1pu9amreda0322c86utr2ctz7g76gd6d6s0pv8x594gwu7gr5t0cqsnae5vl,43.3,Medium,No,Normal behaviour -- no red flags,1,0.999129765647176,0.999129765647176,0.0001801249175442,0.0
562,16QHtuhH6JEFvLo72ECGW5mtbUVwGQ6JqK,43.3,Medium,No,Normal behaviour -- no red flags,2,0.9996143726815792,1.9992287453631583,4.857280768251246e-05,32335.86651
563,1PsxvRwto7VXJrDbDd35An8moSqdj3qARN,43.3,Medium,No,Normal behaviour -- no red flags,2,5.264433740498999,10.528867480997995,4.507953216515557e-05,611.068926
564,3ADzjSuukSAPBRM9ZY3hocVWWzyD7rDpkH,43.2,Medium,No,Normal behaviour -- no red flags,2,4.999983577638874,9.999967155277748,5.966099289186802e-05,18714.166889
565,3QXepeZ1hj8519eE3yYCsE4fCTXnUrykDs,43.2,Medium,No,Normal behaviour -- no red flags,18,3.929165521263737,70.72497938274726,0.0001403398175204,323124.0166595294
566,1B1DPCrEZo3E9dncR2tyrcYGc6Zn8RhSaw,43.2,Medium,No,Normal behaviour -- no red flags,2,4.999943295734362,9.999886591468725,8.621572033151666e-05,19288.198654
567,1FbxCAdEpW5vvJXLwQmMMfwbeVxXRkkgr9,43.1,Medium,No,Normal behaviour -- no red flags,12,1.166363554288749,13.996362651464986,8.439858143585423e-05,656616.8642276363
568,bc1qyq7e8ja6gfqe2hecmvqg0pfyj9y84kke7hmp26,43.1,Medium,No,Normal behaviour -- no red flags,1,6.000943608835188,6.000943608835188,6.95796096033257e-05,0.0
569,bc1q2a46q2z0fvvkw97fwnuctzvkueurj95qkna3ju,43.1,Medium,No,Normal behaviour -- no red flags,2,0.9999701203283512,1.9999402406567024,6.934311184484737e-05,36267.578984
570,bc1pvkptu5js2rzy3pl65ykmad3sn09tn2ewjvkncdj7f45m5n2jh35qgr5598,43.0,Medium,No,Normal behaviour -- no red flags,1,0.2453900306598149,0.2453900306598149,0.000181622346814,0.0
571,bc1qjw7ey95ccyteguw7cqzjmj6p7dwdpt50jpjxue,43.0,Medium,No,Normal behaviour -- no red flags,2,0.9991970597211832,1.9983941194423664,0.0001427936256282,12326.775538
572,13dMUesAci59LNEeH711RRMAir4KysfNAC,43.0,Medium,No,Normal behaviour -- no red flags,27,3.0443064370930406,82.19627380151209,9.149654799370394e-05,292940.41070873075
573,bc1qhyann0qz7w3l8wa7mdwcjyf2vwwx3ghj2ddw3w,42.9,Medium,No,Normal behaviour -- no red flags,2,0.9999335042001916,1.999867008400384,3.470044627407758e-05,22033.959523
574,bc1pj22y3587mym8vejydf7np9q3decj7pafhtls76adalxsd5jzr8uq7dgdrp,42.9,Medium,No,Normal behaviour -- no red flags,2,0.9998191097806044,1.999638219561209,7.062303196226844e-05,35049.644692
575,bc1q94n8kq8wfz5w9p0nz0xsdd7uwn5xyu34nqdvnc,42.9,Medium,No,Normal behaviour -- no red flags,1,2.1088422849202466,2.1088422849202466,0.0001615830844744,0.0
576,14HB1nTx9FEXq6jTjVA8rpin7mTYszwxbR,42.9,Medium,No,Normal behaviour -- no red flags,11,1.681584855097104,18.497433406068144,0.0001014053656228,758903.7193724001
577,3QMfkPCrhxqs5f5ST5Uyk1fSA5WLDF1mZC,42.8,Medium,No,Normal behaviour -- no red flags,2,4.99994273445959,9.99988546891918,5.6661832880441405e-05,13882.639699
578,1ArYzPxvjJGbrSzL5Mw2LMS2bxonGjsSd,42.8,Medium,No,Normal behaviour -- no red flags,32,1.5849382504144878,50.71802401326361,9.939096124821138e-05,230269.55437525807
579,1LW74Y2FXAc7VPzFeVH8dFiHmF1BLpofeu,42.8,Medium,No,Normal behaviour -- no red flags,10,2.3198182280933834,23.198182280933835,8.378986356092242e-05,804141.3378291111
580,bc1qae8rjzw3jqxv4a3tvhxxw00dnwyvu085gykszj,42.8,Medium,No,Normal behaviour -- no red flags,1,0.0911001698868217,0.0911001698868217,0.0001775008558043,0.0
581,bc1q8f8rate4ulpekm8q656peryne2lclst3ryfl3y,42.8,Medium,No,Normal behaviour -- no red flags,2,2.9808531305940003,5.9617062611880005,0.0001264356053445,528.645737
582,1CBE3v9U11vCbQxQijHeG6YtyneUtQ6tbQ,42.7,Medium,No,Normal behaviour -- no red flags,11,2.0881684409742363,22.9698528507166,0.0001758233633551,570045.7219955
583,bc1prpkmnlnzeq98v4yd70uym9nqc5hn0spmxhvd8m29q98tu0ngwdlqcmtlpk,42.7,Medium,No,Normal behaviour -- no red flags,2,0.99969948783282,1.99939897566564,0.000127611384091,22229.731638
584,1HfRpbavqs76DpSdrrHcHZVJrM2jDMXsbr,42.7,Medium,No,Normal behaviour -- no red flags,2,0.9997826608886438,1.9995653217772875,0.0001278032681376,22296.05707
585,1FCe2aTaQkVuU36CVQajmYFXk34TQQ8Dsr,42.7,Medium,No,Normal behaviour -- no red flags,2,0.9998981435051232,1.9997962870102464,5.62274224695848e-05,33354.10714
586,1KrU9jzP7VaK5YrKkYr7FDYVkKhAgevtY,42.7,Medium,No,Normal behaviour -- no red flags,2,0.9999831945650516,1.999966389130103,8.947647458182045e-05,36801.565426
587,3LaecQ9CUoSFvvWjgVzRh25fMTU1hSB1Pc,42.7,Medium,No,Normal behaviour -- no red flags,1,1.980500498178196,1.980500498178196,5.226089964797069e-06,0.0
588,bc1qsjy2w5yzvqs89p6nwfrnen2g2n0k497xw29jf8,42.7,Medium,No,Normal behaviour -- no red flags,10,2.183803026920439,21.83803026920439,8.967375146690161e-05,791111.8140115556
589,3LEepbcvygCouSm3fBsF1KFnu32AmEvdf7,42.6,Medium,No,Normal behaviour -- no red flags,1,4.999926191234456,4.999926191234456,1.1876702618414569e-05,0.0
590,bc1pac2x67dlm8rnfnq84jv8jry27k70hk64qulkjsj0hnzkv3kelzwqju43n6,42.6,Medium,No,Normal behaviour -- no red flags,1,0.9993731088165227,0.9993731088165227,0.0001773147158425,0.0
591,13LwB4ZwBjRrVsxVvy9PbczFx71sqXQc6i,42.6,Medium,No,Normal behaviour -- no red flags,23,3.6255272900147024,83.38712767033816,7.825202677803993e-05,344801.6148710909
592,bc1p6yzg4zhyptjawpjwaxwhmla9pgx7upl6rls3jm5237stt6qldd2qyv7acc,42.6,Medium,No,Normal behaviour -- no red flags,2,4.999882455849556,9.999764911699112,0.0001062010280517,13757.047307
593,bc1q0kaueqaq8gxxxu0ddegdx9fygtm2y037zsttky,42.6,Medium,No,Normal behaviour -- no red flags,23,3.7123445543352,85.38392474970956,8.071753590878422e-05,327288.2341482727
594,12zn5RGtDkfZQEQvJLHH9o7jfr6dsDBnZv,42.6,Medium,No,Normal behaviour -- no red flags,11,3.239397127402074,35.633368401422814,0.000105957887777,686819.9620856
595,3HBqcJbDvR1oZo8vMqwRyj5GMxHKvN2LbJ,42.6,Medium,No,Normal behaviour -- no red flags,23,3.710329385835368,85.33757587421347,8.270452682358046e-05,342209.4860487727
596,bc1q6nzd3k23qk5zaa0ucft8ze4n3uzm4qs90n5347,42.6,Medium,No,Normal behaviour -- no red flags,2,0.9996475691477302,1.9992951382954605,7.451433758896798e-05,35155.429444
597,1FbJEaQo62cTj6pBnWGRz2Cj4RL5pz2nT1,42.6,Medium,No,Normal behaviour -- no red flags,2,1.4340878752341952,2.8681757504683905,0.0001451373645658,1693.875191
598,3MCUSHZDH9TNeSE25j4cko7H5NbNcqMtCG,42.6,Medium,No,Normal behaviour -- no red flags,11,2.190609881005511,24.09670869106062,0.0001342752644004,731141.2382196999
599,3FmKgzXefyiZjMXWF5AQBggAWHzrDMmJcg,42.5,Medium,No,Normal behaviour -- no red flags,2,0.9998659175002044,1.999731835000409,7.172037565008352e-05,34434.246719
600,bc1p8jlrdg8mn0kae3m3cmjfjsv8xxfgkxztp2qfy4pkl9effvsda5rq59qftm,42.5,Medium,No,Normal behaviour -- no red flags,2,2.057618853291568,4.115237706583135,0.0001292996872167,164.818595
601,19z6MD7xVqCBq5RZpDC3XJgxxcANoxfCZB,42.5,Medium,No,Normal behaviour -- no red flags,2,2.7953026985584115,5.590605397116823,0.0001265496681419,1384.617166
602,1EDiJSfKqTPvjkHJMQ5WPzT9gMKEb5iV8q,42.4,Medium,No,Normal behaviour -- no red flags,1,4.99998871370137,4.99998871370137,1.1286298630051248e-05,0.0
603,13jLtniVXGNnmgJFoMAr72bhK2f7HZhzuw,42.4,Medium,No,Normal behaviour -- no red flags,10,1.6849951186106988,16.84995118610699,9.992229915156818e-05,723675.6067944444
604,14ZtDNKUyQ6jV3DdwfLgXkyNAeL35Bqst7,42.4,Medium,No,Normal behaviour -- no red flags,1,4.999975053779416,4.999975053779416,1.179539030153934e-05,0.0
605,3991Awqjv1SYwvQTLTNc84gx1uPpZG5ERB,42.4,Medium,No,Normal behaviour -- no red flags,11,1.5492939133612702,17.042233046973973,0.0001779728764614,386775.8211598
606,3JgBVC1WWm6N9gFApEDXnGzb62Wmppmuvi,42.4,Medium,No,Normal behaviour -- no red flags,31,1.463382000997709,45.364842030928976,8.598215257775993e-05,239563.3623707333
607,1Aq5W2wki4zkNo55WCDbWx87mQxCPKdJkg,42.4,Medium,No,Normal behaviour -- no red flags,11,3.420552510092308,37.62607761101538,0.0001039093415427,644521.0781195001
608,bc1qg4j2sqzd9n2cqgpkqfzfur7vgy2jz47748pdqr,42.4,Medium,No,Normal behaviour -- no red flags,1,5.022042229406663,5.022042229406663,1.2415668858839571e-05,0.0
609,1CgNVCEoSmRD9ymBYi5A4GbepFGVPJF5aw,42.3,Medium,No,Normal behaviour -- no red flags,12,3.303425159286885,39.64110191144262,0.000110795262454,696780.1589621818
610,bc1qesar9mle0lc9q5zmzn0j48vj77rgg7jvv88vgl,42.3,Medium,No,Normal behaviour -- no red flags,12,3.090236798780688,37.08284158536825,0.0001377812164587,628730.1507679091
611,1KevqdPny51iZRWrdF2bPJ2QZNx3oMTajo,42.3,Medium,No,Normal behaviour -- no red flags,32,1.4552805928364885,46.56897897076763,0.0001076096083874,241933.8115513872
612,1HtyoyDNdzncFkpycpFwnLzJvbirkiDjdJ,42.3,Medium,No,Normal behaviour -- no red flags,13,1.4748674017675254,19.17327622297783,4.654029806087528e-05,639817.9319694999
613,1KHpUoABgWVgs8sGjzUZuEWWJRcwj8juDR,42.3,Medium,No,Normal behaviour -- no red flags,1,1.891438046561088,1.891438046561088,1.496554646390041e-06,0.0
614,bc1qn6zxw87zftuq9hvggy5stm2fhsgzgs5mujp7j7,42.2,Medium,No,Normal behaviour -- no red flags,22,3.65837825005291,80.48432150116402,0.0001106564760598,284472.21876576194
615,bc1qazannplj6jkk9scdpuxp8qt42hh3fnfumh583v,42.2,Medium,No,Normal behaviour -- no red flags,2,4.9998999326369225,9.999799865273843,7.98004834358933e-05,16942.410938
616,3Q8dEfa4WKe2wUNNRcf7uZBitYL6mCNVXn,42.2,Medium,No,Normal behaviour -- no red flags,12,1.0196693985264322,12.236032782317189,6.537036676806353e-05,573509.4407228181
617,bc1qpf6ljhdr8uh642jdgmt9fzh0dheasnhvdvcuvg,42.2,Medium,No,Normal behaviour -- no red flags,30,1.6038763463911785,48.11629039173536,0.0001396991687621,258740.5590928621
618,1LP9FZ2cqsNwifkNR5ZCZCFoNfap2srsNh,42.2,Medium,No,Normal behaviour -- no red flags,1,5.0,5.0,1.1286298630051248e-05,0.0
619,1EjuqGHCT8C8UhvzrZ2TBndxDX78g8sSv9,42.1,Medium,No,Normal behaviour -- no red flags,1,5.0,5.0,1.3150830282812376e-05,0.0
620,bc1q3t783chq3lc0l6d22aseunazppgmnhes0gzjsm,42.1,Medium,No,Normal behaviour -- no red flags,23,3.4832420038261485,80.11456608800141,6.231535414459092e-05,342719.9857985455
621,bc1qde8z936gztc94ake0as544tr2t9rmmcnyn35fg,42.1,Medium,No,Normal behaviour -- no red flags,1,4.999862130878706,4.999862130878706,0.0001378691212939,0.0
622,bc1q8ryrz429sph0ljlg63a0mdzgr524yc06ueekze,42.0,Medium,No,Normal behaviour -- no red flags,1,5.439165347366081,5.439165347366081,2.751682973745356e-05,0.0
623,1GkdZ38iH98tHRWeUyKqpyY2EV27ytf5tv,42.0,Medium,No,Normal behaviour -- no red flags,9,1.6667288777189222,15.0005598994703,0.0001090267213872,666401.189252375
624,bc1qgjyv4dp33yzezkx8nhdw6hajgea5wfcas4v08l,42.0,Medium,No,Normal behaviour -- no red flags,2,1.8635210764541512,3.7270421529083024,0.0001258392594636,755.441364
625,3BEBiWvvCm12A5rxqkxzrGnQtHid8GjBhW,42.0,Medium,No,Normal behaviour -- no red flags,2,2.781375752767084,5.562751505534168,0.0001263455872816,988.773384
626,1CYVc7jRUmtzpajaBxnVuK5AScwt73E8hL,42.0,Medium,No,Normal behaviour -- no red flags,10,2.065037456193076,20.65037456193076,9.12021691154873e-05,798854.8314494445
627,bc1q75hrmvwk472qqfx7lxdj3hx2udznschu63umte,41.9,Medium,No,Normal behaviour -- no red flags,1,4.999026625261076,4.999026625261076,0.0001312887317198,0.0
628,1AmqS6HtRMYTVTx3RpbkzVuqnCMEio5PtF,41.9,Medium,No,Normal behaviour -- no red flags,2,4.999718320222038,9.999436640444076,8.774161064353488e-05,17574.075534
629,3P9psWAqC4Uu1bh5id58Np6RquUFAdwE84,41.9,Medium,No,Normal behaviour -- no red flags,10,2.242427825167576,22.42427825167576,0.0001058290759994,737442.9424013332
630,1LeZBTM94oGon2FWJ3VS4rMUkNzm9xxg2y,41.9,Medium,No,Normal behaviour -- no red flags,2,0.9997867764352496,1.999573552870499,9.163613018357632e-05,35239.495718
631,bc1qxneq4pppv7s2m2qseu9ual0l3qyf8a2cl5y4uk,41.9,Medium,No,Normal behaviour -- no red flags,23,3.731357161561686,85.82121471591877,0.0001004890376426,324186.8715263182
632,bc1qx8f8ekr20tx0maeu4yx3y9n48wvj0lvetjyv5z,41.9,Medium,No,Normal behaviour -- no red flags,13,0.8842946063497299,11.495829882546488,6.590901825139122e-05,579303.0450945
633,bc1ql62wadmwxzarwdv8psktz7asyqelktvm8t923s,41.8,Medium,No,Normal behaviour -- no red flags,1,5.0,5.0,0.0001378691212939,0.0
634,1HMJpkxbpfqtFEdNQGwYGMaPWcZFPVMYoY,41.8,Medium,No,Normal behaviour -- no red flags,2,4.999855812141451,9.999711624282902,7.706844265195184e-05,13401.16577
635,175XY2UEVZT2rvZCJnegyyt8kFjw37ABsk,41.8,Medium,No,Normal behaviour -- no red flags,13,0.8919272709892353,11.59505452286006,6.577677248229412e-05,583643.0614635001
636,bc1qml0r42kjge0n9df5w873cjmqjprmhwp7w3fnnp,41.8,Medium,No,Normal behaviour -- no red flags,1,0.3917061600793349,0.3917061600793349,0.0001746339146016,0.0
637,1DPNChk8gm6dPbHbBwZhwR3Umbv9ifWh4Q,41.8,Medium,No,Normal behaviour -- no red flags,1,5.076490189272623,5.076490189272623,0.0001248905164239,0.0
638,1PUYHQ9o1WVkZtRYVdYmg4i2PiucjkeQGD,41.8,Medium,No,Normal behaviour -- no red flags,29,2.673342840820687,77.52694238379993,9.439690523789783e-05,274441.33207778574
639,bc1qmsq793hyzmlp8ply60n6vzaq6c92sksngmx0gd,41.8,Medium,No,Normal behaviour -- no red flags,10,1.4635340778967822,14.635340778967825,0.0001476944899518,542970.6369227777
640,bc1qe79m3utv84tpvfck2c82mjuccfgw4e6eeswln9,41.8,Medium,No,Normal behaviour -- no red flags,26,2.9405569747081097,76.45448134241086,0.0001376590347004,294409.17929568
641,bc1quyhg65ppzezl7eun9rj4ttqfkakyyljyhryem7,41.7,Medium,No,Normal behaviour -- no red flags,20,3.712019224763728,74.24038449527453,0.0001455553426476,388399.8708625789
642,1CjfPwwF32WDqb9G9Yo4cLDdZkdphWETXV,41.7,Medium,No,Normal behaviour -- no red flags,1,2.777570891319508,2.777570891319508,9.971718323053744e-06,0.0
643,bc1qdg5lvmrf7jlv74q7v4dpkjtctz6nun6x2xcv2u,41.7,Medium,No,Normal behaviour -- no red flags,1,5.198762729235842,5.198762729235842,2.038036282025204e-05,0.0
644,bc1qyrapgy7h5rgs05506tq9mtleexlhxgjmy09453,41.7,Medium,No,Normal behaviour -- no red flags,10,1.716361642431789,17.163616424317887,0.0001233883824314,693263.4417773333
645,bc1p0g8vj6wx6x5vt66dy85cmaa8twz46yqxr33n3ajum5rpa9k52c3swcra25,41.7,Medium,No,Normal behaviour -- no red flags,1,1.806634126803768,1.806634126803768,6.524337639619632e-06,0.0
646,bc1qqmtj3tmhgt7npt8f62p3azc6f6ea4mltx0fp9v,41.5,Medium,No,Normal behaviour -- no red flags,1,0.6859432473027703,0.6859432473027703,0.0001654212729716,0.0
647,13PcgwJsxgC26Rt2rUE2YExnnQAhZf2Max,41.4,Medium,No,Normal behaviour -- no red flags,2,2.5784499132875887,5.156899826575177,0.0001356503386925,341.240356
648,176eZ9otk4nhj4wi4FNEfj87Kty2yGzxZV,41.4,Medium,No,Normal behaviour -- no red flags,1,0.2101843033401269,0.2101843033401269,0.0001740661267481,0.0
649,3EZx2Q3aZDCmDbe45CNeLeQwvnXKwkqv71,41.3,Medium,No,Normal behaviour -- no red flags,12,3.012599645613195,36.15119574735834,6.606402138648747e-05,648054.7483185455
650,bc1pxlvpt409f4kayfclj0wdxuxdru2qu4pjxukrmz7m524akxtrn9uqdah4m4,41.3,Medium,No,Normal behaviour -- no red flags,1,5.0,5.0,0.0001322950039381,0.0
651,16MtwsDtizyptQSm5y4bVbQPAH8mZ8yfFm,41.3,Medium,No,Normal behaviour -- no red flags,2,0.9996377747904692,1.9992755495809384,9.012696788824432e-05,32634.132953
652,3D1ibJVZei9RU7B3LJgkdiARXiBREFg5HY,41.3,Medium,No,Normal behaviour -- no red flags,2,0.999428328168834,1.998856656337668,8.926178025864053e-05,32647.803956
653,bc1qugsmk2qkhpsup2hxkegahl52zm2s6acsygq3vg,41.2,Medium,No,Normal behaviour -- no red flags,2,1.7081451614604592,3.4162903229209185,2.180361781534044e-05,217.448954
654,394Fdun5t6GnBTNAgNq5aovzW52JznA7pR,41.2,Medium,No,Normal behaviour -- no red flags,2,2.321209228620173,4.642418457240347,0.0001361096632015,1467.328613
655,3MpvKJmHqAZPe1PL6xAkXgH4smwV3n8e7p,41.2,Medium,No,Normal behaviour -- no red flags,1,4.978481263682431,4.978481263682431,1.914226309437235e-05,0.0
656,36pLFcWqwHJC3poDWmsJtMaoqmh66PKxJ4,41.1,Medium,No,Normal behaviour -- no red flags,10,1.6387110005014556,16.387110005014556,5.162912329231895e-05,578435.8335568889
657,bc1qvyrqakpfjwx0qmsd8qz3m6ej34rqr4r4ejxljh,41.0,Medium,No,Normal behaviour -- no red flags,11,1.5938060556901836,17.53186661259202,6.850649548263437e-05,665434.2070969
658,3EKmS8QG7HoVPkRKAvvaukZV7jmU7LyprF,41.0,Medium,No,Normal behaviour -- no red flags,2,2.316830841086309,4.633661682172618,2.89277496757396e-05,1097.018236
659,bc1q4kexpflzn3xc5c80r70zx58d0m0jxc3eck7rdk,40.9,Medium,No,Normal behaviour -- no red flags,26,3.131634140698816,81.42248765816922,0.0001111348059899,286945.96533184
660,1M261k8WkftfToqn1o4g6EYLTuASd2XdiY,40.9,Medium,No,Normal behaviour -- no red flags,1,2.0633559992717974,2.0633559992717974,8.93357484077182e-06,0.0
661,bc1qsnwdk5anych2undtmt3vh2f02vs22wgj45vuy2,40.9,Medium,No,Normal behaviour -- no red flags,13,3.152223667959802,40.97890768347742,4.338435861368486e-05,568887.3526618334
662,37g4xmQV9DxMrigFHB8monwMZzVhBAFFKd,40.8,Medium,No,Normal behaviour -- no red flags,23,3.636093909489137,83.63015991825016,8.891258312553788e-05,320551.5236938182
663,bc1qxjdpdtjw858na3vdvewph4pvq7snmrdlwmx09j,40.7,Medium,No,Normal behaviour -- no red flags,16,3.992312437874184,63.87699900598695,0.0001241308325814,486846.2032167333
664,3KVHdaeVNv2qmJY89NmC1GedrDsRW99G8f,40.7,Medium,No,Normal behaviour -- no red flags,14,0.7488334358909421,10.483668102473189,0.0001484728493101,415592.6183523077
665,1BFuqzB5bFd5WvmLT5hPKxNs2sBf3Q3R4J,40.7,Medium,No,Normal behaviour -- no red flags,18,4.23516024221974,76.23288435995532,8.998592109334897e-05,419886.1266090588
666,bc1ptdce9fz7uquwuk9e652esp4schsr5s6naxetd9lf978aakg5c0yqvaqc2p,40.6,Medium,No,Normal behaviour -- no red flags,2,2.5704383587323774,5.140876717464755,3.248912572675679e-05,953.438266
667,bc1qmmu4lcm72zdy2fmvr0e7fcq9guu49656ccjx2s,40.6,Medium,No,Normal behaviour -- no red flags,2,4.586234753916836,9.172469507833672,3.725392488536346e-05,1732.779501
668,3LhSGrDsmLTHJrwUfQpjosDmmtZDizCEsw,40.6,Medium,No,Normal behaviour -- no red flags,11,1.238399722891746,13.622396951809208,5.390951688275576e-05,539445.3089163001
669,17GQM9wPZhhyNr1KSBita6FBvdmyQ534qe,40.5,Medium,No,Normal behaviour -- no red flags,2,0.9999685690065202,1.9999371380130404,6.113867314554878e-05,22640.628877
670,bc1qc584xhs3udfx5c6vtjtu2jwa0zzqqmqu34wzg0,40.4,Medium,No,Normal behaviour -- no red flags,1,5.0,5.0,1.6422361126236048e-05,0.0
671,3EC58yXfCF92gyQL4CsKTV8yVaaabW16t8,40.3,Medium,No,Normal behaviour -- no red flags,22,3.788861682462284,83.35495701417025,0.000100657770196,347177.42306047626
672,bc1pg6z4c66k9xxnv28zx2gy7n4aef5m5e3nglufw0dzfpk5xgdpq4as26tqqj,40.3,Medium,No,Normal behaviour -- no red flags,17,4.281731409875769,72.78943396788807,9.598467061801656e-05,429233.8680223125
673,1MVV5rY1hF3se7kGa1UbFDXhFSiy6J4Frt,40.3,Medium,No,Normal behaviour -- no red flags,17,3.432615731725561,58.354467439334535,0.0001576847571569,474728.7075358125
674,bc1pcn4n29s0hvxmqnjnaysrfl8jz3ss6udw2l9tnwyt470h770dyvuqkhsjek,40.3,Medium,No,Normal behaviour -- no red flags,2,0.9998324443307278,1.999664888661456,4.433336908223159e-05,11575.304803
675,bc1qytqw06cxvamkq2n2lgnwgrxtl8v00sgrryjjhj,40.2,Medium,No,Normal behaviour -- no red flags,2,0.9997176460962608,1.9994352921925207,3.7379765082678535e-05,11706.699445
676,1G4hUnKzDbtXw2CNpRpwUXpcH4LzjMz8HV,40.2,Medium,No,Normal behaviour -- no red flags,11,2.154907405405437,23.703981459459804,7.498498103249333e-05,760283.3415827
677,1LKTtWqSgmYYiv5KmFbA5piLnY35ygkyUZ,40.2,Medium,No,Normal behaviour -- no red flags,11,2.555978546629787,28.115764012927656,0.0001037032161183,749278.1220943
678,1LmcRaJ4fezKxBWRe3fmbQ6hBPEzZ7k7Yv,40.2,Medium,No,Normal behaviour -- no red flags,2,4.904475464483364,9.808950928966729,4.278702838137302e-05,929.672138
679,bc1qzt8pczjr2z93lxxgkv6rn0eu7yfe04uu32uzzc,40.2,Medium,No,Normal behaviour -- no red flags,2,0.999809980203933,1.999619960407866,0.0001081945997348,22497.376299
680,1DTR9xh34XDf9bevj4ZjoofEL9owCraiHC,40.2,Medium,No,Normal behaviour -- no red flags,22,3.510357347918701,77.22786165421142,0.0001344085199135,328314.64391195244
681,1L1YumFUhdkNQeooEYrm2TSFByzYhfp8yd,40.2,Medium,No,Normal behaviour -- no red flags,11,1.7575675753872195,19.333243329259417,0.0001111976596902,723771.3404574001
682,bc1quxexxqhhddh7dy7f59mrrzmayjudzvznkwugs5,40.2,Medium,No,Normal behaviour -- no red flags,2,0.999761629363168,1.9995232587263363,4.666193871544159e-05,12008.285294
683,18u4ycn8pGsTPFZXMFf2Ya9qJHTWEg1Yzj,40.1,Medium,No,Normal behaviour -- no red flags,16,3.5103753050289046,56.16600488046248,2.831737121121416e-05,445163.44917433336
684,bc1qrjx2gcfpc5ulxr4gkhpczctdu7r7vsz45d5svx,40.1,Medium,No,Normal behaviour -- no red flags,2,0.9998210470508364,1.9996420941016728,9.82090649009763e-05,22419.319622
685,35G6hBvMT4y4FrxFYxPzzHgsz6wu8ZF2tN,40.1,Medium,No,Normal behaviour -- no red flags,1,0.109741728640597,0.109741728640597,1.6053998132644784e-06,0.0
686,1GAQbPKkhMCGNDWkgE7isKREqFh3Tgp6HH,40.1,Medium,No,Normal behaviour -- no red flags,13,1.5235404473546577,19.80602581561055,4.223143192667448e-05,615142.5246243334
687,1FsjRWzkJ85BAvtfFr6aSvWphpV1fAFaBq,40.1,Medium,No,Normal behaviour -- no red flags,11,1.7024775500350289,18.727253050385315,0.0001560816282864,549190.7774280001
688,1CT76zpNmgPhgyZJYuoqa5K1ZSTS9bsPte,40.0,Medium,No,Normal behaviour -- no red flags,1,2.38172569482511,2.38172569482511,1.409313907295257e-05,0.0
689,bc1qu7qr2vfzx9ln4y5e05n92lxsz9p3k68tyu5duw,40.0,Medium,No,Normal behaviour -- no red flags,1,5.461363474934839,5.461363474934839,5.814432568312757e-05,0.0
690,1Q69o7VTb5yz5VAhV5L4o8JdaDPtgoLpa,40.0,Low,No,Normal behaviour -- no red flags,1,0.1216726799180691,0.1216726799180691,2.022817941598783e-06,0.0
691,38Beh7rDh6ejLntcLuLDZat6GGijHuZMqZ,39.9,Low,No,Normal behaviour -- no red flags,11,1.83515231202368,20.18667543226048,4.732972500417027e-05,611149.6078896
692,1DBg1YhEJ3La2BR8FuwVDWMefDZCfg5BqB,39.9,Low,No,Normal behaviour -- no red flags,12,2.573761377918491,30.885136535021893,0.0001408139182642,646296.2567644547
693,1BVmnKpr7SBMtvuNERgEB9nHqXXgHSmfWi,39.9,Low,No,Normal behaviour -- no red flags,2,0.9998613137763104,1.9997226275526203,0.0001051545135208,22294.109111
694,bc1pfaf2xx0v3ecv6ajzv9hvvufvyct0prk8688rqa4halvqntzw8tqsl6dy00,39.8,Low,No,Normal behaviour -- no red flags,1,4.999979885968529,4.999979885968529,2.011403147066933e-05,0.0
695,16sWwq4P9i9otL8VgwzHCgByExHrEe5b3w,39.8,Low,No,Normal behaviour -- no red flags,13,4.19637765554728,54.55290952211464,6.300811756413481e-05,529596.5086276667
696,bc1q70wnq3ge7fw8s6uvymd3rdjx9dqgaqpw3lns7e,39.8,Low,No,Normal behaviour -- no red flags,1,0.6413707121694571,0.6413707121694571,0.0001554380862602,0.0
697,32k314CBV7jejkfJp2Z12SKG72YyXgs3xu,39.8,Low,No,Normal behaviour -- no red flags,26,3.159027156856742,82.13470607827529,0.0001055010440589,297398.61982184
698,bc1q84rzxgr7e9npkhht5pgcf6whejx0mztjzmmvfn,39.8,Low,No,Normal behaviour -- no red flags,1,0.1035108466133462,0.1035108466133462,1.261415616503813e-06,0.0
699,bc1q62fwy8jkmvm0f090yvhaf6y6qhwptxw7g3rrk6,39.7,Low,No,Normal behaviour -- no red flags,12,2.725614617867563,32.707375414410755,0.0001732365422771,419555.8882084545
700,bc1quw5a4rvaaqkjk0xjezda76fqwvx9j2jl97vv6m,39.7,Low,No,Normal behaviour -- no red flags,1,2.08310614621259,2.08310614621259,1.0209227809449868e-05,0.0
701,bc1qrz9d4gwmkurxfgqgc2wqct6plrnum6juqqj2u9,39.7,Low,No,Normal behaviour -- no red flags,17,4.050848777201098,68.86442921241867,8.352168619846825e-05,457268.3022236875
702,bc1qz2czesajeuc377xfv72wxscj0xygaaz6x5ucnw,39.6,Low,No,Normal behaviour -- no red flags,2,2.125842717373492,4.251685434746984,0.0001119732381691,1720.881509
703,bc1q6pcnqn3jnvep4jhznh2qxdfpfhnzh97nvfjskm,39.6,Low,No,Normal behaviour -- no red flags,1,0.4875566051264639,0.4875566051264639,0.000160659136758,0.0
704,bc1q830kphk5a86pncwn3gsv2fmgvxfr9kcz6zpu3v,39.6,Low,No,Normal behaviour -- no red flags,1,0.1020843546123319,0.1020843546123319,2.3707243068622523e-06,0.0
705,bc1qgmy3aw307cdywv78rd6jdvpus5u8jm3malkmr2,39.6,Low,No,Normal behaviour -- no red flags,1,1.942100900983749,1.942100900983749,9.405116050419089e-06,0.0
706,bc1qry0revtwtwcpskew83eq85awe4e4rhwu049zmm,39.6,Low,No,Normal behaviour -- no red flags,1,1.888435278352229,1.888435278352229,9.06187136245818e-06,0.0
707,1ApoW5Zz3HuFKmrJM6AdsKPnQNKbVmCaZ1,39.6,Low,No,Normal behaviour -- no red flags,2,4.382135527431609,8.764271054863219,0.0001014991927926,1792.018149
708,bc1q3kxgwsmntqh4jlfj8p5cuphzegry47246jap5n,39.6,Low,No,Normal behaviour -- no red flags,16,4.09361333764313,65.49781340229008,0.0001111008024607,489439.01465006673
709,bc1p5g7slgzscrzmzlefjtm7mvsfxh6dq9qu9wmas2kws2jtkk4wjl2s9mxs3v,39.6,Low,No,Normal behaviour -- no red flags,12,1.8624996968976504,22.349996362771808,0.0001885181392768,494203.8082194546
710,bc1pcx2zqvq52y3ee6gkt34fkt2gckkzp5sr6cdctf3wq7ugxsmeqjkspz6znf,39.6,Low,No,Normal behaviour -- no red flags,9,1.907799278309052,17.170193504781466,0.0001015534627941,683161.62589625
711,1P6jnUmKxhNdRo81P7XTdXHeGfYW3XUutL,39.5,Low,No,Normal behaviour -- no red flags,1,0.2515197650305538,0.2515197650305538,1.4440620026034672e-06,0.0
712,34tuyk31Fv6igr4RUJ2VzEpaMy98cfAeGj,39.5,Low,No,Normal behaviour -- no red flags,1,0.2551228007617942,0.2551228007617942,4.915436890249634e-07,0.0
713,bc1pwpthan90hgvdjgn0lj5xg422yms8ajtjp9fmkqcd3dxxqa8mu7hqrszf2e,39.5,Low,No,Normal behaviour -- no red flags,2,0.9997634013567572,1.999526802713515,7.840248536977012e-05,22616.975146
714,bc1qx0z72a6c4ffrtwkjffy2s9ue83s9thr3rznm5y,39.5,Low,No,Normal behaviour -- no red flags,2,0.9995504235323652,1.9991008470647305,0.0001206319325282,12438.511577
715,bc1pn3sm0398f2zdd0l3eynevd8vr3w500nmxmsp7flme378gyp6nndq25853d,39.5,Low,No,Normal behaviour -- no red flags,2,2.4489758428925885,4.897951685785177,0.0001247846784885,334.877059
716,1FgBZ1zi14aS1Knjp2GLtCALPXXRnQtPyR,39.5,Low,No,Normal behaviour -- no red flags,12,1.642930265179105,19.71516318214925,0.0001364025840059,663913.9122629999
717,bc1qwx9n0eqh3af4r2wynnv7r2g6s746uxthrwy706,39.4,Low,No,Normal behaviour -- no red flags,29,2.64489122619324,76.70184555960395,9.900384644807185e-05,272605.44884267857
718,bc1qzdu98zzm9hxr7nrz8jwuyhzl742az2t3sqvukc,39.4,Low,No,Normal behaviour -- no red flags,31,1.7070665885775242,52.91906424590325,0.0001047796508293,240479.1703794667
719,13wjkxptWjLCEHUHuP1atPaKP24CPbZwQZ,39.4,Low,No,Normal behaviour -- no red flags,1,4.999598873834228,4.999598873834228,2.366819129566642e-05,0.0
720,3GCQbBXbFnwJqreB7MsesSzFsdd44coBQt,39.4,Low,No,Normal behaviour -- no red flags,1,5.0,5.0,2.110009146526064e-05,0.0
721,3JXmnA32Ys8maTUEmvW4LQFEzc8EdvfqFR,39.4,Low,No,Normal behaviour -- no red flags,11,2.1349999042450034,23.48499894669504,7.785568397773093e-05,768368.9023978
722,3PkkeoZyfJwbj9aFzAqcHEmKNaZjvRPn4m,39.4,Low,No,Normal behaviour -- no red flags,1,5.0,5.0,2.011403147066933e-05,0.0
723,bc1qsezwr2dh9qn3qmlunpr2y0lsh9camtdf00jg0t,39.4,Low,No,Normal behaviour -- no red flags,13,0.9523241171085524,12.38021352241118,0.000134946642802,530040.9014228334
724,33iXYLQtcXWFGqGzHcsBoXoSpCRJ9K2HL8,39.3,Low,No,Normal behaviour -- no red flags,18,4.174173651523919,75.13512572743055,0.0001172648810521,411331.8276817058
725,bc1q7chpnrl6e070qtv8psngtfj8u4l4macjznwt2l,39.3,Low,No,Normal behaviour -- no red flags,12,3.440166863475765,41.28200236170918,0.0001138482495953,611880.1406145454
726,3Bj1ESAg9RyLD8Mna5meM3j2W72qSQx6rN,39.3,Low,No,Normal behaviour -- no red flags,1,4.848397175610681,4.848397175610681,3.224745895546099e-05,0.0
727,bc1q8du8qumspxxnqy46vtggmfeejhd68dzwjthsv8,39.3,Low,No,Normal behaviour -- no red flags,16,4.174746931294592,66.79595090071348,8.304017313065416e-05,469805.1289984
728,bc1pq6tljq4enygph92tdpgcsgvdsq30wpladaqscpy7us5m46dazmxq3rws2a,39.3,Low,No,Normal behaviour -- no red flags,2,0.9999468899780568,1.9998937799561127,8.557738088743605e-05,22274.612829
729,bc1q2mcd9yqs50zpgu0hq5ylegmrrcv2fgq8jxwgxc,39.3,Low,No,Normal behaviour -- no red flags,1,0.1585437531350613,0.1585437531350613,0.0001650568776456,0.0
730,bc1pqx26aqqv0juq6qayxpke49cmjmt72wdypn9j5yv05v9y33qs4keszrlkcc,39.2,Low,No,Normal behaviour -- no red flags,10,2.223282447850564,22.23282447850564,0.00010852723454,715323.1153438889
731,bc1qvg8uelyxmxg7wsg0x686kp2kn876ncp92xntlu,39.2,Low,No,Normal behaviour -- no red flags,1,0.1909868387000697,0.1909868387000697,1.285012747923709e-06,0.0
732,1P5i9149hGXsQ8cvxYE9HSe924rsLt9RkP,39.2,Low,No,Normal behaviour -- no red flags,24,3.4279248035209977,82.27019528450394,0.0001159059648313,316858.65760539134
733,18Sv1wi1dAkZ8HkkXWbvWRsUmgEC2Wrmzk,39.2,Low,No,Normal behaviour -- no red flags,1,0.3341322475160693,0.3341322475160693,0.0001579495475499,0.0
734,3D2hPnaf2Z7Fse1wGKHtDF9s2WFydiDLeF,39.2,Low,No,Normal behaviour -- no red flags,11,1.7501483486874685,19.25163183556215,7.553794576787377e-05,715988.498836
735,bc1pz5ejvgx57v7kkzltknu49mvm38nk5kvskdd9akztrxt46f8j3g8q0p4hll,39.1,Low,No,Normal behaviour -- no red flags,23,3.573528555380272,82.19115677374626,0.0001153433213223,339836.3466201818
736,3PyzXzRp2dtq3XYpewa4AFNxuhXDagtGfg,39.1,Low,No,Normal behaviour -- no red flags,12,3.0016929811972424,36.02031577436691,0.0001244532886384,663026.4578765455
737,1G3U8fShMsTAszELhpY4J3FobKXWTwtMc6,39.1,Low,No,Normal behaviour -- no red flags,30,1.9279038730939568,57.83711619281871,7.69471482336387e-05,244835.90561913795
738,18ikRtwV22SfN9mMsfbug7X4FQcakQYRtm,39.1,Low,No,Normal behaviour -- no red flags,1,0.2462162847364172,0.2462162847364172,4.943425494278272e-06,0.0
739,bc1quq6nhmgf9q9wdu2yukkkulrfgshmxjrnddk8z2,39.0,Low,No,Normal behaviour -- no red flags,1,3.9088647798581815,3.9088647798581815,2.5699980133647698e-05,0.0
740,3ARQ46hDbJiqPzitXrgfwCDkWz5g4vYSF8,39.0,Low,No,Normal behaviour -- no red flags,11,1.820232316302519,20.022555479327707,0.0001249728347517,696405.3846953
741,bc1qn48dr55jedhejmfrygf0wl798dsvt7rena4h8d,39.0,Low,No,Normal behaviour -- no red flags,1,4.583982368092727,4.583982368092727,0.0001167718567408,0.0
742,bc1qd5l8096c3nvcgjuhcxwrstslg5a828zx9qewng,39.0,Low,No,Normal behaviour -- no red flags,2,3.3888923825494084,6.777784765098817,0.0001044508674499,1110.07358
743,1Nv6RxYEHmEywhjw3pZi63JogRc1AuL8Hr,39.0,Low,No,Normal behaviour -- no red flags,2,0.9994178264049404,1.9988356528098803,0.0001042592001414,12183.55225
744,1DkNLBstaiF4CqRpV4nuz6eiRhQnGKZXdB,39.0,Low,No,Normal behaviour -- no red flags,13,3.688142257172184,47.94584934323839,9.34911818568882e-05,606465.9782989166
745,1My8qWmcsuwFDjLVTzhFgUjoXiJmTmfLiW,38.9,Low,No,Normal behaviour -- no red flags,2,2.9027493987035933,5.8054987974071866,7.911689512762494e-05,1483.970869
746,15giGXYkFcz4UPsR2hYQSQPokZXZq1VZVd,38.9,Low,No,Normal behaviour -- no red flags,9,1.8784528325150087,16.906075492635082,0.0001039293246273,650169.132719625
747,bc1qs543qp3surwt68y6rvdqwwznejlu2rv8y0vsx6,38.9,Low,No,Normal behaviour -- no red flags,26,3.052171076831022,79.35644799760657,0.0001169724013396,285664.60074248
748,3FMVJbWoD3MvqDbU5dRZ1Rqi4CoXJMBveS,38.9,Low,No,Normal behaviour -- no red flags,10,3.736784779268604,37.36784779268604,0.0001128174993378,552991.506797778
749,bc1qlxn4e3322r83yf54adp5pft6qgtuuwmmwtk9p7,38.9,Low,No,Normal behaviour -- no red flags,1,4.999827568559336,4.999827568559336,0.0001157271750258,0.0
750,15Lq6vowaiZcUjrAa2yzbpbQKNMREfekKj,38.9,Low,No,Normal behaviour -- no red flags,1,4.999848961603772,4.999848961603772,2.614601060056964e-05,0.0
751,13sZdnAVvhdepMMttWjViRjdSL4E2xPCMd,38.8,Low,No,Normal behaviour -- no red flags,1,0.0993372789483282,0.0993372789483282,0.0001577239636216,0.0
752,1HLVrSUPcKHEBsj5thWb4tUrXKEv8SfTpy,38.8,Low,No,Normal behaviour -- no red flags,1,0.1,0.1,0.0001582356052507,0.0
753,bc1qq4sn4mjdfg4tzamuny58r7c0zrnqqy32uv0cp4,38.8,Low,No,Normal behaviour -- no red flags,1,0.1,0.1,0.0001566383958262,0.0
754,14QAuVtkAMWVpCpa15X7wRktiSxBptTkVT,38.8,Low,No,Normal behaviour -- no red flags,1,0.7383187189865127,0.7383187189865127,3.230562821512584e-06,0.0
755,1BDAjZCPZYVmRGTbK1aVeDdy1K9fzuYHBo,38.7,Low,No,Normal behaviour -- no red flags,21,1.0219170136283953,21.460257286196303,0.0001630407917531,308843.3076863
756,35DMicnYmwHdC97mgFBuxetVW9HpsU61mW,38.7,Low,No,Normal behaviour -- no red flags,31,1.7354376844926915,53.79856821927344,0.0001089367171151,241488.73567926668
757,bc1ptxzwz7pugw8ax7zkx5ccprdjld94yvhav90l45e37huus65mxe0q3k6emq,38.7,Low,No,Normal behaviour -- no red flags,16,4.1016094210227285,65.62575073636366,0.0001155045160332,453984.9455361334
758,1Hti8S3VWwupkbv4X7XXTSx3CgdSSoQNg3,38.7,Low,No,Normal behaviour -- no red flags,1,0.96722882261918,0.96722882261918,0.0001596069538645,0.0
759,3KFY8WPDA7mC55qkwTwjd8F9dZUWo1S5he,38.7,Low,No,Normal behaviour -- no red flags,10,1.8971354432683367,18.971354432683366,0.0001046057204971,699997.9080421111
760,bc1qs8835ykt7yujluep2p2mesykqdx66fld3czacm,38.7,Low,No,Normal behaviour -- no red flags,1,0.2148608469744709,0.2148608469744709,3.499803122212699e-07,0.0
761,16KGfeyt2RRxcpRVHDXvMTAT8vs9GvZDyc,38.7,Low,No,Normal behaviour -- no red flags,1,5.0,5.0,0.0001175441504445,0.0
762,bc1qjwez8pgpt33egzp2ppq0gsstags9qka9t0xyd4,38.7,Low,No,Normal behaviour -- no red flags,1,4.999975594823102,4.999975594823102,2.440517689800199e-05,0.0
763,1FKByXg9q1BUMofMxN1DzCpyH1thdnZ14N,38.6,Low,No,Normal behaviour -- no red flags,12,0.9366630337578924,11.239956405094707,0.0001228223470065,564315.2552988182
764,1HzYwa3bJ67RDGGYiSkbZetuQJ8ruqSH5r,38.6,Low,No,Normal behaviour -- no red flags,23,3.284789077973577,75.55014879339227,0.0001436197508486,337991.7250167273
765,33mHC27ocr6xvUsvaeYgppEAdDdXViuE3d,38.6,Low,No,Normal behaviour -- no red flags,11,1.932944530914493,21.262389840059424,0.0001440217268662,608646.2166466
766,18kaauGFfo32okGjhoDJyuXLxxh3vEXFyF,38.6,Low,No,Normal behaviour -- no red flags,2,4.04784533036799,8.09569066073598,9.182476384177386e-05,399.688654
767,bc1pgnfew2fc76jm2t7cwyudmdlf6fjd3vh9qej5qajup936upkqknwsxlrpwp,38.6,Low,No,Normal behaviour -- no red flags,1,0.5488375423359637,0.5488375423359637,2.142491107143169e-06,0.0
768,32e8Rrf3BACypKyTEU3QgYqcvzXQsfXEkp,38.5,Low,No,Normal behaviour -- no red flags,28,2.781590203731401,77.88452570447923,9.802736474427375e-05,282758.8952367037
769,16BVMSRo1fw7sbjaYizGKmZdz8Sa6Zimzn,38.5,Low,No,Normal behaviour -- no red flags,1,0.6216674353690775,0.6216674353690775,3.17271717254859e-06,0.0
770,bc1qcgap3c3w6gtn0v95h39smjwxrl7eh9urplc5k5,38.5,Low,No,Normal behaviour -- no red flags,2,2.024034222036168,4.048068444072335,8.020465014898995e-05,1439.422162
771,bc1qc8n34nv0qss7t3paduzlextz5m497z2auyx9tj,38.5,Low,No,Normal behaviour -- no red flags,12,3.506654860976447,42.07985833171737,5.661642038732324e-05,553605.2718897274
772,bc1qfmkc9zsyvzd55yqz2nvdmxehprmjjfusvrd9hn,38.5,Low,No,Normal behaviour -- no red flags,1,4.999953316477698,4.999953316477698,2.5583430837186344e-05,0.0
773,bc1prak4mvwtn68tuc4vfyhr2xrjfc2hm0759pcxludwmmsd6p63h7hsj5qgzt,38.5,Low,No,Normal behaviour -- no red flags,21,3.841951841236493,80.68098866596634,8.041752352440269e-05,333305.25226175005
774,14geZkVWtuRTkx8D1Az9NdkuNDVami278N,38.5,Low,No,Normal behaviour -- no red flags,12,1.181100726132886,14.173208713594631,9.913717550121688e-05,612927.2461441818
775,18GPhxDPmKogXHyKhuQVdVMTbJ3EcAkr6i,38.5,Low,No,Normal behaviour -- no red flags,2,0.999784001610436,1.999568003220872,7.373505770496706e-05,11970.450153
776,bc1q0gjwcg6zlkhsdx463xx25kmx26kldx6t64tjdj,38.4,Low,No,Normal behaviour -- no red flags,28,2.7339782880020915,76.55139206405856,9.539944143039564e-05,254039.70014
777,bc1qpezmkqrhnvwex3v9hpytk3u60k8vs9eeknwedx,38.4,Low,No,Normal behaviour -- no red flags,1,0.988905888347722,0.988905888347722,0.0001563641183001,0.0
778,bc1prspd7rgrrk0s9nl5qlgk2cveeg6csuygggdsj7wy3q5s5yj88mcqwsqv9p,38.4,Low,No,Normal behaviour -- no red flags,28,2.196742291390858,61.508784158944025,5.83630617086164e-05,265370.49707096297
779,bc1qf6uxuzt4eawu53andscxfcm9hdzfpyyrftcy0u,38.4,Low,No,Normal behaviour -- no red flags,10,3.244836284681088,32.44836284681088,5.597755323869417e-05,469205.9090926667
780,19w4F4fY1Vncv7MHNuTBMmvmWN44auY2Mt,38.3,Low,No,Normal behaviour -- no red flags,11,2.279028693349773,25.069315626847505,0.0001062096272593,737379.6222728001
781,1KmKbJnHY1VJoAZh5RoauZokaAexi1gLn6,38.3,Low,No,Normal behaviour -- no red flags,1,1.1953136921424845,1.1953136921424845,6.025433939184631e-06,0.0
782,163AMUSM9UXnBd6DfhkZWoSEoAKAo5M8Wy,38.3,Low,No,Normal behaviour -- no red flags,1,1.2044886617937698,1.2044886617937698,6.340639478277665e-06,0.0
783,bc1q2st2e9wfp89t2uypghw5frewhjrxdu4jmf4pt6,38.3,Low,No,Normal behaviour -- no red flags,1,4.999665811934445,4.999665811934445,3.31039780205817e-05,0.0
784,bc1qpurtqg8tx6ssfzdl358ca7ejn7y3rh8hdkzhtn,38.2,Low,No,Normal behaviour -- no red flags,2,2.0799086634130064,4.159817326826013,9.21085566874812e-05,1563.296357
785,18EVravRv4XJgyMzytb1Tbsz5MswF8vi7t,38.2,Low,No,Normal behaviour -- no red flags,1,5.0,5.0,2.440517689800199e-05,0.0
786,bc1q64zgvps6ee4fwumcn330y0zd077dqdnkff3rwd,38.2,Low,No,Normal behaviour -- no red flags,2,0.9996065224994728,1.9992130449989456,8.976552867639433e-05,12051.34148
787,3Lod9RgBVGUp1fc6dJmqwH3xkw1cwnbQoa,38.2,Low,No,Normal behaviour -- no red flags,13,3.933891882647941,51.14059447442323,9.285686996953388e-05,568585.9288164167
788,3EoMXtD9om1brumqLVQVDZfw3tVC17N25c,38.2,Low,No,Normal behaviour -- no red flags,1,0.4782689486868179,0.4782689486868179,1.903787069612913e-06,0.0
789,3LU5A3AsQA2C6CegKLz2oWjSWUsc1ictCZ,38.1,Low,No,Normal behaviour -- no red flags,1,1.0,1.0,1.809749298024309e-07,0.0
790,bc1qq9gjrw088sdk7zjwky52xx6erwhk4gdj3tu3gw,38.1,Low,No,Normal behaviour -- no red flags,17,4.163547584193843,70.78030893129534,0.0001028180574797,429141.4002818751
791,bc1qkg7vkz9mufrraylw8z3eepqmg4n7q03dceezvf,38.1,Low,No,Normal behaviour -- no red flags,13,0.7596346826087829,9.875250873914178,7.214307643138072e-05,525200.1704630001
792,bc1q28fxtnj257fh5exadjmcz3fyz6fpuyucxpw8lx,38.1,Low,No,Normal behaviour -- no red flags,10,2.7979075730253933,27.97907573025393,8.615610040720866e-05,645083.565905889
793,bc1pq842d2c8s7gzmwtycqf72xydhz9wrdkf9mqc92sm2ccjwv8x39pqrdm9ke,38.0,Low,No,Normal behaviour -- no red flags,1,4.171254663772597,4.171254663772597,3.9665419504627495e-05,0.0
794,bc1qz48vjts8th4ygvec037gw8g4kg32xmcljp4jhe,38.0,Low,No,Normal behaviour -- no red flags,1,1.0,1.0,4.516186384160826e-06,0.0
795,18Y3Jm96E119yQqq7Vz8xTYY3s1umw3gKn,38.0,Low,No,Normal behaviour -- no red flags,1,1.034485408875486,1.034485408875486,2.962980960348658e-06,0.0
796,bc1qlyssgs2tt9mdnlmtfep0s5cpsv90tcn493xhhk,38.0,Low,No,Normal behaviour -- no red flags,1,0.0993252155847442,0.0993252155847442,0.0001547089445156,0.0
797,bc1qdgf0d0qmqf43qkphr68jnj0wa55xr4w3zdnupr,38.0,Low,No,Normal behaviour -- no red flags,29,2.257058585127309,65.45469896869196,0.0001240741646007,245845.84978875
798,3AV1X84Sujap1VXi96h1QXnXxUsaQ1LaqX,38.0,Low,No,Normal behaviour -- no red flags,1,0.0995706443536581,0.0995706443536581,5.881015987017588e-06,0.0
799,bc1qqq2tp3cyhj9dmzlyutufsrakr3xkuk0mvfdguj,38.0,Low,No,Normal behaviour -- no red flags,1,0.3124385744137515,0.3124385744137515,6.803579107615115e-06,0.0
800,3K4cyNTToK1vxFsaMKa1Cwof4HczY8Kq3Y,38.0,Low,No,Normal behaviour -- no red flags,2,1.6120881255426387,3.2241762510852774,5.348721078768031e-05,1140.190771
801,3FZmyUpsGYdkfnvNLXM4WuUeBF8CX4LPHK,37.9,Low,No,Normal behaviour -- no red flags,30,1.4539559949375402,43.618679848126206,8.749650049792424e-05,245206.783149
802,16uE8sy18nxxzECB5hmfCARQ7oaiHmEhW3,37.9,Low,No,Normal behaviour -- no red flags,15,4.078322772669029,61.17484159003544,9.976036230625618e-05,526178.1494460715
803,3EXxcWK1RthoJtS1dqp8QsaRh6nrTwHrFS,37.8,Low,No,Normal behaviour -- no red flags,13,0.6964967920868441,9.054458297128974,0.0001287294696328,513750.32820975006
804,bc1q4uzlfg7x3ee8nelu8cafh57zgxz3kk3l6hcl32,37.8,Low,No,Normal behaviour -- no red flags,25,3.0737302290459536,76.84325572614884,6.760391299963862e-05,306947.57464204164
805,1PCzKHoCNoBGDNq7dRBJt3comLJ6TN7yy,37.8,Low,No,Normal behaviour -- no red flags,26,3.0448480542206324,79.16604940973644,0.0001059705990501,257378.1593394
806,36NJSBXnMPBVVz5wx5Lk1KLhGdH4qMCjzo,37.7,Low,No,Normal behaviour -- no red flags,11,1.2940579408291677,14.234637349120844,8.327761727304341e-05,627161.035152
807,bc1pypfm4lnuh0fgyfecknwn7uehr7nwwgtj0w6z20vqz9pjr6ne9m3qdwzq2r,37.7,Low,No,Normal behaviour -- no red flags,1,4.999965341262436,4.999965341262436,3.46587375640841e-05,0.0
808,1F78tFZfkqdqGqVwwmQWbb2PyyjKCNjhrp,37.7,Low,No,Normal behaviour -- no red flags,1,4.999449426095481,4.999449426095481,4.566833827748815e-05,0.0
809,bc1qzpg73qjmcj7a6345eewqjp0y26wgdkpedmm8sy,37.7,Low,No,Normal behaviour -- no red flags,26,3.0818746007096323,80.12873961845044,8.877102532785187e-05,294583.58028608
810,bc1qtaunqq556xcw995pruvn2mw05tmvvk9t2735ne,37.7,Low,No,Normal behaviour -- no red flags,26,3.1340295965994853,81.48476951158662,8.53634095425359e-05,305741.1727096
811,1ERDfSnXeSySb2viPJdUdANUe9zQRbnH4g,37.7,Low,No,Normal behaviour -- no red flags,9,1.6888753062824593,15.199877756542133,9.243444525537168e-05,615911.7950425
812,3ATav4kkaqWTwLn45DHvJ3MWcx2UjGabLB,37.6,Low,No,Normal behaviour -- no red flags,1,1.9060586105321824,1.9060586105321824,1.3818733159596088e-05,0.0
813,bc1quqthfye4uu6lsuvq9p8r2dhl24uu0l6llfzx67,37.6,Low,No,Normal behaviour -- no red flags,13,2.3585902683934803,30.66167348911524,0.0001632000244165,596814.0993785834
814,bc1qva3xr56lzflgmx2t0csnqu3ux8rntnn029mxul,37.6,Low,No,Normal behaviour -- no red flags,1,1.1705687715257522,1.1705687715257522,7.470681443840786e-06,0.0
815,14h27MifdqeppgHFztCDiTdfbvTsqPYdzW,37.6,Low,No,Normal behaviour -- no red flags,22,3.5918553660411643,79.02081805290561,7.782679677096894e-05,295272.16124780953
816,38re9bpnSULMQ3YAkEGwQUsDJedWHVbmV4,37.6,Low,No,Normal behaviour -- no red flags,2,1.571207181761513,3.142414363523026,5.933903993882614e-05,943.216735
817,bc1qmh5mhem72ff9q4eqxpfty7q9tcrsw34c27ulh2,37.6,Low,No,Normal behaviour -- no red flags,15,4.269146690108559,64.03720035162839,9.46787724359761e-05,434134.9715776429
818,bc1q7zev0f0qjqup4n8uf640673fvy0ngy2sddqzwp,37.5,Low,No,Normal behaviour -- no red flags,2,1.6979153594192589,3.3958307188385177,7.253518367192088e-05,423.188635
819,bc1qas3mwkura2z68ff530syd75mnxy0wqp3h7ctd3,37.5,Low,No,Normal behaviour -- no red flags,1,2.1703128314029247,2.1703128314029247,1.734421978667723e-05,0.0
820,3PaWAtJSB4ctdTHbmp6YNm9qpSdAeYu9pN,37.4,Low,No,Normal behaviour -- no red flags,11,1.2112785069504928,13.32406357645542,0.0001033829305521,604910.5614727001
821,bc1q6w299n278rxzhu6ew6652l0szq5cw0vhs70u9z,37.4,Low,No,Normal behaviour -- no red flags,1,4.65458394809362,4.65458394809362,9.982247376131846e-05,0.0
822,bc1q7mmhxu5t5ljhgnhq7hw7y4wnpg7glz3ptyaxsr,37.4,Low,No,Normal behaviour -- no red flags,1,4.999730190570049,4.999730190570049,9.744781147955075e-05,0.0
823,bc1p5zpaammyyvfnvesycvncnyy4du6n0hdz66ncye3l7sd0yfwxqfhqjkmhvc,37.4,Low,No,Normal behaviour -- no red flags,10,2.6934717534095123,26.93471753409512,8.394932836854306e-05,686105.3000358889
824,bc1qtwe8rmw26sl3nywr6f8q7cm9fqc5qn2t44wgvc,37.4,Low,No,Normal behaviour -- no red flags,22,3.5967273736847987,79.12800222106557,0.0001019964374177,295686.2666299525
825,1L5GJJetbYBKyXWWkCJYDKdtcfYwcbuK8w,37.4,Low,No,Normal behaviour -- no red flags,1,0.4578055891416977,0.4578055891416977,0.0001583714999176,0.0
826,14K13AH1n1PvFCxBySBvj28NjuLpWbFZKs,37.3,Low,No,Normal behaviour -- no red flags,1,0.8391791716596433,0.8391791716596433,0.000150452617407,0.0
827,16x9AP9zdKa6t5LCwYQtVsmRVS941wQrhF,37.3,Low,No,Normal behaviour -- no red flags,9,1.8274545056595264,16.447090550935737,9.877965800013274e-05,622897.72498925
828,bc1qcacq84sgnlkv53gelz7m4fuhz4ft3cdrf97vcf,37.2,Low,No,Normal behaviour -- no red flags,11,1.659736509730337,18.257101607033707,9.344539920882748e-05,696684.6516397999
829,bc1pt5yz2knugruhekhzge7rjue37dra6u3mx7yggq3zua2nfeslsq0sm902sn,37.2,Low,No,Normal behaviour -- no red flags,1,4.63432484153798,4.63432484153798,0.0001056026829373,0.0
830,1MrBcJyU5Q2kZRdYSHupHbyfDekg3ZwbhK,37.2,Low,No,Normal behaviour -- no red flags,1,5.0,5.0,3.46587375640841e-05,0.0
831,3EiJLkGmat5bhTfb2cSwARb6aSTPf4bFtN,37.2,Low,No,Normal behaviour -- no red flags,29,2.286685011515257,66.31386533394246,7.181900364221554e-05,277530.1821715714
832,bc1p7dyxa2vdg208706j4j350hdlfsvk6wphnupcv0jx0t4k2w8404mqw00lht,37.2,Low,No,Normal behaviour -- no red flags,1,4.538811178734777,4.538811178734777,0.0001036672183372,0.0
833,bc1qyeur0lv8ydvdm0293lnwzjdcdaeqxwvyvw4xnh,37.2,Low,No,Normal behaviour -- no red flags,1,0.0997657901418955,0.0997657901418955,7.759063857036798e-06,0.0
834,1DsHJL5JXLEFWucLZtGDNSP9qcseQTG1rF,37.1,Low,No,Normal behaviour -- no red flags,1,0.5416495851709854,0.5416495851709854,0.0001515973373536,0.0
835,31pQ968Y8sVTiLwisUFf6WBSxdkFHWXXJ9,37.1,Low,No,Normal behaviour -- no red flags,30,2.019203610115983,60.5761083034795,9.48183287735583e-05,243082.1998976552
836,1EickKhfNnswReWQrceiAW1GNfn8a1NPrH,37.1,Low,No,Normal behaviour -- no red flags,1,4.999741501159,4.999741501159,9.966571507716258e-05,0.0
837,32AEbkJtyvhzDENq13M75sGi1gEjfd3jWU,37.0,Low,No,Normal behaviour -- no red flags,1,0.0807091302201415,0.0807091302201415,8.407764849958099e-06,0.0
838,bc1qmlgkwz3ntyw2fpltwpx5yngp6nhevrj585mvqg,37.0,Low,No,Normal behaviour -- no red flags,21,3.753061170380877,78.81428457799842,0.0001225554087845,331617.70849685004
839,bc1qvdpun0tdvq9dlrz5ecg7r67qdza8q45f80aec8,37.0,Low,No,Normal behaviour -- no red flags,1,4.999880678014216,4.999880678014216,0.0001028996246575,0.0
840,32S2p3A2mHL1Q8KD4UygX5orcreu9u4QzJ,37.0,Low,No,Normal behaviour -- no red flags,1,0.102499496887235,0.102499496887235,7.889536494862358e-06,0.0
841,1wyzVYtnPbKnGW9eY46Esxxe1ne9pJNwq,37.0,Low,No,Normal behaviour -- no red flags,15,4.0917844021180505,61.37676603177076,9.61152248437674e-05,485883.068523
842,18pkBf3SxZvU8x7vNRmBWiYZ5f4VK4xspu,37.0,Low,No,Normal behaviour -- no red flags,1,1.439678769766028,1.439678769766028,1.028540550934245e-05,0.0
843,1MNr5effwnUSNphUCFnNZJMjuh3EuViMro,36.9,Low,No,Normal behaviour -- no red flags,1,4.782137733919198,4.782137733919198,6.69677236315066e-05,0.0
844,15EnLyjX7g4RTo8Ta2GpXoSwdhXktcS71T,36.9,Low,No,Normal behaviour -- no red flags,18,3.9390342771848,70.9026169893264,0.000104112603058,431594.3792639412
845,32z2iET6ZsiEh5rdyxdFf6HJZcSxUxKfRE,36.9,Low,No,Normal behaviour -- no red flags,2,2.1934544126619246,4.386908825323849,8.495565792628995e-05,563.308112
846,bc1qlqfclel5a4hhsgckvd99agufwc3smvvve4dzqh,36.9,Low,No,Normal behaviour -- no red flags,15,4.015392614481967,60.23088921722951,7.343492298722655e-05,514560.6231449287
847,1FthMmMG8i3CadScqZXe3pWs34KwQLDrP,36.9,Low,No,Normal behaviour -- no red flags,1,4.530282796422022,4.530282796422022,6.779105316746949e-05,0.0
848,14vJfutu2AakdPBcYJbzrinb3VUskn7mmQ,36.9,Low,No,Normal behaviour -- no red flags,1,4.99995080775656,4.99995080775656,4.919224343927989e-05,0.0
849,18rkuiG2khAVN8LTdLB6eHmEzkG9awkWCA,36.8,Low,No,Normal behaviour -- no red flags,30,2.341507483102114,70.24522449306342,0.000105709313345,262086.9444003793
850,bc1qujf40czlg537xp60hxlj97vlgfegnqeacap9wr,36.8,Low,No,Normal behaviour -- no red flags,1,4.999907342508911,4.999907342508911,4.33188842911368e-05,0.0
851,bc1qvvsnynkn68u97lxazvc6wmpz3zmj072y2cdsl0,36.8,Low,No,Normal behaviour -- no red flags,1,1.0,1.0,6.008598659270547e-06,0.0
852,14WQ8hT42N7VkUyRE1TBrWrUnNdwqVJ6V6,36.8,Low,No,Normal behaviour -- no red flags,1,0.2348768242871359,0.2348768242871359,0.0001515123483039,0.0
853,bc1pmfdrvpue28g0p0eql0pypsj3yr3p9upx9j88rh4hl4fer8e5zvyq9emzkt,36.8,Low,No,Normal behaviour -- no red flags,1,0.9010042677378344,0.9010042677378344,0.0001493855724414,0.0
854,1K17CrrxDozm7ZYDDEjMaq9pdyKvH8JcjY,36.8,Low,No,Normal behaviour -- no red flags,22,1.7562423615999316,38.6373319551985,0.0001937758323732,352939.8279231428
855,1LsoUhRkpLAhY1kHa15FKxnNmgYYF1zfx4,36.8,Low,No,Normal behaviour -- no red flags,10,1.277517297829641,12.77517297829641,6.575023606958033e-05,461656.6645182222
856,bc1qx36ezsmx50ndm2vnrrq4y4pne00hjq0zvp3haf,36.8,Low,No,Normal behaviour -- no red flags,16,3.978804589608704,63.660873433739255,8.915246861620907e-05,477276.1475407334
857,bc1qurezp0lp95uprd5lr0h6wnv5jgdyjnmgnktqka,36.8,Low,No,Normal behaviour -- no red flags,30,1.7553005559860506,52.65901667958152,0.0001031800363001,227750.90761196555
858,bc1qqcta5hcptvx8tlsfxkwc0ayet5yqsw743lzzks,36.7,Low,No,Normal behaviour -- no red flags,1,0.9964714926787734,0.9964714926787734,0.0001504734834623,0.0
859,bc1qhryennks9h7zcscaqg3tj39v6mm825k660ytpr,36.7,Low,No,Normal behaviour -- no red flags,24,3.233636276772263,77.60727064253432,7.325448817126954e-05,286403.303322087
860,bc1qua5mml4sdqngdw50vg4fd436635pzsu7hu9qgk,36.7,Low,No,Normal behaviour -- no red flags,1,4.999950067019891,4.999950067019891,4.993298010902702e-05,0.0
861,3FehYDSLMy7b3gCkdTHyNHjkuNdxWojUoT,36.6,Low,No,Normal behaviour -- no red flags,1,4.999961212832008,4.999961212832008,3.878716799216066e-05,0.0
862,132weL6bESTRQW2ANKrc2W9HtfsuadGJ2h,36.6,Low,No,Normal behaviour -- no red flags,2,2.414221699987635,4.82844339997527,8.886528130940448e-05,573.635796
863,bc1pq2jhhg69j88yexepryc5v2sqx408xhm46kfttusuec2jdm7kvt6qyezldh,36.6,Low,No,Normal behaviour -- no red flags,2,1.4752152224988746,2.950430444997749,9.446864190475364e-05,1541.906867
864,bc1qz5dhnml403w5d4dp7vuucyeh8jk6h925yw4an8,36.6,Low,No,Normal behaviour -- no red flags,13,1.6558260610658726,21.525738793856345,3.768269229376117e-05,604577.48295325
865,1DFSe1Cxj3EgAcusytEVWtA596x6cnXkRi,36.6,Low,No,Normal behaviour -- no red flags,11,2.2604168922156465,24.86458581437211,9.619361498816672e-05,735932.847173
866,1Q634NpmPZjGWrPB1TdJ2cVkzVGEvf5Vwy,36.6,Low,No,Normal behaviour -- no red flags,1,0.1,0.1,9.067314578186913e-06,0.0
867,bc1q8d5seekqwgp75l0dk924dzww49fmfdgywh2f7p,36.5,Low,No,Normal behaviour -- no red flags,1,4.716023074705787,4.716023074705787,9.34876676878703e-05,0.0
868,1u7fLFep68ZxM3romddYQ92Q8SM97HbNV,36.5,Low,No,Normal behaviour -- no red flags,18,1.1105968653819327,19.990743576874788,0.0001606444104374,330846.8134830588
869,bc1q6kt577gjcq4sumx2xx4jeukchdn69a05q9fr6j,36.5,Low,No,Normal behaviour -- no red flags,16,3.2917123192234388,52.66739710757502,0.0001604691025772,432691.5551869999
870,1Evfxn2inEREvwCHX7sB5h7Qzb3FYBxU6a,36.4,Low,No,Normal behaviour -- no red flags,21,3.770664112480673,79.18394636209413,9.717013111823792e-05,374525.79356535
871,bc1qr6f7qy4chelfdrv2g2uz7fw4kzy935xw6uus2t,36.4,Low,No,Normal behaviour -- no red flags,22,3.669808118562748,80.73577860838046,9.684275725785669e-05,360884.6909919047
872,bc1q0p3zqqrrqdcm7agvsyfgnsnzdtfp6llmks6v9u,36.4,Low,No,Normal behaviour -- no red flags,13,1.2491546833658318,16.239010883755814,0.0001138279106653,635161.51881
873,bc1qnuvzun5vtc7l3u83tfcenxvcc8ezg3g0wtdh4h,36.3,Low,No,Normal behaviour -- no red flags,1,0.9994582437331162,0.9994582437331162,0.0001482787663566,0.0
874,1JJb466YoANiHPTFt9ff2zRiLvLiSsqsVu,36.3,Low,No,Normal behaviour -- no red flags,1,1.0,1.0,0.0001484272663604,0.0
875,3CxqVkfKiYSGR6vSahvuQ7zgUG3Bhe3Fci,36.3,Low,No,Normal behaviour -- no red flags,1,5.0,5.0,4.919224343927989e-05,0.0
876,1HvEFZQq9uyLzBZLqw5h47oxRHhKnnWWeo,36.3,Low,No,Normal behaviour -- no red flags,1,5.0,5.0,4.7283574433663886e-05,0.0
877,bc1qs56cxvu8lsa68ktcqctqyvu6trhk3lsu09purz,36.3,Low,No,Normal behaviour -- no red flags,1,5.0,5.0,4.933860679715782e-05,0.0
878,14SbPabBBhrqCpm4vjcozw8JFD2LPcVEdL,36.3,Low,No,Normal behaviour -- no red flags,1,0.249499935909023,0.249499935909023,0.0001481420065221,0.0
879,bc1q5h5c7hc3xx9t8r6y66l4rth0qny9rhknnjqh2n,36.3,Low,No,Normal behaviour -- no red flags,1,4.999958881571594,4.999958881571594,4.111842840653103e-05,0.0
880,bc1q7748sa7nrnmt9q2rgawm9ph4z3y6w45acrqm08,36.2,Low,No,Normal behaviour -- no red flags,1,1.395748073946969,1.395748073946969,1.4338493019569936e-05,0.0
881,151x9JB5JkLm35MQTiTW8kP6iSMVnRoFJv,36.2,Low,No,Normal behaviour -- no red flags,15,3.394522503048865,50.91783754573298,4.96045881004074e-05,534526.9604192143
882,bc1qj5gs026q7h7jpxlu649e8d73psrt6l82zgdnav,36.2,Low,No,Normal behaviour -- no red flags,11,2.2984343052255314,25.28277735748085,0.0001478133731763,582757.421068
883,bc1q2nvcycv9jpvsgv0s0x6z5hqjtfh7zhkfqfzvv8,36.2,Low,No,Normal behaviour -- no red flags,30,2.189369047062625,65.68107141187875,8.279537407790745e-05,265259.235145
884,1F9CHC3HfCMCMJFyyNUXQtaFHubWrjHr6u,36.2,Low,No,Normal behaviour -- no red flags,1,5.0,5.0,3.795694087913948e-05,0.0
885,13fpBiP82vKQDLJvroong6mz2E3ZfyUHrE,36.2,Low,No,Normal behaviour -- no red flags,1,5.0,5.0,3.878716799216066e-05,0.0
886,15CYqyqHArYcAS9MB2gNv6WthKWZswmBni,36.2,Low,No,Normal behaviour -- no red flags,1,0.5410508441665622,0.5410508441665622,7.945525360842863e-06,0.0
887,1P3ytb53MveqoJBhzgwiNGCaorZwBSDxRy,36.1,Low,No,Normal behaviour -- no red flags,1,5.0,5.0,4.993298010902702e-05,0.0
888,3JSZLFEBAL9ByUaq42dWhCiubpS62x1XkK,36.1,Low,No,Normal behaviour -- no red flags,1,5.0,5.0,3.533847353826357e-05,0.0
889,3QQUED7KDFiXazbYiNWY4DBs7Thtf1pmKp,36.1,Low,No,Normal behaviour -- no red flags,18,3.7099600291846175,66.77928052532312,5.837288070660953e-05,442686.5618992941
890,bc1qz4n738mcpm6qjkdlperr04adddjsd0pu49grg2,36.0,Low,No,Normal behaviour -- no red flags,11,1.0255454200033212,11.280999620036532,7.767661712364691e-05,518321.6063387
891,1MKxFRiQsCcpA1opA1LHQT3JfA2wi9yazj,36.0,Low,No,Normal behaviour -- no red flags,1,4.999930668194306,4.999930668194306,6.933180569392349e-05,0.0
892,3H894hz2vf9g5fGmhFeVVzU6yy5WLMrUDn,36.0,Low,No,Normal behaviour -- no red flags,11,1.8107601364826944,19.91836150130964,0.0001457392732736,577377.9570016001
893,3BjcZYG2EXhLiGGPSuTQ7nQq3sL5CRUbWu,36.0,Low,No,Normal behaviour -- no red flags,1,4.9999234344373855,4.9999234344373855,6.980234175272598e-05,0.0
894,bc1q4yruvjkhy4rwyzu4wysd08r08euxz8z3kz5u8v,36.0,Low,No,Normal behaviour -- no red flags,2,1.4800172210027045,2.960034442005409,6.668540706045291e-05,347.740368
895,3N2yu9QpAVYnb8mEYPwsE27rqmodQsUwc1,36.0,Low,No,Normal behaviour -- no red flags,22,3.7085383634599496,81.58784399611889,9.69199016944601e-05,329981.98507447616
896,3KBfoUPKM8RMFwdsNXN4pYUWDSpumLsiP2,36.0,Low,No,Normal behaviour -- no red flags,1,4.999928553998882,4.999928553998882,7.144600111771315e-05,0.0
897,37kjgDXwyaYH3mGppu3TZkNjMa3e8YGD6R,35.9,Low,No,Normal behaviour -- no red flags,11,0.8834118763541355,9.717530639895491,9.71171009257118e-05,519949.7808086
898,18eEPgGYCCbSoZRmYy6mEp3411iRXxuE1b,35.9,Low,No,Normal behaviour -- no red flags,1,1.103234238661548,1.103234238661548,0.0001436505271428,0.0
899,3Aba4e6UFp89p42DHajLoD8CFV7p2XUeGx,35.9,Low,No,Normal behaviour -- no red flags,1,3.161958814231681,3.161958814231681,4.769704376793936e-05,0.0
900,bc1qn40v5xqmfrnr6hfg9p2q6earxycyy20hvae0er,35.8,Low,No,Normal behaviour -- no red flags,27,2.821291518577467,76.17487100159161,0.0001112697032144,257060.7015486924
901,bc1qc6nr3egd0wuqzlnayzmth8j9nym4hw3n3py84x,35.8,Low,No,Normal behaviour -- no red flags,1,0.1219850475588946,0.1219850475588946,1.0150986626862418e-05,0.0
902,3AS4NurAGrBH4JG1KB6DoojxfCYBy21csf,35.8,Low,No,Normal behaviour -- no red flags,1,0.1276088914319491,0.1276088914319491,0.0001459245262997,0.0
903,17v63HgY6M1oaKFk8He3R76cq54PidL1Ta,35.8,Low,No,Normal behaviour -- no red flags,25,2.9404250350791483,73.51062587697871,6.073972128876141e-05,300996.400601
904,38wBCzzha7cz9bya8EpuJpHmjGJ5g1K1rN,35.8,Low,No,Normal behaviour -- no red flags,1,2.986126612225966,2.986126612225966,9.755108946528536e-05,0.0
905,bc1pr8z9m3mx3k7pc83lrz9qf65nem7xdlenmm65rycpy9aa8qef8zfssrvlm0,35.8,Low,No,Normal behaviour -- no red flags,1,5.0,5.0,4.111842840653103e-05,0.0
906,bc1qyj66rtxz8jvq2mm4rdprwe5v0ev2q0cg65trlx,35.7,Low,No,Normal behaviour -- no red flags,1,0.099855489874913,0.099855489874913,0.0001445101250869,0.0
907,3NJZ59hcRzpGypyCAoYwCPszUPaMze1bZi,35.7,Low,No,Normal behaviour -- no red flags,1,0.1,0.1,0.0001445101250869,0.0
908,1DKZi7x4QhvmJ9dzxYcjrZQ4csorJkiEPC,35.7,Low,No,Normal behaviour -- no red flags,17,4.091509459432363,69.55566081035016,9.906215914836072e-05,420505.9800849375
909,3DhNFE7ZdpvWGBaPDXphicfH2U6FjobxzC,35.7,Low,No,Normal behaviour -- no red flags,30,1.832524633873543,54.97573901620629,0.0001213730555365,234979.89817896555
910,bc1qxg7ct9msf42ejesauqt9yemj5cswjczk3f8uzj,35.7,Low,No,Normal behaviour -- no red flags,1,5.0,5.0,5.530352811848279e-05,0.0
911,183g8Jd4wfxUZMoUeLwLuQiZDzqPZVch6R,35.6,Low,No,Normal behaviour -- no red flags,1,0.5363829999871454,0.5363829999871454,9.278695813691174e-06,0.0
912,bc1qlmg2dcddgjaq4e9x76tn4de3lrt2aw36c0uanx,35.6,Low,No,Normal behaviour -- no red flags,21,3.64371643819032,76.51804520199671,6.29781792825966e-05,335761.53980025
913,bc1q8lekf2t9xmdvt5m6fvsf384ckj0nd0e5mqpphc,35.6,Low,No,Normal behaviour -- no red flags,22,3.067192910800548,67.47824403761206,6.692755130964506e-05,249226.51854347612
914,bc1q3ue4yhqca95704mavejr9xwlvtqaryrwsw4p0l,35.6,Low,No,Normal behaviour -- no red flags,1,5.0,5.0,3.981546131885048e-05,0.0
915,bc1qhta3tldeauxzpq77jc4s8xtrylxvt3932556ef,35.6,Low,No,Normal behaviour -- no red flags,1,1.040032501513455,1.040032501513455,0.0001432392457164,0.0
916,1LUEuP8vPyaDR7XcXLyYM6mCEsNxzRw7W9,35.6,Low,No,Normal behaviour -- no red flags,13,1.285260079141779,16.708381028843128,0.0001522662603418,564540.1058809999
917,bc1qjcc4r2cmlgqfjd36upsvc2kc6p95vps588ftvx,35.6,Low,No,Normal behaviour -- no red flags,11,2.3240988922931747,25.56508781522492,7.260713873794846e-05,679171.6993040999
918,372r4aPkgSC3CiHj4dSg7ErmuA1wkcyruE,35.6,Low,No,Normal behaviour -- no red flags,29,1.2263554816906916,35.56430896903006,0.0001002953816146,251716.0893628572
919,1A6iFSDvpQ5Vic1GY9zytwW21hN1qKBQPe,35.6,Low,No,Normal behaviour -- no red flags,1,3.0859168957916223,3.0859168957916223,3.5617556928298104e-05,0.0
920,3CAtdfuzyWi4GHVwuHEcFMQu5xmV39Maoa,35.6,Low,No,Normal behaviour -- no red flags,23,2.7405207923424246,63.03197822387577,8.866923914241213e-05,149209.65837586366
921,bc1queew0tjcdykfkv8903v5qgnl8kscsq9fc29402,35.5,Low,No,Normal behaviour -- no red flags,14,0.863157935410744,12.084211095750415,0.0001129139765261,569086.6687299231
922,3JFwDNSnxJDMvq3MtmTNPFpBzw9s6LB3cf,35.5,Low,No,Normal behaviour -- no red flags,21,3.615221093980188,75.91964297358395,5.923415991553903e-05,363359.4011040501
923,bc1q6x4s6hr8rtmcg6ept7gd7qact9ev34nz9x69ry,35.5,Low,No,Normal behaviour -- no red flags,13,2.276369431221672,29.592802605881737,0.0001584816867068,608948.8872919168
924,16AddZrB63b5F5TZjWKE5FyTD3Cxu4LACd,35.4,Low,No,Normal behaviour -- no red flags,11,2.31631573093852,25.47947304032372,0.0001279230958148,638646.9763494
925,1Jvr4iJVDWo7sHNtSKcbNsGCunGQRnaV99,35.4,Low,No,Normal behaviour -- no red flags,11,1.1336904477646732,12.470594925411406,9.436103770104178e-05,582058.7378737
926,bc1qgrxz7ygz2emz6dz0me5cvlrs96mq4p7vd250pz,35.4,Low,No,Normal behaviour -- no red flags,1,5.0,5.0,7.144600111771315e-05,0.0
927,1Kqou6458gXaUAHJ3VUw9aQGCd1YZ4uHx,35.4,Low,No,Normal behaviour -- no red flags,12,1.3813435756347954,16.576122907617545,5.205783217106154e-05,309370.3440569091
928,bc1qr2hpnc3k8ttpdwelxkxrjsavlp324a6xu4w2qk,35.4,Low,No,Normal behaviour -- no red flags,1,5.0,5.0,6.933180569392349e-05,0.0
929,3JnHeHiFFqEJdbgy6jsWXdZeMYUpNAMxkq,35.3,Low,No,Normal behaviour -- no red flags,1,0.0910102923376697,0.0910102923376697,0.0001398318341484,0.0
930,bc1q4yf0k4jucafydpw0mdkxph4dnhvn48udxnhegs,35.2,Low,No,Normal behaviour -- no red flags,28,1.3516069049964254,37.84499333989992,0.0001011226028234,242484.9488077037
931,bc1qqk0y03jl8yywegdezrzl8jjjkn375t2r6spddv,35.2,Low,No,Normal behaviour -- no red flags,14,3.8845387474188513,54.38354246386392,0.0001189338989973,526246.3668579998
932,bc1q20pr2f8qshf7jy3uggw335ulda889cwns0nw6p,35.2,Low,No,Normal behaviour -- no red flags,29,1.5104243794351475,43.80230700361928,0.00011466904097,270906.93708650005
933,bc1qv955af2tqr8lh7k0xwvtxw5jsjyfnjue32jgw7,35.2,Low,No,Normal behaviour -- no red flags,16,4.0457362052414885,64.73177928386382,9.767058370570675e-05,445594.9854856001
934,3ACdJnAjyv4SRgJEbCxNTqK9hnC8yfx53j,35.2,Low,No,Normal behaviour -- no red flags,1,3.562546897283715,3.562546897283715,7.796420289169051e-05,0.0
935,bc1qptsafn3p042x46ya29vf32nx9ccyg0n27fmk4d,35.2,Low,No,Normal behaviour -- no red flags,1,5.0,5.0,5.726554040969716e-05,0.0
936,1DfexLmQwiovyWEiUDH1Xvest7GvtfQQsy,35.2,Low,No,Normal behaviour -- no red flags,1,5.0,5.0,5.670426563723331e-05,0.0
937,bc1qqmxwcva7c789xjk7mlflc73cjjg2ssd2868cnj,35.1,Low,No,Normal behaviour -- no red flags,17,3.010170123539172,51.17289210016593,0.0001624266047595,374099.21134225
938,bc1q7l90faj46ywac9x68pudxe0k0yhe9p5qhzw8m3,35.1,Low,No,Normal behaviour -- no red flags,11,1.481746452895574,16.299210981851314,8.76309944860496e-05,630534.2199304001
939,bc1qhwfr24p7fhf7nu4ex0l7autm03mrrc5tah6ygz,35.1,Low,No,Normal behaviour -- no red flags,1,0.0998602652484105,0.0998602652484105,1.3132658212019554e-05,0.0
940,379jUJ7rJbKMi8ZPFokzTn4XvVQug6cbPq,35.1,Low,No,Normal behaviour -- no red flags,13,3.309264658525229,43.02044056082798,0.0001196176036429,612336.3706287501
941,1BDiLon5Q7mKcVXNUmfqBjU1QRqDNUkUJr,35.0,Low,No,Normal behaviour -- no red flags,22,3.6067519928093534,79.34854384180578,8.573168556702795e-05,352147.690345
942,323WfbovMzueZDHpYnkruAQQkUkezfJzZP,35.0,Low,No,Normal behaviour -- no red flags,1,0.0997180164035971,0.0997180164035971,1.2768591421819376e-05,0.0
943,bc1qchfjfzwmf8fngghahnc0ch5380lj26kzg7rpsu,35.0,Low,No,Normal behaviour -- no red flags,1,0.2886166297172551,0.2886166297172551,1.157285659884925e-05,0.0
944,bc1qqd7q6m2rq53kuznkeeyfr787yk6t7632lp06wv,34.9,Low,No,Normal behaviour -- no red flags,12,2.115121779215481,25.38146135058577,0.0001687200265238,552037.4391259092
945,174iHbcyEC4P9EaARukRh5tw3Eq9AjD9Ds,34.9,Low,No,Normal behaviour -- no red flags,1,0.30947442014249,0.30947442014249,1.4424857604671446e-05,0.0
946,bc1qr738c9fm4nqtv8uhyls95lmkfjtsrxh62cljxn,34.9,Low,No,Normal behaviour -- no red flags,1,1.2434182428621046,1.2434182428621046,0.0001389882268945,0.0
947,1J3seTqHWYhuPmcmsw5qPxF8SmFda7epGq,34.8,Low,No,Normal behaviour -- no red flags,14,2.101948700462689,29.427281806477644,0.0001982223736831,468263.6914706153
948,bc1qm28vrthz695jclk6eters8cj4vj2pvh52dja8f,34.8,Low,No,Normal behaviour -- no red flags,1,5.0,5.0,6.193206292521069e-05,0.0
949,3Pp1jmQiCNHVnBvpeTFuVj2zsJ9RuyFkx8,34.8,Low,No,Normal behaviour -- no red flags,16,3.874181298240356,61.9869007718457,9.036376871347184e-05,481733.2504802001
950,bc1qg0us9287uvyw5h28f99t4uzsql6yzstwr2ph38,34.8,Low,No,Normal behaviour -- no red flags,28,2.661597466600618,74.52472906481731,0.000101073114003,268250.994517
951,bc1qza9re36jygpfr5pv4dpmen7xzedph0jfyea6sf,34.8,Low,No,Normal behaviour -- no red flags,1,1.091003979310501,1.091003979310501,1.4652570464359022e-05,0.0
952,bc1qpvruc2pp0cepngmkgjsgzd66vv3s4ya0rvmemt,34.8,Low,No,Normal behaviour -- no red flags,13,3.290121544740468,42.77158008162608,7.417247810927353e-05,592716.354563
953,bc1px84hp3cckr60auntyf8qe8uwfwqkre8gmgtyd2k5akr29qxxpvpsj49whx,34.7,Low,No,Normal behaviour -- no red flags,27,2.8204648466512725,76.15255085958435,0.0001181985363136,278292.6863892308
954,1JV7x8raCAWK2k1zUJwhupjSfs1MxHkQLj,34.6,Low,No,Normal behaviour -- no red flags,1,2.18871899819028,2.18871899819028,0.00012277389172,0.0
955,bc1qx9yeephhl4ludvxvtjq23uhchn76amxk44fyu6,34.6,Low,No,Normal behaviour -- no red flags,1,0.3388759777470791,0.3388759777470791,0.0001363740132135,0.0
956,39hd5rXfaB5C3pM4tdbSYux6Yc3JWGeuYN,34.6,Low,No,Normal behaviour -- no red flags,1,0.0928861765673579,0.0928861765673579,0.0001262948001034,0.0
957,33QR8Nk1LFUKfU5kYjPTnTpBrPedbksguZ,34.5,Low,No,Normal behaviour -- no red flags,1,1.1293906454828426,1.1293906454828426,1.2818858335063998e-05,0.0
958,1AFCD4Q82TTE8nYcVLUQvKfvkVvBsbj1VE,34.5,Low,No,Normal behaviour -- no red flags,27,2.80541028504204,75.74607769613507,0.0001138033853261,264426.50343057694
959,1DQnwHPdoWYaGueyJV15dW877dqPd4mShz,34.5,Low,No,Normal behaviour -- no red flags,30,2.03613520621944,61.0840561865832,0.0001105383233057,255037.2480104828
960,bc1qmzyv6an7gt3ema5whmkx0s0aczkl9eushwxnar,34.5,Low,No,Normal behaviour -- no red flags,11,2.4739904190779067,27.21389460985697,8.205766336191854e-05,669345.0684849
961,bc1q9pa985wwdka9ylw9hqnhu9trng2uchys8c2qva,34.4,Low,No,Normal behaviour -- no red flags,29,1.971738573104498,57.18041862003045,0.0001321046718146,259903.07870403567
962,1MEqvHhuYsFeeG5TQVLEXAM2Z8dUHqHnos,34.4,Low,No,Normal behaviour -- no red flags,1,0.535173073322326,0.535173073322326,0.0001407185931487,0.0
963,bc1qgddecrwxjsvr36z40zgxx3t020afsu3u6pelrf,34.4,Low,No,Normal behaviour -- no red flags,13,1.3785233463991655,17.920803503189152,7.598592103729554e-05,640256.2824375833
964,1GKdkrEeUSfkwqHmEcKdZ9Vj4R4BkyJrUs,34.4,Low,No,Normal behaviour -- no red flags,13,3.5505020042993363,46.15652605589137,6.029288672770485e-05,531828.1345233333
965,19KcGevA95CVdLgNjTkYngkHuXPLsdxGJQ,34.4,Low,No,Normal behaviour -- no red flags,12,2.311994962787062,27.743939553444743,0.0001253997092506,703329.8360463636
966,bc1qqvvapxak5gq0mt9as62slh69rasmp8su3yfk7z,34.4,Low,No,Normal behaviour -- no red flags,29,1.6453234678254272,47.714380566937386,8.601110312767644e-05,251352.1889699643
967,17WWhuRzrkKecjnW4AdgbNjnQt7kYEsuYA,34.4,Low,No,Normal behaviour -- no red flags,20,3.770323280659983,75.40646561319966,0.0001249887586812,374271.9615455263
968,1DEk58tJ6X9dHgMbE7P3Ei5KzimoRTyKPe,34.4,Low,No,Normal behaviour -- no red flags,1,0.7184813383420788,0.7184813383420788,1.0814490847198865e-05,0.0
969,bc1qynm3a4hxemdqeh2qkghy9q8g6q39d6phnrln8t,34.3,Low,No,Normal behaviour -- no red flags,16,3.598308296295174,57.572932740722784,5.781863017916199e-05,470357.7424711333
970,bc1qt2uchhn2gsvl72flsvv5jhc4nttwz5jsgrsflj,34.3,Low,No,Normal behaviour -- no red flags,1,1.0,1.0,9.73545762045436e-06,0.0
971,bc1qfhkghchfef8j3yqhp0kkmuyvcn4xy5m7wq7dcl,34.3,Low,No,Normal behaviour -- no red flags,12,2.0502716462763213,24.603259755315857,6.752906878811299e-05,665563.1858324546
972,1DXmaUCBEZ2yJcKjM2qerXz1R5cwAm8qg1,34.2,Low,No,Normal behaviour -- no red flags,20,3.6279480333919936,72.55896066783987,6.467967590217369e-05,316930.22570678947
973,bc1p4ut7ux8gykqfmdmvmsex7x9ggkfjzavyzclzx4247mte6955829qtc2aka,34.2,Low,No,Normal behaviour -- no red flags,1,1.8030697698385127,1.8030697698385127,2.0567292774094286e-05,0.0
974,1akg4QGJ2eEkip9N8gbv1rCQC2wUcYJes,34.2,Low,No,Normal behaviour -- no red flags,13,2.7461801036357887,35.70034134726525,0.0001295925913987,628887.24967825
975,3KS7BQYSctNTPAMZrQQJ5CLLptwTUBBKgi,34.2,Low,No,Normal behaviour -- no red flags,17,3.769889038120857,64.08811364805457,0.0001208771975142,475299.18125406245
976,12SduHzDWmZCMAnQYbBbQYES9NsBSKxQPT,34.2,Low,No,Normal behaviour -- no red flags,15,3.992181725604761,59.88272588407142,0.0001023713945135,466095.4453433572
977,bc1qmz6fqtvht4n873aqwly8yjsshaujuk6y4nmz9v,34.2,Low,No,Normal behaviour -- no red flags,1,0.5922767444362623,0.5922767444362623,0.000136231060793,0.0
978,3P3jNYS139Jeq9TT9E2rpG9ggtnsVXDCZS,34.2,Low,No,Normal behaviour -- no red flags,1,0.2867345900385936,0.2867345900385936,0.0001291753671541,0.0
979,bc1qpe8ys0ga5vw0znfrl82hvzguk7hlgcfcmh97yl,34.2,Low,No,Normal behaviour -- no red flags,22,3.611515931384084,79.45335049044985,0.0001038383020212,351666.5478144762
980,32BSsmpST1DsUW1hsBpranyo1XsNRkVBeF,34.1,Low,No,Normal behaviour -- no red flags,28,2.648067585180947,74.14589238506652,0.0001015462202549,281952.1322517778
981,37Nnri5C4TMBs6mJ3rXCiixwSuNsNBwoP8,34.1,Low,No,Normal behaviour -- no red flags,24,2.5890493675822914,62.137184821975,0.0001614367973952,328761.67375665216
982,3DUCiRHgv7S52Mc7psp7vWxT5BRjmMEtyp,34.1,Low,No,Normal behaviour -- no red flags,13,0.9754361663024392,12.680670161931712,8.444480506485756e-05,546175.4053175835
983,3EerSSgu19gzKYYmP7v8BYk8TyzMtU8RBR,34.1,Low,No,Normal behaviour -- no red flags,13,1.4437004502868591,18.768105853729168,0.0001615395515495,518352.14976383327
984,bc1q355r8hwpcdf6cpqc7w48velgqvva8kw86alewd,34.1,Low,No,Normal behaviour -- no red flags,21,3.17113904731073,66.59391999352533,0.0001502370770641,305443.4397186
985,bc1qfz2z292qytnzfplu5s7wusygzcac5mc0zwa35s,34.1,Low,No,Normal behaviour -- no red flags,17,1.7100347209646758,29.070590256399488,0.0001905411628306,361960.475793625
986,bc1q9xd0gj7x7vy3amktauecfc9wxscgnyqn3twsvq,34.0,Low,No,Normal behaviour -- no red flags,13,4.086946229874687,53.13030098837093,7.001593950581821e-05,463299.9582215834
987,1FFQYcYTwasRTNDnCHS196NTDLjJ4whCLs,34.0,Low,No,Normal behaviour -- no red flags,29,1.821128703979244,52.81273241539807,6.714590719590201e-05,271211.38545953576
988,157L5YWbExqQrgQSt7n2zSdoDguZ2WzR7p,34.0,Low,No,Normal behaviour -- no red flags,22,3.3303402056449625,73.26748452418917,0.000132200087674,297180.67160233343
989,bc1pmk4xsynze0mkhed954mwjau4knjwfk4gl6mx6pjecc2ayqxyu7psv6a7z5,34.0,Low,No,Normal behaviour -- no red flags,28,2.61402802183046,73.19278461125288,0.0001075543088147,277214.2685346296
990,1MfjSQG73FsDBo9e8uoaFznAe8wL2zNQup,34.0,Low,No,Normal behaviour -- no red flags,1,0.09218748152276,0.09218748152276,1.6275944886057393e-05,0.0
991,bc1ppru02et3q0x0cz0p3yf8j90qejjzuersusm8e6sqcgplyhqjjy4q7r0qda,34.0,Low,No,Normal behaviour -- no red flags,12,1.3739133745801986,16.486960494962382,8.863635432102927e-05,626930.767424091
992,bc1p7jyx8hs4mlsqk93qmjclm2ld2rxu7q2smwc9vuvfc8sp2ah2rwfsqwlgnc,34.0,Low,No,Normal behaviour -- no red flags,12,2.9807261808008394,35.76871416961007,0.0001003294547065,614997.2226603637
993,323mJCEaNejoTxXPJauEw7KUipYyWLPTN8,34.0,Low,No,Normal behaviour -- no red flags,1,0.4610568745310933,0.4610568745310933,0.0001462979495733,0.0
994,bc1qc6mm2eld2pl9dl6xhndfy7ux4ddh9pg5v6jds9,33.9,Low,No,Normal behaviour -- no red flags,13,2.6783761802070623,34.81889034269181,0.000144757793527,584452.435865
995,bc1qrtpeq2dhrqm8kg8rujattweakzwcvrl8uu9plk,33.9,Low,No,Normal behaviour -- no red flags,1,0.5224920517315149,0.5224920517315149,1.4537024880592083e-05,0.0
996,bc1qgknv5lwd06z3jdxuxvhjlef4sn4sge537f74gh,33.9,Low,No,Normal behaviour -- no red flags,14,1.4152509074571842,19.81351270440058,0.0001579992669327,473593.7620971538
997,1LYZmVaAbZuBVyB42ZFcanLW1mKk8dvxMZ,33.9,Low,No,Normal behaviour -- no red flags,16,4.164719979818449,66.63551967709519,8.021228839085488e-05,366435.3696978667
998,1HYqqSfVtwDGENq5xQ6P4dMgmqdsHuw4ea,33.9,Low,No,Normal behaviour -- no red flags,13,1.6420097047151954,21.34612616129754,0.0001492325213533,615659.6047160834
999,1NMbfeb5NoaeAAg316LoRzSZuahqxPkMtJ,33.8,Low,No,Normal behaviour -- no red flags,1,0.6477263724449793,0.6477263724449793,1.2631038251320204e-05,0.0
1000,1L8nypo8YcKwbUTpVEbaHFA3c83t5RZbZy,33.8,Low,No,Normal behaviour -- no red flags,17,3.8976764945938,66.2605004080946,0.0001150893818525,444606.750834
1001,35qkbx9tMb3qUwFWdS6FTYTfhNE9AmKXYg,33.8,Low,No,Normal behaviour -- no red flags,1,0.544207707902494,0.544207707902494,1.313130722987648e-05,0.0
1002,bc1ppx7rfa948vjx44997atv6pmvwfxqxmlajlackdljq0pjkysswhqqm8h5gs,33.8,Low,No,Normal behaviour -- no red flags,1,0.3663550043926707,0.3663550043926707,1.3517201830655238e-05,0.0
1003,bc1qe7vvevazkuf9vkxv4wwg3vj76cz3cvwnrrvwhw,33.8,Low,No,Normal behaviour -- no red flags,28,2.277907499917342,63.78140999768558,0.0001040680524721,242640.7670968148
1004,bc1pzqfcl4mhy3d7g7wuestjrsy6xgfxuvwh7drv2yfwlt7s7j8rdn8sqavjsk,33.8,Low,No,Normal behaviour -- no red flags,13,1.4011018160424102,18.21432360855133,0.0001325583080508,622914.4111690001
1005,1FEQj2nD8rZQaKjzuV3Mk5zJCpwLFcwDxh,33.8,Low,No,Normal behaviour -- no red flags,11,1.9508095877396128,21.45890546513574,0.0001513939381288,511757.2814705001
1006,1B5WWgNztTnBBdgMrwTp32y6KJWzTdRhqA,33.8,Low,No,Normal behaviour -- no red flags,24,3.238113107230175,77.7147145735242,7.130235922004758e-05,334502.2619765217
1007,bc1pcgdtefg3ccfp2mqq9t0cvwlvyzf5cwrx0jc9dd755tjnkyammrpqdxx3k3,33.7,Low,No,Normal behaviour -- no red flags,1,0.1077665212593884,0.1077665212593884,0.0001226609381705,0.0
1008,1KLX7id88FJN6PhTieeTUdJSEJgpcb2JPG,33.7,Low,No,Normal behaviour -- no red flags,1,1.011207569504963,1.011207569504963,1.5055250950915178e-05,0.0
1009,199HqaJgytaDWagd4tmzXFp3daAvW9i84o,33.7,Low,No,Normal behaviour -- no red flags,13,1.5408216966742665,20.030682056765464,4.346699294174076e-05,569587.9720013334
1010,33Tx1246GTqXPChBDEUgnZkEstZbCAMZ7v,33.7,Low,No,Normal behaviour -- no red flags,1,0.1603767230712713,0.1603767230712713,0.0001364225107451,0.0
1011,39BLJod5qQET9hSJaAB2KMWZNs92qCqmFj,33.6,Low,No,Normal behaviour -- no red flags,25,3.077692905279846,76.94232263199615,0.0001126589612975,289237.12229775003
1012,157xqZVFnqkiqNh5unobFg6mqN7dAKBag2,33.6,Low,No,Normal behaviour -- no red flags,1,0.9464895166885544,0.9464895166885544,0.0001382704654365,0.0
1013,37X93oqwaKRmxv3PiGKfmY4R4GYBFkDukR,33.6,Low,No,Normal behaviour -- no red flags,14,3.933604383831077,55.07046137363508,7.626495881179769e-05,485621.0077199231
1014,bc1qe5jawkry8qtgp7yvpyh4fuxtmadwqxl9nvqvw5,33.5,Low,No,Normal behaviour -- no red flags,20,2.7954090217968512,55.90818043593703,0.0001759946194045,353318.606317579
1015,36QMDovWKnkow8UTabhFoRCbQBuT9QNUyi,33.5,Low,No,Normal behaviour -- no red flags,1,0.1,0.1,1.7449876094402247e-05,0.0
1016,1JkNcAkVLfdgLSgV713uDVeaKfr9ESdbLq,33.5,Low,No,Normal behaviour -- no red flags,11,2.222932649962773,24.452259149590503,0.0001108531691318,690515.8474449001
1017,1PqHZuCHBnckneUDhoQMJvheo8CXvxNg4o,33.5,Low,No,Normal behaviour -- no red flags,1,0.4990675587820615,0.4990675587820615,1.4255035557609328e-05,0.0
1018,bc1plkml2pkylnf7wpl24d7ma64syllkggljrfj3e4hk85gaah6kczhq3sfup8,33.4,Low,No,Normal behaviour -- no red flags,1,0.256007511062013,0.256007511062013,0.0001312163141665,0.0
1019,bc1peejkk44anp95aqkfs4hhs4x070amyksyykv9wmalnkwqey23n29sxeh95h,33.4,Low,No,Normal behaviour -- no red flags,10,1.662731015618284,16.62731015618284,6.114988014887486e-05,494461.5601113333
1020,bc1qx44nhspqd7ffxm54vug3jfj59hgt6wwtf2jhvm,33.4,Low,No,Normal behaviour -- no red flags,23,1.378750487843985,31.711261220411654,0.0001643161055789,332516.76375031815
1021,15kJv8TTiDbcDum5mqC8J8tGzhc8imCL7C,33.4,Low,No,Normal behaviour -- no red flags,1,0.5131323402177824,0.5131323402177824,0.0001290132074928,0.0
1022,bc1plpfx4r7ga0vg52x7g06jna4ykcd09easdlp7mz0w9cqka0xw3t2q4nykh0,33.3,Low,No,Normal behaviour -- no red flags,19,3.8709030869474015,73.54715865200065,9.053240486811098e-05,411202.9531327777
1023,bc1qxq2wcpe0s36v340xfjevrxsw8kpgzd5nszsuq9,33.3,Low,No,Normal behaviour -- no red flags,20,3.858322487183479,77.16644974366957,8.056295941070993e-05,354369.9544261053
1024,bc1q2kxhakflcsc98c0lqzjcvdx2a0pu4eaz8z40ma,33.3,Low,No,Normal behaviour -- no red flags,30,1.5481551603733943,46.44465481120184,9.199986702400138e-05,258817.6711449656
1025,1G8kZtVSVtsP1GgkTrWhDWrTaY7gVwrmzE,33.3,Low,No,Normal behaviour -- no red flags,12,1.880040268470619,22.560483221647427,7.496322902207909e-05,665385.8114547273
1026,bc1qawthmwtsxve4mt479v39zaqer3m7lqffyqxxd5,33.2,Low,No,Normal behaviour -- no red flags,13,3.328182777917765,43.26637611293094,7.627704471077302e-05,587872.4045611667
1027,3L9UVUZVu4FGdSAnvspQH3mM9ydtnV9s7H,33.2,Low,No,Normal behaviour -- no red flags,13,3.2768355661155115,42.59886235950165,0.0001100147200215,609187.0928314999
1028,1B43H7atMNsTNYWafNbRrPz4EbkUq77UEs,33.2,Low,No,Normal behaviour -- no red flags,1,1.0,1.0,1.180515350440258e-05,0.0
1029,34NSXxKMDEMwD1nuAdhz3uC4ZMAwhqLuXc,33.2,Low,No,Normal behaviour -- no red flags,13,2.455864942957184,31.92624425844339,0.0001702799191547,551879.7889093333
1030,3D46gr8neUR1T8YtLpXgkWLoGECftwU7KD,33.2,Low,No,Normal behaviour -- no red flags,14,1.0226755605992737,14.31745784838983,8.064599954087883e-05,554118.1069673077
1031,33svb4L1D98WHFn8JvubxmfjJWRGwa5YWx,33.2,Low,No,Normal behaviour -- no red flags,27,2.755262022264581,74.39207460114369,8.112869642453566e-05,269919.48366234615
1032,12LDQ1ueLygpkyvLcpPNQbawko8XaCqDDS,33.2,Low,No,Normal behaviour -- no red flags,28,2.497236674122897,69.92262687544113,0.0001102472528837,265108.2995964074
1033,bc1qc6klkyt4zr7yazvgptar0z3kvg5h83n5k57z5s,33.2,Low,No,Normal behaviour -- no red flags,27,2.7973190070158864,75.52761318942893,8.117238579415685e-05,273965.0679465
1034,bc1pmgg0ctljk8rd3myk3uwyml5j7lnh4ms4c85ckacjl9pzm96mkzvs5j3vjc,33.2,Low,No,Normal behaviour -- no red flags,13,1.703836320491497,22.14987216638946,0.0001621052901745,582334.1748005834
1035,bc1qtflu0d00ec650jgdvn9c9ea2ntn9ffk06yh3sq,33.1,Low,No,Normal behaviour -- no red flags,1,2.599957981994386,2.599957981994386,7.062033582504281e-05,0.0
1036,bc1q3kfa9n7em4wze4m83rd6qes5u3mksrhqerfmzz,33.1,Low,No,Normal behaviour -- no red flags,12,1.3966460166796892,16.75975220015627,8.427672685926435e-05,634041.9462137274
1037,bc1q8q5tdgkfc7eu6d7kelk6ygz02kyp5558emd3lj,33.1,Low,No,Normal behaviour -- no red flags,1,0.0999811340938747,0.0999811340938747,1.886590612530036e-05,0.0
1038,1C5Vb9kAN4MER8n6MysyEM7hptuj39KgSj,33.1,Low,No,Normal behaviour -- no red flags,1,0.1,0.1,1.886590612530036e-05,0.0
1039,bc1qwjum5dy6484rk2ktu8kwhfhhg44u752hp3wxjl,33.1,Low,No,Normal behaviour -- no red flags,1,0.923313210476112,0.923313210476112,1.3619891997838212e-05,0.0
1040,16KD5aGTX7Hu764W9YeE9GaA8LdvtvBGuR,33.1,Low,No,Normal behaviour -- no red flags,1,2.137541319522656,2.137541319522656,0.0001097228254914,0.0
1041,17ef4UvuKWKRbewbqA7tQbB1phLttkM6xw,33.0,Low,No,Normal behaviour -- no red flags,1,0.3816248981909001,0.3816248981909001,0.000135381230284,0.0
1042,bc1qf08za26n8hdsf8xuvrzgaatankly0f65d3a47k,33.0,Low,No,Normal behaviour -- no red flags,13,2.2131366696291432,28.770776705178864,0.0001854579412887,505405.38673450006
1043,34NCh93KbohBpkLr9gtMp1Ev6wTD3hjNua,33.0,Low,No,Normal behaviour -- no red flags,10,1.934133484262721,19.34133484262721,0.0001160841228699,592367.0866165557
1044,bc1qchcz8lw3jgg9vn7j5h5yt2l8m0x2323p54e4ac,33.0,Low,No,Normal behaviour -- no red flags,17,3.819576417026095,64.9327990894436,7.336796481974113e-05,468243.1480911875
1045,bc1pmk70q40x05x43xfpyxffa9vcc4hmn9hy8n87wfjlyjk4qpmccz6shrc2df,33.0,Low,No,Normal behaviour -- no red flags,11,2.202350468460312,24.22585515306343,9.302709464486114e-05,719321.1331918
1046,bc1qv3hjf4guypgyg48t5rhtz99ug55psg6678f8w6,32.9,Low,No,Normal behaviour -- no red flags,15,3.0908526981735265,46.362790472602896,0.0001501680504968,538621.7097637857
1047,19qbWG2ENZ5tgG1Na7U6PyjA9ow3E4L5Zh,32.9,Low,No,Normal behaviour -- no red flags,22,3.479384496599965,76.54645892519923,0.0001202390663709,359347.38501285715
1048,144o44Uv7d2KuPqDpM6gTcM8GKPcHYhzk7,32.9,Low,No,Normal behaviour -- no red flags,13,2.885374515482082,37.50986870126707,0.0001582457529789,381111.9729385833
1049,bc1q838g3whnm86dnc8hxxgts3zv3k95ancfnzlsem,32.9,Low,No,Normal behaviour -- no red flags,16,3.8439684811527752,61.5034956984444,0.0001184188042534,471567.77901
1050,1BUzfUjs7KPnenXyPkCpvMPsD81yTPfcnH,32.8,Low,No,Normal behaviour -- no red flags,13,1.2097894870173769,15.7272633312259,7.633005401875859e-05,571214.0921766667
1051,bc1qrk4d8mnkytk08cx057dmsetza8eupn3x6w7d83,32.8,Low,No,Normal behaviour -- no red flags,12,2.551197230890453,30.61436677068544,9.956923000424534e-05,691921.3511839091
1052,15jWr3Nea8mQfCHugEDu6GhxQzY7tPtsbo,32.7,Low,No,Normal behaviour -- no red flags,1,0.4657044086736544,0.4657044086736544,1.4425988348012712e-05,0.0
1053,1PhDKTf5sA4KQZUSLspTfny2oTwRakSZJs,32.7,Low,No,Normal behaviour -- no red flags,12,1.1164269608792716,13.39712353055126,0.0001231444519966,499218.4487460909
1054,bc1qwu9f3zyn0wmluvj32t0q6c8df4p755zzyjxs8y,32.7,Low,No,Normal behaviour -- no red flags,13,3.363742827345402,43.72865675549023,0.0001036447430059,602054.9135981667
1055,1PPffRDueMU479tJ8MNEL3yH7Ym4DRapN2,32.7,Low,No,Normal behaviour -- no red flags,1,0.4501276314339601,0.4501276314339601,1.3823298948453269e-05,0.0
1056,16vNmsLazZSnUWN2taaBuqLZAotkwXBpWp,32.7,Low,No,Normal behaviour -- no red flags,1,0.0960374549719364,0.0960374549719364,1.958094588395332e-05,0.0
1057,bc1pns88a7lwf0kep89zllq9g9mk7f7up6tut4wh0csfau67d2jzqucqahc3hf,32.7,Low,No,Normal behaviour -- no red flags,1,0.1,0.1,1.962276068047308e-05,0.0
1058,3LHLgtYtyW3ieDUVSggPPnEPfxWyea9WQ5,32.7,Low,No,Normal behaviour -- no red flags,1,0.0999803772393195,0.0999803772393195,1.962276068047308e-05,0.0
1059,1LCz5ZVsBKQhfSBUL4k16cvMXdNPwYrhSE,32.6,Low,No,Normal behaviour -- no red flags,15,1.1177147219663253,16.765720829494878,0.0001409014218294,535653.514070643
1060,bc1qqduu6n5cxmtejphus3kdva4dstwnzavgjlugdy,32.6,Low,No,Normal behaviour -- no red flags,22,3.557577227967968,78.26669901529529,8.521419893168757e-05,317131.2150870953
1061,bc1qqk886fzjepxnzpxxaqhqdxcmfkf9qsgpjj3sls,32.6,Low,No,Normal behaviour -- no red flags,28,2.376171238035934,66.53279466500615,8.357454968822656e-05,253359.35891492595
1062,bc1p8vfd2fdgztraunzqqel90sq6mcs3v0t7dt8phvf52dg663vkc9vql6zun7,32.6,Low,No,Normal behaviour -- no red flags,20,3.7709506304327376,75.41901260865475,9.022121187694692e-05,402867.40442647366
1063,1P3g4nXdh3rr4TLGnG5PdegVEm7xE45kdG,32.6,Low,No,Normal behaviour -- no red flags,21,1.270511038117533,26.680731800468195,0.0001617864783382,369849.95954
1064,bc1qzps9q2cvnuq8hlufnk9jc39f7sxg42k2572sx6,32.6,Low,No,Normal behaviour -- no red flags,1,0.0999001270097068,0.0999001270097068,2.030491038478853e-05,0.0
1065,34mqYN9xruwH4NZpVThTP4QXz9XstGiKDM,32.6,Low,No,Normal behaviour -- no red flags,18,3.4905435953624933,62.82978471652488,0.0001413308373408,390261.05894323526
1066,bc1qwr4y8knzx0l2r9wyv82r4dv2uqpdrk0upkeuml,32.5,Low,No,Normal behaviour -- no red flags,14,3.802037461225896,53.22852445716254,6.900383511532898e-05,520028.1579328461
1067,bc1q983r2rgzvvkzkd3mag77c29mghppnzykkjrwfa,32.5,Low,No,Normal behaviour -- no red flags,1,0.4633273852076687,0.4633273852076687,0.0001370310457647,0.0
1068,3PvGWND3fkQ3Joj4Rb2UJmXhRRLtxWDBa6,32.5,Low,No,Normal behaviour -- no red flags,1,0.1031889291234708,0.1031889291234708,0.0001144361424397,0.0
1069,bc1qyl05fx0jw00vlhg6ujv7grfgkwxvtmq5tayeuq,32.5,Low,No,Normal behaviour -- no red flags,12,3.240073979237382,38.880887750848586,0.0001142651033822,585211.2283614547
1070,164nTFLK8bU8j7JfVVU8NAQy7PTDjN7Fy1,32.5,Low,No,Normal behaviour -- no red flags,12,1.886804829757241,22.64165795708689,0.0001137180047299,685275.5871189091
1071,bc1q00vw5dfeyawkhnuqly5y88nmk4dvyv5mgw8fr4,32.4,Low,No,Normal behaviour -- no red flags,20,3.1941242122173903,63.88248424434781,4.6851880151997e-05,323492.1135761053
1072,bc1qlwd7he8rm6apr6cr3wpcql7sd7nrf27c9uqt55,32.4,Low,No,Normal behaviour -- no red flags,1,0.0964512360827499,0.0964512360827499,0.000114059015572,0.0
1073,bc1q5jpxuyhxe3d2g28wr55q4cl0qaxws5ztsz9afh,32.4,Low,No,Normal behaviour -- no red flags,19,2.9515166275682354,56.07881592379647,0.0001654211286389,382573.8567220555
1074,3LTWtk6qgnHtXXaTGdz7KjZYikHNDx2xd8,32.4,Low,No,Normal behaviour -- no red flags,1,0.1,0.1,0.0001160563504536,0.0
1075,bc1p4pjraahfnt44yq983fu2pla34u63sgdmhrj33n6d8jply6j99t4sqgnyxe,32.4,Low,No,Normal behaviour -- no red flags,1,0.6428456750358131,0.6428456750358131,0.0001215741345308,0.0
1076,bc1q53nwct5vanc9m84hts2y97hgrgatu9lgq34qv6,32.4,Low,No,Normal behaviour -- no red flags,1,0.0998851916511891,0.0998851916511891,0.0001148083488108,0.0
1077,1NFtNZ95GwSvnKWKT4nMoZXChSQi8BP4Ws,32.4,Low,No,Normal behaviour -- no red flags,1,0.1,0.1,0.0001148083488108,0.0
1078,13a5RBih7E8cnPNVxsKqBqYEMP2GJaSoXz,32.4,Low,No,Normal behaviour -- no red flags,14,3.1270212775569526,43.778297885797336,0.0001161562410516,590259.6980420769
1079,1Q5LJx7mG93p3Htu1QfyRHnSyXxFisWJfp,32.4,Low,No,Normal behaviour -- no red flags,12,2.710728513245655,32.52874215894786,0.0001078819691055,643822.7782605453
1080,bc1qjmlz0z5k7dhgd057tj6vf5fwquklzvh3m8w6yy,32.4,Low,No,Normal behaviour -- no red flags,11,1.6363922619880382,18.00031488186842,0.0001046577797209,613332.1729484999
1081,bc1qx3ufdunds829u9dlwz8lspdetv6dlspje5tl9t,32.4,Low,No,Normal behaviour -- no red flags,18,3.915503251912878,70.4790585344318,0.0001046373444895,406010.017603
1082,1EtT9aHwhvaHeEM2wsdqU22Hp955eBFMFp,32.4,Low,No,Normal behaviour -- no red flags,12,2.524001584706131,30.28801901647357,0.0001278256616969,622553.7261342728
1083,1DDG7ixGwZXfMa6bT3JrnwzQ8ZqqQzhVfD,32.4,Low,No,Normal behaviour -- no red flags,11,1.8438537254391496,20.282390979830648,0.0001045224293322,646682.3643774999
1084,bc1qtyph7f07zjdz26fzwemdw6rjjw5qsyun5ddtj4,32.3,Low,No,Normal behaviour -- no red flags,1,0.6170752648709479,0.6170752648709479,0.0001207541328078,0.0
1085,3F2wM21Eo2e3gvQFM5p2NZVrH3EWs42qNf,32.3,Low,No,Normal behaviour -- no red flags,16,1.902818959707628,30.44510335532205,0.0001833145892484,494214.4822622
1086,1GbSTtZSLw74Dni9LyVmKrVoY7z8TXY87z,32.3,Low,No,Normal behaviour -- no red flags,1,1.916848881288232,1.916848881288232,0.0001106720782716,0.0
1087,bc1qhtn6ke7rhyzv04yzls277qt8ddkyv3hr0mr8nd,32.3,Low,No,Normal behaviour -- no red flags,29,2.222150019698535,64.4423505712575,8.846898391692137e-05,264821.3320044285
1088,bc1qwq5vcvntl5n9pdqjqrhs8s7pvx4nznjvkntmhm,32.3,Low,No,Normal behaviour -- no red flags,11,3.315750728947792,36.47325801842571,0.0001004773807887,557300.1757544
1089,bc1qv8kfjr3s9na7eaydlcupns97p0pd0stqxcekkd,32.3,Low,No,Normal behaviour -- no red flags,1,1.8254406242519143,1.8254406242519143,2.5671547733843187e-05,0.0
1090,bc1p4fjnhv5n4gdhn04hpd4lzz95uzr6007t8hlqk2mtrj36wyxfzcwqvuf74g,32.2,Low,No,Normal behaviour -- no red flags,1,2.404757087842025,2.404757087842025,7.080359955081119e-05,0.0
1091,bc1qeslaeqhwg0qjz7j4xnhaz9lxnsc52avlduja4e,32.2,Low,No,Normal behaviour -- no red flags,17,3.765257251010349,64.00937326717593,0.0001102437911307,472802.2287704375
1092,17MBooSPWAAJS1QFBXCFWG3E96Mk3XD6L9,32.1,Low,No,Normal behaviour -- no red flags,1,2.183674450187907,2.183674450187907,3.32900074862016e-05,0.0
1093,bc1pm5p9wyyj7zamqq6skcyjyvhut7dc2v6c0zkvv6lyy9ytgpxme9csx7kh85,32.1,Low,No,Normal behaviour -- no red flags,1,0.1070368928429213,0.1070368928429213,2.2842056089081248e-05,0.0
1094,3H13r4MuH7Dyj7rTCNTUZBaeuki3xAhFDF,32.1,Low,No,Normal behaviour -- no red flags,1,0.552826491520268,0.552826491520268,1.574300623478259e-05,0.0
1095,3QcYUtUH39xeS9Vfx37gjP9Ze8VH2F7PjJ,32.0,Low,No,Normal behaviour -- no red flags,20,3.3483156019657274,66.96631203931454,0.0001414066895238,377765.1133717896
1096,bc1phhppnn0l6dgw70gy008wy4d8tr9jnws54jm6q6nua77gkul6l0mqp6hnn6,32.0,Low,No,Normal behaviour -- no red flags,15,3.584813321503597,53.772199822553965,7.1116903256773e-05,552355.2083102142
1097,3Fjc8WCXzKXPG9qKiuQntZ7erFbZkdfGSV,32.0,Low,No,Normal behaviour -- no red flags,1,2.090709924836523,2.090709924836523,4.633991747356047e-05,0.0
1098,3FPmGsSTWzhWRMvX1i8V1RmhGNLDsdtaJp,32.0,Low,No,Normal behaviour -- no red flags,11,2.9515191919959305,32.466711111955235,0.0001110595335062,580966.7197010999
1099,bc1qnshj2ctpl3873r8jg60andldp3sdwurevuzp0v,32.0,Low,No,Normal behaviour -- no red flags,1,2.3063488390570708,2.3063488390570708,6.142784924287284e-05,0.0
1100,3FvvhUY1y8YZYAztDM3RsVFYzQuicQjHu6,32.0,Low,No,Normal behaviour -- no red flags,17,3.955610038509013,67.24537065465323,9.794937483770992e-05,424253.1426438125
1101,bc1p896jy8kglrz7p2y3cnj6z9fs06z028vcwruhuh82e92d9nlddlgqwuljh0,32.0,Low,No,Normal behaviour -- no red flags,19,2.758282246144659,52.40736267674852,8.981088903548177e-05,63142.89371127778
1102,1Ls8RATySWUCdNcZY9XFmMPoKgHQ5at8LL,32.0,Low,No,Normal behaviour -- no red flags,14,3.163672644148066,44.29141701807293,7.105219611205399e-05,581637.9462861539
1103,15snrAMNsCRXu9xsHL3KbvE5xMkVqXQuB4,31.9,Low,No,Normal behaviour -- no red flags,1,0.4960829248710002,0.4960829248710002,0.0001224511370908,0.0
1104,bc1qvselqg2syt3mz7vutyk92s5sptyyxywlke9793,31.9,Low,No,Normal behaviour -- no red flags,1,0.8285410529678634,0.8285410529678634,1.980070702553256e-05,0.0
1105,bc1qr6py9yr2mql4c2p9pkc7h65kj8neljlmgjk6a9,31.9,Low,No,Normal behaviour -- no red flags,13,3.175507980915888,41.28160375190654,0.000101902744833,605593.2080144167
1106,1JRGSgPMku6Fz8rHdVfQqqpHcmvsY5Q8ph,31.9,Low,No,Normal behaviour -- no red flags,1,0.041025803456561,0.041025803456561,0.0001015438081181,0.0
1107,1DHHGRCWkKfvYXsbFdCGeHR2AgmbT9ti7m,31.9,Low,No,Normal behaviour -- no red flags,1,2.20687090556702,2.20687090556702,5.007655655705412e-05,0.0
1108,bc1qyld6krkaurfgqkm3j9qvx4st97vyp04j4fs3vg,31.9,Low,No,Normal behaviour -- no red flags,19,3.2720342360652084,62.16865048523896,6.811569456126555e-05,232950.5227859445
1109,15iYrnjKVphiMUacmXcGuQB1iUrAa3UTBD,31.8,Low,No,Normal behaviour -- no red flags,17,1.0273518459926645,17.464981381875297,5.72880395390597e-05,282039.84377793747
1110,bc1qpmjgrqkxzlz57tnq72myhtuu90yhkppj0yuky8,31.8,Low,No,Normal behaviour -- no red flags,1,0.1040644227288525,0.1040644227288525,2.249505755754756e-05,0.0
1111,bc1py20mk4d5ekerjx6k4uaz8x4tas22yjtt0n5zxp5a02jvlg8ety0qv4ksnk,31.8,Low,No,Normal behaviour -- no red flags,1,2.0101421040544416,2.0101421040544416,3.056392211211677e-05,0.0
1112,1A6EETqtn8pCYWJX4rchpvpSdCZLwdkLKz,31.8,Low,No,Normal behaviour -- no red flags,13,2.8570154436195523,37.14120076705418,0.0001256038713459,609416.6203368334
1113,bc1qrcmd9eees4ywfqeclykw8tmzaz5a28tx0vu2uf,31.8,Low,No,Normal behaviour -- no red flags,11,1.393077483537802,15.323852318915822,0.0001255492319543,493622.5368659
1114,1ENYRzAMYueRkHgJ21YXUq8Qr1MZsAQMwB,31.7,Low,No,Normal behaviour -- no red flags,26,2.301078025387196,59.8280286600671,4.843455556768605e-05,302167.56901108
1115,1LmZJHopQ2iWXK349idWDniK5ntNjsT4Zs,31.7,Low,No,Normal behaviour -- no red flags,1,2.1464809335809925,2.1464809335809925,4.4076665824462e-05,0.0
1116,1FBwhsgYPEcKU1wcyHEcAghDQMDQFcFPAv,31.7,Low,No,Normal behaviour -- no red flags,1,2.0916158279391883,2.0916158279391883,5.17367247221216e-05,0.0
1117,bc1pqlf0gej2zd90c2pvqm0qrpnzrlpn8qn9ux59tazhjdg2qkv603xstt5mxu,31.7,Low,No,Normal behaviour -- no red flags,20,3.6504261823708526,73.00852364741705,0.0001244894755591,382599.4112921052
1118,bc1q8u6zhumzdlegjcdrh9t2vzvfympvz293wj99c8,31.7,Low,No,Normal behaviour -- no red flags,1,0.1280695743812683,0.1280695743812683,2.4026289746727543e-05,0.0
1119,163SVNz5cSp57EtYNwxhMeA4HFuqGf1GxR,31.7,Low,No,Normal behaviour -- no red flags,1,0.1,0.1,0.0001110856919251,0.0
1120,bc1q9n6se2xxdxws0rc9zdltpfphpgxz796g89450r,31.7,Low,No,Normal behaviour -- no red flags,1,0.1389548505296756,0.1389548505296756,2.5699980133647698e-05,0.0
1121,33DqagZBDxSGjnN4pkkgF1mQPnUyTYz8e3,31.7,Low,No,Normal behaviour -- no red flags,13,1.876258133804389,24.39135573945705,0.0001800769312969,523087.3189235001
1122,1P6hSvuPuMATnYxX9GvUWvKSwebpn8N6NL,31.7,Low,No,Normal behaviour -- no red flags,23,3.1682698756784724,72.87020714060486,0.0001309356245215,344630.8374270909
1123,3PugGGNmekPKqtJRNc2TxvHx2uKnFGDY63,31.7,Low,No,Normal behaviour -- no red flags,29,1.620772405240705,47.00239975198045,9.136974068786144e-05,257435.14717142857
1124,1L3nfaQLQ4SuQ8DRSmUUjGa3CvBRiPLk1,31.7,Low,No,Normal behaviour -- no red flags,14,3.838447975687684,53.73827165962757,9.64492336771248e-05,518598.13004253845
1125,1EWnyTDag19yNTJ9QKaXsW3qH9ZchQdahK,31.7,Low,No,Normal behaviour -- no red flags,1,1.0048950084509525,1.0048950084509525,0.0001245217056471,0.0
1126,3PXmirydGmi3RXXrVsDdoSpTqixnV4a4Uj,31.6,Low,No,Normal behaviour -- no red flags,1,0.1044653763989458,0.1044653763989458,2.5659024209844e-05,0.0
1127,bc1qyggqs24wzalh9zytcntl225qa7qs8n9uta4hgw,31.6,Low,No,Normal behaviour -- no red flags,16,3.3611323775768795,53.77811804123007,0.0001438375268521,454696.0091779999
1128,bc1pfhy835t0kx4jal5k09teemh6q5rx98vy43g8a9s2cj07ujya4mwq0lwtnn,31.6,Low,No,Normal behaviour -- no red flags,13,1.1820216250789517,15.366281126026372,0.000102931833454,579377.8794884168
1129,19Uaynt3vZKFyFtouzFx8gAcjQpEPLYCQy,31.6,Low,No,Normal behaviour -- no red flags,21,3.220951446623073,67.63998037908455,0.0001380901297517,375678.7705333
1130,bc1pk2nlgmgxqzwsc9w7rlwk0p2ftp5thm63r33spa6xva7vnwztdn5suh6enc,31.6,Low,No,Normal behaviour -- no red flags,1,1.6014310346449283,1.6014310346449283,9.989666225251734e-05,0.0
1131,1D8cKHL9KEbboaJ7U3nRymthe4A5DxHEYc,31.6,Low,No,Normal behaviour -- no red flags,12,2.281991067328254,27.38389280793905,7.166255561806365e-05,666549.0238225455
1132,bc1p7fgqqhwwp6trqaj3h5cfrfw7kvyulz5aqnkggupeyrf66a0jgc9qs2n44m,31.5,Low,No,Normal behaviour -- no red flags,28,2.4806615120115154,69.45852233632243,0.0001101184308936,279917.58502618514
1133,14WiPfQTpxoVUpy1PGHFhBtohU8Vegj5Tt,31.5,Low,No,Normal behaviour -- no red flags,28,2.304421633418656,64.52380573572236,0.0001049398402293,251989.0754136667
1134,bc1qfvyq8389j9mjmq3clcyma2vqhjgzzr5tw4rlq5,31.5,Low,No,Normal behaviour -- no red flags,12,2.782777334266582,33.39332801119898,0.0001028537738681,634088.658594
1135,3PExFcQxcSV54bDSsAqsCKQhNYtjonsNqW,31.5,Low,No,Normal behaviour -- no red flags,1,1.0,1.0,1.6805434948540925e-05,0.0
1136,19i7PgKwdq7w46L6DgiGUuBLUo6fEYH3Zk,31.5,Low,No,Normal behaviour -- no red flags,14,1.144859525416522,16.028033355831308,6.939735835938526e-05,513228.2254764615
1137,1FvpEHKVgipnq9toi51dYT9LURpPLqLcda,31.5,Low,No,Normal behaviour -- no red flags,13,3.127255861086434,40.65432619412364,9.933640600332507e-05,602472.3043163334
1138,bc1qlz9x72wtkkref7dyu5ldrst4a0cak9q37a7mgz,31.5,Low,No,Normal behaviour -- no red flags,28,1.6610293860533754,46.50882280949451,0.0001233410375441,281152.38574533333
1139,16N6ANM3VmxQGzC5aGGbn9qXqWFToSHKyx,31.5,Low,No,Normal behaviour -- no red flags,13,2.5394790432604424,33.01322756238575,0.0001636164284301,560389.2468553333
1140,3Qte7SVby9G6aHr31mR4yoMKKorSLR4g3Y,31.5,Low,No,Normal behaviour -- no red flags,17,0.8536756908358529,14.5124867442095,0.0001342234836588,405178.12722606247
1141,3HKPvbnRVkJATLSnBuhAyLYgtunDn3LKLN,31.4,Low,No,Normal behaviour -- no red flags,1,0.2812621326941257,0.2812621326941257,0.0001129660850873,0.0
1142,321z45QgWiJK3hi7Xs8kPoXmFY3jNjmaAD,31.4,Low,No,Normal behaviour -- no red flags,1,0.1090386418155524,0.1090386418155524,8.2078758424329e-05,0.0
1143,1BgN2bTKMZExY77PTA79d69SRgbuZS3JGG,31.4,Low,No,Normal behaviour -- no red flags,1,2.134714257431692,2.134714257431692,3.818346143214532e-05,0.0
1144,bc1q9sd4t0plvcqljnm9h7s33606p6f7zwh2c6yz3y,31.4,Low,No,Normal behaviour -- no red flags,1,0.4998510848491403,0.4998510848491403,2.025136158235912e-05,0.0
1145,bc1p8685v6fwhrqs0ntneyktdg6uunt0kjuhqp2wzwcqtc357zjma3es2xmcm8,31.4,Low,No,Normal behaviour -- no red flags,13,1.3529534988502805,17.588395485053645,0.0001455136304937,547432.1415729166
1146,bc1qqevs9ln0p7uugrz6923z9k9klme0djaxmwddz9,31.4,Low,No,Normal behaviour -- no red flags,29,1.9974997164546089,57.92749177718365,7.86279381890381e-05,268439.47226025
1147,181NjXNMEcVNZjeNvgtkxgTKjHPhCFvsDM,31.3,Low,No,Normal behaviour -- no red flags,1,0.4965873372011559,0.4965873372011559,1.96582250160528e-05,0.0
1148,3Pn9TvQrvR68wuhXkmgqCENpsdoNymZvBd,31.3,Low,No,Normal behaviour -- no red flags,15,3.304331068429721,49.564966026445816,0.0001461179316975,507623.796255
1149,bc1ptwkfrawk3p3etwqvykmmgzr5vj5w8zj09k7ucpznvakktchj2zaqdhp2vy,31.3,Low,No,Normal behaviour -- no red flags,11,1.8501141962013816,20.3512561582152,8.618118446462731e-05,642043.8603300999
1150,bc1qcfya6afvqhhfsaxekws65c8hmx7m9kq5anzumv,31.3,Low,No,Normal behaviour -- no red flags,27,2.27259466138124,61.36005585729349,0.0001350944572979,251491.6386434616
1151,bc1qfpdlq9f4krnaa6uxu9849x5l3m9xh35pjcaqk0,31.3,Low,No,Normal behaviour -- no red flags,1,2.18314384346619,2.18314384346619,5.689660714966446e-05,0.0
1152,14R8sumTwqr28cM8g4jYTt2R2SAh1cTBqH,31.3,Low,No,Normal behaviour -- no red flags,23,1.757017644815532,40.41140583075724,0.0001682093754104,297413.94423059095
1153,18fWeVZ8RJJ5RbHih2sWgc19aHCFircKEW,31.3,Low,No,Normal behaviour -- no red flags,20,3.135247173888645,62.7049434777729,4.86139271211202e-05,336742.1360483158
1154,bc1qjpq2rq32mvuupwrsapk3t5w7fcf00vjke2lwmx,31.3,Low,No,Normal behaviour -- no red flags,1,0.1074176417220806,0.1074176417220806,2.905842310114989e-05,0.0
1155,bc1qskpm79zrftqyq4glsxwekhvtcadhrf2wm7ja0s,31.3,Low,No,Normal behaviour -- no red flags,1,2.0279686415652343,2.0279686415652343,5.435456674903878e-05,0.0
1156,35MmZeudFVA1nKmxrbT2RwLjN9WoJY67G5,31.3,Low,No,Normal behaviour -- no red flags,29,2.014547665300515,58.42188229371493,0.0001181565706256,265800.7497198571
1157,bc1p9d70aaeedzhhy36ys5pndv30gdn6x643u2g7cuuqwds0j0a8kwkszh74vq,31.3,Low,No,Normal behaviour -- no red flags,1,0.1654904610267101,0.1654904610267101,0.0001152560081821,0.0
1158,bc1qdevjrdgk2shs23a47zx0pjxy8hm8nxmql83xym,31.2,Low,No,Normal behaviour -- no red flags,29,1.912739360861856,55.46944146499381,9.642657812564548e-05,231073.6219183929
1159,bc1q5j5fl23asr8eawve882ev30tartuv4fg9qsgf9,31.2,Low,No,Normal behaviour -- no red flags,1,0.1,0.1,0.0001073320410229,0.0
1160,bc1p05hlmz4xt8vc3gaqrhefjr7l8e6s496qhua4rjsdpzfjzwr4hz4sgvgpmd,31.2,Low,No,Normal behaviour -- no red flags,1,0.0911010970380925,0.0911010970380925,8.886372071591051e-05,0.0
1161,3KEqARJU6jbuJoLRh1e6yQP2fJ2dHagXvP,31.2,Low,No,Normal behaviour -- no red flags,1,0.0931835867792161,0.0931835867792161,9.168427339016151e-05,0.0
1162,3QZvg9dJCJ3nCuE1KrWd3gP1PxMtpRAq2G,31.2,Low,No,Normal behaviour -- no red flags,1,0.0923813924235077,0.0923813924235077,9.095664118434228e-05,0.0
1163,bc1quskkjngcmcn9tc3fx60znxyglk8dyy88ht9ej6,31.2,Low,No,Normal behaviour -- no red flags,1,0.1036649741878564,0.1036649741878564,0.0001017955636044,0.0
1164,1L6QcxnoKf4W3i3uyjLEuSuUWpXd7VDSbk,31.2,Low,No,Normal behaviour -- no red flags,28,2.4592784385904785,68.8597962805334,0.0001169648202551,273409.6240694444
1165,bc1qdjrk6sykjgrhdvw8rjz9vkq507x422u3x40y9n,31.2,Low,No,Normal behaviour -- no red flags,1,0.1411663383290629,0.1411663383290629,9.972150144463168e-05,0.0
1166,13bqQADJd1jxWw6D5mCEWsDbmHbZqfb2VV,31.1,Low,No,Normal behaviour -- no red flags,1,0.1072587252538073,0.1072587252538073,8.45124793315447e-05,0.0
1167,bc1qaedqku7k0n5apmtxdh3a3q4jqmg7nc3yc2n02j,31.1,Low,No,Normal behaviour -- no red flags,18,3.8619110407956736,69.51439873432213,7.784868277540336e-05,391715.36457511765
1168,14T4ZyfFBCimtDLQ8TrGd7ALF3oCDvYS72,31.1,Low,No,Normal behaviour -- no red flags,27,1.9157661161307984,51.72568513553156,0.0001480189067813,293243.62946565385
1169,39jVAjgtHThi8NL2XicgxavMn8ZPjNgrgv,31.1,Low,No,Normal behaviour -- no red flags,20,2.489015314106145,49.78030628212289,0.0001794795840994,362101.42749010527
1170,1PHN65gEAnJVrubmaSFGazbZSd6RVMuTHa,31.1,Low,No,Normal behaviour -- no red flags,1,0.1,0.1,0.0001019269972473,0.0
1171,35kkNPrxfTMHWU6Qo7x7hvX43uqgDTBDBC,31.1,Low,No,Normal behaviour -- no red flags,26,2.6674806018943684,69.35449564925358,0.0001361742416392,303554.513824
1172,1LFGMWKsWajRDxut9XGwYY43co1nPQLT14,31.1,Low,No,Normal behaviour -- no red flags,1,0.1693962038362043,0.1693962038362043,2.398678955287989e-05,0.0
1173,1QDaj949XX6wgKRPu5kMqGqAMdH1H2Y9VR,31.1,Low,No,Normal behaviour -- no red flags,30,1.768445630066804,53.05336890200413,0.0001032431533214,260040.95453086204
1174,3AnFC1ee8jsJ8c1RYt7kDB1GMuQudhV3Fg,31.0,Low,No,Normal behaviour -- no red flags,1,0.2137834938621754,0.2137834938621754,2.1111740654978576e-05,0.0
1175,bc1qr5ahhnhpggepx89d3ke2psjlcucjha9shyvfrr,31.0,Low,No,Normal behaviour -- no red flags,25,3.089701028412772,77.2425257103193,8.573358570362299e-05,306697.9132612083
1176,1EF8YMNUgr8FpkgYxMN1yTGysKs3RnpYwo,31.0,Low,No,Normal behaviour -- no red flags,12,1.95440095252215,23.4528114302658,0.0001213865540786,667037.4237724545
1177,bc1ppupm0qqhwsxeunxx98vf90drp2u7cuwpz3vrucl9ejf433qm0aaqjy584t,31.0,Low,No,Normal behaviour -- no red flags,15,2.3571359677417503,35.35703951612626,0.0001772688159566,509264.15739778575
1178,bc1qz9w9cu7yypfhk4yfks9l4jedrtr5lre35au2kk,31.0,Low,No,Normal behaviour -- no red flags,1,0.4752472996133191,0.4752472996133191,1.665113459575437e-05,0.0
1179,1Mo5DsqeP7djPsUrUXibbpg7uAyQijJ4KV,31.0,Low,No,Normal behaviour -- no red flags,23,1.0248326122156513,23.57115008095998,0.0001412007512658,327375.0259654999
1180,bc1px2atpt99ew66s93s786rgw7v39w047d2fczkn279nc8s5f0u7h5qrma282,31.0,Low,No,Normal behaviour -- no red flags,21,2.792669947071357,58.6460688884985,0.0001594325676096,344383.91801815
1181,bc1qgxvnj29w2x4mx977xxrf2v47h8s4609ql27p3t,31.0,Low,No,Normal behaviour -- no red flags,1,0.0996447516358177,0.0996447516358177,0.0001089691831675,0.0
1182,1CseR8tezUTrHYhsquxSSbHVdEVfcHmSkb,31.0,Low,No,Normal behaviour -- no red flags,1,2.1008748643025847,2.1008748643025847,7.016178577609016e-05,0.0
1183,13hejLavzsDrFp9TRyPnNEXicwEc21HggD,31.0,Low,No,Normal behaviour -- no red flags,1,0.1,0.1,8.312052212822486e-05,0.0
1184,bc1psqumrdlqax5ka3g098tlyx2yazavhan0lt7lttgadzkqqjxsr8xq3d4gp2,31.0,Low,No,Normal behaviour -- no red flags,1,0.0996911748781406,0.0996911748781406,0.0001006086016979,0.0
1185,3ETPWcrnGtTyqUdYTx8ZjkK4fyW8mZNxJj,30.9,Low,No,Normal behaviour -- no red flags,17,2.9258802067715144,49.73996351511575,0.0001554954586739,423220.8673920625
1186,39f67MGWAaDJJqfC1JAczrs2CiqFQYTwCJ,30.9,Low,No,Normal behaviour -- no red flags,12,2.9701294674919985,35.64155360990398,7.099521455795615e-05,574793.8801551817
1187,1CmccaBDVJmZFn4GHLQmRNL7k5r1YvCYcB,30.9,Low,No,Normal behaviour -- no red flags,29,1.631292220513428,47.30747439488942,9.463706476491887e-05,261332.39919717857
1188,17qB4uGHCz54DZBqBBuSY35cckUDRJoPwc,30.9,Low,No,Normal behaviour -- no red flags,1,1.9848423981311416,1.9848423981311416,9.633541663695691e-05,0.0
1189,1JHdE43prbMdCBDnQdWvRdA6K16o7bGpMB,30.8,Low,No,Normal behaviour -- no red flags,14,1.4882936758009353,20.836111461213093,0.0001396866341857,591235.6893098463
1190,12WxNRqoJtuz5Pyf3Ge5Kq7vy47g9o6FpK,30.8,Low,No,Normal behaviour -- no red flags,1,0.0996673443860585,0.0996673443860585,7.796800684289979e-05,0.0
1191,bc1q8r0nd3vz5ez4a8zuy8dsw2h37m4eapdq0pe6kf,30.8,Low,No,Normal behaviour -- no red flags,1,0.0963351688844683,0.0963351688844683,8.487481233821307e-05,0.0
1192,3P4GmQQYg7vSwYxvix3AuCosLpauERJgo3,30.8,Low,No,Normal behaviour -- no red flags,24,3.2526498332007048,78.06359599681691,0.0001158848762086,310306.0051871304
1193,bc1qa47pwhhykju5wv30g7rk5546jmxcg00xsm2dte,30.8,Low,No,Normal behaviour -- no red flags,1,0.0997773759280113,0.0997773759280113,3.004209930270634e-05,0.0
1194,bc1ql5g7c5pvy2fggrrj25h5pjp57l8m5e4p6r5k3a,30.8,Low,No,Normal behaviour -- no red flags,14,0.8975404188876984,12.56556586442778,9.594580063612266e-05,474971.5809922308
1195,1LZEiV3k2TzYEvRonFWvJT7jJyLwRZm8Cz,30.8,Low,No,Normal behaviour -- no red flags,14,1.579162584241692,22.10827617938369,5.371424163456852e-05,573626.5049534616
1196,14KAZnEAw4SpxK2JyAySEKUQi8yTaMZWah,30.8,Low,No,Normal behaviour -- no red flags,1,0.6689144366127161,0.6689144366127161,0.0001084277997555,0.0
1197,16iiUtoKN5bqvj8zVWDEdWDstH3bJCgAeC,30.8,Low,No,Normal behaviour -- no red flags,13,1.250979020613619,16.26272726797705,6.380655089928785e-05,491377.8829966667
1198,bc1qdv40sk8ev9ahsrthhxl9nx85sn77wnz6t6gzyv,30.7,Low,No,Normal behaviour -- no red flags,22,3.496315312380006,76.91893687236013,9.696079746990406e-05,358732.32141009526
1199,bc1q7wj0cfn9gcrptdrmcwjs5qzlextrfrkpf9x5zl,30.7,Low,No,Normal behaviour -- no red flags,13,1.944317440693752,25.276126729018777,5.583720406178514e-05,629254.9096757501
1200,3Qbx8P1dDP7Yt3PckTJnugEnnk5bv7x1sY,30.7,Low,No,Normal behaviour -- no red flags,1,0.1266783632985841,0.1266783632985841,2.981435916174176e-05,0.0
1201,bc1qe4gy8lwd08c8hw2lz8zz5735cv7e99u40jxlq0,30.7,Low,No,Normal behaviour -- no red flags,1,0.4731653795640951,0.4731653795640951,1.967831800872461e-05,0.0
1202,116Cp8JngXw7qx9QDkmiEFWL8cNDoqE5HD,30.7,Low,No,Normal behaviour -- no red flags,12,2.406542931596799,28.87851517916159,0.0001079819529437,671486.3357084545
1203,bc1qshkna0cjperznvd2pwkvf64dc2ytyhkykal7ul,30.7,Low,No,Normal behaviour -- no red flags,1,0.0970896842508534,0.0970896842508534,8.614631864822098e-05,0.0
1204,3K9t4hpW52QbG15uGGKrEsZzYoVRt8Qd5L,30.6,Low,No,Normal behaviour -- no red flags,1,0.1036454493421041,0.1036454493421041,7.572940139115892e-05,0.0
1205,1D3hXSuX6oZ3cdaBurARDkG6GvFpyRPnYG,30.6,Low,No,Normal behaviour -- no red flags,19,1.4406352471916464,27.372069696641283,0.0001681531149143,375739.9542726667
1206,1KUybV8pNRoimaMMd3ZSqWCXLjcGf91ZS5,30.6,Low,No,Normal behaviour -- no red flags,1,0.1,0.1,8.718050750045277e-05,0.0
1207,bc1pm4eumw3h6slscrpcgeqz7usu458fvp54udm4fdcgk0w8apq3dntqvk80ml,30.6,Low,No,Normal behaviour -- no red flags,17,2.904916264539379,49.38357649716944,0.0001577535308322,449549.6927941875
1208,bc1qyr3yr08ky84zp7tuwdt9s2upfgfxundxlwwt34,30.6,Low,No,Normal behaviour -- no red flags,1,2.1286893490361525,2.1286893490361525,6.44688237253609e-05,0.0
1209,18DebUUHmEWccQSdG5hFfubwgTRyE41EEQ,30.6,Low,No,Normal behaviour -- no red flags,1,0.1084985586046056,0.1084985586046056,4.621354655655245e-05,0.0
1210,bc1qasyy2fsfmwyy0nglt67mne9gv65r32x4khyyn0,30.6,Low,No,Normal behaviour -- no red flags,1,0.108613698634451,0.108613698634451,4.567623364798118e-05,0.0
1211,32ySngxdWpgXw5XLpGqtN7SVSUm8o6yhHJ,30.6,Low,No,Normal behaviour -- no red flags,1,0.0977673161085729,0.0977673161085729,5.973095728452567e-05,0.0
1212,bc1q4h46gerrlvpkp2ntjmu9dg2uu2cxj65thk9ahw,30.6,Low,No,Normal behaviour -- no red flags,1,2.1471559907347504,2.1471559907347504,6.640393398347766e-05,0.0
1213,18wfSG8D2kTXuPb6UaK3FzkmwLRMWQgK5j,30.6,Low,No,Normal behaviour -- no red flags,1,0.1,0.1,7.524555599547865e-05,0.0
1214,3CKRMp3z8hKGRxTASq9gGfBTbMJshG9WhE,30.6,Low,No,Normal behaviour -- no red flags,1,0.0936900309578647,0.0936900309578647,3.4856120892458214e-05,0.0
1215,338M72EvpZNuCU6siPp7iwYwW7kPpm4ypk,30.5,Low,No,Normal behaviour -- no red flags,1,1.8048487181060653,1.8048487181060653,7.508115030152948e-05,0.0
1216,bc1pxshetgluwdussf8jy2ex9vzfv0sny7e5edvf9yv8f3wm4m38p88s969m4e,30.5,Low,No,Normal behaviour -- no red flags,29,1.9538696338322727,56.66221938113593,0.0001169730454247,260456.90244367853
1217,1EsP1f4goZrQKa8UJUHABwphudFA4VD2uq,30.5,Low,No,Normal behaviour -- no red flags,21,3.588821765250469,75.36525707025986,7.385163145727073e-05,336765.84569124994
1218,1Cp9afxHaMzVR9CWvNxDKhTKaMSVsxe2eq,30.5,Low,No,Normal behaviour -- no red flags,1,0.1050281476406938,0.1050281476406938,3.5617556928298104e-05,0.0
1219,1LenGVRi88W3jMfw2XJYQYUBNy2gHVdv4v,30.5,Low,No,Normal behaviour -- no red flags,1,0.9996367216948256,0.9996367216948256,2.085910962838632e-05,0.0
1220,bc1qx6ccker5k4ff4jyr4jd4h5zd0qu5gcn9ygdcmm,30.4,Low,No,Normal behaviour -- no red flags,26,2.6745256594817937,69.53766714652663,0.0001264739699137,262687.20795304
1221,bc1qw5aw50uc56cxnddhc0c3yu4q58tqy0d8t0h6us,30.4,Low,No,Normal behaviour -- no red flags,12,1.5398396506800245,18.47807580816029,6.160463475597727e-05,561795.5834775455
1222,1JbXXgzkH5YrjG7nFZxUdrj7SGRREtqaE5,30.4,Low,No,Normal behaviour -- no red flags,1,1.8094407499305585,1.8094407499305585,4.474400500618614e-05,0.0
1223,bc1qc5sveg8mtfwv0plmt5mj399jlqfvjeupcx2znx,30.4,Low,No,Normal behaviour -- no red flags,14,1.1360211699514329,15.904296379320058,0.0001050683197763,555029.9713011539
1224,16Vw3iiXC8Q71QdnuUkvWuXWYQgvaWQjbD,30.4,Low,No,Normal behaviour -- no red flags,12,2.776889982687873,33.32267979225448,8.986547800680048e-05,615675.8784298182
1225,bc1pgfxjsy4z2uu3r7cdw2d4fuu7lp96y6raatnsknhw0n524q0dhcfqxtft4p,30.3,Low,No,Normal behaviour -- no red flags,1,0.9306436366363638,0.9306436366363638,2.067034472270008e-05,0.0
1226,3Bibva4TBZUrSHy6Rphon4Vm7jcNQcYgGm,30.3,Low,No,Normal behaviour -- no red flags,1,0.3182112515547933,0.3182112515547933,2.945901173523217e-05,0.0
1227,bc1p4kcqx27l089tw6wttxtz9gudmmlc5yn7nagpvsnh9zrlpgz8k9aqzecyk9,30.3,Low,No,Normal behaviour -- no red flags,24,3.2410192391893484,77.78446174054436,8.652699039181009e-05,307105.5932402609
1228,bc1pjtac6tdyty0rerdep7j26kr6vdurwwl5c086hxhmhqn3cvlzgnrq3expam,30.3,Low,No,Normal behaviour -- no red flags,1,0.104774992192971,0.104774992192971,4.4507093404995306e-05,0.0
1229,1ATWyHzKvg94N21GQnoxtQJ8yT3ZcdJhmG,30.3,Low,No,Normal behaviour -- no red flags,1,0.1057588120845229,0.1057588120845229,4.335852039990148e-05,0.0
1230,3CCS72cuYbpibx1DBCAdGoS1NyCAQMyGft,30.3,Low,No,Normal behaviour -- no red flags,1,0.2632472965735439,0.2632472965735439,2.963698857843304e-05,0.0
1231,1E7A9UDCq9p9aGt8GF2ZLZ1YaKmgeWX5Jk,30.3,Low,No,Normal behaviour -- no red flags,28,2.090304208930989,58.5285178500677,7.396222849880375e-05,262016.9436119259
1232,31wpwpfwMqA4ZZEcTzAFFgJY4viN9pLZVB,30.2,Low,No,Normal behaviour -- no red flags,17,3.2117142355286,54.5991420039862,4.875341924940818e-05,427689.7836570001
1233,38cRni6ARC5suYXH9Z9FGzvD65GQghLocp,30.2,Low,No,Normal behaviour -- no red flags,1,0.4602814159978924,0.4602814159978924,0.0001211899531054,0.0
1234,16u1pz6ieqUCC2MoA4tRJyPyAx8Sau3vxi,30.2,Low,No,Normal behaviour -- no red flags,14,1.0477294154792711,14.668211816709798,0.0001084474679441,537783.9175603847
1235,bc1prwxp4kfw6h4d5evwhcy07qprmh68j3zg34wl47s3uvvvvcqudruse49cwy,30.2,Low,No,Normal behaviour -- no red flags,1,0.225057097164524,0.225057097164524,0.0001055556073012,0.0
1236,bc1qc8fazpt2ddmpp5w2n30uwuzmukqm7kdkgx3yx7,30.2,Low,No,Normal behaviour -- no red flags,28,1.7126517309612506,47.95424846691502,0.0001135617865612,256256.4595322963
1237,bc1qv7xlcuh69w7s7v27y79rlp7z2ege4rx8y904g2,30.2,Low,No,Normal behaviour -- no red flags,25,2.644985809974988,66.1246452493747,0.0001404891336304,283220.76382504165
1238,bc1p3qykuntr0tcpl6zgzf7zv8yg2z850y4c8v5jfq2pwmppl06vzlhqgv7e2l,30.2,Low,No,Normal behaviour -- no red flags,1,1.213009332066092,1.213009332066092,0.0001075860139177,0.0
1239,1J3G7KnR7KMsEdjWxKHjnRNcKYhA19hWkk,30.2,Low,No,Normal behaviour -- no red flags,19,1.4744951679399,28.015408190858096,0.0001692049634854,401065.8043948334
1240,bc1q8uaq4356a7n4xwhgt4v27v3ryhg0wzahah0c6q,30.2,Low,No,Normal behaviour -- no red flags,1,0.1320174541112187,0.1320174541112187,3.5937910843178786e-05,0.0
1241,bc1qvye7dqgsldx24mxqud36a48kwtam7sfr3qqm4r,30.2,Low,No,Normal behaviour -- no red flags,1,0.1301844185289123,0.1301844185289123,3.543752080258953e-05,0.0
1242,1GzrMNYDH7FqXpWMatwEuLXg2bgjGoHiab,30.2,Low,No,Normal behaviour -- no red flags,1,0.1036571446371401,0.1036571446371401,3.3303935766010445e-05,0.0
1243,bc1qjeufpe07sg7j8ejp0ql3g74qs224ay6s7527xq,30.1,Low,No,Normal behaviour -- no red flags,16,3.8821474055846648,62.11435848935464,9.737848513368732e-05,431698.8595217333
1244,bc1q60glhyls65ya6ltyzxxgvx3dpar9vwt546yz7p,30.1,Low,No,Normal behaviour -- no red flags,1,0.2396149516786349,0.2396149516786349,0.0001090112098237,0.0
1245,bc1qgppr54tuxrkva8p05cgjsmaktkq42p05x7aqem,30.1,Low,No,Normal behaviour -- no red flags,1,0.239853090446895,0.239853090446895,0.000108795508459,0.0
1246,3LnXBmt4QsNCAdPP6L8A9YNUposbf6FF3a,30.1,Low,No,Normal behaviour -- no red flags,1,0.0998751052987496,0.0998751052987496,5.357095181329976e-05,0.0
1247,1FNgkG925xJFJxW6qGWyxqKumRm9oacrUe,30.1,Low,No,Normal behaviour -- no red flags,1,0.9586382853694768,0.9586382853694768,0.0001110947342619,0.0
1248,3Cp8j5yqL4CBuc4XV5N4Am3XUnHwYVWRPZ,30.1,Low,No,Normal behaviour -- no red flags,14,2.846042210981153,39.844590953736144,6.241115966884845e-05,567806.0244214615
1249,bc1q56j7qfq06ufn4pd84uhpjplk86smde9srm8sud,30.1,Low,No,Normal behaviour -- no red flags,28,1.6898532795231955,47.31589182664948,7.860616252740046e-05,286743.4434041852
1250,bc1ql330rqvv794xvwt23msdrkxz464kfd6m8v77zj,30.0,Low,No,Normal behaviour -- no red flags,1,2.019614197716672,2.019614197716672,6.22581152153972e-05,0.0
1251,bc1qqqvu9fcl7kf4296v7xpnktrrxz6vrc7fc6r5w8,30.0,Low,No,Normal behaviour -- no red flags,27,2.639202394371082,71.25846464801921,0.0001130492515808,286555.92709042307
1252,3PmWjdgoE6kEp4Ty9JR3ePjjHm2LT86o3v,30.0,Low,No,Normal behaviour -- no red flags,16,3.955838695831432,63.29341913330292,9.23011844772534e-05,391428.26392
1253,36TWTtfhatfmaym7744KFREsf2ZmQagJ9i,30.0,Low,No,Normal behaviour -- no red flags,1,0.4248288359284962,0.4248288359284962,0.0001155871534292,0.0
1254,34NGa6CBGwDEuCPaTHQDnZQcoDWQ4VA4kf,30.0,Low,No,Normal behaviour -- no red flags,1,0.1367855095680727,0.1367855095680727,8.739347569140731e-05,0.0
1255,1JE5oSof96gYXgP53VjWQKBhkWmws47L21,30.0,Low,No,Normal behaviour -- no red flags,1,1.996469989140218,1.996469989140218,4.201860801828868e-05,0.0
1256,34bq23r2bkL6xTuswacbqdZTkduTwTK8Mf,30.0,Low,No,Normal behaviour -- no red flags,12,2.572737590173498,30.872851082081976,8.159970630664764e-05,634209.746554
1257,1MZfLMJuYmmSbPp3jAHQkcy7cJAJfZ8Kru,30.0,Low,No,Normal behaviour -- no red flags,1,0.1,0.1,3.537942123470737e-05,0.0
1258,bc1q9gawu406xn8c8s0v0w4gw7xv4sm3nn2z4umtrf,30.0,Low,No,Normal behaviour -- no red flags,1,0.0999676868355442,0.0999676868355442,3.231316445573949e-05,0.0
1259,bc1pphkcnpwnkuaayupq9q95l4qcegdrm6nwk9f0mssjtmt2muxnlr6qce8hkw,30.0,Low,No,Normal behaviour -- no red flags,1,0.1,0.1,3.231316445573949e-05,0.0
1260,3MfX2HV2P43d6V31q7CcBSkrfHPWQwA4pP,30.0,Low,No,Normal behaviour -- no red flags,1,0.261400236457022,0.261400236457022,9.696369825825247e-05,0.0
1261,bc1qw5u0s9aplk3sknpsa6sqqlt6gy4s5jpt8mn3ax,30.0,Low,No,Normal behaviour -- no red flags,11,2.1709575070030738,23.88053257703381,6.455086406827496e-05,591727.2165971
1262,3AuHYx19uLLLqvMp9DfF9GTAUZzs4ZJEPn,29.9,Low,No,Normal behaviour -- no red flags,1,1.950734507364304,1.950734507364304,7.562058264314112e-05,0.0
1263,191Ed9zQZzYHoC5vHF9Kpg9iq9FK1m7bFQ,29.9,Low,No,Normal behaviour -- no red flags,1,1.9605443211296008,1.9605443211296008,7.587803507695572e-05,0.0
1264,3NRfktcK4y3xZKHkpY9b2m6TxKXibiknAc,29.9,Low,No,Normal behaviour -- no red flags,1,0.0991772388826226,0.0991772388826226,6.202362659353961e-05,0.0
1265,3PH4FnqDrQkuFfT7mRur3Qvb7FL7iXhYeC,29.9,Low,No,Normal behaviour -- no red flags,1,1.8137352002212264,1.8137352002212264,5.9671724815992977e-05,0.0
1266,bc1qsajgxwkncr4dtta69k06xjxauwlvm4ff2ntf5d,29.9,Low,No,Normal behaviour -- no red flags,26,2.587403547296477,67.2724922297084,0.0001248428273578,248835.61567548
1267,bc1p9khcwzzvp9w7ny9daapudsqmssq4a00uxwgqy9xwjvxzyvfjq3ese9kua8,29.9,Low,No,Normal behaviour -- no red flags,27,1.6400016289131645,44.28004398065544,0.0001270742727603,284087.1358705769
1268,bc1qvxqus7el9unjl2vtfl8veafvwzc2rfl2g2n97l,29.9,Low,No,Normal behaviour -- no red flags,12,1.3156174568606993,15.787409482328393,6.321363243033168e-05,415341.2316265454
1269,bc1pyev7u3xuqrqpstwmfg42ex39wlgrs9j77r622h74pzu8kdfcrv9q23tz5e,29.9,Low,No,Normal behaviour -- no red flags,27,2.4972452716504305,67.42562233456162,7.7549814862545e-05,268308.48278334615
1270,bc1qnkqnphsjqjxl424383mgunfald2xmx48lsuy2p,29.9,Low,No,Normal behaviour -- no red flags,21,3.208024521345279,67.36851494825086,5.907473854352217e-05,312415.93393505
1271,bc1q7lpjpm7qy7k4fgn975pwtl3cxnegevga7mv3j4,29.9,Low,No,Normal behaviour -- no red flags,11,2.2711700694524115,24.982870763976525,7.851994428864664e-05,627109.5127995001
1272,35u8eif8uA3xzVhHctrane5M53FYU5JuFb,29.9,Low,No,Normal behaviour -- no red flags,1,0.0966231018512165,0.0966231018512165,3.8069416400937634e-05,0.0
1273,bc1qzc8j03nqzp83eel9zl88g2v6tsamkv35rxmvng,29.8,Low,No,Normal behaviour -- no red flags,1,1.941012266496568,1.941012266496568,8.194621079936327e-05,0.0
1274,34BXqHT1vDUjYDQdkRYbtH6hV3XTcyqcV9,29.8,Low,No,Normal behaviour -- no red flags,13,3.336824583018289,43.37871957923776,0.0001116193551924,578589.1213289167
1275,1ATCtwWJswmxdUrYwTcS8UTtaYUmSu82U6,29.8,Low,No,Normal behaviour -- no red flags,1,0.0996440791094599,0.0996440791094599,3.8479023078446125e-05,0.0
1276,1udGUunS7QRmy4aL4MdYCiX994KrD5eV4,29.8,Low,No,Normal behaviour -- no red flags,21,3.634006392282544,76.31413423793342,9.791187376903903e-05,335922.47341235
1277,bc1qz0fy0ccp2z3nf4ttgswy7x2xjsde59jhe8eqmk,29.8,Low,No,Normal behaviour -- no red flags,12,2.676075445906935,32.11290535088322,9.23404264587914e-05,639756.753487091
1278,bc1qnrw4gkprurned3g6cnrw3ntr7dp62je9wn9p4y,29.8,Low,No,Normal behaviour -- no red flags,1,0.7857437852271331,0.7857437852271331,2.5725792046991906e-05,0.0
1279,3H25EHwRmKoyqDrJwmJ5Am6FgT23Qj5geG,29.8,Low,No,Normal behaviour -- no red flags,1,1.58806867911552,1.58806867911552,4.158963144252322e-05,0.0
1280,bc1qmgw7zuw5mh5txv98uwlsf65l7eugu5nf4y0u2z,29.7,Low,No,Normal behaviour -- no red flags,25,2.881022255953222,72.02555639883055,7.586088790718081e-05,292052.44590404164
1281,bc1qmjtu2psgvs8n95mp8hpyguywu9tjn7tqlegwdr,29.7,Low,No,Normal behaviour -- no red flags,26,2.789298684181152,72.52176578870996,0.0001138781071765,264352.59875592
1282,bc1qzlm7zajkvrufl4vhknp93c33a8tcvfmxg47t9f,29.7,Low,No,Normal behaviour -- no red flags,1,1.8470764018759829,1.8470764018759829,3.802792466257672e-05,0.0
1283,bc1qg64gcsdnglznmalp93d4drtepy2mle6grj3s79,29.7,Low,No,Normal behaviour -- no red flags,1,0.0993663887450945,0.0993663887450945,4.697934597240327e-05,0.0
1284,1LtnReyCEvXxsBZDqYQVGpub9HmbCAHCT4,29.7,Low,No,Normal behaviour -- no red flags,11,2.849038592783056,31.33942452061362,6.845065051151553e-05,531710.3941119
1285,bc1qk8y9svry92f0fqmrg200vmhs0qa2lvw4pshkk3,29.7,Low,No,Normal behaviour -- no red flags,1,0.0994227471247542,0.0994227471247542,4.973799780638013e-05,0.0
1286,bc1qx54ylmzrfdrl6d0n8x5twcumwfz7yuuhg36m82,29.7,Low,No,Normal behaviour -- no red flags,1,0.529843774167935,0.529843774167935,2.7416127036456217e-05,0.0
1287,3QJ8As7sHY23VeXHG5Vce4kQbxfo7ex16d,29.7,Low,No,Normal behaviour -- no red flags,1,0.1,0.1,4.346066844830978e-05,0.0
1288,bc1qyrwa0vkzagcvsem20z00xaj7xy8hhkhzycah63,29.7,Low,No,Normal behaviour -- no red flags,12,2.3698789519267454,28.438547423120944,5.844367603413105e-05,563975.9307345455
1289,bc1qd3tuemsnctnyfk8mqpn4w5tce78p7fp2qkaht0,29.7,Low,No,Normal behaviour -- no red flags,25,1.6697887458760874,41.744718646902186,0.0001468242991883,275260.40889095835
1290,bc1qve085nu7q3vmqwgtupd9cyes7mx4fjsnmasjp8,29.6,Low,No,Normal behaviour -- no red flags,14,1.6198097971970522,22.67733716075873,0.00014223170245,595146.972526077
1291,bc1q0w8v2yjmjgn2zhsqsr0hxmn6jrgn3e92cqx5k2,29.6,Low,No,Normal behaviour -- no red flags,13,1.4597828437549736,18.977176968814657,0.000107597198966,616006.73204675
1292,1243iZbMD4L6E12iK9yUECQTyvnWjKAanW,29.6,Low,No,Normal behaviour -- no red flags,24,2.418227948671967,58.03747076812721,0.0001563355088937,289073.46692904347
1293,bc1qkh8qcy275pnwcjhg530r6dp72sqr8scs66r5fy,29.6,Low,No,Normal behaviour -- no red flags,1,0.9029481282511512,0.9029481282511512,2.250696199261471e-05,0.0
1294,3GxKYjqbTJMEY57jwgoqT2HMnysD9nEmTN,29.6,Low,No,Normal behaviour -- no red flags,14,1.2434394003582947,17.408151605016126,8.683348712031293e-05,594360.2832605385
1295,bc1q3qpr45eftw9ctne6qj2u7zszcap629r4439mxq,29.6,Low,No,Normal behaviour -- no red flags,1,1.0100979685847282,1.0100979685847282,0.0001096152377445,0.0
1296,bc1qs2a3ldjyxlus79fk7l3cf430sqpj2wap5clm4w,29.6,Low,No,Normal behaviour -- no red flags,1,0.9998863524434184,0.9998863524434184,0.0001091313701975,0.0
1297,3CBK9kmXayuJnzLkUXSa9Qtqe6JY1DeXTX,29.6,Low,No,Normal behaviour -- no red flags,1,1.1080047654673608,1.1080047654673608,2.361192154233888e-05,0.0
1298,bc1qsa0uaq6e26aq0wemrtnua79mjrtudsv07l2v2k,29.6,Low,No,Normal behaviour -- no red flags,25,2.0519085532290684,51.29771383072672,0.0001546534697594,287911.752779
1299,bc1pzjlsttu45x06yx807t4mr3lx0nfpv0htyesnr24q3lxrjgy4jmxs4wckxq,29.6,Low,No,Normal behaviour -- no red flags,14,1.3876250384368802,19.426750538116323,0.0001488670740314,487420.8355351538
1300,bc1qahsyq8dxptxreed3vwv0pxtfmkyuyqd73ahyqc,29.6,Low,No,Normal behaviour -- no red flags,1,1.5301178751248607,1.5301178751248607,6.788803303043254e-05,0.0
1301,bc1pmyq27ejrl6en8tsugtuf58g0ne4383j5guxa6z3npenlga8lv8ks35swvm,29.6,Low,No,Normal behaviour -- no red flags,1,0.2535509471594647,0.2535509471594647,5.657048660355548e-05,0.0
1302,1JEMX1gXsXm7fJ2uLCDzk5hibMwZmDQXDP,29.6,Low,No,Normal behaviour -- no red flags,1,1.9255654612695048,1.9255654612695048,3.5937910843178786e-05,0.0
1303,bc1qay0yssmwq8ee2tkmf7rhzx305v2fmsa8ex7qhp,29.5,Low,No,Normal behaviour -- no red flags,28,1.77320596265659,49.649766954384525,7.587048106513241e-05,270306.8637700741
1304,bc1qxsgu0lp04w98fcscnjwekm7yrazzk2myg37g5d,29.5,Low,No,Normal behaviour -- no red flags,1,0.2521573593462083,0.2521573593462083,5.778052938898414e-05,0.0
1305,37yhPqja4XmNVhPXCVa2gMzBc55aV6znPe,29.5,Low,No,Normal behaviour -- no red flags,1,0.2519979942115893,0.2519979942115893,9.512478619051444e-05,0.0
1306,bc1qeejpmaxn39u5xkuvztr6fev4a2cu28z2t89amc,29.5,Low,No,Normal behaviour -- no red flags,21,1.5517308221067605,32.58634726424197,0.0001679321780358,342101.3247717
1307,bc1q9v8quhn0utqmcqh9catd6rr0c6kpdwunrfvmc6,29.5,Low,No,Normal behaviour -- no red flags,14,3.074850446647484,43.04790625306477,7.404406252697903e-05,566637.4837613077
1308,bc1qu5uts8fys2pg4wvc7kk98f92e9822v4hre0v29,29.5,Low,No,Normal behaviour -- no red flags,14,2.00645076755028,28.09031074570392,0.0001692136644685,533405.7158823846
1309,12yGn6rjroGyUSVGn5MwHb9LpWchWaodoa,29.5,Low,No,Normal behaviour -- no red flags,1,0.3035752822944222,0.3035752822944222,3.562981224209083e-05,0.0
1310,17uegZdmGAVyRbaRH9S5xjnjobnvuhLVX9,29.5,Low,No,Normal behaviour -- no red flags,19,2.092661769967952,39.76057362939109,0.0001820518186713,405840.412431
1311,15GQXgdkXtwxvZRFTxwCx746BXG2CbU8Dg,29.4,Low,No,Normal behaviour -- no red flags,12,2.5170446395795465,30.20453567495456,0.0001040635576239,649479.367836091
1312,bc1ppsauq8mnjm6uxjm66j823rnj89v26mgn8heeed0u6ffsmpyvwfsqzzh9sh,29.4,Low,No,Normal behaviour -- no red flags,1,0.5065118476739687,0.5065118476739687,2.6029728756937365e-05,0.0
1313,bc1qn5f57462lpvmvypjmuztf9tkrv5yak945zeuav,29.4,Low,No,Normal behaviour -- no red flags,1,0.1031738599023198,0.1031738599023198,4.16744872045684e-05,0.0
1314,14CvTz1vWbg9k4dqcigrsKQy8x6Ewqoky3,29.4,Low,No,Normal behaviour -- no red flags,1,0.2664623174672301,0.2664623174672301,5.791557159972333e-05,0.0
1315,1HQQrvg3sinnQMKVBSTcpUbiLDK4dbtyHc,29.4,Low,No,Normal behaviour -- no red flags,1,0.9702491340220608,0.9702491340220608,0.0001045063886058,0.0
1316,1JYLqMaH8Be9wu6JjG1xLiNzpVTEgpnFfi,29.4,Low,No,Normal behaviour -- no red flags,1,0.6125365496651001,0.6125365496651001,9.25527675631221e-05,0.0
1317,15teJETreUJy4AfoMEjYvxSdMHPMD31REd,29.4,Low,No,Normal behaviour -- no red flags,14,1.2853206748476411,17.99448944786698,0.0001476830720088,479405.9300947692
1318,bc1q8x7hs47ue36sl0u8kwktxuls3crdmkp7g8j6ym,29.4,Low,No,Normal behaviour -- no red flags,15,1.825774093060954,27.38661139591431,0.0001719768198169,545002.6821895713
1319,bc1qgq2m84e28v5d8l7rxwd26txw385j4vfag8casj,29.4,Low,No,Normal behaviour -- no red flags,1,1.880649263433063,1.880649263433063,6.810576732995608e-05,0.0
1320,bc1qjwxlrkcqhujhc44x8arn4ffvxkx9lqxegmy5k2,29.4,Low,No,Normal behaviour -- no red flags,1,0.1,0.1,3.93828903188662e-05,0.0
1321,32ALiG4aZX7ToXwC5Y5dW2xi394C5tm1M9,29.4,Low,No,Normal behaviour -- no red flags,1,0.2691632915285028,0.2691632915285028,4.456581686296948e-05,0.0
1322,3AoynyBA7inrEeTzm9QzdXFYYVQFNdcvVw,29.4,Low,No,Normal behaviour -- no red flags,1,0.2716555106032297,0.2716555106032297,4.369126152146955e-05,0.0
1323,bc1qxekwhmtmpz0033kydam0n0hjxfgxjk9umsdysp,29.4,Low,No,Normal behaviour -- no red flags,29,1.7472596167224057,50.67052888494976,9.914217305230276e-05,272540.0513363214
1324,bc1phv6s2u88zrjzyjucwtjs7et0tttrnqg7deymnej4f4n9k9t4wjcqgwn3xr,29.4,Low,No,Normal behaviour -- no red flags,1,0.3271701767064814,0.3271701767064814,3.404401930279728e-05,0.0
1325,bc1qkuxzxm9wz7u79watpk79ledzrah0vc7hruj8s0,29.4,Low,No,Normal behaviour -- no red flags,1,0.0999575823780607,0.0999575823780607,4.241762193923863e-05,0.0
1326,1icuqAK7kCEeqkE8yXFVPJmRdEuyhkkes,29.4,Low,No,Normal behaviour -- no red flags,20,3.501353180980792,70.02706361961583,0.0001250007939361,375774.1885918421
1327,1H6SdtPmpH5Vg7hoXcTzpePPK5oH3DzfHe,29.4,Low,No,Normal behaviour -- no red flags,1,0.1,0.1,4.241762193923863e-05,0.0
1328,bc1qds2vmkqfpcz6vt5d0639tmmrsvs4jhr05eqq39,29.3,Low,No,Normal behaviour -- no red flags,1,0.9998868538683252,0.9998868538683252,0.0001071375330154,0.0
1329,18XLwPXNcEX5RufpRXEe29dUCXAyykVkX1,29.3,Low,No,Normal behaviour -- no red flags,24,3.178794603860601,76.29107049265443,7.905647298229628e-05,304212.7291748261
1330,14VTEBeaEo9kD4pbDjbPsdMqPgWFRAgtWF,29.3,Low,No,Normal behaviour -- no red flags,1,1.921006399492675,1.921006399492675,4.18974512684566e-05,0.0
1331,34RRioraoXEX9nkQ7KAUAVBnPekSPPbqGf,29.3,Low,No,Normal behaviour -- no red flags,1,0.2757305516168603,0.2757305516168603,7.726831515398626e-05,0.0
1332,bc1qm2rg4gadca4757jz4nhk69g2pc8dds5sv39ngz,29.3,Low,No,Normal behaviour -- no red flags,13,2.8094725536809184,36.52314319785194,0.0001235472872536,598705.1527038334
1333,bc1qdphdtfccdnaum0845whh2h96wh5jtcd620rkz8,29.3,Low,No,Normal behaviour -- no red flags,1,0.99967765813981,0.99967765813981,0.000106343470626,0.0
1334,1DEw1viA9NbXF9S24stgPSrfC6z2vRwCwv,29.3,Low,No,Normal behaviour -- no red flags,28,2.353681010794347,65.90306830224172,8.42610119620347e-05,280518.19429659256
1335,3EQiCtEPon1XrFYYjtFAk7G7VhjccXzNfy,29.3,Low,No,Normal behaviour -- no red flags,15,3.029071205462141,45.43606808193212,5.142775942829765e-05,526206.6109132143
1336,1GYepHZN2q1RFQC7nBnoyrnuV5gXs8HyNM,29.2,Low,No,Normal behaviour -- no red flags,1,0.2656358554293007,0.2656358554293007,3.374814518158589e-05,0.0
1337,bc1qhe38z234ahes7n0w7gxj3f5rw7k2e3u3340kz7,29.2,Low,No,Normal behaviour -- no red flags,1,0.5327432813970718,0.5327432813970718,9.636011086045076e-05,0.0
1338,bc1pgv70hul2wjwmrhj6c72gweegex2uxaghveezpe4t6jaj750jyr8s2h2f8a,29.2,Low,No,Normal behaviour -- no red flags,13,2.8922946125362667,37.59982996297147,0.0001085758332845,597869.923573
1339,bc1pf0t86eee406605ud3gwlrt0djmy92td7e6tany5d5egzuxkayqashqzywx,29.2,Low,No,Normal behaviour -- no red flags,18,3.7895962485564514,68.21273247401612,8.061790891518588e-05,366492.1390838823
1340,3DLpTbm8Uuf6r6QXHbqzrWE7jsrH1g1z7s,29.2,Low,No,Normal behaviour -- no red flags,27,2.449157490001878,66.12725223005071,7.385905772968629e-05,290040.7404493077
1341,bc1pqtr58jhq8tl0y3utg2gwky5xzqp76nhcdlxqkaky2p8ctwgv237suxu686,29.2,Low,No,Normal behaviour -- no red flags,28,1.9418980275093207,54.37314477026099,0.0001326038304195,269450.15646714816
1342,14wpGYxuJSBJ5CdpoAhmAnC5a3PLWKLF7A,29.2,Low,No,Normal behaviour -- no red flags,29,2.001557020092972,58.04515358269618,9.323463949607542e-05,261547.1085160357
1343,bc1q6ffuw3q2utu2h5y463afls56l3ztv45p96rcjt,29.2,Low,No,Normal behaviour -- no red flags,1,0.1022930553261796,0.1022930553261796,4.010840217085992e-05,0.0
1344,39QWA2DcguRzGhWBpTjNrwcH9BALny8vbZ,29.2,Low,No,Normal behaviour -- no red flags,1,1.2102732596970405,1.2102732596970405,9.001792626484071e-05,0.0
1345,1AjGg9YdASeAKKX4aS2L29hA8zH6BWZoMG,29.2,Low,No,Normal behaviour -- no red flags,1,0.1,0.1,3.9994048869111066e-05,0.0
1346,1KfMng65fASERWFan38GfwamQXDJYCo4vL,29.1,Low,No,Normal behaviour -- no red flags,1,1.2599482977776568,1.2599482977776568,3.442613340917466e-05,0.0
1347,3F7ZUujFZSu1ge5GuhU4Xs2Kp1BATrqsAA,29.1,Low,No,Normal behaviour -- no red flags,1,0.2646053932677132,0.2646053932677132,3.829706865466116e-05,0.0
1348,13s1ErCQeq1uQNYUJMkautXrX33Hqv1HUE,29.1,Low,No,Normal behaviour -- no red flags,11,1.311921082740768,14.431131910148446,8.341496585659576e-05,497363.7663199
1349,bc1qna6x3q47wcdy77ehan65ystcyttvqx8zxvq5hk,29.1,Low,No,Normal behaviour -- no red flags,11,2.1676036812008235,23.84364049320905,0.000112471450822,629809.9590231001
1350,3JtsVCSmNgS4iYgiLMYEi1VUf4jmAQ8Xui,29.1,Low,No,Normal behaviour -- no red flags,1,0.2518472709006046,0.2518472709006046,4.414838657407937e-05,0.0
1351,bc1q30xxt655dgg7yhzlfw7vdqg3sn00vezw8uk0cl,29.1,Low,No,Normal behaviour -- no red flags,1,0.7499534692119482,0.7499534692119482,2.758462595985421e-05,0.0
1352,bc1qxjnh09rvrf4284dwp2uzjvktkdvq0dvkxnygll,29.1,Low,No,Normal behaviour -- no red flags,13,1.513367827935013,19.67378176315517,0.000103462404351,623858.9779783332
1353,bc1q27xqd7d05mrtf5eag4auhjhkqpxjpr7tvfqvep,29.1,Low,No,Normal behaviour -- no red flags,1,0.9991705444893292,0.9991705444893292,2.2311334466830094e-05,0.0
1354,3GsZyxMqn1QgY6V4jb5AWdWJu1naUiLUzN,29.0,Low,No,Normal behaviour -- no red flags,1,0.1641767775374383,0.1641767775374383,5.143576251540895e-05,0.0
1355,14E5awXsiEKwUNahH5tioffSS3UaoTB3BK,29.0,Low,No,Normal behaviour -- no red flags,24,2.596685246649074,62.32044591957778,0.0001463706472491,302444.1335266522
1356,16Qsih5edf48m72z148dmWqXHgvZgpLTNw,29.0,Low,No,Normal behaviour -- no red flags,25,3.017096551815938,75.42741379539845,7.6540290394866e-05,306720.61760025
1357,1BwsD8V6fTySetoVKW9Mi2mdMkYuuDJUtr,29.0,Low,No,Normal behaviour -- no red flags,1,1.070665286387637,1.070665286387637,2.823667710903153e-05,0.0
1358,1CpGzssCtcj76vKrhgE3jFATQgSuXhrY8Y,29.0,Low,No,Normal behaviour -- no red flags,21,3.4171266884442586,71.75966045732943,6.846952098975745e-05,364386.0658738
1359,bc1p44j2nuhr5n7rvs2askw5l835ysaql2hret8484xxxzqsfqq7hf4s9qz2h3,28.9,Low,No,Normal behaviour -- no red flags,14,2.551866843573888,35.726135810034435,0.000164366475663,432819.8041102308
1360,32RrLdbaPxRR82zGZhVi85c6UAGtqq2kKc,28.9,Low,No,Normal behaviour -- no red flags,14,3.613926851824688,50.59497592554563,7.415957934359769e-05,528034.7718935384
1361,197h55h8H8NMX92m5Fk2rEmkw1wNf7wT15,28.9,Low,No,Normal behaviour -- no red flags,27,2.616911452589887,70.65660921992695,0.0001025287080429,284256.81959665386
1362,19vUmqhTWrrdMx6BECXKcxiBaCwrZRkNYW,28.9,Low,No,Normal behaviour -- no red flags,28,1.9880760306518424,55.66612885825159,7.52014460648451e-05,270250.54452281486
1363,1PZpuC8NXFwkMgzEpwgUxEJty1hirDdFzu,28.9,Low,No,Normal behaviour -- no red flags,29,2.054182918565467,59.57130463839855,9.21377177342079e-05,270874.4997674643
1364,3J8ZfvMJBgo2XiXrqVyEkEevQxnh5JYFrJ,28.8,Low,No,Normal behaviour -- no red flags,1,0.2705300802521389,0.2705300802521389,4.07717294830488e-05,0.0
1365,35LbbytK5rV7JHNW2RNQiYpwzSdFkf7DiG,28.8,Low,No,Normal behaviour -- no red flags,1,0.2788332162750475,0.2788332162750475,3.9665419504627495e-05,0.0
1366,bc1qckta3apgfpz0wte5s9am0huj7ln6adqnrsepf7,28.8,Low,No,Normal behaviour -- no red flags,1,0.2406331174705147,0.2406331174705147,8.364022786358704e-05,0.0
1367,3CvaiQr46ovincUJip8Dwhvkj6N2UKXVGo,28.8,Low,No,Normal behaviour -- no red flags,1,0.9887627632308428,0.9887627632308428,2.308021456698263e-05,0.0
1368,1BNv9aK9FDcRKzYr7qPr32265Tw5g5KRRD,28.8,Low,No,Normal behaviour -- no red flags,1,0.6866797984200906,0.6866797984200906,7.909515183879958e-05,0.0
1369,bc1qf4gn60tzx9dqmmkv9w575qsj6gezh3nkjktlpu,28.8,Low,No,Normal behaviour -- no red flags,1,0.8518817372309981,0.8518817372309981,8.699391481073278e-05,0.0
1370,bc1qafrk6u5dpqx5rnlxg3ftcsy4qg29v2sfyengcm,28.8,Low,No,Normal behaviour -- no red flags,13,1.5739870653303414,20.46183184929444,6.606329676099185e-05,595675.0011119167
1371,bc1qsqjsmuq8xmgh3hhy07x0mqqaju43gh7xue89ga,28.8,Low,No,Normal behaviour -- no red flags,16,3.493965796483484,55.90345274373574,0.0001328769843167,461982.8488271333
1372,19NY2Q7VKk5cbw5yipgrECLyAv2TLirtZL,28.8,Low,No,Normal behaviour -- no red flags,1,1.3751977217163285,1.3751977217163285,4.4507093404995306e-05,0.0
1373,13P4Sak9gQRc1FVZFvqrh3GstnDcRKFFZH,28.8,Low,No,Normal behaviour -- no red flags,1,0.3323665772864203,0.3323665772864203,4.4978021890728056e-05,0.0
1374,38B9PrPCuSH7Hv9YgFBt3qqNBDQ2kSTfYW,28.8,Low,No,Normal behaviour -- no red flags,1,0.315366189013838,0.315366189013838,4.54791031198714e-05,0.0
1375,3NtiCUTCGUuo4PMEnM7RTrgK4VqjBM9Fjb,28.8,Low,No,Normal behaviour -- no red flags,13,1.6359499609101351,21.267349491831755,0.0001311546010457,625371.61082975
1376,bc1pxuv6dh2g4vk3wvh6dpn95tgjpxd2q6ue3n3msqxn54w9udvsssvq2qndq7,28.8,Low,No,Normal behaviour -- no red flags,13,2.9185692132464456,37.9413997722038,9.126053072858971e-05,590952.5543257501
1377,1BGvKiEbYe5W4i5xdfizfSJnqts3WTzb46,28.7,Low,No,Normal behaviour -- no red flags,13,3.225346868699922,41.92950929309898,0.0001099877530998,580815.3233858334
1378,3L6jEUEynwscLvF14RYbMP9f6x7DUiw9FT,28.7,Low,No,Normal behaviour -- no red flags,18,3.243014862779559,58.374267530032064,0.0001412933004329,434688.6198608824
1379,bc1q5dahn0wxf9urkjgwt2cn8z32tlxxfu8rxtlllg,28.7,Low,No,Normal behaviour -- no red flags,1,0.2416796394984335,0.2416796394984335,8.682292760033246e-05,0.0
1380,bc1q8w4as9suxlqf7ackpzs6ss93cjp6ka0v7f08lg,28.7,Low,No,Normal behaviour -- no red flags,29,2.0425408245436234,59.23368391176508,0.000105231150858,267987.9986040714
1381,18jJN9ticwUNEgkH8jczMoLB14BVnqkF1q,28.7,Low,No,Normal behaviour -- no red flags,1,0.2749629054519794,0.2749629054519794,8.787567175862073e-05,0.0
1382,1HVgYmpmNfUYRAsiuTm8jfj4GRFy648snt,28.6,Low,No,Normal behaviour -- no red flags,13,1.2453070676819062,16.18899187986478,0.0001095133320629,572798.4494104167
1383,1Jn9KiMwSWH1zvL8rD8pwjhDUwd4QmDiZW,28.6,Low,No,Normal behaviour -- no red flags,24,3.073473380805661,73.76336113933587,7.628080568763193e-05,326194.0958866522
1384,bc1q8spdsq434e76hnqtglgcwsm57v0qlhtynpzm82,28.6,Low,No,Normal behaviour -- no red flags,27,2.631299490787066,71.04508625125078,8.946121641336924e-05,288932.71667861537
1385,bc1pnyytk46unkm6e83epglnmzqdrjljm209gll52jh6hjq050a4dt6sdq9qh6,28.5,Low,No,Normal behaviour -- no red flags,1,1.0,1.0,2.875985317872517e-05,0.0
1386,14qut3CWAZGmvGmHZJt6aoNAKRjyZSnAfK,28.5,Low,No,Normal behaviour -- no red flags,11,2.287078113982209,25.1578592538043,0.0001072180200283,617867.0434647
1387,3NAy1D9sCFNpCi89kjmNkEqGf8LDvm7Qh3,28.5,Low,No,Normal behaviour -- no red flags,1,0.3599021609706068,0.3599021609706068,5.611504502751386e-05,0.0
1388,1GQcHQUxzDBT3NwtWxHxQrNYg8zCene98g,28.5,Low,No,Normal behaviour -- no red flags,1,1.0341111006742831,1.0341111006742831,2.504283359609279e-05,0.0
1389,1FyvopZsrTmKiLEsob15doMQ29ES13zSEt,28.5,Low,No,Normal behaviour -- no red flags,12,1.9498541035594703,23.398249242713643,0.0001026936139243,667134.7487833635
1390,3PgbSqmfzvnsEAb7TqaKrQy2hgtWoK1Kss,28.5,Low,No,Normal behaviour -- no red flags,1,0.2040541776471908,0.2040541776471908,4.504883803549475e-05,0.0
1391,bc1qxx2gzqjc9jgg5l57t4l5kt5nr873q2yymvmvax,28.5,Low,No,Normal behaviour -- no red flags,1,0.5315841633396063,0.5315841633396063,7.72306680787503e-05,0.0
1392,37sJW5xeu2F1wUBF6JfCqbA69HvrfUVzSw,28.5,Low,No,Normal behaviour -- no red flags,13,1.546391569763676,20.103090406927787,6.468199512369686e-05,591407.3930477499
1393,1K8cqr4acR9thF8NqdQDiKxgu3VywX4ctd,28.4,Low,No,Normal behaviour -- no red flags,1,1.3057135795482735,1.3057135795482735,4.410093591150915e-05,0.0
1394,3E9sznN42NadxTmvoemn9iEABKoWFzwxAJ,28.4,Low,No,Normal behaviour -- no red flags,12,2.5028317635097688,30.033981162117225,8.407341119324252e-05,637697.6670492727
1395,3LLxE7MGfKs85CQ7Pq8gENpYyG2F7uqh1D,28.4,Low,No,Normal behaviour -- no red flags,17,3.9335182119823457,66.86980960369988,0.0001046685912354,399524.5600608125
1396,bc1qtf2g58gdsv0h4vu7z0rwuy4948m45mf5leq280,28.4,Low,No,Normal behaviour -- no red flags,19,3.046446963914092,57.88249231436774,0.0001478574139081,373033.3983367222
1397,bc1pqdkjpfu6pwwj92yjthucxnqjh8v5ypuy0n9y2aacy4q84zmf595sh4wuvs,28.4,Low,No,Normal behaviour -- no red flags,1,1.0672868228370946,1.0672868228370946,9.298190596161208e-05,0.0
1398,bc1qrdlmqtzcjm7csgp5ktnrxlxhsqt5zxdkf3pgkh,28.4,Low,No,Normal behaviour -- no red flags,27,2.6502367120483945,71.55639122530665,9.561400547810596e-05,275487.84428276925
1399,bc1qyr690mrefn8rp4gfd0ve5wk8dgv7qrfv33e7s0,28.4,Low,No,Normal behaviour -- no red flags,24,3.1290975851436715,75.09834204344811,0.0001005043370531,293206.5477952174
1400,bc1qgke8cgsu2x69gjqk5wltd7pu777jpgzcueuqyj,28.4,Low,No,Normal behaviour -- no red flags,1,0.590499824838647,0.590499824838647,5.450430524622688e-05,0.0
1401,1Jifop4camUm2Sr29VTDKi7b7hqrJuDiSp,28.4,Low,No,Normal behaviour -- no red flags,1,0.6356546051579894,0.6356546051579894,5.866072058563145e-05,0.0
1402,3DsaVM7PPsg8oe9UtJKaAwp2F5iJS9825D,28.4,Low,No,Normal behaviour -- no red flags,1,0.2508450347566295,0.2508450347566295,7.110527061193563e-05,0.0
1403,1HqFbxnx9gZBHEUnhuKv3bj1NvU6ufajtF,28.3,Low,No,Normal behaviour -- no red flags,1,0.5124541351164332,0.5124541351164332,7.795821186445026e-05,0.0
1404,bc1pxn3h7pzxuz58wqt7qqz6kum6ct9nx2ypw9nzzxvp4cu58k9a48kqq2au4a,28.3,Low,No,Normal behaviour -- no red flags,20,3.628679628591512,72.57359257183025,8.830465197418288e-05,380388.11853778944
1405,3KqAak4VrSoxf7aXoiNxxwwBc1L8D81TWV,28.3,Low,No,Normal behaviour -- no red flags,1,0.5627975273184957,0.5627975273184957,5.930046616074785e-05,0.0
1406,3HznGmSd1NnjFiATDnFhBwURoCJhcBDi4K,28.3,Low,No,Normal behaviour -- no red flags,1,0.9998020761285088,0.9998020761285088,3.036820221902796e-05,0.0
1407,1DJZqor8es4rp98QgLEEe6gEisnq9ttvih,28.3,Low,No,Normal behaviour -- no red flags,16,1.8510396402889784,29.61663424462365,0.0001776732835062,466432.3471412
1408,1558RYVCRybzxhcpbCPuVtqcKd222X78BK,28.3,Low,No,Normal behaviour -- no red flags,1,1.0,1.0,2.987967164889474e-05,0.0
1409,36YKMtAsjtnpRqq6iwPX64ud3oxHVYNvRc,28.3,Low,No,Normal behaviour -- no red flags,1,0.4585760150624504,0.4585760150624504,0.0001025655620485,0.0
1410,bc1qy0yjy59r3e6qmmw8p7ke4h4zv4gz9m2zrr2psu,28.3,Low,No,Normal behaviour -- no red flags,19,3.363295804651246,63.90262028837368,0.0001278654223286,418479.1734835
1411,3KvtSdnWCuTCAFST68dEs5kVrCT2ed8DYX,28.3,Low,No,Normal behaviour -- no red flags,24,2.6614039468315025,63.87369472395606,0.000143609500056,323663.3564039565
1412,1FDWZ4qq4oDkkSUMVzChPHGKhq3gnQET2R,28.3,Low,No,Normal behaviour -- no red flags,15,3.4659022169566334,51.9885332543495,7.377248473735281e-05,543650.0723776428
1413,bc1qsj6fp6hnk258t0whcdtwlpm3usq524eghze9l0,28.2,Low,No,Normal behaviour -- no red flags,28,2.2946507798257585,64.25022183512124,0.0001095212808509,274886.3946674815
1414,1JzLCysNyGCsxRewhDfJ3DgtvS4bWEzP3W,28.2,Low,No,Normal behaviour -- no red flags,1,0.5174109664157687,0.5174109664157687,5.01683901178434e-05,0.0
1415,bc1qhrl6e9492eyqfy5nyu4yz6tpwtqurvt3ywjnys,28.2,Low,No,Normal behaviour -- no red flags,1,0.6566019701269505,0.6566019701269505,6.366232129676026e-05,0.0
1416,bc1qpm6y6wrf2jw9kd355tvlsgq46k64vpqlx4mgca,28.2,Low,No,Normal behaviour -- no red flags,28,2.3721479609778617,66.42014290738013,0.0001063293405017,262761.8611395926
1417,bc1q7yllkmel7fwr4qcq338dflv4vs84xlgtlg3kg4,28.2,Low,No,Normal behaviour -- no red flags,1,1.0577143673073224,1.0577143673073224,9.095847904789358e-05,0.0
1418,bc1q6y0hvczupypq0degysfwdcvwdccyjunqfynzs9,28.1,Low,No,Normal behaviour -- no red flags,20,3.045088851065416,60.90177702130831,5.461984168201448e-05,396309.656163
1419,bc1p2lh9ymdh38s50087t8jzqs9amcve2sxezn0v4chzuz8nvh2u73dq98xcns,28.1,Low,No,Normal behaviour -- no red flags,24,3.176262969997967,76.23031127995121,8.952356678687818e-05,301147.75816713035
1420,1AYAmsUd1b1mmA9q3SFk73cYjkoo4ENkDU,28.1,Low,No,Normal behaviour -- no red flags,24,2.9478713188857584,70.7489116532582,0.0001006644089465,257363.8483843913
1421,3NZAgkDoCbcsMsT4FCaJKrMfqcAsXM2WkD,28.1,Low,No,Normal behaviour -- no red flags,1,0.4541724424320527,0.4541724424320527,0.000100267972977,0.0
1422,1ATNw178oj9rMqa9Xh8RC8TYQ2Wz69tN9u,28.1,Low,No,Normal behaviour -- no red flags,1,0.2813482380467182,0.2813482380467182,6.95796096033257e-05,0.0
1423,bc1qzxhryadplnll73lsj5tjutjkn3pgwgx7wt02ah,28.1,Low,No,Normal behaviour -- no red flags,15,1.170612057796706,17.55918086695059,0.0001417285705956,485610.58591714286
1424,18GZ9eGSEaFxg8b7LrbA3fzCsRAEy9ZtaB,28.0,Low,No,Normal behaviour -- no red flags,1,0.6055114882094308,0.6055114882094308,4.3913912608722334e-05,0.0
1425,bc1pry6exqu3x8d6au33qqv0d733x0x24s8p6dv2e2vpy23wg2m6zw5q6avtyn,28.0,Low,No,Normal behaviour -- no red flags,1,1.2611449237858188,1.2611449237858188,5.967242421228478e-05,0.0
1426,1CKUbKAcepF6Fb2xVFp7C7AEzHW4AVCEZ4,28.0,Low,No,Normal behaviour -- no red flags,1,1.0,1.0,3.124091634788448e-05,0.0
1427,1EsgGXFYAt9WXTMYSko7FqJSS3CFvFNFCX,28.0,Low,No,Normal behaviour -- no red flags,1,0.2252641091350083,0.2252641091350083,4.249021441773636e-05,0.0
1428,bc1quec0ns5z3kzu496xhtng2hngyfjupspwd2gwdq,28.0,Low,No,Normal behaviour -- no red flags,15,1.138878283661089,17.08317425491633,0.0001303299763294,518157.32414421433
1429,bc1q2m4gzp7n985e6epx8hfg8cckvm9c3xu49qd67s,28.0,Low,No,Normal behaviour -- no red flags,1,0.9631213177674928,0.9631213177674928,8.76815338228203e-05,0.0
1430,39qov49xr8WRLVqoavPeDo99ixC5rGMnNs,28.0,Low,No,Normal behaviour -- no red flags,23,1.3440633298568625,30.91345658670784,6.108551996911447e-05,295763.3457924091
1431,bc1qa2nvxefm06j2kh2220ceth98eqglde5ey30far,28.0,Low,No,Normal behaviour -- no red flags,25,2.3314025779312826,58.285064448282064,0.0001513522694504,319767.8022572917
1432,34NB2Leym6AWYVsD9yBYk4Z15AocYhNZ5U,28.0,Low,No,Normal behaviour -- no red flags,14,3.037562184310663,42.52587058034928,5.900140044610465e-05,512179.7527986153
1433,3Qwewt8srvXYu7PtA5NoWJKdiYjD71sCzQ,28.0,Low,No,Normal behaviour -- no red flags,1,0.5415789161256788,0.5415789161256788,6.133959039481067e-05,0.0
1434,3PewNqoZubMd1sDxYrZtARqQbuPfds9KuY,28.0,Low,No,Normal behaviour -- no red flags,12,2.560116708843946,30.72140050612736,8.791428083728665e-05,612525.2692875454
1435,1GRVofxj5rckR14iVCj3CrhV41BJJKDwMx,27.9,Low,No,Normal behaviour -- no red flags,14,3.306530354011288,46.29142495615803,0.000137692636678,482779.91867984616
1436,bc1qp55uypxl48lk3r3fk8vjjmah3k2n63ua3qcxt8,27.9,Low,No,Normal behaviour -- no red flags,1,0.4935260427987472,0.4935260427987472,3.328385184588776e-05,0.0
1437,3J9z1nwXfKFMJqds25KpUBGEJwNchp548a,27.9,Low,No,Normal behaviour -- no red flags,1,0.5458936947776406,0.5458936947776406,4.826086280595537e-05,0.0
1438,157kZGQyUZnKmr6PvWQkJz1sGxLMAZbQGu,27.9,Low,No,Normal behaviour -- no red flags,26,2.365560118479952,61.50456308047875,5.839826734607829e-05,285626.04718644003
1439,1CskAQfkdLd8ETsCjCp1HQsXyoH1ZHU5U1,27.8,Low,No,Normal behaviour -- no red flags,8,2.4170901335742414,19.33672106859393,0.000100877460309,392548.18443842855
1440,1KuXrtjMy744gaG8ZiAjuJjfmdxcje9yZE,27.8,Low,No,Normal behaviour -- no red flags,22,3.1592538764692817,69.5035852823242,6.721188504270009e-05,365184.984859
1441,1GiS1dRGAch4YrusbzkVkCPEfUQqmESNNq,27.8,Low,No,Normal behaviour -- no red flags,17,1.1623411207129788,19.75979905212064,0.0001407094890954,477067.9987075625
1442,1656iceHBr8Lma2uEoZyDeRkuSQwz2uXxa,27.8,Low,No,Normal behaviour -- no red flags,14,2.412108852259055,33.769523931626765,4.496420034961101e-05,535358.0641456923
1443,bc1pe9qj43dq2pqcvkr3rgg5mepdx3cmenpvvypv4y7q95zvmuywps6sz95qhn,27.8,Low,No,Normal behaviour -- no red flags,14,2.700467183239668,37.80654056535535,6.531940644169625e-05,576543.3898676153
1444,13KotcSQyU4D9aPgQMb314pPn3HFouZ4zV,27.8,Low,No,Normal behaviour -- no red flags,1,0.4973641455396443,0.4973641455396443,5.1744812924970806e-05,0.0
1445,bc1q9e9k3uk7es35kfnt5esjxgq7amvpvtu003gnql,27.7,Low,No,Normal behaviour -- no red flags,1,0.955802702905661,0.955802702905661,7.47164133635838e-05,0.0
1446,3PXAm7uyZBUw4SB8dBfa38W4Nj8voxBaB8,27.7,Low,No,Normal behaviour -- no red flags,19,3.646845655042788,69.29006744581298,7.90521499711999e-05,386058.1690745556
1447,17bbrc1qz8TQrsUQda5z5hvWJDcyQdPN2F,27.7,Low,No,Normal behaviour -- no red flags,1,1.0787910331105277,1.0787910331105277,4.423047152964225e-05,0.0
1448,bc1p6wesymnc288897wd3rz7pq663uwzs0998sds8759twve65p37cjq25v6rp,27.7,Low,No,Normal behaviour -- no red flags,21,3.2018363254673146,67.2385628348136,0.000134141239527,384326.3513464
1449,bc1qv8jp70dqcg4gh0xyvj9qu4v4mldrh2xqg22pxl,27.7,Low,No,Normal behaviour -- no red flags,1,0.5999477438768528,0.5999477438768528,6.091837623683481e-05,0.0
1450,bc1q59xh0zege36qlwg4kl4le4ut7hs7573cuswdks,27.7,Low,No,Normal behaviour -- no red flags,1,1.0,1.0,3.398611657399102e-05,0.0
1451,1JfZXuJ8NMUL14fB1MdYMYB5nHsdJj7hLr,27.7,Low,No,Normal behaviour -- no red flags,1,0.512526340102514,0.512526340102514,4.212519704168888e-05,0.0
1452,bc1q4wgalejn57g6d6lfyz69wyshe3e05kyqyvzye7,27.7,Low,No,Normal behaviour -- no red flags,1,0.4842246055716326,0.4842246055716326,3.635814641128356e-05,0.0
1453,bc1qax6mzukpgajk73pt7fe60lplcrzl9tgl32y3xu,27.7,Low,No,Normal behaviour -- no red flags,1,0.9059479652806304,0.9059479652806304,3.420291287663985e-05,0.0
1454,1KyAVbcLkFPEWF75DSjtWbmvv315a9nyhN,27.6,Low,No,Normal behaviour -- no red flags,12,2.342012024376679,28.104144292520147,8.610625012715578e-05,635376.4760198182
1455,bc1qhqxqt3pxdk3w3ve8ltzw96qau6lls3k5jqeaa9,27.6,Low,No,Normal behaviour -- no red flags,25,2.710044799533496,67.75111998833741,7.658411541818629e-05,265037.656966875
1456,bc1pzq4l4d6rp8quhgm0mkuxlkatvhcm60etdfgtrqwmqj4pvrct787qglhn6d,27.6,Low,No,Normal behaviour -- no red flags,13,2.3225312611179727,30.192906394533644,6.668258049212546e-05,622160.0785118333
1457,1PXXG22R8qcj514hVaxqqcsVjR4nYZTSZz,27.6,Low,No,Normal behaviour -- no red flags,13,1.6496877499629288,21.44594074951808,0.0001477049057783,562439.3720929166
1458,bc1qh8jpay8cnssna8zkpglwqswpslyagzztldemar,27.6,Low,No,Normal behaviour -- no red flags,1,0.6733729525702005,0.6733729525702005,6.357683788594188e-05,0.0
1459,357QQmybLYiLNmAHMHBtNyK5RQ6PVJ9bVm,27.5,Low,No,Normal behaviour -- no red flags,13,3.3061777416331823,42.98031064123137,0.0001417587503561,499999.6446093333
1460,bc1qx83aggsmpgxtgx04nawyhvcfnrlguhj3lnwgv2,27.5,Low,No,Normal behaviour -- no red flags,14,1.4036032031527572,19.6504448441386,6.32725769567492e-05,555493.1122406924
1461,1ACqmEJAz7ZBQeMR6jjrXuPpP6Qcjk7nw9,27.5,Low,No,Normal behaviour -- no red flags,1,0.9398187381571804,0.9398187381571804,3.143605971723069e-05,0.0
1462,bc1qsd2dgzp52hddkzllgmc05pqzrqsfmf9v4h2hfn,27.5,Low,No,Normal behaviour -- no red flags,1,0.4768974437243078,0.4768974437243078,5.162446345720351e-05,0.0
1463,bc1qlczhaw22nlaxpdcf6zsaqwdywez0jn5m4f6jpt,27.5,Low,No,Normal behaviour -- no red flags,1,0.976947906153846,0.976947906153846,3.2893364587701126e-05,0.0
1464,bc1qjtszfrzu6fr5ql3ccd83ht7ud38rgrmszzk7w7,27.5,Low,No,Normal behaviour -- no red flags,1,0.2315330131419753,0.2315330131419753,6.60020523780021e-05,0.0
1465,bc1qvquz0ql9crhglkygnpz8k8gpku4xce2wah294y,27.5,Low,No,Normal behaviour -- no red flags,1,0.96259873116773,0.96259873116773,3.441131631767279e-05,0.0
1466,1BSWs5wvRJk8HFrLs3RHE38QgC4fiFC6c2,27.5,Low,No,Normal behaviour -- no red flags,25,1.345800069662476,33.6450017415619,0.0001177426859966,256309.40406541663
1467,32tsYm5redfYKeVk8dPGheie2eG4pxQj7K,27.5,Low,No,Normal behaviour -- no red flags,1,0.7397018408978095,0.7397018408978095,3.6546326070893856e-05,0.0
1468,3KtRrJKkG8Jm3QuKmePFvB961yKrvhShVM,27.5,Low,No,Normal behaviour -- no red flags,1,0.9250093541090508,0.9250093541090508,7.970331988205611e-05,0.0
1469,3QRP1NAuCV1hVEddqhEbMo9acfJ9jq5CzK,27.5,Low,No,Normal behaviour -- no red flags,1,0.9991228189503266,0.9991228189503266,7.424077085661199e-05,0.0
1470,3B87WrifmSDN9r2BzumGkCbvhyJVbtGPaW,27.4,Low,No,Normal behaviour -- no red flags,27,1.327647155468203,35.84647319764148,9.214882082991576e-05,264182.51887080766
1471,174wZZL1Kdzc4aAJ5bah3xo29Es6dAt4w9,27.4,Low,No,Normal behaviour -- no red flags,17,1.1515062601358537,19.575606422309512,0.0001414721992838,466015.8294600625
1472,bc1q8ew34jlxkq8dg9zk6utuh0w3nu04xke3u48zlj,27.3,Low,No,Normal behaviour -- no red flags,13,1.4445452055343988,18.779087671947185,6.392185937152812e-05,558367.4119074167
1473,bc1qt92zdvu4gc2rqc9r35ehwza049ahdzp97a6h8f,27.3,Low,No,Normal behaviour -- no red flags,13,3.1181627860937904,40.53611621921928,7.824751706416915e-05,565736.119087
1474,1JPQGGF1i6KLaXp7BMLQx9ysnCk3BKNHmg,27.3,Low,No,Normal behaviour -- no red flags,18,2.640426412683973,47.52767542831151,0.0001643462075629,343433.4080575294
1475,1DbEZM72UXwWfZEV7vXCKjZxAgLrKUoVdP,27.3,Low,No,Normal behaviour -- no red flags,23,3.3380118942668906,76.77427356813848,0.000113009624591,340699.1563357727
1476,bc1qzjjgr05dx2hm5tznx7tykj6t68cp5kyp283868,27.3,Low,No,Normal behaviour -- no red flags,1,1.0,1.0,5.202787159463439e-05,0.0
1477,bc1qej0naydlkkg0xdsggy2d50pxs2jqevg2k32mcd,27.2,Low,No,Normal behaviour -- no red flags,12,1.6088524012542835,19.306228815051405,0.0001232416429564,590331.7158256364
1478,bc1qyqps0j6yytzjm49dgcqvya6gplgwk2umyglvkf,27.2,Low,No,Normal behaviour -- no red flags,1,0.861278281153631,0.861278281153631,5.680500461092196e-05,0.0
1479,39vgwxFqca7gzUtScpQg5znCNEaLaYUKYN,27.2,Low,No,Normal behaviour -- no red flags,1,1.0462741955444468,1.0462741955444468,4.786191692690055e-05,0.0
1480,bc1p4m565gdnnfs62286xgyp3grk58j4hltd5uesndcyguwgtjw28f6q058t46,27.2,Low,No,Normal behaviour -- no red flags,12,2.8404627953276016,34.08555354393122,6.639966441272258e-05,556584.5523528182
1481,3EXxtHcQnCRHjr3soR3XRJzCoDhiVuzQkm,27.2,Low,No,Normal behaviour -- no red flags,21,3.408845241094664,71.58575006298794,7.443384567365228e-05,372773.67896265007
1482,1Q6B8EiuPVWAYets5SA5PwU7svwCX45noj,27.2,Low,No,Normal behaviour -- no red flags,19,3.5918406397613274,68.24497215546522,8.262847202446217e-05,370639.2949294445
1483,bc1qtw7mcy4grjcdz9culjvxcqy46eqes6r4h2u2ty,27.2,Low,No,Normal behaviour -- no red flags,26,2.899350966413273,75.38312512674511,8.521196746714085e-05,305976.8557216
1484,bc1py6pmft7r0f2tzcvvjjmdp0229fy7c8mvaetvqw9armll75vcj32q3pch62,27.2,Low,No,Normal behaviour -- no red flags,15,1.1123921146710358,16.685881720065538,7.89152363984878e-05,526113.3032166429
1485,bc1q8yrjpuyw7mm63jrr4vry6twyh2a8r0sj77j8tq,27.1,Low,No,Normal behaviour -- no red flags,12,1.7132935864606011,20.559523037527214,7.500907835673739e-05,596324.5584016363
1486,bc1q46u709jx647av33ax2n6mgqye7hhjg34t8l0mt,27.1,Low,No,Normal behaviour -- no red flags,13,3.596753999527353,46.75780199385559,0.0001236687257996,519054.78242000006
1487,bc1qh3aqfjr37jec77pkpz90dytgk5zy827zqg4056,27.1,Low,No,Normal behaviour -- no red flags,1,0.9993656327840656,0.9993656327840656,7.286139286747605e-05,0.0
1488,37xQfBbetRUPUQEduXDTHtmPzwa66BxNEV,27.1,Low,No,Normal behaviour -- no red flags,21,3.548232795480362,74.5128887050876,9.437893269691354e-05,355866.2127007
1489,1GUG2JxoaEQshBQK5oumpHrGJpG7eSr4bC,27.1,Low,No,Normal behaviour -- no red flags,11,2.046689210362565,22.51358131398821,0.0001213143848026,585270.3046517001
1490,3DX9fY9RCnEHLVCvmJSgVpvDT3jjAJCqZN,27.1,Low,No,Normal behaviour -- no red flags,14,2.358183531386272,33.0145694394078,0.000159645750538,449618.9757098462
1491,bc1quvspxhntn5evgfnf6e3czfv9zx8j80p57ckxvf,27.1,Low,No,Normal behaviour -- no red flags,13,1.7228778230491686,22.3974116996392,8.197973967842467e-05,636746.6030268333
1492,bc1qnxarx97emuuv3cy4lz3sdg0tczd9gq62grasrp,27.0,Low,No,Normal behaviour -- no red flags,1,0.964435565595904,0.964435565595904,5.4951522495195726e-05,0.0
1493,1BHsvPX8pqhA6J61aaLgxwKtnJjupAgGJE,27.0,Low,No,Normal behaviour -- no red flags,16,3.781390486474582,60.50224778359331,0.0001013594934479,451741.84089033335
1494,bc1qypfpj04gzc0hzd5x55plehgnlq00k32p6wy20y,27.0,Low,No,Normal behaviour -- no red flags,16,1.3206296170755742,21.130073873209188,0.0001488335840202,345899.223495
1495,bc1q669yvkkw87dd8ymgvkeum0gccwjuexdc5nqf8h,27.0,Low,No,Normal behaviour -- no red flags,1,0.9996658405724034,0.9996658405724034,5.180552385727918e-05,0.0
1496,bc1pg45m2rykdlc9668jew8t3x2r5y7lfsf04c9kplzn36f38khs59esfzvvyl,27.0,Low,No,Normal behaviour -- no red flags,15,2.0427626109318626,30.641439163977942,0.000162949169618,541804.9978237144
1497,3H31rfQfcjwPYkDA25qCBq5HdsWPQ5C1Py,27.0,Low,No,Normal behaviour -- no red flags,1,0.4285369007712265,0.4285369007712265,3.3746947421793055e-05,0.0
1498,1NMGb43fZfHxCTWDy3SHu7ecoCRo6YbAM,27.0,Low,No,Normal behaviour -- no red flags,1,0.4537129031794399,0.4537129031794399,7.809794962320182e-05,0.0
1499,bc1qwgexz95v5djetykv5eg7yulcdclv9taqhspnw9,27.0,Low,No,Normal behaviour -- no red flags,26,1.866462692152756,48.52802999597164,0.0001463858557756,284306.76178836
1500,bc1qlpsf3n7zc64cgx4wn9vxg7a0emak6sw3p2s3ad,27.0,Low,No,Normal behaviour -- no red flags,21,3.402390198159133,71.4501941613418,0.0001146211011521,371893.7263776501
1501,1Q5hJfqu9Vt5muNFPwquRHuAKZskjUJy9E,26.9,Low,No,Normal behaviour -- no red flags,1,0.9997123200367012,0.9997123200367012,4.930932646694593e-05,0.0
1502,bc1q246dszjzf6g09gacvmv5h4xrp7tmqa3xvl0jfp,26.9,Low,No,Normal behaviour -- no red flags,24,2.7327966282483693,65.58711907796086,0.0001198200354617,234098.67338652167
1503,bc1qvzncesdd8ha898dw34n0smycqsq2lj75uctaw9,26.9,Low,No,Normal behaviour -- no red flags,21,3.2807688713911185,68.89614629921348,0.0001256038926357,380153.74121105
1504,3DFS8rAVoUAr4CjgazGgjsCdHz983W3uh1,26.9,Low,No,Normal behaviour -- no red flags,1,0.4629976307574011,0.4629976307574011,8.543946745774696e-05,0.0
1505,3MeaqrwzsywnXHsnqhBzoWMvAyz7rdyPhR,26.9,Low,No,Normal behaviour -- no red flags,1,0.4630052343220436,0.4630052343220436,3.745530941416088e-05,0.0
1506,3DodLq7NBLBVV5RxHi42dzFtoukyCEAJZS,26.9,Low,No,Normal behaviour -- no red flags,13,3.4136174055572512,44.377026272244265,7.470896953898935e-05,548299.0725525834
1507,15gqDTdY6ZSF9P2kwGq13Cw378CzGNbehT,26.9,Low,No,Normal behaviour -- no red flags,21,1.9724781401389544,41.42204094291804,0.0001688727037375,371361.8828091
1508,39CPczjHJM4fQLCd8cpunYQBeupezcDCn3,26.9,Low,No,Normal behaviour -- no red flags,1,1.0884847787282652,1.0884847787282652,6.713209954085713e-05,0.0
1509,bc1qd7r0kv5h5mwagudyatc4r26vnxlm6h7sla3ftf,26.8,Low,No,Normal behaviour -- no red flags,21,3.379564605688535,70.97085671945923,0.0001155288728064,379656.60215445
1510,bc1q0ktjy4mtade05jnf45hevygnp8f3t68heachtd,26.8,Low,No,Normal behaviour -- no red flags,16,1.7323107486776697,27.716971978842714,0.0001678856481955,454504.0150991333
1511,bc1qq8fjlatpdmklr5zdll8p43y5p9kgm8zk3m46lv,26.8,Low,No,Normal behaviour -- no red flags,1,0.8818028177198708,0.8818028177198708,6.31425759810782e-05,0.0
1512,1ALZquhvub8dFLPTK2upBq8QyG9YC2oNfR,26.8,Low,No,Normal behaviour -- no red flags,1,0.4967885790327354,0.4967885790327354,6.58468763557297e-05,0.0
1513,1Mev32kjfpn9c1aD4SDdHy1CwWeQCyptkp,26.8,Low,No,Normal behaviour -- no red flags,16,1.3178093741485075,21.084949986376124,0.0001537088202791,395417.55357053335
1514,1NuXVQ4qugLH54tqEogybbpWCZ2zURv2KZ,26.8,Low,No,Normal behaviour -- no red flags,14,3.515909499788954,49.22273299704536,7.167129626892365e-05,496237.7572144616
1515,bc1qvhyuv0az5xgfmcf0qtqq2agzcg4p29cn3y7dxw,26.8,Low,No,Normal behaviour -- no red flags,1,0.4596228201676067,0.4596228201676067,5.969676505932645e-05,0.0
1516,bc1qmk2742qx6mclpnj3nwap3atsl442grm36nydtv,26.7,Low,No,Normal behaviour -- no red flags,15,1.0550714274275843,15.82607141141377,0.0001177726357466,463629.4449211429
1517,129hevVCAfCewgvmYAGtMQ8ebNsgYRgVic,26.7,Low,No,Normal behaviour -- no red flags,1,0.8657692948136789,0.8657692948136789,4.109558194415653e-05,0.0
1518,3JAQAgi4QKrqTbv36ha3sqnpgJpFdfrwQo,26.7,Low,No,Normal behaviour -- no red flags,16,1.12929243186207,18.06867890979312,0.0001367498632932,462604.5946360668
1519,bc1qjaxwyce80rp3xc86zxwwx6j4zfx2k47p0mgy8k,26.7,Low,No,Normal behaviour -- no red flags,24,3.1487898971219965,75.57095753092791,0.0001153589144592,331451.52696726087
1520,bc1qf7fz7ludz9dez3vten5xwh3fq0vhx3led7gqdv,26.6,Low,No,Normal behaviour -- no red flags,27,2.063671891550857,55.71914107187314,7.15725974898409e-05,254437.28245842303
1521,bc1pku27gler3hf8jrat2e9mnku2e2zkgxuetmaf42wdtlh7kg4s8s7sa6apaa,26.6,Low,No,Normal behaviour -- no red flags,27,2.0910549488996013,56.45848362028924,6.792926104614497e-05,275783.39374180767
1522,1La9sBhKTLnmBdbn38vUdgdCtRFQ5wDGhP,26.6,Low,No,Normal behaviour -- no red flags,1,1.0227652292351124,1.0227652292351124,5.047613734958607e-05,0.0
1523,1Ed9qND2g1QDaHfm3bQSu3QwNFGx2ZUzMX,26.6,Low,No,Normal behaviour -- no red flags,1,0.935985388775685,0.935985388775685,4.394769487671484e-05,0.0
1524,1GCSoMoMHFyMngRjd5kNMVtAfFbQLCpuF6,26.6,Low,No,Normal behaviour -- no red flags,28,1.7768977403163628,49.75313672885816,7.939478783770372e-05,275000.25327359256
1525,1JwCT77SyYirqkcw4qSRSEDhZGUGCgUY9E,26.6,Low,No,Normal behaviour -- no red flags,17,2.979719685564741,50.6552346546006,0.0001497906515715,428083.0186798125
1526,18pgErckPsSdCmyaDpfC899CRTY5SbVwWV,26.6,Low,No,Normal behaviour -- no red flags,15,1.6788887307185512,25.183330960778267,0.000162356722665,491247.3874790001
1527,bc1qxq9lg3ccrwkpyfkx49klc965kkh36ld90n5d2l,26.5,Low,No,Normal behaviour -- no red flags,18,3.616284529486127,65.09312153075028,7.868540317223938e-05,418630.2628034117
1528,bc1q2yuu6q4g7tn06hc7wn4vkuhkmt9mqpq9zahfdr,26.5,Low,No,Normal behaviour -- no red flags,27,1.6983177074786573,45.85457810192375,6.984370019864917e-05,292927.98826796154
1529,17nQY2Dwx574VvbYyNmoPSvGcHE7GPEppf,26.5,Low,No,Normal behaviour -- no red flags,12,3.4388813053155256,41.26657566378631,8.673568052226354e-05,535531.4152144545
1530,1r9otnBQQJXJ4B87QrpKGvUwT7u9eX6Jp,26.5,Low,No,Normal behaviour -- no red flags,13,1.269278292274903,16.50061779957374,0.000121837489191,557233.7959664167
1531,1L7cD8WHEmj4V1Z9W1pwrfRCLBHqAVcKwj,26.5,Low,No,Normal behaviour -- no red flags,22,1.4726212039697886,32.39766648733535,0.0001589333991205,314718.9651441428
1532,1JteSyi3cDKoM1xViYiFtdqVLZs44nXX3X,26.5,Low,No,Normal behaviour -- no red flags,14,2.781542585719875,38.94159620007824,8.952080971496672e-05,576171.6779619231
1533,3LUSbT935V8ZGJZU4y1zA95J1WQgVwtgGM,26.5,Low,No,Normal behaviour -- no red flags,1,0.4538984272172,0.4538984272172,6.066832690478242e-05,0.0
1534,bc1qmhfxp8vk72n9hmkpkn5wsdsffep6j4fcn2x9nd,26.5,Low,No,Normal behaviour -- no red flags,1,1.0,1.0,6.692601296593337e-05,0.0
1535,1DvHmtq9Q2uFEQvkv7c3WNSq66kKZPjZi6,26.5,Low,No,Normal behaviour -- no red flags,1,0.9097997816244509,0.9097997816244509,6.271101340834079e-05,0.0
1536,1HM4pp6UVNou3ddb6T9urpch9xSNyJAsor,26.4,Low,No,Normal behaviour -- no red flags,12,1.8370939910655693,22.04512789278684,7.577145741754025e-05,604811.5457714546
1537,3NezBpyjGKUgEKFyALceV5A5rCopzYb1ys,26.4,Low,No,Normal behaviour -- no red flags,1,0.9990337646123296,0.9990337646123296,6.729527722453776e-05,0.0
1538,1HaZ2fqiErtD8QN8oB9iPgJgq1tp7BXEHt,26.4,Low,No,Normal behaviour -- no red flags,28,1.905729590170461,53.36042852477291,0.0001154224863463,255896.10265307408
1539,bc1q9q30uak8xxj3ueq9w90yw77j6f4fmwq7q2jh83,26.4,Low,No,Normal behaviour -- no red flags,13,2.667888927765824,34.68255606095571,0.0001092933139284,595677.929794
1540,34nKMmBS2BM3q7ZhmjkvrUYjREpkhCVssj,26.4,Low,No,Normal behaviour -- no red flags,17,2.756681844925668,46.86359136373635,4.3317544430706855e-05,447904.358018625
1541,1BDECSRMxddL91y2XabmVqBijY2P5WisWB,26.4,Low,No,Normal behaviour -- no red flags,1,0.9415600282210556,0.9415600282210556,4.1772002684801856e-05,0.0
1542,bc1qu2eemls6lf7ytsj6sfxdx84tplsjf3vl506t0j,26.4,Low,No,Normal behaviour -- no red flags,13,2.246207034149853,29.20069144394809,6.367339936270794e-05,603025.2326007499
1543,bc1qwuh9q9re5dpjf3eh3sfcf4sge22jp87arh2nkc,26.3,Low,No,Normal behaviour -- no red flags,25,1.2392519777744513,30.981299444361284,7.574286833875068e-05,303119.7572365
1544,35mScGeBbQLUqVETyD9wC66vMBPGLr3gv7,26.3,Low,No,Normal behaviour -- no red flags,16,3.613095843259344,57.8095334921495,0.0001050567207604,493961.2165655333
1545,1F7rNJ8zJuhcbK2gzvpf8s6XB5w9rwM3sy,26.3,Low,No,Normal behaviour -- no red flags,16,3.6385096640194825,58.21615462431172,0.0001045558339178,463121.97241
1546,3AaRcL8cgb37Mo1Sju7uUH7t3wmJTZ5Htf,26.3,Low,No,Normal behaviour -- no red flags,12,1.739727848194775,20.876734178337305,8.909760714169601e-05,619362.6160765456
1547,1PEbV54XeS7y8T5riyhTM6gNSU7nbKwZdK,26.2,Low,No,Normal behaviour -- no red flags,13,1.780949826489144,23.15234774435887,0.0001595266376136,391726.9130196667
1548,3Js8vHLjAYffzVJUwfLGKAw9tgq4P1wieN,26.2,Low,No,Normal behaviour -- no red flags,16,2.5575379827625504,40.920607724200806,0.0001682017718155,448549.62306913326
1549,1P1iwQALcqreyHphpUgSaYpFmXfqFQ7YLA,26.2,Low,No,Normal behaviour -- no red flags,25,3.049604918476843,76.24012296192107,9.910317421401736e-05,310017.2684507083
1550,31wtHyEnViDudSTZdq2W6DrFTDza6YYJVY,26.2,Low,No,Normal behaviour -- no red flags,21,1.5079987645311792,31.667974055154765,4.619803938214973e-05,373319.80562375
1551,3CkHme4HMxh1vQu1TsuDjzkWFYkrhiWzL3,26.2,Low,No,Normal behaviour -- no red flags,1,0.9344308746394407,0.9344308746394407,6.737989891005545e-05,0.0
1552,3HWEn5Y1L87Ebd2Q2D4HMG11CMwNyb6QDs,26.2,Low,No,Normal behaviour -- no red flags,28,1.974278323649472,55.27979306218521,9.628872262133496e-05,247994.860849037
1553,15yJDSDFDdcfQhhqH8kFosyUzZk8CG8agA,26.1,Low,No,Normal behaviour -- no red flags,1,0.9283000361902052,0.9283000361902052,5.847837359232096e-05,0.0
1554,1KErkeDcJTdaXScM9qw8gDEXmdC8gds7g6,26.1,Low,No,Normal behaviour -- no red flags,25,2.875813610746533,71.89534026866332,0.0001105211181733,297517.502273625
1555,bc1ph668ylps8588pwc555zpyp3nj539j72e22mj3sqk2swnry0psuystj6tzn,26.0,Low,No,Normal behaviour -- no red flags,1,0.9717975287754256,0.9717975287754256,6.562168311932615e-05,0.0
1556,bc1q3wckkdf6lu43sdr3y75pwwvmlzdql6s5huw2v6,26.0,Low,No,Normal behaviour -- no red flags,15,3.6148874825116057,54.22331223767409,9.572628484624028e-05,477627.2030198571
1557,3J1E77FRM5QTy3oNWDYQJh99dE1NCiCBoN,25.9,Low,No,Normal behaviour -- no red flags,13,2.171142949070483,28.22485833791628,6.828261394789672e-05,619225.6737551667
1558,37nAZ5F7m3e3oLv8FxHoPFRiLaGC7cGneS,25.9,Low,No,Normal behaviour -- no red flags,14,1.3795239123047816,19.31333477226694,0.0001334894081312,553068.670178
1559,bc1q9m2w9zgg7p2k8zsgnkhvvyp6prv7npx2p2r70n,25.9,Low,No,Normal behaviour -- no red flags,23,1.3393261333189157,30.80450106633506,0.0001363597340247,334267.55166731816
1560,14NKH6nbmaPWkH9KnNeTXnkP61wk5sZSZu,25.9,Low,No,Normal behaviour -- no red flags,13,2.973809109639104,38.65951842530836,0.0001002217696063,573053.2997523333
1561,bc1q3xs7uw5w7ghxt83d0sv8gc2nnvzxjc6z5rfm4g,25.9,Low,No,Normal behaviour -- no red flags,27,2.345659959361938,63.33281890277232,8.065931288964437e-05,285109.2299678846
1562,bc1q6ml76gk8tpmdxwrjz7sdgsvve7nqdmxp0lqz8j,25.9,Low,No,Normal behaviour -- no red flags,19,3.240728721323913,61.57384570515435,6.039033361140956e-05,404975.2585585556
1563,bc1pu80q7p5tlme5vkscuuq2j5a5w6g0lfs4hxtsxqjjwzkjjjk5v76slvruyf,25.8,Low,No,Normal behaviour -- no red flags,18,2.419585862379525,43.55254552283145,0.0001748761850786,429375.9219665293
1564,14xJaM5XmFviNqCGZKKByJH6BzLvFZRGf3,25.8,Low,No,Normal behaviour -- no red flags,13,1.5961959325179107,20.75054712273284,0.0001353109334636,577537.3248461668
1565,bc1qgxvd48t6hnf3utuvzwnwz8t7rf4t2gt49p6sea,25.8,Low,No,Normal behaviour -- no red flags,20,1.385414371602208,27.708287432044163,4.7947722326526846e-05,382881.41307357897
1566,3CDixmYSWBsi95Prkr6NbEkpEKjjNZaFpU,25.7,Low,No,Normal behaviour -- no red flags,23,2.1337418473785514,49.07606248970668,0.0001625128763595,309040.4802466363
1567,1L7w5F4r1WR1a6GpzQa31zJhsU5ip3BVdT,25.7,Low,No,Normal behaviour -- no red flags,15,1.9109101445319807,28.66365216797971,0.0001664062153449,428371.3418260714
1568,18P8Wfuc8phsHn9xAeetc5f2az31YHVwpJ,25.7,Low,No,Normal behaviour -- no red flags,26,1.3736769375241211,35.71560037562715,0.0001138760659053,280378.52803896
1569,13uLreEaDfnUeYEPKFkn1YSir2xqRQCxfe,25.7,Low,No,Normal behaviour -- no red flags,26,2.501730283296633,65.04498736571246,6.749622726333058e-05,305942.81052148
1570,36FYXdhcjFhreaEuCKo4MT1JvNB2a6PBjS,25.6,Low,No,Normal behaviour -- no red flags,16,1.8757493319230147,30.01198931076824,0.0001665914778396,434786.08067826665
1571,bc1p77w0ad2er0hn2zmswpuy5vhuxd428te5e4ylr386nczqv9kks90sckq2v0,25.6,Low,No,Normal behaviour -- no red flags,26,2.7676519680110534,71.95895116828738,8.165173038263089e-05,299985.36332224
1572,136F4DtHswYKBRvmFwzcEpQREJpNQfDpXQ,25.6,Low,No,Normal behaviour -- no red flags,17,2.348064546691833,39.91709729376117,0.0001658738049157,447131.329454375
1573,bc1qyvv7h42lylfrf24xk4d6ryea70vmmvnr6zjudp,25.6,Low,No,Normal behaviour -- no red flags,17,2.517969157591844,42.80547567906135,0.0001684833655154,442835.70264118747
1574,3H12xpxfUnxgQ86SF6zaMaX91pd9xyxKHw,25.6,Low,No,Normal behaviour -- no red flags,12,1.8190388001005748,21.828465601206897,0.0001049926392062,596693.8553140908
1575,bc1q00luraaladzmhmmdke3k5clddecnxqyldrpr7j,25.5,Low,No,Normal behaviour -- no red flags,21,3.4233436837025897,71.89021735775438,0.0001022356458285,383111.0723448
1576,14TFHkkTq3sw919Coufr74GeTPt8qzU76o,25.5,Low,No,Normal behaviour -- no red flags,21,3.102561200407481,65.1537852085571,0.0001311114672922,364686.00812275
1577,bc1qv8amrfaac2pku4a7ppqwta936rcr9tk5hnv8rm,25.5,Low,No,Normal behaviour -- no red flags,14,2.5573802038491067,35.803322853887494,6.364192735629588e-05,568291.2658401539
1578,3FAeywYpU7pGqvKLim4AAAqKTDL7gLs2ao,25.5,Low,No,Normal behaviour -- no red flags,16,0.9977744777341612,15.964391643746575,0.0001078993256049,476447.33796486654
1579,bc1pmcs6r38f3vfjsx3uan08c8pqk7lxc0enexhnex2954rl87d5737scawsvc,25.5,Low,No,Normal behaviour -- no red flags,12,2.3035419442831526,27.64250333139784,0.000102595399565,614600.8565126364
1580,3CHXqEaBFTJWeC6cZkvq2BHcH9LxPgPDQt,25.5,Low,No,Normal behaviour -- no red flags,13,2.532922846195463,32.92799700054102,8.332052067174061e-05,638923.9325854167
1581,bc1pral6ermf90z24dyh52w5gss3aax096rzxxse26yg5edav9udp9fscmnz7x,25.5,Low,No,Normal behaviour -- no red flags,12,1.5954602780711518,19.14552333685382,0.0001189672609228,570611.0969475454
1582,bc1qk58fppjje3nc02rf54ehjyp7m6j0yec3gdv9su,25.5,Low,No,Normal behaviour -- no red flags,18,3.0017716094749907,54.03188897054983,0.0001387684213141,441819.74395170587
1583,bc1qjw8lupwrwly35xp7hvemuxr2u0jrjp3s8haqee,25.5,Low,No,Normal behaviour -- no red flags,14,2.711414972073709,37.959809609031936,7.089389614675279e-05,569048.075935923
1584,1DGmNRRVm9iM1quq7gmWXJrag4S5dguoQx,25.5,Low,No,Normal behaviour -- no red flags,18,3.7704955286483486,67.86891951567027,0.0001021960807874,358866.275413
1585,bc1q3pv2e5fmmu8lseflxhlms4sstc3sc667ee702j,25.4,Low,No,Normal behaviour -- no red flags,13,3.532813154176797,45.92657100429837,0.0001224012516731,482557.5677848333
1586,bc1q6cm55nder4ufragfquxvqnvtgrsdz0q7vg08q4,25.4,Low,No,Normal behaviour -- no red flags,13,2.464208887260277,32.0347155343836,6.503689751311308e-05,585636.0732815
1587,15azRX4iPiBEnuThr2FH6XrR9kZT2Gf1Bi,25.4,Low,No,Normal behaviour -- no red flags,12,1.871597242242452,22.459166906909424,8.01590487205729e-05,605245.9685677273
1588,bc1qxkv2hlpchlk0unxcln2qc6zmxjnm0eqefgdghq,25.4,Low,No,Normal behaviour -- no red flags,13,2.806552448891546,36.4851818355901,0.0001178676792036,573273.55916825
1589,bc1qu56amnq9jqwvwcj44zjwqmuzhza8h5j6jpkukt,25.4,Low,No,Normal behaviour -- no red flags,24,2.6414758547141584,63.3954205131398,0.0001374264325706,314845.6583284348
1590,3H6tyEyraF6EsnLPKbXL7tRbt1BL7dwHx5,25.4,Low,No,Normal behaviour -- no red flags,26,2.8144714568308986,73.17625787760336,0.0001075701826312,301453.96460692
1591,1PnbEgPLCzhd4GmcU8pZsX3srG4MtqEyQZ,25.3,Low,No,Normal behaviour -- no red flags,15,3.453886006016857,51.80829009025286,0.0001240856482064,473957.87367442856
1592,1AZTQ1PyajyR8zoMXPuPaPmRhq18HysFQc,25.3,Low,No,Normal behaviour -- no red flags,15,2.7019240204458588,40.52886030668788,0.0001418856576908,538744.1189499999
1593,bc1py8gwmyu6t0epzryhsa0hz68statmymvqac6htja86tjuuusx3lrsp6hyl2,25.3,Low,No,Normal behaviour -- no red flags,17,2.238764763607114,38.05900098132094,0.0001651333262668,335750.982624375
1594,bc1ql2fgzcyngv7pgxu76ca34n22xr286dm3w76mgf,25.3,Low,No,Normal behaviour -- no red flags,17,2.776027103379796,47.19246075745653,0.0001520722114742,426736.07568475
1595,bc1qyxxur29vmn8catgwjedsr6wp0ygc4gmvssy62z,25.3,Low,No,Normal behaviour -- no red flags,20,3.374964483914586,67.49928967829172,7.481329637659563e-05,398432.97950815794
1596,138cUp6xFG2J3jhEfLuWEovRbxWN1shgTK,25.2,Low,No,Normal behaviour -- no red flags,14,1.9075924699525444,26.706294579335623,5.443414828418493e-05,573282.3903028462
1597,112ernrHzQsX4mrf7pj56KCHbX9Zdiq4TG,25.2,Low,No,Normal behaviour -- no red flags,13,1.54961113789638,20.14494479265294,7.960192275605806e-05,593688.6378824167
1598,1LbEirTK1hRAsmpEqRo54kbQxUakZqhPAV,25.2,Low,No,Normal behaviour -- no red flags,18,3.4232582530768165,61.6186485553827,0.0001331975305255,421792.6265188235
1599,3FVLWfy47sWADgFccYC9g6yykq8QPVRHEN,25.2,Low,No,Normal behaviour -- no red flags,13,2.4532373241297227,31.8920852136864,8.704614316162618e-05,637423.0918279167
1600,bc1qhl8mne5vymm5hctcph0gfzpzfk2538davulrwy,25.2,Low,No,Normal behaviour -- no red flags,26,1.7041156041303802,44.30700570738989,0.0001273554284298,284776.93414568
1601,1FvMrmDwoSHtG4s89jxaLYUjtSsDNgs9kA,25.2,Low,No,Normal behaviour -- no red flags,18,2.8403864065957705,51.126955318723866,0.0001478308180546,402532.906575
1602,bc1qvlfrfmc0gwz3fdyl5gqh055mxlrt42hcsyp2nw,25.1,Low,No,Normal behaviour -- no red flags,22,3.0857738189628297,67.88702401718226,7.000512110411378e-05,332867.89538876194
1603,3J3kwuN9U4WqLAdoTSLwJBY5o9yr3uw1Uz,25.1,Low,No,Normal behaviour -- no red flags,22,1.3358558504501188,29.38882870990261,0.0001432066834446,365424.9243915238
1604,1C7WRQEUxGMWjnApBHbQcYPkxTWmCthQtc,25.1,Low,No,Normal behaviour -- no red flags,22,2.4126420107014552,53.078124235432014,0.0001576377454167,365159.3928192381
1605,3BC5C5wi2XevU8dGHe8SzWbqXfYk9vPNTd,25.1,Low,No,Normal behaviour -- no red flags,26,2.151049496185536,55.92728690082392,0.0001385754149669,283617.83605516003
1606,1CK8UbmJPkGCc2yNqiZKhJfnLWCuTwYo4K,25.1,Low,No,Normal behaviour -- no red flags,27,1.5398958422775613,41.57718774149416,0.0001142143955082,295662.3931678462
1607,bc1qtz0uy28dscdjn5r3wnak4sr9navjmcpyhlzhr6,25.0,Low,No,Normal behaviour -- no red flags,17,0.9645101647025172,16.39667279994279,0.0001182704704008,400981.4850144375
1608,1Fky2C7YcPDzgzsbCJNEraBd1rBpuZPQuR,25.0,Low,No,Normal behaviour -- no red flags,24,3.0899715276426942,74.15931666342466,8.94991729770442e-05,319433.8649980435
1609,1Dj1AnaN6aa1RbgYwYtWHNQjLeeFwbsq8t,25.0,Low,No,Normal behaviour -- no red flags,24,3.054804097542851,73.31529834102842,0.0001035280859287,308454.53947669565
1610,bc1qspddm3a6qs0rn6443vll7svlkhngztkc2e0rh0,24.9,Low,No,Normal behaviour -- no red flags,16,1.2734916409585837,20.37586625533734,0.0001452794592695,418156.5469543334
1611,1FD2Sm5gBHNo1GfuUg9uzmZG5WWvhAuErx,24.9,Low,No,Normal behaviour -- no red flags,18,2.019666033438557,36.35398860189403,0.0001623329290374,313974.6707276471
1612,32DbVVHp73UpwBJS9PWp18QYECSdAkZMK5,24.9,Low,No,Normal behaviour -- no red flags,19,3.407490066336598,64.74231126039537,0.000115695484777,416494.7282929444
1613,18CwWZhfekpUVyX1LzkcPUhFqYLHbgLKQc,24.8,Low,No,Normal behaviour -- no red flags,13,1.2473089723924,16.2150166411012,8.889127867815298e-05,545341.132377
1614,3Kkgw2Rz7Aq7kfConfEohwuJnzX2zXPjNC,24.8,Low,No,Normal behaviour -- no red flags,19,3.4900119626985564,66.31022729127257,7.824136465670022e-05,408153.29986566666
1615,34NkQG7sHGpZL39yhkFfm2MRgB3vaN4Hsn,24.8,Low,No,Normal behaviour -- no red flags,13,2.5000812697948502,32.501056507333054,7.442992144352905e-05,593218.1029684166
1616,bc1qk3u3y8nsxnaadjtrwdulq85h57m23afc3m4c80,24.8,Low,No,Normal behaviour -- no red flags,19,1.3444489591080568,25.54453022305308,0.0001467548920316,367242.9025964444
1617,34qojKzBxoHaWGA1XED4WQ8DxtR1vd9GSj,24.8,Low,No,Normal behaviour -- no red flags,13,1.4568448073604967,18.938982495686457,0.0001239332391359,575552.7010223332
1618,3NDoNquMeKPQCZw4PgEe1GmrkZdcywkDX1,24.8,Low,No,Normal behaviour -- no red flags,25,2.829949926659257,70.74874816648142,7.90783882248629e-05,306714.6387860833
1619,bc1qxhlk98f08tqv3qs44p8ct9cnswprhh8fc5s3xh,24.8,Low,No,Normal behaviour -- no red flags,15,2.031049580517409,30.46574370776113,3.4200325951859367e-05,500786.6864454286
1620,14w9uqb4Jc85Zit4CEXw9NM4vGTjcmozPb,24.7,Low,No,Normal behaviour -- no red flags,14,1.3167187986651407,18.43406318131197,0.0001199126082489,567441.5465005384
1621,3P2BZj7efJoHfdbAkQcuS6pePNmpX6RJHR,24.7,Low,No,Normal behaviour -- no red flags,22,1.402675009185392,30.858850202078624,0.0001381176297883,290631.22164028574
1622,bc1qc9gdse78zfy3zv8f8trs7kf5xy55rc7nv2jrve,24.7,Low,No,Normal behaviour -- no red flags,16,1.7085749825561942,27.337199720899108,0.0001646033396649,483668.8152709334
1623,3P3hc61N7ty8X4BAJTjtTURbWqTPCuVerF,24.6,Low,No,Normal behaviour -- no red flags,11,2.690538393354016,29.595922326894176,8.887096900819662e-05,549136.9247374
1624,bc1q09n3zy2wayajzgxpffs3gk6t666y0cwfpkzd0d,24.6,Low,No,Normal behaviour -- no red flags,28,2.1344450245783944,59.76446068819504,0.0001084821349417,285953.5311474445
1625,1E43jXPJasndfRo8ehRvWxdoA1HtaL77PW,24.6,Low,No,Normal behaviour -- no red flags,26,2.6492646391552546,68.88088061803661,8.56869414652771e-05,263951.9265904
1626,bc1qfuy27llqwq3v8fr5qc07aj48t0uuz2jd06ghy4,24.6,Low,No,Normal behaviour -- no red flags,17,3.6526801541068887,62.09556261981711,8.768960824359086e-05,402370.13265425
1627,bc1qz62uhvqdfkgz6kpwvmvf7hwrwmqa2t8u5lh5ye,24.6,Low,No,Normal behaviour -- no red flags,13,1.6350134432868837,21.25517476272949,7.919649654963182e-05,599137.6130152501
1628,bc1qj8xy5yzhw30qgjtagmgxx3cj4sp3hjrcvgxej4,24.6,Low,No,Normal behaviour -- no red flags,16,1.0059159513226594,16.09465522116255,9.1445873532945e-05,501618.5021979999
1629,3A3RW5EsWYaPk2QH5KM7uSPcygwYZPPLir,24.6,Low,No,Normal behaviour -- no red flags,13,1.472245408109225,19.13919030541993,8.213447180167331e-05,579679.888857
1630,bc1p7wsl0wpqe2sgwgwnc8x0eept7wvyze9kwa6janujerzs6twyhzeq8qsa3s,24.6,Low,No,Normal behaviour -- no red flags,24,2.685599481485354,64.4543875556485,0.0001357014703037,329054.952493913
1631,1Gqs3EzzKJBMeLF98JkGRRXCkcDya2vfob,24.5,Low,No,Normal behaviour -- no red flags,15,3.715968368441352,55.73952552662029,0.0001031322468289,447724.7912193571
1632,1DnFuxkt1Jixcbky6U4jhC5xWu8P4GTtkM,24.5,Low,No,Normal behaviour -- no red flags,25,2.061724704368631,51.54311760921577,0.0001464915406349,295429.69512475
1633,bc1qght833t97ckkdqan92pu5k7pysgq7d7w95ks58,24.5,Low,No,Normal behaviour -- no red flags,15,1.1443499294076047,17.165248941114072,7.908585549113656e-05,495371.7278132858
1634,bc1pxvgd3jcjtwjete35huu2scv538ua8kluf3ahwekf262cueys0ayq3y3e09,24.5,Low,No,Normal behaviour -- no red flags,25,1.551950010007544,38.79875025018861,0.0001314608988112,291120.8186813334
1635,bc1pjx4t9u9hf9htcdwmh5da3283s8jmalzqxzt8r5qjtvqw0gs7zzwszgch05,24.4,Low,No,Normal behaviour -- no red flags,13,3.310302851004415,43.033937063057394,8.51825513997924e-05,546988.37347875
1636,bc1qdg7rgkne9lx8ezmkemynmazjaapy5zf5pxjmhz,24.4,Low,No,Normal behaviour -- no red flags,24,2.8058524690905173,67.34045925817242,7.393686071226236e-05,313923.1692477826
1637,1EzkofXanR9FYNgoG8RLtqTRWxjMBe2Bwq,24.4,Low,No,Normal behaviour -- no red flags,24,3.0660366993621064,73.58488078469055,9.124208857160618e-05,330425.55326873914
1638,1LqSUKY26aK96frkW9QVDXWq4aDfdkkK33,24.4,Low,No,Normal behaviour -- no red flags,13,1.4368071761260974,18.678493289639267,9.461414615238506e-05,577298.1844118333
1639,3GqhytgWay8ftLgtRtznXFHhLruRZLnBjb,24.4,Low,No,Normal behaviour -- no red flags,27,2.1900143188322425,59.13038660847055,9.116094402101337e-05,230897.5331940769
1640,12wxLAxYXqxwFR9AZeEHK3Q9gKuq1PJa6a,24.4,Low,No,Normal behaviour -- no red flags,21,2.8442152894842585,59.72852107916943,0.0001426931516917,342999.0739083
1641,bc1qqfgz0u3h3eyfdualvt8zje6z4yt0f4hppygwga,24.3,Low,No,Normal behaviour -- no red flags,17,3.472196400000149,59.02733880000253,0.0001148480854866,440029.7357906875
1642,bc1q9ljxph679lpx4e8fk2j3v8nvrvc9fe5fxzf35h,24.3,Low,No,Normal behaviour -- no red flags,14,2.73852944522189,38.33941223310646,0.000135013247165,347337.3576353077
1643,3PZ2VCW48mpuchsLWkK9Ng6kinb1iRGG1G,24.3,Low,No,Normal behaviour -- no red flags,12,2.1652735802371965,25.98328296284636,6.906961552613647e-05,592783.3756207272
1644,34DiUKXDhFFTWhH9B7FVYYiKCadurNBhZK,24.3,Low,No,Normal behaviour -- no red flags,28,1.814816434845708,50.81486017567981,8.583440149428677e-05,276527.6340274815
1645,bc1qc7nghlgu7grpa30445gfjsdylx4wh5x4y3j0rf,24.3,Low,No,Normal behaviour -- no red flags,20,2.403114573794649,48.06229147589298,0.0001543959180855,396760.19328731584
1646,bc1qqxcln8nq4hyfp0x735ds7ruxw3jyw0amqnwq8a,24.3,Low,No,Normal behaviour -- no red flags,23,2.904640533069241,66.80673226059254,6.806115500357285e-05,337043.9307786818
1647,bc1q9fjl0j88kr9l0rg5wv9nysaad52pcnkaf0vhhq,24.3,Low,No,Normal behaviour -- no red flags,22,2.251251811400421,49.52753985080926,0.0001594687889785,325578.6910544285
1648,185e127utq5pqQFDAfH7pc7sNFzb3SBRjD,24.2,Low,No,Normal behaviour -- no red flags,27,1.5835086542533063,42.75473366483927,0.0001066093089584,274070.6954793847
1649,bc1phlm56gfnq0z5as26ujl23rs7y5l2t5n9rggcvg7u2t54t69f7hnsvu8v4z,24.2,Low,No,Normal behaviour -- no red flags,25,2.5228156752784323,63.07039188196081,6.518338458414807e-05,313254.9154049584
1650,32ZZdQWp1TgpjDgpGMa87H7SxT17wTfPhK,24.2,Low,No,Normal behaviour -- no red flags,18,0.9047535351474632,16.285563632654338,0.0001135473139263,442404.2556052941
1651,bc1pk4lqjz2mxgc7k25kpkf9n3mkcwdydgvd0atlm80pp6jld5x2a5wsyuewtc,24.2,Low,No,Normal behaviour -- no red flags,25,2.4160483922733804,60.40120980683451,6.29198551648859e-05,290379.027874625
1652,bc1qxqhlmqg488m5e82qqtydezpycdh98ktm9vgq3g,24.2,Low,No,Normal behaviour -- no red flags,26,2.680220498766764,69.68573296793586,8.872482313859967e-05,267957.44257312
1653,bc1qhktmxg86p9w4cdaurafktzz6rq0ylr4p8rxjy0,24.2,Low,No,Normal behaviour -- no red flags,27,2.4910702778324576,67.25889750147635,0.0001013483093953,297436.4705997692
1654,bc1q87mag5c8a5ne6muxcskgrxg3xcpgn5jslenj0e,24.2,Low,No,Normal behaviour -- no red flags,15,2.769593134712218,41.54389702068327,0.0001404006825754,527600.5412832142
1655,381k8fr2NXUvacxUSxZBJgWTtP81poc3JV,24.1,Low,No,Normal behaviour -- no red flags,13,2.3730905637575943,30.850177328848726,0.0001486216934404,519023.1139726666
1656,148L9wLi85dpAzJVnH58B879wi166N57fK,24.1,Low,No,Normal behaviour -- no red flags,14,3.5187487965781594,49.26248315209424,0.0001050150422561,492953.9854824616
1657,bc1qytqe58genqwfq7e272xa46d42yap55hd9vapw2,24.1,Low,No,Normal behaviour -- no red flags,27,2.29523794221886,61.97142443990921,0.0001144144219431,269059.7354506154
1658,19shw6Td2N8wwAbVU3bxWeWbqBWntcTtbX,24.1,Low,No,Normal behaviour -- no red flags,16,3.5311736312855664,56.49877810056906,0.0001056136044113,487279.8873702
1659,bc1qjck4q8xcztkdvjgx75rpdv6ryw0j628un6tgqd,24.0,Low,No,Normal behaviour -- no red flags,27,1.6012586614947633,43.233983860358606,8.707292279055927e-05,273530.20295426925
1660,bc1qn7sdwxyvkq0kkp3fe5lw2wv3qhf3gtpjr3cpp0,24.0,Low,No,Normal behaviour -- no red flags,26,2.327072705059771,60.50389033155405,7.178090301635734e-05,253776.85892204
1661,bc1qh4wm4yjqsgu5l33cnmfyzha8skmxvp8my562lk,24.0,Low,No,Normal behaviour -- no red flags,23,2.104262295414096,48.39803279452421,0.0001509085360671,298731.3155129091
1662,3QSMbUPYdL1nZceGakBur17vgr7MLNYobC,24.0,Low,No,Normal behaviour -- no red flags,20,1.728284769188131,34.565695383762616,0.0001559755934273,380892.9898970526
1663,15s9ZDwtMKjncibs5tALNRaD3Ft2NZrbSn,24.0,Low,No,Normal behaviour -- no red flags,20,3.377264004518292,67.54528009036584,8.06371831046591e-05,389150.4469034736
1664,3M6DUMYNPx5NjJts4Z2vkEVxyRsCGfdAoi,24.0,Low,No,Normal behaviour -- no red flags,28,2.1490641717638312,60.17379680938728,9.815949923083645e-05,269123.2296352222
1665,3Qjrw1SFvTuVtqgTdbKnSvTKGiRbAEZWtM,24.0,Low,No,Normal behaviour -- no red flags,16,1.9151977492406764,30.643163987850823,0.0001593415084946,498280.34960553335
1666,bc1qwp6d3uvhkkkwnhg5fsj295vaesaqslppqmkuk0,24.0,Low,No,Normal behaviour -- no red flags,22,3.379935012327391,74.3585702712026,8.167248969468606e-05,325855.03788219043
1667,1P1wuqRUam8dk4Cfijsg6EeJ8Vtox8dJhg,24.0,Low,No,Normal behaviour -- no red flags,19,1.2162115251258665,23.108018977391463,4.882717119530927e-05,393435.3160503889
1668,1Egs5Q1rKMhHfxUKPf6Ud1rvfxyxcdJs6M,24.0,Low,No,Normal behaviour -- no red flags,13,1.552204644944093,20.178660384273208,5.56643559241648e-05,508930.63940283336
1669,bc1qxlenz256a2jwl9ttc7v44juvnne5qzvfvejkzn,24.0,Low,No,Normal behaviour -- no red flags,17,1.9200632624396647,32.64107546147431,0.0001529702084594,358000.802533875
1670,bc1pkttmw7tq95a0wxyqtamlqjwgzv8td0p33uadc0cvvnjf5yuzaj5qla00l3,24.0,Low,No,Normal behaviour -- no red flags,25,2.9045654540525585,72.61413635131396,0.0001101030048285,320545.817984625
1671,1EWVT9wbUjrk9agFYjFo98HLNxbnSsd4Wy,23.9,Low,No,Normal behaviour -- no red flags,18,3.411453581083045,61.40616445949482,7.34813782388503e-05,455310.36735429417
1672,bc1qxvug23e59tzpp0df3g6f8je4xdh94utm6ptwvp,23.8,Low,No,Normal behaviour -- no red flags,13,1.284307574168109,16.695998464185415,8.680115835795442e-05,542845.79459175
1673,bc1qjt7zwnd7642n02u3jylg0ex3a7q52zaw8md984,23.8,Low,No,Normal behaviour -- no red flags,23,2.506150723542823,57.641466641484925,5.3792226658499054e-05,308004.1382548181
1674,35MM9ZBcKb7u6yBKC4wpCgH87dpw1MG18s,23.8,Low,No,Normal behaviour -- no red flags,20,3.466847421833409,69.33694843666818,9.957713739259602e-05,390868.78851657896
1675,13otBzAH8axvwnDoaosfLEqF6iusrVNL1N,23.7,Low,No,Normal behaviour -- no red flags,21,3.284838342212019,68.9816051864524,7.451301898573265e-05,361331.19892034994
1676,bc1q2erz24z30vnsxs8wm55mmjeem2j7c3tyeqcl4z,23.7,Low,No,Normal behaviour -- no red flags,13,1.6114148527964147,20.94839308635339,8.411741577613559e-05,607061.73818075
1677,1C9F9Xkonf7QYaiKFUJzgqTx4zpTXAF3nW,23.7,Low,No,Normal behaviour -- no red flags,21,2.8151083378281614,59.11727509439139,5.69541774578348e-05,366376.21944540006
1678,bc1qzhwje46fdq0pryvxc7d32nh0qpklpwu0sga85w,23.6,Low,No,Normal behaviour -- no red flags,26,1.3899071895442383,36.1375869281502,8.053678725800845e-05,288353.13118644
1679,bc1pw6lpsk69egchndfctz0h6euvaaw9rslcd3nh65zu0fxr8gsuxhas0g08hj,23.6,Low,No,Normal behaviour -- no red flags,17,3.2263937137250926,54.84869313332658,0.0001338338526501,361265.588322875
1680,1AowNPVcSEDW1vsAA94QGX6Bh4RcDxF8Fq,23.5,Low,No,Normal behaviour -- no red flags,20,3.42022603546912,68.4045207093824,7.972767197276715e-05,342385.04997110524
1681,bc1qy3r02t4qu0d84nt2z0xy4vu3ddnpw74cdk8ge0,23.5,Low,No,Normal behaviour -- no red flags,18,3.5354625126914314,63.638325228445765,7.818595518135336e-05,349807.94728747057
1682,bc1ql9ltg26kqrnp9vwqtaa8902g2umy3kwxu8cvn4,23.5,Low,No,Normal behaviour -- no red flags,25,2.797783846263529,69.94459615658822,9.833332491068952e-05,273355.4563514583
1683,38TT5qFpx1fHc4XcEjMB5ifinQGd6ugNeq,23.4,Low,No,Normal behaviour -- no red flags,14,1.3906431733347195,19.46900442668608,6.307303146295707e-05,473467.3998054616
1684,bc1qj8pd3hxvg4safpm3qd0fdcz5tsnc2cwqxk223v,23.4,Low,No,Normal behaviour -- no red flags,15,1.0953237062397465,16.429855593596198,0.0001099416551384,453381.69021342864
1685,3MmKYfNNoxSQT96pkLRU4ZqeoHVjwXuiqx,23.4,Low,No,Normal behaviour -- no red flags,18,2.168989950681806,39.041819112272506,0.0001645876786493,441074.0168624118
1686,bc1q29txnny4luj4v5zrq43c9larwl7hxtndu8rkum,23.4,Low,No,Normal behaviour -- no red flags,18,3.4392947495327,61.9073054915886,0.0001246311394237,346139.55604594125
1687,bc1q6en6agme65ujalrs7frswgzwxvc9we4wq7zppr,23.3,Low,No,Normal behaviour -- no red flags,23,3.116763759014859,71.68556645734176,0.000110141849744,341701.44889031816
1688,bc1pen52ze5e60azrltvrm4lvz65vs9hxzfn5pgjpvw4ap3xadxyvslqzz6c50,23.3,Low,No,Normal behaviour -- no red flags,13,2.21869596477263,28.84304754204419,8.030978121007376e-05,612451.4885560834
1689,bc1qmjqq2zz2tlf5t69esyqpwcuu8383l8eawkl9td,23.3,Low,No,Normal behaviour -- no red flags,15,3.1749795293154173,47.62469293973126,7.1164815729431e-05,542707.0048071428
1690,3BNsGRMVykB173b752RgH6hRabbACtyPak,23.3,Low,No,Normal behaviour -- no red flags,17,3.486968791841652,59.27846946130808,9.891102557391246e-05,451665.715908625
1691,bc1quwvxrse08vylf076dhvnv8fem9ywq46lykp0ez,23.3,Low,No,Normal behaviour -- no red flags,18,3.4861143574944133,62.75005843489944,7.607302710783482e-05,399993.1889284706
1692,3QhwCvHzR81AvEMYkpXsauVBYHqJcMyFMK,23.3,Low,No,Normal behaviour -- no red flags,13,1.4826333761772603,19.274233890304387,8.520811072777157e-05,584942.6366865834
1693,bc1p50nyrz9qtgqs05dc8w9djzxpzcllv2aznnulq68d5tdttyyqggfqzrj62s,23.3,Low,No,Normal behaviour -- no red flags,27,1.7453055785699034,47.12325062138739,0.0001169915061671,282355.8173932308
1694,1LShjJYP3QKrtyUgQ9DyG3gXnhocDidpbg,23.3,Low,No,Normal behaviour -- no red flags,13,1.7280257015765563,22.464334120495234,0.0001361275993715,565557.8473090833
1695,bc1q2qfr3j9gsvngajvc2av8qtl8pp29c80gnz046k,23.3,Low,No,Normal behaviour -- no red flags,22,3.2382143100116365,71.240714820256,8.256279017946922e-05,347168.5656047142
1696,3E5VgG7x3cPdTxVrHbkyrkp1AYj4fWaKsU,23.2,Low,No,Normal behaviour -- no red flags,19,1.5051846531136746,28.598508409159816,0.0001529350650226,423444.0966043889
1697,bc1qffvw3c5haks380c8r8v80anjtlvjd0rvfu2lkp,23.2,Low,No,Normal behaviour -- no red flags,15,1.1546509528588793,17.31976429288319,0.0001033787915127,524995.6862577143
1698,19TvNNrLSjykHHUsg7pao3SaTLg1o6gBgk,23.2,Low,No,Normal behaviour -- no red flags,26,2.665279825654539,69.29727546701801,8.041031779401318e-05,309012.69108448
1699,bc1qdldcsgamsvglmkamxg63q49egyrdvtwy0wx93l,23.2,Low,No,Normal behaviour -- no red flags,15,1.5419126377236287,23.12868956585443,0.0001499850616505,513834.0428420714
1700,bc1qutxct9r7kykgrvrmyvhevjxu893q8vneue2txj,23.2,Low,No,Normal behaviour -- no red flags,27,1.8668112673133688,50.40390421746096,7.473525676654751e-05,275009.384378
1701,bc1qexxepm2r5w066yxxsy7uenfqtjuersk9t6m7a6,23.2,Low,No,Normal behaviour -- no red flags,15,1.805039746647445,27.07559619971168,0.0001599239519495,435642.6741247857
1702,bc1qrqyhnjxz64vpgm9q0s484lf4xl9f0pzc93l4dd,23.2,Low,No,Normal behaviour -- no red flags,22,1.7989379391526912,39.57663466135921,0.0001585109071447,331344.65575128567
1703,3KMriK4HuH6EufyBm9bZiU6w3HS8p9WfFS,23.1,Low,No,Normal behaviour -- no red flags,15,1.6540998917820475,24.811498376730714,4.574597247003339e-05,498362.6318916429
1704,32zRYmG9kU33grKwFS47t87ePbPhfHk5Ja,23.1,Low,No,Normal behaviour -- no red flags,14,1.768119195271881,24.753668733806336,0.0001508564176241,495424.6810531538
1705,1F2qt28U8Xf9MKRY4MtJqWQaZCyhxz84is,23.1,Low,No,Normal behaviour -- no red flags,14,1.7226477473109747,24.117068462353647,0.0001344415798906,580819.695388077
1706,16pWSSCEDgJDAuULyFNK6ZFn2j9GjXZuto,23.1,Low,No,Normal behaviour -- no red flags,26,1.7595703305538004,45.74882859439881,0.0001019957214612,246771.43374416
1707,3PFW3MXaLmsnEbQ8N37nezHaLsdm695tFe,23.1,Low,No,Normal behaviour -- no red flags,18,3.705984774114861,66.7077259340675,9.92171111045494e-05,372843.0443257648
1708,bc1pr4vmrlytrl78jm5s3502eejx43qr056dmzx8n5cqa68lkf2pexmsmx79xh,23.0,Low,No,Normal behaviour -- no red flags,24,1.0603983425406192,25.44956022097486,0.000104227703763,309653.2462743044
1709,1JrsQiUoU3iGKHjmk5LQwpgq1jLRNmbYrj,23.0,Low,No,Normal behaviour -- no red flags,14,1.9436128297812143,27.210579616937004,0.000146624759796,562318.7343133845
1710,1FRNcH2aSANWbZWmRqWiEpKFCbduCPoLji,23.0,Low,No,Normal behaviour -- no red flags,26,2.594874723658424,67.46674281511902,0.0001188369272341,293323.7850986
1711,3CBcaLWFevfC1rqppo877JNWyiSgG8oPsf,23.0,Low,No,Normal behaviour -- no red flags,25,2.209333354631456,55.23333386578638,6.228590249956864e-05,265381.83622445835
1712,14dUixoa9Cw32VzJTC6D9abiAx7QNY3ArP,23.0,Low,No,Normal behaviour -- no red flags,11,2.3872098172547225,26.259307989801947,8.04424314792557e-05,532404.5265423001
1713,1CXQ6LMV2JNznPSp2puHLVMiGw5fHU1x4z,23.0,Low,No,Normal behaviour -- no red flags,17,1.5160346947402583,25.7725898105844,4.152671747491127e-05,418514.7839114375
1714,bc1pf8x6u043a63yey5ghf8jh8n5gq4fgfmx7hqrv6rw8wphu5wjsr2smlyv74,23.0,Low,No,Normal behaviour -- no red flags,14,3.240887093947688,45.37241931526763,9.375105353585926e-05,543585.291554923
1715,bc1qmr4u7aez6zqkh24mygxv9mhxylxnnqefegtvqv,23.0,Low,No,Normal behaviour -- no red flags,23,1.996452174092444,45.918400004126205,0.0001466798053665,290846.5585183636
1716,3L6XZhbiSrjopUox7wjSgU6fmRrqKmJPca,23.0,Low,No,Normal behaviour -- no red flags,22,3.302839557081908,72.66247025580196,9.144431118757712e-05,316919.4379698572
1717,39JeFgWbw4Sr5Km282y4qgFfDhfNuuJuff,23.0,Low,No,Normal behaviour -- no red flags,27,2.215149368181119,59.80903294089022,0.0001235697908696,291238.22457680776
1718,15tsxoHEpZy2aA7Ao1bBgeQq6xuTDyuZfp,23.0,Low,No,Normal behaviour -- no red flags,13,1.9003483988967689,24.704529185658,0.0001289777556426,606234.3311619166
1719,14f6ZzJKz1q8k9KM25gKTBD8hRqZX4uiKG,22.9,Low,No,Normal behaviour -- no red flags,13,1.9889632647334208,25.856522441534462,0.0001080318858239,638905.5660323333
1720,bc1qewyyu36ggpth20j04let8cchd79nzenwfk3zp9,22.9,Low,No,Normal behaviour -- no red flags,23,1.4550123748060777,33.465284620539784,0.0001327808395312,289210.0753731364
1721,bc1q933hkcw8wnw076n9nkncnvmz5w929q9jsrseqf,22.9,Low,No,Normal behaviour -- no red flags,14,3.0786377845284214,43.1009289833979,8.074313730355056e-05,529315.8035504615
1722,12njakVWwzavDGTZR3MZSypsYWAg7UF4iK,22.9,Low,No,Normal behaviour -- no red flags,14,1.582904997208877,22.16066996092428,7.129907931821379e-05,566548.8786011538
1723,1APPXg2DP7Wkj3hKcqL1zqy6bMm67xnxWV,22.8,Low,No,Normal behaviour -- no red flags,17,2.161780317875884,36.75026540389002,0.0001576823502565,471329.38730575
1724,1BBWZFUgKYZLk3oMHsjebdHXQoDYZRx5G6,22.8,Low,No,Normal behaviour -- no red flags,13,1.267194054763191,16.473522711921483,8.577339527220293e-05,415881.7668040834
1725,3DBPRKFUViHeMLsRrVRUL4a9iK2gbokaFt,22.8,Low,No,Normal behaviour -- no red flags,22,2.2236566685965333,48.92044670912374,4.506677430003098e-05,321118.5823512857
1726,bc1qhljvzk70eyn750fuv6wkp44te280hdn0ttcpuw,22.7,Low,No,Normal behaviour -- no red flags,18,3.422235126514698,61.60023227726456,0.0001196733116075,443011.0018800589
1727,12KRePDgqwWV61FfaVgrgZ1m3Ws3CQKpQd,22.7,Low,No,Normal behaviour -- no red flags,24,2.968572132017964,71.24573116843113,0.00011023346291,333526.84632852173
1728,bc1qkcl6rdqlhvyzafjz0kxzzknh6rqpjmwkx0ewxw,22.7,Low,No,Normal behaviour -- no red flags,28,1.937218735051699,54.24212458144757,0.0001030558386396,285313.43516592594
1729,3E1nZswHQD4VLh1tf8KrSFw6EVkGW3APsj,22.7,Low,No,Normal behaviour -- no red flags,25,2.34151452255618,58.53786306390448,0.0001413020499769,317284.6193380417
1730,1AakCSDGF5u9sVEUDXV9wr8DKpxfrFmD9Z,22.6,Low,No,Normal behaviour -- no red flags,19,3.1460481435170644,59.77491472682422,6.601640053067026e-05,408674.8798608889
1731,bc1pt4qheachpj2wzy5l5qcrtf8kzg6fs7t45f5l86shfvzxywl2ra9sdavhfe,22.6,Low,No,Normal behaviour -- no red flags,27,2.435061792578739,65.74666839962595,0.0001058986872709,276967.27719165385
1732,bc1qm7kd3ujn36l7mrxlhvgul5rcwdxcu36z3grwr7,22.6,Low,No,Normal behaviour -- no red flags,13,1.533149315823244,19.93094110570217,8.082176392743832e-05,579321.5862019167
1733,19Df2XHTZVfbhjnkEjJHLM8KARjKsvru2G,22.6,Low,No,Normal behaviour -- no red flags,26,1.5661947022627354,40.72106225883112,0.0001131555287937,277296.1636047199
1734,1GxTUrGPRRbVEzVWX5amQtizpA3jL4vJ6f,22.6,Low,No,Normal behaviour -- no red flags,14,2.7868881542140467,39.01643415899665,0.0001050982223618,558620.686534
1735,16qTiGtF1GV4eCYUBJPGSq7x6KMm8qYTeC,22.5,Low,No,Normal behaviour -- no red flags,27,2.092962968039048,56.51000013705429,7.870191944356904e-05,263866.07479807694
1736,bc1pfr6htu4s5lma5j8zt2cket6un67n5tx6vwqtv7cv5jzy7rnyr2ksf4t3hm,22.5,Low,No,Normal behaviour -- no red flags,21,3.233450001841925,67.90245003868043,0.000121264044493,329625.49021469994
1737,3A1TVXLFeC4jk7R6qGhGeYV59c3kuFhQGA,22.5,Low,No,Normal behaviour -- no red flags,16,2.358154650966913,37.73047441547061,0.0001570699261962,439110.18306780007
1738,3Mfrrad6RFmfiXJgtPwqti753yvjct3gAU,22.5,Low,No,Normal behaviour -- no red flags,25,2.608223563717204,65.20558909293008,7.180896665571268e-05,298998.8099542083
1739,bc1qwumpxcnpc4deqddsednz3y8gkugsdjv5a99nyy,22.5,Low,No,Normal behaviour -- no red flags,14,1.335256542716641,18.69359159803297,0.0001155075585685,556737.9775722307
1740,13j6BJc39zqTv527tgydmq3rDwkaFhp4Rt,22.5,Low,No,Normal behaviour -- no red flags,17,1.3988732857230035,23.780845857291062,0.000146095873279,456361.6836675
1741,15oJ9a9a5hZhy7obrpivEELVzSCi5mWw7v,22.4,Low,No,Normal behaviour -- no red flags,23,2.288311315596952,52.63116025872989,0.0001458008291149,282309.3025671364
1742,bc1qw4rshg8htuefdzj75sgat7usg54pnk79wlv99p,22.4,Low,No,Normal behaviour -- no red flags,24,1.0570589770710896,25.36941544970616,9.386168745663696e-05,334727.43029008684
1743,1BUaZwULfPuidBRBFHLu33rdUFT67VGLAS,22.4,Low,No,Normal behaviour -- no red flags,22,3.1226830336169,68.6990267395718,7.941500371787107e-05,311486.2499018571
1744,bc1q7fzl45ar0nwacv583pme86wskq3v47f0pnsvgk,22.4,Low,No,Normal behaviour -- no red flags,28,1.9060966629456093,53.37070656247706,9.845458286942322e-05,273835.4793624074
1745,bc1qn68palhs4l8cazjsnu8x4yjy2sv2mejjtrqd9x,22.4,Low,No,Normal behaviour -- no red flags,15,1.1205274810304364,16.807912215456547,0.0001151575596258,468271.8542987142
1746,bc1pxam5rc9gmk5jns9wvkpl8c6cjw0ruglelqmyfnck7j7xky3yn6qqz6d6fd,22.4,Low,No,Normal behaviour -- no red flags,22,2.091431623803496,46.0114957236769,0.0001556094194728,339649.9166897619
1747,3AUxYFTQ4TyZkFNLPMfcHpvKN2Ce1mDwHZ,22.4,Low,No,Normal behaviour -- no red flags,22,3.3807760538896634,74.3770731855726,0.00010123465658,341821.0184400476
1748,bc1p0kc8ng7wtr0jrrs67s8peqescglv23sc9glgh80ssf282ndud2qqhgexww,22.4,Low,No,Normal behaviour -- no red flags,14,1.6755210986950198,23.45729538173028,6.189332895841435e-05,560586.097164
1749,bc1qmsxpnnzjur5x84le5tgjl9f4xggrn8h9q8x26h,22.3,Low,No,Normal behaviour -- no red flags,16,1.2218570180131114,19.549712288209783,0.0001369045953989,463833.0925986
1750,1CGxTirRQVxrntcoVMKRoVGxfBrcxMJ5fn,22.3,Low,No,Normal behaviour -- no red flags,27,2.4299712423681603,65.60922354394033,0.0001073499811834,277515.4228284231
1751,bc1q54x04c65tc3uzlfznhgc0chgej6um9zeq30ve4,22.3,Low,No,Normal behaviour -- no red flags,28,1.9816534268133728,55.48629595077445,9.919711449208485e-05,266347.80537629634
1752,12EUjnY1UTovnbiU3oTMTuZerumH2hWgeR,22.3,Low,No,Normal behaviour -- no red flags,24,2.677496679106785,64.25992029856285,0.000113529642188,255152.48678669563
1753,bc1qd6q3arud6cy5rlq249e8k82cluk5cq084gtx6y,22.3,Low,No,Normal behaviour -- no red flags,13,2.3963723791907414,31.15284092947964,5.908660795000716e-05,510201.6553470001
1754,1NGtbjapmNe9Zfy1yUhmhFaDcJZiQHigC1,22.3,Low,No,Normal behaviour -- no red flags,13,2.0438754228564204,26.570380497133467,0.0001202327705574,627760.5281695001
1755,12kGsjDvmFMGugEeBKWypc43Uu2AKGLUxd,22.3,Low,No,Normal behaviour -- no red flags,20,3.1569890115496286,63.13978023099257,0.000124423368167,400745.54111305263
1756,bc1qwdy2q7xgahutjd43q6w2lglmmk5fl9dryh8sf9,22.3,Low,No,Normal behaviour -- no red flags,19,2.5106290711005563,47.701952350910574,0.0001549822237885,343150.3565605
1757,1F7SJAkimUeNGn6QC1ngGmScvVFAuFLAw,22.3,Low,No,Normal behaviour -- no red flags,14,2.537330298529554,35.522624179413754,8.221015367434145e-05,584865.7427755385
1758,1NawQGs2auAmrhjMS9pFn3ELg6bc3Xc6uA,22.2,Low,No,Normal behaviour -- no red flags,22,3.103947216175344,68.28683875585757,0.0001132172905176,329233.59942076186
1759,bc1qps0t667d37cpyfwxeqsqqmd0l2wlvr2hgmtquw,22.2,Low,No,Normal behaviour -- no red flags,27,1.6270237537933292,43.929641352419885,9.09685519131962e-05,283690.8251042308
1760,3HLAx6TYVQwutF8SvcAkqN1Ao4rx8fres1,22.1,Low,No,Normal behaviour -- no red flags,14,2.553323110589015,35.74652354824621,0.00014322015809,525418.8408743846
1761,1DrgRguoEaUMGdTa4ejQRuB1nw8rHR8gUg,22.0,Low,No,Normal behaviour -- no red flags,18,3.498713097624676,62.97683575724417,9.770234153610205e-05,410190.1176588824
1762,bc1q0t6r5772rj6kkqe4lk6ln8ptj9jukv4r3q6aep,22.0,Low,No,Normal behaviour -- no red flags,25,1.440124541221138,36.003113530528445,0.0001295597508318,307788.84109925
1763,bc1qvh3lyvqx066uygs0ya7jprcuzdq2dk0wums0y8,22.0,Low,No,Normal behaviour -- no red flags,15,2.3612176946889982,35.418265420334976,0.0001478490418058,486319.24496107135
1764,3Qhzz4HkmSY5VsKJXQ6hGwpyiF2A5wtwTh,22.0,Low,No,Normal behaviour -- no red flags,16,1.7424817284043457,27.879707654469527,0.0001540150259406,455445.2687260666
1765,1AbHMMPD6Y64NNpY6zhm3izxADnT1N7Gbv,22.0,Low,No,Normal behaviour -- no red flags,19,1.326349844985285,25.200647054720417,0.0001459966419643,397079.1904758888
1766,34v6REenA8RETmMB7ehV6SwZ4GzLW2Cogq,22.0,Low,No,Normal behaviour -- no red flags,26,1.87472666029878,48.74289316776828,0.0001149477062636,244397.97583828
1767,3FXYDyhA3aEHB95cJ1e35vAsgqnuXyxjbV,22.0,Low,No,Normal behaviour -- no red flags,19,3.240338513029089,61.56643174755269,6.250151697491956e-05,384112.58628522215
1768,1KKowfewKzF1hRrpZXJ4neawYURym4Dr1Y,22.0,Low,No,Normal behaviour -- no red flags,17,3.608191498330618,61.3392554716205,7.823228720404534e-05,380746.8748530625
1769,1MNfGaqPca3HdBFmeDZc4WEVn3TNsj8Gdz,21.9,Low,No,Normal behaviour -- no red flags,26,2.5358887148554112,65.9331065862407,0.0001165576790836,268522.28646832
1770,1NBNZAJ9ojau45CW2HWvHX2EQfJgHxaEpf,21.9,Low,No,Normal behaviour -- no red flags,14,1.4138665520516993,19.79413172872379,0.0001037834768613,560168.6205393077
1771,3FVGAeSQh17cqpxnCZz1oAFc33aKP62YZf,21.9,Low,No,Normal behaviour -- no red flags,17,1.1407416268373738,19.39260765623536,0.0001292695539842,433816.9754849376
1772,1CxhtjUGfBUPcDSh9o87bzEXYkd2PwZLxc,21.9,Low,No,Normal behaviour -- no red flags,14,1.414934650128547,19.809085101799656,9.200013983234132e-05,567641.6820520769
1773,bc1q4prlvy087emt4zcrktvuclytemk2ylnmn3xxlp,21.9,Low,No,Normal behaviour -- no red flags,14,2.659186378774823,37.22860930284752,0.0001137945223534,568712.9405079231
1774,14Pfh5RNQ4F19DHdZkh6fJeHxeyZALJmf7,21.9,Low,No,Normal behaviour -- no red flags,20,3.1807872640157973,63.61574528031595,8.375773489161118e-05,405111.9385300526
1775,bc1qezs4csvm5vvf73ns6anff82cwdxkkxxz4j5d2g,21.9,Low,No,Normal behaviour -- no red flags,14,3.5773974165819555,50.08356383214738,9.496308216392432e-05,368748.4648435385
1776,1FVYzkFe1SRcCqtcbzUjHEhDEPydFivqnc,21.9,Low,No,Normal behaviour -- no red flags,18,2.933018095595745,52.79432572072341,5.70072223105237e-05,413550.9416511764
1777,bc1qw7dmqxqp75lcydekjkwg9j9g7gvfzqhcnak78f,21.8,Low,No,Normal behaviour -- no red flags,13,1.7987579647283622,23.38385354146871,0.0001081622226647,621252.8562688333
1778,bc1qgkcqs6735lrchfs0lwcskzf5pxct3ey2mahkmh,21.8,Low,No,Normal behaviour -- no red flags,23,3.0289268104064795,69.66531663934903,0.0001221088927599,338815.4197994545
1779,1Dqy79zmLK9bZTE2Bw7WNn8iWE2SNiFeET,21.8,Low,No,Normal behaviour -- no red flags,13,1.9952455894424947,25.93819266275243,7.693793565797869e-05,599790.38805475
1780,bc1pn5gfh7lr7upsu5vmy93q97d8dxp22g7kwftwyrmejukmznh6hs3qwqc8nc,21.7,Low,No,Normal behaviour -- no red flags,27,1.8798970846515293,50.7572212855913,0.0001034269718679,249236.68489819232
1781,1CKk8Hvt1kjVksdfdDmKcbXqho8TEa4fhL,21.7,Low,No,Normal behaviour -- no red flags,19,3.070979605059263,58.348612496126,6.703399192753709e-05,316361.3902326111
1782,bc1qysqfwhe647vapghysjyl09vex7ls8umml27er4,21.7,Low,No,Normal behaviour -- no red flags,20,2.801792744241265,56.0358548848253,0.0001375007104491,374840.2590552105
1783,1DBf5emUxaBqHHxt3rtho3SN2dKFFBMNxH,21.7,Low,No,Normal behaviour -- no red flags,19,2.396296314120499,45.52962996828948,0.0001597126338095,401423.3747413333
1784,1581ktwc34u1zTsKkheEBSWWd79PGiLcDB,21.7,Low,No,Normal behaviour -- no red flags,16,1.2067643061742594,19.30822889878815,6.624416406236001e-05,500542.05811513326
1785,bc1qdrh7f52z0l5ccz9662672hpv73zkh8aswt4pn0,21.7,Low,No,Normal behaviour -- no red flags,14,2.666584923607686,37.332188930507606,0.0001276371232177,549876.5873337692
1786,1JPQaaXaQhLvs7oUpRYqChUhCpDLcR6wUd,21.7,Low,No,Normal behaviour -- no red flags,24,2.448010846275834,58.75226031062001,6.184165466677819e-05,316159.84481417394
1787,1HbM5uyC3Rq48XqTBqiUjjfz5Yfzn8vyHk,21.7,Low,No,Normal behaviour -- no red flags,15,3.323731871203255,49.85597806804882,7.143042914460885e-05,488206.9484835714
1788,bc1q3ghms9v0khw3fhqtw273wu58e3746csp4u0qtz,21.6,Low,No,Normal behaviour -- no red flags,16,3.144149853164382,50.30639765063011,6.337519233382634e-05,469915.7188272
1789,1EGZCBcC2iWbChzWV6fUHMHrrwM8T4Fsgp,21.6,Low,No,Normal behaviour -- no red flags,14,1.5383113137243256,21.53635839214056,0.000133837076369,542938.138998923
1790,bc1qgmcgrdm5kjctuyv42cgk0027eqm4y3ylse29cz,21.6,Low,No,Normal behaviour -- no red flags,13,2.560000973366761,33.2800126537679,7.84050195664702e-05,575697.3159018332
1791,17TCF8jUpCwycdZsGhCeUHcALZf2maE5qU,21.6,Low,No,Normal behaviour -- no red flags,12,1.3488218484383896,16.185862181260674,9.21246899331493e-05,439916.67684772727
1792,38KqinAS5QGKeEwPaY2tusv3HmisC9a2Pe,21.6,Low,No,Normal behaviour -- no red flags,26,1.8281221766708111,47.53117659344109,0.0001339750727117,290314.14097284
1793,1P33kBeZtUXYoU28ZbzhVZW8RRbexNa5ed,21.6,Low,No,Normal behaviour -- no red flags,13,3.12168770832519,40.58194020822747,9.419207457517487e-05,545985.65188025
1794,1Dz4T5yiy3vWTFESKAsSPAsyhWZnbEY7vZ,21.6,Low,No,Normal behaviour -- no red flags,13,1.790944367048882,23.282276771635463,0.0001236934819656,607434.492454
1795,bc1qza09cfkgvy6zcrsqe5kmml0kkzf28xgh54u4h6,21.5,Low,No,Normal behaviour -- no red flags,15,2.744405647980643,41.16608471970965,0.0001333268045036,533407.3466528571
1796,bc1q7t2r779pqqhv55n0687x0p2rx2v8ljp3dypnq5,21.5,Low,No,Normal behaviour -- no red flags,20,3.133908468734397,62.67816937468794,9.09986518434727e-05,286143.0372189473
1797,bc1p5wreyzc9a8q6fycmm6t42ra6eny2cacj3wajxn7vws7hf7jm6ecqcwm0t2,21.5,Low,No,Normal behaviour -- no red flags,27,2.0049816656945123,54.13450497375183,7.671641508368059e-05,269976.2316406923
1798,32HqR4KT73cALq4gPZBXLjNNmS7yUaB8u8,21.4,Low,No,Normal behaviour -- no red flags,17,2.64359794796397,44.9411651153875,0.0001507131796961,432090.3104614375
1799,3MPUfvcZLkgC18AbhWJwU5ptwsME28yyYN,21.4,Low,No,Normal behaviour -- no red flags,14,1.7159412543919572,24.0231775614874,5.888279234509346e-05,542630.4026253846
1800,1FULWWRuQ6HgXqgPTZ1rPstomAzWHm3Bqk,21.4,Low,No,Normal behaviour -- no red flags,16,1.6716817861688835,26.74690857870214,0.0001524186254728,508304.07723926665
1801,3K11YbDH6waoYJHMcot5HWE8BaXmwxbW5d,21.4,Low,No,Normal behaviour -- no red flags,17,2.5059560406066046,42.60125269031228,0.0001585689710515,442810.3264946874
1802,bc1qtjpy49yva7u85ek3kyd32w79a5q8eu2chd2thz,21.4,Low,No,Normal behaviour -- no red flags,14,1.4562695947422295,20.387774326391213,0.0001237787910183,552501.6459272307
1803,3AD7HGAB2LzTXitwAj1g4wBtGNerbFArxF,21.3,Low,No,Normal behaviour -- no red flags,17,2.13839027505137,36.35263467587329,0.0001575811164337,407320.92828693753
1804,bc1q8q4urj6qjnx0xycu065r49s5lz07tw2g4u82dh,21.3,Low,No,Normal behaviour -- no red flags,20,2.0129150374045026,40.25830074809005,4.071904286450855e-05,376923.5198713684
1805,bc1qrjtar35mqvdlm9fr4e2k0w7nlkmgjqfasew5au,21.3,Low,No,Normal behaviour -- no red flags,17,2.1907358052316788,37.242508688938535,4.316659751614716e-05,340174.4565039375
1806,1GoD2brx6GhyAFeqVGSYwJSym92LaXqAEM,21.2,Low,No,Normal behaviour -- no red flags,27,1.6658206395814286,44.97715726869857,9.32121941515514e-05,284069.6303036153
1807,bc1qtrtu6dfumlcgn6r3cdjkvaf2zpxcvhxvvmvkvy,21.2,Low,No,Normal behaviour -- no red flags,15,2.991091625129306,44.86637437693959,7.479191324042374e-05,544277.9923231428
1808,1DEGWmF7roVKkMD8QTbnvmxsQhXxZMh23N,21.2,Low,No,Normal behaviour -- no red flags,20,3.1782138568036435,63.56427713607287,0.0001240952546036,390322.9020776316
1809,bc1qudrkdjrnac0qp8kh5wh20c6p4r36chp3a4vxg4,21.2,Low,No,Normal behaviour -- no red flags,24,2.813925806188498,67.53421934852395,8.578692104286032e-05,300548.565074913
1810,bc1qvknf6k804rxyq8unnz37genv6l6xxgnmhm07gd,21.1,Low,No,Normal behaviour -- no red flags,13,2.589086828462724,33.658128770015416,6.96311515995524e-05,564572.5949730835
1811,1Dcbjepx277WHgsUxFBYnm4Z96UoBwupbE,21.1,Low,No,Normal behaviour -- no red flags,24,1.9502782456828085,46.8066778963874,0.0001421978660785,299539.8218324783
1812,bc1qcs2mwyqs3krep4a8ccr0zj89cs76kuhpmvvpkj,21.1,Low,No,Normal behaviour -- no red flags,20,1.1777064024618031,23.554128049236063,0.0001244144104497,372846.9573952632
1813,bc1qafd45h7pgygkwn75pfy7k9jl3ncyfcghg43p3f,21.1,Low,No,Normal behaviour -- no red flags,15,1.2620059773517214,18.930089660275826,7.694630339113541e-05,533053.1871277144
1814,bc1qaw4hdp6534g34vjlvr6qefnhvdmvjjvnwflxxz,21.1,Low,No,Normal behaviour -- no red flags,24,2.297091649991595,55.13019959979829,0.0001461527108913,318167.6658913044
1815,1HdYkFYnKxSTj8FpLANKRyk7CS5wysdye6,21.1,Low,No,Normal behaviour -- no red flags,26,2.628160929440888,68.33218416546309,9.0670449773608e-05,283246.66548156
1816,12VcJjYZQ1hqzXqq2Jpk8wPp79yvtQ7Shv,21.1,Low,No,Normal behaviour -- no red flags,19,3.449011534936368,65.53121916379098,0.0001115525042748,391002.2019484445
1817,16juEYHEiQfEx2EPKFn7PS9EChRepi1fuw,21.1,Low,No,Normal behaviour -- no red flags,25,1.5156951902997409,37.89237975749352,0.0001065700010901,269780.85922562506
1818,bc1qmxxufml0mpvu0euz8lt8tq5379gu83w88sw0cp,21.1,Low,No,Normal behaviour -- no red flags,26,2.615103618422097,67.99269407897452,9.400645938086342e-05,284769.23060104006
1819,bc1q0hhey0pvs2zqw3sxv5520g96ncu7trsyrlyz22,21.1,Low,No,Normal behaviour -- no red flags,18,3.140509778515173,56.52917601327312,0.0001328306232678,409267.7098958236
1820,17Afmztz4FohsWhU3NusBfdHoWcNvTq5ev,21.1,Low,No,Normal behaviour -- no red flags,18,2.326932432493801,41.88478378488841,0.000158681377733,421820.983208
1821,bc1q45p7fx7lupeqmp7a2dq4c8zgmvn7s8yex6mhr6,21.1,Low,No,Normal behaviour -- no red flags,13,1.3624585212573117,17.711960776345048,8.960363673185988e-05,520307.8240718334
1822,bc1qt042s0c2pxn9l6qhm2tgyeechewv4ynluseyep,21.1,Low,No,Normal behaviour -- no red flags,17,0.9849856106451405,16.744755380967387,9.893986447666728e-05,434453.29104974994
1823,bc1qpkm2l8qa74j8flwpcgcss3gpvxy9pmalphart0,21.1,Low,No,Normal behaviour -- no red flags,16,3.216256936567479,51.46011098507967,7.389678969499978e-05,504229.44374660007
1824,1CSxFcZ7QQFw8TLCZDgB2QckQpLccsWjfq,21.1,Low,No,Normal behaviour -- no red flags,26,1.562910730433952,40.63567899128275,0.0001117738824583,292588.07413144
1825,18TnyezLGHBsejPgWDyU2pvNF7geJwkgMW,21.1,Low,No,Normal behaviour -- no red flags,27,1.9927286364381525,53.803673183830114,0.0001234745564493,292711.17483592307
1826,1CGCuVzssgVrKbkwMRbx8vitbgG6XrkJRX,21.0,Low,No,Normal behaviour -- no red flags,26,1.9152859118132044,49.79743370714331,0.0001107107808478,243403.31259616
1827,1A4Vf9tWFqD5jbKTRPDUTVzHENgsNXxwEh,21.0,Low,No,Normal behaviour -- no red flags,19,2.743988664844412,52.13578463204382,0.0001421991693402,329628.5713473333
1828,bc1qd8wuhnwfz8uwdw65wxt30w25ahgxgtg7xj0cd7,21.0,Low,No,Normal behaviour -- no red flags,12,1.6980890983066732,20.37706917968008,0.0001031976960175,554956.8310053636
1829,bc1q9mznwkqph08ng0qyt9duwlz5dy4w833uexj2p9,21.0,Low,No,Normal behaviour -- no red flags,16,3.457464615646557,55.31943385034492,7.552982456728271e-05,457815.40259833337
1830,bc1qk4zwqs4adzt2p539cgdfkzy445lvlev9wh7k9z,21.0,Low,No,Normal behaviour -- no red flags,14,2.556952403825953,35.79733365356334,5.572922316152657e-05,489747.96981615387
1831,3HPdqFBWRLM5Bacoc48QBTVST53a514X9R,21.0,Low,No,Normal behaviour -- no red flags,25,1.550141118450617,38.75352796126543,0.0001137049657171,278541.762449875
1832,bc1pawxsj88wsrpsymgspx22jwqynkccdrxj9fj9zmmtsgsp3chhtefsn4dc2u,21.0,Low,No,Normal behaviour -- no red flags,22,2.957001932815126,65.05404252193277,0.0001249009550985,316922.9725780952
1833,3Q8h3uTj7NgCigg7Z5WHfj3j58HvfeJPrU,21.0,Low,No,Normal behaviour -- no red flags,19,3.0656525337210607,58.24739814070016,6.256740801720174e-05,376623.8728507778
1834,3HNXEciCrYP4YT2KWEqxDcEjAAa6ztbYiZ,20.9,Low,No,Normal behaviour -- no red flags,16,1.7444204401556238,27.91072704248998,0.0001553434143609,398704.0463950668
1835,1CBShAeVEYDMZhcQ5uiLrgpNDF9icsPSQ2,20.9,Low,No,Normal behaviour -- no red flags,27,2.0705318755348068,55.90436063943978,0.0001223106605451,292970.8523771923
1836,16HjJyHGvGDcXc8YPtPAFq95pcS6mK8mty,20.9,Low,No,Normal behaviour -- no red flags,16,1.171417284783782,18.74267655654052,7.14997329970159e-05,478458.1273851333
1837,3FnYi8RV4omTi4SHCAk5gVD6JzcHa8hkcs,20.9,Low,No,Normal behaviour -- no red flags,25,2.5251007973617665,63.127519934044166,0.0001297232355263,308080.14738404163
1838,1LAHXxjmENm6q9eDtSu16J3ueB8HYW73mi,20.9,Low,No,Normal behaviour -- no red flags,20,3.1525306578305194,63.05061315661039,0.000121032843304,395325.8744227369
1839,bc1qpgz8tlf5v2sc944xwef8m6rmxwl0j0fm3h9xez,20.8,Low,No,Normal behaviour -- no red flags,16,1.7510202054364834,28.01632328698373,4.241738902969133e-05,394719.2276484
1840,33gLgqWhErNPe5mBN5ucbxtf7PKZhDHnQZ,20.8,Low,No,Normal behaviour -- no red flags,14,3.36063726470892,47.04892170592487,8.964048143582338e-05,463356.8840791539
1841,3FxbbmrkSijWY5t6fXthXJwwGnsmXNPjp8,20.8,Low,No,Normal behaviour -- no red flags,15,1.4606848414632916,21.91027262194937,5.937712593044343e-05,490290.3971838572
1842,3NkHfHHdxHXXjYRT4CjrkcP6Vi9gZjpYEG,20.8,Low,No,Normal behaviour -- no red flags,22,3.1415005868102086,69.11301290982459,0.000106813358889,366465.0724901905
1843,bc1qwlnp30a7suhdfdjp3jxmmqst4zpl80fmgsjzl4,20.8,Low,No,Normal behaviour -- no red flags,19,1.5720226752206632,29.8684308291926,4.689347841566685e-05,375516.1167008333
1844,1CxX2BoxA8cJdoKpkY2vRytDfbWxK9uFqQ,20.8,Low,No,Normal behaviour -- no red flags,19,3.074187552226084,58.4095634922956,0.0001274214865667,407012.4739644444
1845,12uNH5MTa7Cidr2y4y6C87HktvsRfHPTp5,20.8,Low,No,Normal behaviour -- no red flags,19,3.2766847102616588,62.25700949497151,0.000120456343948,413442.68171372224
1846,15PFf5oUdFohtsZ6Mc24vkW4uuH1Q3ednN,20.8,Low,No,Normal behaviour -- no red flags,16,1.0961698326977678,17.538717323164285,0.0001082311181373,466119.19898173335
1847,bc1qz8zvj7s58xylymya6ez805kyhrq45mshs8yx0g,20.8,Low,No,Normal behaviour -- no red flags,15,3.0725811948636124,46.08871792295419,7.095066871626853e-05,529882.1161502858
1848,3QQutXY89phoH2hspp4jXQFsMaPQoSgfSi,20.8,Low,No,Normal behaviour -- no red flags,26,1.5298548243753294,39.77622543375856,7.488403198408297e-05,307899.24090084
1849,bc1pqc3xfx9h7xmmeg4gewmj7hx7w4teld4p2zz780k72ayt26wdg7cseyt33a,20.8,Low,No,Normal behaviour -- no red flags,18,1.809982282338852,32.579681082099334,0.0001544525322017,444936.94388817647
1850,bc1qrde4s5w83yzrrmm40fqsawku6qvpvnhw865f38,20.8,Low,No,Normal behaviour -- no red flags,25,1.2711499522107914,31.778748805269785,9.119123019276366e-05,296034.6140579167
1851,bc1q3wmf9gjh556q7vgnvxxcdmlfpd3gcahanpraf2,20.7,Low,No,Normal behaviour -- no red flags,21,3.045259902159344,63.95045794534622,0.0001236324315021,376368.79765845
1852,1MuKwHA492S27V9GVtA9p7f7Z6U6Z79tSd,20.7,Low,No,Normal behaviour -- no red flags,13,1.524833024539329,19.82282931901128,0.0001352010055397,505609.3303709167
1853,1H4GFB6ztvpGdstXQNw8Rp9mZUrZXztycL,20.7,Low,No,Normal behaviour -- no red flags,16,3.4333260869319475,54.93321739091116,0.0001148684790253,337053.57204493333
1854,bc1p53p2fxghqn6rdecn66a99nf9hhfv46lqmsfplwmsdh6r37zse4cqzwqdks,20.7,Low,No,Normal behaviour -- no red flags,16,1.1103625725116006,17.76580116018561,0.0001213740917876,437956.26464686665
1855,1CDjjHwkYE63KouvjeoBExZ1zMhgn7PHfN,20.7,Low,No,Normal behaviour -- no red flags,22,2.9505851185448138,64.9128726079859,0.0001256858375083,346889.82975042856
1856,bc1qd7gxexypymcavg694ed5whrw6ejhpdu5krvc22,20.7,Low,No,Normal behaviour -- no red flags,15,1.258835391620989,18.882530874314835,0.0001280393180281,513908.8387826428
1857,3479rHWSG1kE7CAPvsHSWT5p2EeN43trZ8,20.7,Low,No,Normal behaviour -- no red flags,14,1.864066233853843,26.096927273953803,7.249760548707254e-05,594687.4214663076
1858,bc1q9v40c5j84qg5ye27zjpwhegwxcf84ptk9sz36g,20.7,Low,No,Normal behaviour -- no red flags,11,1.9844004981819807,21.828405480001788,0.0001090743775238,508636.4896941001
1859,bc1qalmjl7g7ehjh0znsjt935hzv3d379hf9vv2lnv,20.7,Low,No,Normal behaviour -- no red flags,27,2.065697093730232,55.77382153071627,0.0001201412210366,260351.66370392308
1860,bc1q73ny2lrz4w58fzwpprxs5c0h0u04h8reeca6jv,20.7,Low,No,Normal behaviour -- no red flags,13,2.016355285745165,26.212618714687142,9.843497530106507e-05,613424.9932581667
1861,3JgSq8gpaNJyCdAGVxRDJmsj62QmS9RCwB,20.6,Low,No,Normal behaviour -- no red flags,13,1.7363539278308953,22.57260106180164,7.477934256821853e-05,577964.3413026667
1862,bc1prfpd8g6w0fnhr2s4kz4j3g8624ld8cwdyg6um2vwrfna8v6ttg2qlw5mxu,20.6,Low,No,Normal behaviour -- no red flags,12,1.957807260396278,23.493687124755336,0.0001097775376474,574051.786193909
1863,1CB4T8FFUR7pqxVxobPMMsVo9xQwLNerHA,20.6,Low,No,Normal behaviour -- no red flags,13,1.6299252389166838,21.18902810591689,7.136988032708568e-05,553648.4154583333
1864,bc1qc5g4262n7v8gz2720n2qqlkcn0n632nfnr0npc,20.6,Low,No,Normal behaviour -- no red flags,18,1.1190894760374204,20.14361056867357,0.0001260618889598,416007.492436647
1865,3CfaeD2Ma44YLAajQQJ1n5G8u8N9m3ADur,20.6,Low,No,Normal behaviour -- no red flags,21,3.282776322582793,68.93830277423865,9.364587101133524e-05,361721.03040425
1866,3BnK7RCMUa3RFYjKPd26H2ta159VBV4E2X,20.6,Low,No,Normal behaviour -- no red flags,13,2.5212166728879213,32.775816747542976,8.186327661261953e-05,583672.6151785
1867,bc1qtrtgewce8xf5kyv3uvv8ppal4kxe4pj3agmxuj,20.6,Low,No,Normal behaviour -- no red flags,15,1.229424588603918,18.441368829058767,8.376901050617827e-05,546774.5693628571
1868,bc1qwpn2hpa7s64k6mlzygxvtjf67ycmvllxx9hxsn,20.6,Low,No,Normal behaviour -- no red flags,23,3.004769894929691,69.10970758338289,0.0001100728707066,307879.68368690903
1869,bc1qs5ah7gata838tw6m8kf7armxusz23xzhx54ezr,20.6,Low,No,Normal behaviour -- no red flags,24,1.4564505584889318,34.95481340373436,6.681440424612318e-05,321546.5030661739
1870,3E1E7KoWgSxBTiDB32z1SF3WwEPijsknbR,20.6,Low,No,Normal behaviour -- no red flags,19,3.366476872106683,63.963060570026975,7.94883364041326e-05,383869.0760486666
1871,3Dbp6qeahNnLNwwdqGJN4aGYzTEByimUtE,20.6,Low,No,Normal behaviour -- no red flags,14,2.400613900234181,33.60859460327853,0.0001265636481075,565958.8981186923
1872,38fU9mWnXZ3SqUBDrottnpPGE3W5KZmDaK,20.6,Low,No,Normal behaviour -- no red flags,11,1.9528896054298013,21.481785659727816,9.278574207802556e-05,544086.2988471
1873,3L8tvFvH3YKs4DG5e6VDJfxqHocE49jD1j,20.6,Low,No,Normal behaviour -- no red flags,12,2.766795892185628,33.20155070622753,7.703095055690532e-05,518293.8489607273
1874,bc1qfq8c6wurjdnmjgqmxa6eug9lk57erwz2alcup7,20.6,Low,No,Normal behaviour -- no red flags,14,1.5557115421785217,21.7799615904993,7.228453866838389e-05,547668.6798343846
1875,bc1qjejsvkntgzmvar9tuh3h20xppfr7qgct3zv84n,20.6,Low,No,Normal behaviour -- no red flags,23,2.539212624735464,58.40189036891567,6.174038379570943e-05,293568.0305058636
1876,bc1qwt2hzq5rvwhq462eupuc0thmpkkqvsasvnqz42,20.5,Low,No,Normal behaviour -- no red flags,21,2.3816562453839687,50.01478115306335,6.354092064528523e-05,239303.68406275
1877,bc1qx8gfqr3tm90n2v44de70p9sza375wmr5j22e5g,20.5,Low,No,Normal behaviour -- no red flags,13,2.2139512088244806,28.78136571471825,8.352088658461153e-05,598262.0965263334
1878,bc1qt6879x5ndp4sjelceq9pp94zmzsfr7am4n9gfs,20.5,Low,No,Normal behaviour -- no red flags,23,1.3522574725249756,31.10192186807444,0.000125893503492,343097.29035709094
1879,bc1q3u653mc8706jxhrfz4kgccvhcntztgjnzdsh02,20.5,Low,No,Normal behaviour -- no red flags,16,1.086321113038351,17.381137808613616,8.40228673522651e-05,459829.4262792666
1880,1PpUNYiz5iqAs8pLtbD3tTArWJnWUqGGsU,20.5,Low,No,Normal behaviour -- no red flags,20,3.257993654533366,65.15987309066732,8.788380691918829e-05,399349.1849792632
1881,bc1pr50fzuudvle6yapaysphn30n8w4nny7htypqmufxcqsw4y2rga2sygr655,20.5,Low,No,Normal behaviour -- no red flags,25,2.4755711159703937,61.88927789925984,7.176224874777808e-05,295698.5494739584
1882,3C98kS7gczc32CuRjQZZoYDn96d8yhPVUe,20.4,Low,No,Normal behaviour -- no red flags,22,3.1643161403528963,69.61495508776372,8.730082748414369e-05,322970.5143619524
1883,33VagvEvBhRcBefi6htdfssqutnVvdM2e1,20.4,Low,No,Normal behaviour -- no red flags,27,2.0748727230761608,56.02156352305634,8.130235915191161e-05,276288.7207355384
1884,1BDw9hPbWgnpPi31T6tj7fEsP39okGMFBX,20.4,Low,No,Normal behaviour -- no red flags,14,2.7515534959898456,38.52174894385784,0.0001291043958487,477076.2251808461
1885,3M6yh8nbt3SZRdqy3jR8VnFmdePcYyFodk,20.4,Low,No,Normal behaviour -- no red flags,17,2.017380702496294,34.295471942437004,0.0001524013201973,443531.3484981875
1886,bc1qs9urflr9cgsg45epcmv0lllcxhq046gf3vnf4t,20.4,Low,No,Normal behaviour -- no red flags,15,3.441777479102254,51.62666218653381,9.599996258693928e-05,468227.3956715715
1887,bc1pss23qzg8a36xyqczdzegfamct8n3em6q27mknt8lpvrphugv6nsqeal4sn,20.4,Low,No,Normal behaviour -- no red flags,14,1.720146320748981,24.08204849048574,0.0001298667884209,581250.2360625385
1888,bc1qx5zanuhahyf7pkcwv73z8qu7kmzh6qrk7fndm9,20.4,Low,No,Normal behaviour -- no red flags,20,2.986729372795634,59.73458745591268,0.0001289929732184,366234.0063765789
1889,bc1qc4v07v3stm5d0a4gz4ml7632d9h90vlg20yhxq,20.4,Low,No,Normal behaviour -- no red flags,24,2.873738162933306,68.96971591039934,0.0001142049568176,334817.76806956524
1890,bc1q53h9d2ghycwulmrjxvyh8ydc7m4z0hyr2f77w7,20.3,Low,No,Normal behaviour -- no red flags,20,1.0717780988048848,21.43556197609769,0.0001145871224024,354631.2120001579
1891,bc1pru2g989eu8l7m6scfdg9nvyrhzr28l4c2u2s28s0ct8mz3ec0alqppuney,20.3,Low,No,Normal behaviour -- no red flags,19,3.388743211689288,64.38612102209648,0.0001077455113199,396661.38487544446
1892,bc1qrqe2hptntq3mxhnu0pmknpwl2zg88jw4m4v68y,20.3,Low,No,Normal behaviour -- no red flags,26,1.513998491994659,39.36396079186113,9.336622902847542e-05,285244.02055356
1893,18mQ9EgSPVaPeWAfUYhR9bWPXYRxAeQbF6,20.3,Low,No,Normal behaviour -- no red flags,20,2.515258227350473,50.305164547009454,0.0001464637277083,332087.549988158
1894,bc1q4yt9n9p2eypy3faxve7hq87p5s24cmuurv0nm4,20.2,Low,No,Normal behaviour -- no red flags,22,2.64870583105295,58.271528283164905,0.0001394169012175,315388.4735515238
1895,12oibbC8f3sZiHycUESebLdEGabYgwh5WS,20.2,Low,No,Normal behaviour -- no red flags,24,1.807876507148628,43.38903617156706,5.942525317384424e-05,309717.62341639126
1896,1GXUbKkhhSnndfyduhFqWvpZ9ZFv1222d4,20.2,Low,No,Normal behaviour -- no red flags,16,3.219055872398105,51.50489395836968,7.78927282740887e-05,501398.18871106673
1897,1BbTfPXFo2agumdkQqqNoowFCszEQX51uu,20.2,Low,No,Normal behaviour -- no red flags,21,2.19826638772223,46.16359414216683,4.552454488017927e-05,355117.92633215
1898,bc1qcp9vg2u2d3rm22v573th6pmxgwp2k38ht222jz,20.2,Low,No,Normal behaviour -- no red flags,13,1.7061271413055756,22.179652836972483,8.14075284901632e-05,581129.3188144166
1899,38SDeoRREEHiyRRmtx2ccqhqUtRJriq7Q1,20.2,Low,No,Normal behaviour -- no red flags,12,2.3647032938434185,28.376439526121025,8.192189226931597e-05,551224.7815898182
1900,bc1pyechhr3872rn2d07ldv6e7ey46rt5t8ey8vx6785wpe05669frzqgzxmr5,20.2,Low,No,Normal behaviour -- no red flags,13,2.3890080145587573,31.05710418926385,9.013308094008288e-05,591908.8508103333
1901,344KVNYS5GJgR2BZwVXSWQZW3TfVHGQhvy,20.2,Low,No,Normal behaviour -- no red flags,14,2.734974653636172,38.28964515090641,6.468786175591627e-05,516244.0456812307
1902,3MrAM9GJaxM85dUN1neL6einksL5DbNKAG,20.2,Low,No,Normal behaviour -- no red flags,27,1.848520235868152,49.910046368440085,0.000114504439138,276173.527814077
1903,bc1qgr4jw8kvgdsqhfhlnfu25296k34a8jx7p45zez,20.1,Low,No,Normal behaviour -- no red flags,14,2.511825563771928,35.16555789280699,6.713509254177321e-05,556057.8307141538
1904,3Qc5M3SHkMQvTpTY4vAGBadbx4KBSfJzZ4,20.1,Low,No,Normal behaviour -- no red flags,20,3.34034797187703,66.8069594375406,0.0001142594406782,379582.606681
1905,bc1qxlaera4q07nfd2qrxw5p8dn0y93kmrw5cesy5u,20.1,Low,No,Normal behaviour -- no red flags,16,1.1195951733141378,17.913522773026205,9.797346550873508e-05,502942.9580081333
1906,1DYEx8S6rT8d7EJafdw2z8t1fYHkfdL28e,20.1,Low,No,Normal behaviour -- no red flags,15,1.137116862842347,17.056752942635203,0.0001036913717803,449739.1524965
1907,13Hzys3EdLzDs4QnUbqAGMww6EbnHMfoj6,20.1,Low,No,Normal behaviour -- no red flags,24,1.2620796872605082,30.2899124942522,8.894901807079108e-05,294147.9559338261
1908,bc1q5jke2pm247xre93xaqwd2sq3n288w934gxyvzz,20.1,Low,No,Normal behaviour -- no red flags,22,2.806343827217766,61.73956419879085,6.320838789274494e-05,348481.8541098572
1909,bc1qu3a6h6njc3t6m25qt4sp5je0mzupx8qhk3xjff,20.1,Low,No,Normal behaviour -- no red flags,26,2.4129070557093844,62.735583448444,8.49251217118884e-05,268923.86400352
1910,bc1qz5p328u076xzpeldx2gtgs9mw97kmjcpy8xtuy,20.1,Low,No,Normal behaviour -- no red flags,11,1.923983333096689,21.16381666406357,9.464992573784912e-05,539163.7663636
1911,3GBUQEtS7EQmUsp4qQmQHe5vpictH66Jm7,20.0,Low,No,Normal behaviour -- no red flags,19,0.996007529888171,18.92414306787525,8.540944597903735e-05,346264.0946081111
1912,1DfgyQH5V7pooFMmrpgj3eeHbSUVnWN4bf,20.0,Low,No,Normal behaviour -- no red flags,16,2.7616254937797464,44.18600790047594,6.071012473167006e-05,510359.6033496
1913,bc1qxaat9hravhnwm5pywq6h4awxgzn8ertzc592wu,20.0,Low,No,Normal behaviour -- no red flags,21,3.270048820227798,68.67102522478376,0.0001066217923128,354270.6076424
1914,1BpnAB6kmLSaAzaTWHGzHyFLAad49yFJMo,20.0,Low,No,Normal behaviour -- no red flags,15,3.3460908276379016,50.19136241456852,7.936089108951565e-05,477557.5423236429
1915,3MMXXZiteTUaQjn2Go1dVSsXN942TXvGMw,19.9,Low,No,Normal behaviour -- no red flags,16,1.5240591002214092,24.384945603542548,0.0001426254045589,497908.7820348666
1916,bc1qt3ejx07g5m86jv2jwme0whez2kke249zfl5m0h,19.9,Low,No,Normal behaviour -- no red flags,27,2.143019642888489,57.8615303579892,8.649774810392367e-05,274122.6323621923
1917,bc1pl9sn0mklsfrx32x07w2xqgv6zpq6gasp765jv238tg3w5etrm8tqgj787h,19.9,Low,No,Normal behaviour -- no red flags,21,3.147060830483716,66.08827744015802,0.0001223928805005,327005.5467734999
1918,1J4qHptjp5Py2zdqK8T4cgDWXK52u6B3e9,19.9,Low,No,Normal behaviour -- no red flags,24,2.81853570709117,67.64485697018807,0.0001090924394758,302174.7460746956
1919,3MfzFV445jytwcoderaB1Y13VyVvYMa51d,19.9,Low,No,Normal behaviour -- no red flags,17,3.245696751434026,55.17684477437844,9.55072717287136e-05,472167.5011384376
1920,bc1qlkcqcgg0kgn930u3y6n7t66yk243uyk8t22l2q,19.9,Low,No,Normal behaviour -- no red flags,14,2.488437520091812,34.838125281285365,8.576623413335491e-05,577649.2249452308
1921,bc1q5ptwvg7uph9mv9u2wdx2y5h38fs4dnqj3vpwr0,19.8,Low,No,Normal behaviour -- no red flags,25,2.5930123941447603,64.825309853619,0.0001260986068158,315200.5168872084
1922,3FiU6shpHmSj1idX3k68LVYzFeRL3aq4W5,19.8,Low,No,Normal behaviour -- no red flags,25,1.966560577346536,49.16401443366339,6.122656086861953e-05,317282.13489495835
1923,18W55j8QYGGkuAx3J1Ayq1CG1ymfXKcHWf,19.8,Low,No,Normal behaviour -- no red flags,15,2.5170186743421,37.75528011513151,4.770104209766957e-05,439360.0812522857
1924,bc1qpjyjqdq6cg06zwzqnue5m6tt6m47x9cwe3x8az,19.8,Low,No,Normal behaviour -- no red flags,17,2.27192597621605,38.62274159567286,0.0001507438876142,416470.5013
1925,bc1qp0hrl5uv3tp82qaylkclvy66trk9pmefwle55c,19.8,Low,No,Normal behaviour -- no red flags,17,2.5773293502237613,43.81459895380394,0.0001475487839727,457261.1111118125
1926,1EMJGkjGqmSpHAJkvtXinKV9FfxPQfySho,19.8,Low,No,Normal behaviour -- no red flags,23,2.9736798570857546,68.39463671297236,0.0001070830946279,333667.151151909
1927,bc1qyymmh6jrht07avgy9z2nc6gcmr3unt03y5lm9u,19.8,Low,No,Normal behaviour -- no red flags,19,2.5914660126641382,49.237854240618624,0.0001417746182526,416180.8452984445
1928,bc1pxpqq66mkxq5sj92cjxm70nm4yvdxcum8ztg3rrfqy22ytz5ch4qq80vzuw,19.7,Low,No,Normal behaviour -- no red flags,14,2.38192584466536,33.34696182531504,0.000143131090323,489035.4988712308
1929,39V6UHQ2mRK57e69xPC4H2jJddmLC7KLZK,19.7,Low,No,Normal behaviour -- no red flags,18,1.986926725032864,35.764681050591555,0.0001510594960261,414931.89774835296
1930,1G4czrnt2XZt74xn1u7xyipQnaQN77Fjfw,19.7,Low,No,Normal behaviour -- no red flags,12,2.212358939075759,26.54830726890911,0.000109259537804,579086.6722677273
1931,1Lqw3GjBymz7Ry5RC9hDqizXoVmi3XejWi,19.7,Low,No,Normal behaviour -- no red flags,15,1.255595262463437,18.833928936951555,0.0001328818308382,426278.43892585713
1932,bc1qmqd6lp46zdn3c9vgwg37xhca7hfe2qu27z06y4,19.7,Low,No,Normal behaviour -- no red flags,26,2.114497152302819,54.97692595987329,0.0001276973959696,288321.45088736
1933,bc1qfad3fsxksxxffhqnshp73nen3jwx9am83qnh78,19.6,Low,No,Normal behaviour -- no red flags,16,3.266824212792367,52.26918740467787,8.845242927042266e-05,483655.3805703333
1934,bc1qv2p0pfj6nx8ghy6g68cra04jmk6krl885rq83h,19.6,Low,No,Normal behaviour -- no red flags,14,3.0689582208759787,42.9654150922637,9.003654377718108e-05,509706.7152316154
1935,bc1qzr9kn27xxdsqnhs0mxvjy0d0aftsq3j37pg83r,19.6,Low,No,Normal behaviour -- no red flags,14,2.19333177761078,30.70664488655092,0.0001484600976464,489910.8312250001
1936,3EEKJHxXY5iZbRRZXuqfNitp7KfiXQpjtT,19.6,Low,No,Normal behaviour -- no red flags,18,3.353188540091353,60.35739372164435,0.0001156722100018,413096.60484770586
1937,36tguh8qfRrHKSY8nUYR6PNZkZpfzgmp86,19.6,Low,No,Normal behaviour -- no red flags,27,1.919798603636905,51.83456229819644,8.191287875440797e-05,274738.33812103845
1938,1Cisd6L3XDvkLAn7rdfGcfS1Qt73Q6N8RF,19.6,Low,No,Normal behaviour -- no red flags,17,2.4056570660727443,40.89617012323665,4.675873178878489e-05,355307.030823375
1939,bc1q0thkv2l5ynx8vjxyp7z0v2hqyzc8ywaus90z9q,19.6,Low,No,Normal behaviour -- no red flags,19,2.9860185634082548,56.73435270475685,6.577732763048461e-05,422063.0776173889
1940,bc1q58nu4wfkmke00548dxaelatc4ezjl8gr5yw5hz,19.6,Low,No,Normal behaviour -- no red flags,14,1.493284866872937,20.90598813622112,0.0001276283797686,521207.8205321539
1941,bc1qrlf9aeu9gpzh75rehcxzw5paxufn790sqymgfr,19.6,Low,No,Normal behaviour -- no red flags,25,2.78515634581374,69.6289086453435,9.028304557899528e-05,303508.9678904584
1942,3FDAGkLi3HmgA3cNEGNrveXZNg8gPawXKs,19.6,Low,No,Normal behaviour -- no red flags,21,3.2122578093127623,67.457413995568,9.430644524385714e-05,365580.7011851
1943,bc1qrhlnvmt92y2u2n3sv08gkerc4q0gdk2765dh5t,19.6,Low,No,Normal behaviour -- no red flags,24,2.815070558512494,67.56169340429986,0.0001188713026035,323460.2867616521
1944,15S16WBx2LVJidvXkjoJry8vvN7W3MuX9o,19.5,Low,No,Normal behaviour -- no red flags,27,2.004872915076192,54.131568707057184,0.0001136987857946,266073.3551726154
1945,bc1qj9z80ql4ul9k20kzal29h7z6v9wc7gl2k80f4n,19.5,Low,No,Normal behaviour -- no red flags,13,1.743093467016179,22.660215071210327,7.808663229821603e-05,574269.02279225
1946,1PRfPf9HComzjMVJSHYFRcfBQP6XQBJyCg,19.5,Low,No,Normal behaviour -- no red flags,22,2.73748565837067,60.224684484154736,6.308448024764017e-05,317011.5648074762
1947,16RYyrPVcHdP2wjbVgDnPa36qTNvrJkDcF,19.5,Low,No,Normal behaviour -- no red flags,23,2.9303931903491587,67.39904337803065,9.184713073846511e-05,312406.33531222725
1948,1BsX4fKQXigiUZB5h2dUWa2Vjr7XicQsP7,19.5,Low,No,Normal behaviour -- no red flags,27,2.2073406880039084,59.59819857610552,0.0001053747346522,296378.99343546154
1949,1AEkrFsD8RfhfT2Su671wXtsNTgkQ8x8Ro,19.5,Low,No,Normal behaviour -- no red flags,17,3.1145048848162293,52.9465830418759,0.0001187882384441,461691.6987601875
1950,1ChCLuVp4jsDZTJ9WBvMieXWHReWGRgXFH,19.5,Low,No,Normal behaviour -- no red flags,15,2.8441238849454646,42.66185827418197,8.437957383068199e-05,545163.422067
1951,bc1pjfvu55mg5uz8mevhv2p5d3d2lencxau78zkgsq36kza6h27hmdxq4r3fe7,19.5,Low,No,Normal behaviour -- no red flags,23,2.819953470964551,64.85892983218467,0.0001235395008525,316685.1591761364
1952,1FFw1ehNTsjfVdkjJM7MqDgUTZRRPHPDCa,19.5,Low,No,Normal behaviour -- no red flags,13,1.443396049652543,18.76414864548306,0.0001189462776152,518835.1262399999
1953,bc1q4gry4xveu9mkncwpf29024pe3ezml5ft02mplp,19.4,Low,No,Normal behaviour -- no red flags,14,2.851272608803148,39.91781652324407,7.731388764683056e-05,533423.7760187692
1954,1E21axDtuf4kPzMoroXPfADaXyz1BhJ6hr,19.4,Low,No,Normal behaviour -- no red flags,14,1.4725179399109003,20.615251158752603,0.0001059718105674,542342.6326268462
1955,17KfYv9bdSF63xGbtDzgsL6BqkSkeVzoj6,19.4,Low,No,Normal behaviour -- no red flags,22,1.6463770331627912,36.22029472958141,0.0001364819966695,363480.3214031428
1956,14p79gRaDD1PLVZetuPmufNZFw5Uev6UjR,19.4,Low,No,Normal behaviour -- no red flags,15,1.7462827090910436,26.19424063636565,0.0001456057730993,532454.3826512859
1957,bc1qtkdgvm4vgfkenu875d6j50hx3wkqfzjnssurmg,19.4,Low,No,Normal behaviour -- no red flags,19,2.669168689085993,50.71420509263387,5.397571677389855e-05,407542.21390088886
1958,bc1qugkyu6zavl7xuzw3pme54twq27ytr50t5jxx5v,19.4,Low,No,Normal behaviour -- no red flags,17,1.7144856314138754,29.146255734035883,0.0001485484346767,481938.6546593125
1959,bc1qdwcq832e2pck5d56tvhgm93d9auneca4qmx4hf,19.4,Low,No,Normal behaviour -- no red flags,15,2.681186603299672,40.21779904949508,0.0001363875258289,484067.10527507134
1960,15K2QMu7dVnQ7xk7UcavQHri9EUyDR5xfb,19.4,Low,No,Normal behaviour -- no red flags,13,1.755287103622673,22.81873234709475,7.571780322117349e-05,576903.3492259999
1961,bc1pa56gs7svs2tewx4ryxl64hf34we4et5mtkc99g4zjhslauzvekeswmp2wj,19.3,Low,No,Normal behaviour -- no red flags,17,3.3560300676366213,57.05251114982256,9.236234010957574e-05,466830.095630875
1962,3FBKESCU9GaSd45mzejuguPKMLTKUrHo4V,19.3,Low,No,Normal behaviour -- no red flags,20,2.2208061312625915,44.41612262525183,0.0001502869933234,395410.82057694736
1963,bc1qx362n5scmd4gquhsm537s2e389xu6wepjg7wr0,19.3,Low,No,Normal behaviour -- no red flags,26,1.6082885307236627,41.815501798815234,0.0001068469178592,294642.85406640003
1964,1PxfxgRaxopAX8xiMt3aaGAHQERtDFfRH8,19.3,Low,No,Normal behaviour -- no red flags,14,2.350013256909305,32.900185596730275,5.8216461122173045e-05,486038.5890239232
1965,1Pp2dZN4AecnrUupcpYtCZbEmBYAiwn9St,19.3,Low,No,Normal behaviour -- no red flags,21,1.0859586411692712,22.80513146455469,8.288135336591217e-05,385513.30611
1966,bc1qfaagj06rnwxw0rqu5syvrs6ut49tcjf98gv87n,19.3,Low,No,Normal behaviour -- no red flags,18,3.4204455608008737,61.56802009441573,9.532442942726176e-05,428847.80074152944
1967,1JSzRoytUcMTWsAsXJxiRJtCtdcUFivkXt,19.3,Low,No,Normal behaviour -- no red flags,23,2.932461824958758,67.44662197405144,9.708648591052732e-05,316482.9396551363
1968,bc1qpmhah0z2797pxhnsqwmgah7a2vezthtmltqu3x,19.3,Low,No,Normal behaviour -- no red flags,18,2.351336513657626,42.32405724583727,3.824610058776305e-05,434402.0504610588
1969,bc1qkupasmxhwu4stqs0jeny8zq03mqpvxkh8vsjgt,19.3,Low,No,Normal behaviour -- no red flags,18,1.1654845973806036,20.978722752850864,6.281161993427581e-05,401168.0057999412
1970,3DtCkgN4Bg5WoiwgxsRqW1vr7x7oojTWfp,19.3,Low,No,Normal behaviour -- no red flags,13,1.4852350546352937,19.308055710258817,7.591638581519305e-05,513956.0399802501
1971,35GXrua3PFBeGktbKMuVshAA3onoNjRmPC,19.2,Low,No,Normal behaviour -- no red flags,20,3.333924124860947,66.67848249721894,8.299153427370803e-05,345872.78780789475
1972,19PFLbQTSUUZFkjMnMXnsMBkWtv2AePWWv,19.2,Low,No,Normal behaviour -- no red flags,13,3.314437841023851,43.08769193331006,0.0001020742149622,498100.63319775
1973,bc1pqs9x3ydhrntja29lhm2sw0najnpzhyu97rc9tdlkta8l32l6ccysxj0jmp,19.2,Low,No,Normal behaviour -- no red flags,12,2.3913346684491,28.696016021389195,0.0001168246549265,537532.4616567272
1974,bc1q6n7568aj59meesk57fphu6nkrsd557vl2a54ju,19.2,Low,No,Normal behaviour -- no red flags,23,2.6734210761596984,61.48868475167306,6.754771656737524e-05,332561.1288945
1975,bc1qzlsg3jxywzzfmv47x63t7q7np3p2xms4v5ak3r,19.2,Low,No,Normal behaviour -- no red flags,16,3.0074577052487186,48.1193232839795,0.0001280934644121,483837.78840600007
1976,15q2mduJFiscEc6qAsGx7e8gJqQgZDwqfv,19.2,Low,No,Normal behaviour -- no red flags,13,1.548994470917371,20.136928121925823,7.894994077054888e-05,551054.6087924166
1977,12uETrAGBWbHx1vskeS7UP5zeqwCtUxLHB,19.2,Low,No,Normal behaviour -- no red flags,19,1.0366904105322,19.6971178001118,0.0001146637069425,380561.4667172222
1978,bc1qhkcpuekwlaxheacq4j3xyakpv4kqp63sy06gfq,19.2,Low,No,Normal behaviour -- no red flags,14,1.6803867819622715,23.5254149474718,7.271434950010568e-05,580535.2450034615
1979,bc1pcplw4vchh42emm3zfygamnunnkkackyeynfaw6jnsvc240k57g5qdahr3w,19.2,Low,No,Normal behaviour -- no red flags,22,2.7274564195321456,60.004041229707205,0.0001329591723048,366739.6428858095
1980,bc1pxjpqj8qnj4cwguxhtn53r929ga20kwkazya7g0p24jwlfyz8deus076f45,19.2,Low,No,Normal behaviour -- no red flags,14,1.5688424003783703,21.963793605297184,0.0001316460632491,536486.0059912307
1981,bc1qguqvh84wdxqzkmuhlp56c0hsjctyln6mmulwle,19.1,Low,No,Normal behaviour -- no red flags,15,3.3149139337513183,49.72370900626977,0.0001089049673042,510039.9734705001
1982,bc1q5k9k03zmt99fhkfehr7vecg6gnrrh42wu9mv4n,19.1,Low,No,Normal behaviour -- no red flags,18,3.2712887063006417,58.88319671341155,9.283345690093614e-05,441053.34116847056
1983,bc1qldvpddsvpg5a7uxstqkvvr2yq8tastkus7p9ja,19.1,Low,No,Normal behaviour -- no red flags,14,1.797813365197614,25.1693871127666,0.0001270463678584,572646.7995796923
1984,bc1qyeh3fxav4jrmfaf52m67q6fc3ywmw5zwzxpz66,19.1,Low,No,Normal behaviour -- no red flags,13,2.016626979765392,26.21615073695009,8.389569632356273e-05,595620.6809505
1985,bc1qmfxw9rtpvmevf38ftv29pp3mw87zg4vu3kpa22,19.1,Low,No,Normal behaviour -- no red flags,20,2.625367686941938,52.50735373883875,0.0001397832487297,354783.05264615786
1986,bc1pg3gwc86ymeydfxrm6r8x3w0p8z8q5vhhsme57ntym4q7alktz0nqrs2nlq,19.0,Low,No,Normal behaviour -- no red flags,27,1.876723513174824,50.67153485572023,8.690223025555722e-05,268076.4197762308
1987,33VKQ1Wjy5LjyagXpvrRPXc4HQc96o28tb,19.0,Low,No,Normal behaviour -- no red flags,21,2.9889281928511315,62.767492049873766,0.0001228196955185,380658.1696025501
1988,bc1qv06j9apy0x9z307qk6qcwxv4zwu9l6nk7fhrsz,19.0,Low,No,Normal behaviour -- no red flags,14,3.042404960140679,42.5936694419695,0.0001089061166785,521751.5780156923
1989,bc1pz3grtkuu4h5nxh3z6d7n9ar70l9fxnchgq6l2cnkz03xpktf04ns7895ml,19.0,Low,No,Normal behaviour -- no red flags,27,1.8769102587858528,50.67657698721803,0.0001132250813479,287124.10721234616
1990,1EAGG9GDC3voWLS7h2e2kgqXE2BRtnHZxB,19.0,Low,No,Normal behaviour -- no red flags,23,2.6630257849671763,61.249593054245054,8.06961710904847e-05,259100.1978428636
1991,1DBXuG5hV4S4RwVUqt9NAawCLjFhHM61F,18.9,Low,No,Normal behaviour -- no red flags,27,2.010259197822607,54.2769983412104,8.089195744212615e-05,284297.1114481154
1992,bc1qt22ckptzaqf7gvg5vzve4t7w3jl95t56s8kps6,18.9,Low,No,Normal behaviour -- no red flags,23,3.035810049067888,69.82363112856142,9.79101227151277e-05,339190.62209545454
1993,bc1q75cvaxses798cejmxdqtc70w3smp03wywmfkz8,18.9,Low,No,Normal behaviour -- no red flags,13,2.1839357172692977,28.39116432450087,0.0001196904287396,593919.31820875
1994,3NYmN6Py9hK2J1MSPRG9iyUpnFFjYRwfmC,18.9,Low,No,Normal behaviour -- no red flags,24,1.2509201191618389,30.02208285988413,9.70429349416661e-05,314242.5094177391
1995,bc1p9qsuz6sm55xjjeka8c2g89puzmfnfwasggszld8l2vc80qhty6ys0rh5rh,18.9,Low,No,Normal behaviour -- no red flags,24,2.335176329730688,56.04423191353651,0.000117093456391,244152.3357699565
1996,1CzSwTDkjWEhruPNZefjeUkMzWC1ZenSAJ,18.9,Low,No,Normal behaviour -- no red flags,25,1.857021647786464,46.425541194661584,0.0001249984667547,277124.720000125
1997,bc1qqd9r5wtgm4c5lxcqw37mdf6fvpmuscj85ectr7,18.9,Low,No,Normal behaviour -- no red flags,27,2.2338688910367464,60.31446005799216,9.377485283656076e-05,275766.360005
1998,1KGHND33XSYfnNpvRRKNHt7nKLiqQx2dAT,18.9,Low,No,Normal behaviour -- no red flags,16,2.0992923467497286,33.58867754799566,5.237247296331485e-05,502248.3810396
1999,15i5zV4rsh2kgNAMTHJFxDZxVCu7d9huux,18.9,Low,No,Normal behaviour -- no red flags,26,1.5130623492780255,39.33962108122867,8.382441049516628e-05,307022.04363040003
2000,1GF8uYwJvsGfCUBt1dWv8wPykRvrPWAG5D,18.8,Low,No,Normal behaviour -- no red flags,21,1.158701569151533,24.332732952182194,7.999493835447903e-05,368449.08457345
2001,bc1qgyxhfrj57fc4yhnfnpg0ws2y3zmce099nvn79p,18.8,Low,No,Normal behaviour -- no red flags,19,1.0953763823706204,20.812151265041788,0.0001202332972186,415979.3529402223
2002,12HLqcqDTp9vbcs2F1vuS9TGvEkpsbyRoL,18.8,Low,No,Normal behaviour -- no red flags,25,2.5095056444100226,62.73764111025056,9.875434437401212e-05,259142.30807279167
2003,14CToWmUjyX2bMHtEprhMka2sCKET7fJEy,18.8,Low,No,Normal behaviour -- no red flags,17,2.8739980925939155,48.85796757409656,6.42502445641274e-05,478947.9334205625
2004,31xY4baegCDRm6D1HwhLW7GCfWdmmv5LzL,18.8,Low,No,Normal behaviour -- no red flags,27,2.1015357815123044,56.74146610083221,9.380971777784552e-05,260392.9199423077
2005,bc1qgcc36advxyc4xcfv4kd39ed37yxpf3r4xtnc52,18.8,Low,No,Normal behaviour -- no red flags,14,1.4748942904920754,20.648520066889056,8.042359841721029e-05,535559.3642886153
2006,3HQGoHa2YRuRtHnhQ9QTXtygJEQDrBKW1C,18.8,Low,No,Normal behaviour -- no red flags,13,2.670814326833632,34.72058624883721,0.0001186770046413,548046.17378775
2007,3CFW8VS2RSqLURhdKf72p63JCQ6YXtjyeR,18.8,Low,No,Normal behaviour -- no red flags,26,1.660877989378802,43.18282772384885,0.0001043979650747,282320.46449667995
2008,1L81ACfFDM4WPprTaWkJSpJxcHCUEHj7TL,18.8,Low,No,Normal behaviour -- no red flags,14,2.1447860492485984,30.02700468948038,0.0001467910675807,516745.1221375385
2009,bc1qdn6u99p29ajgumnevasl9x56px3w52xqmmw4y8,18.8,Low,No,Normal behaviour -- no red flags,16,2.3361803514474824,37.37888562315972,0.0001475992590657,427143.1827512
2010,bc1qthd0k29he9yswcjk5chtrgpzehu53534yhxrh9,18.7,Low,No,Normal behaviour -- no red flags,17,3.383191840828885,57.51426129409104,9.35454429476051e-05,429665.050201
2011,bc1qk0qp8y5dgpdjkctfte4guf8xd2cjd4ee035t6x,18.7,Low,No,Normal behaviour -- no red flags,23,1.9810227484435183,45.56352321420092,5.6899083266490544e-05,313227.2404260001
2012,3E8d7KxVDqvSWxFCMo8CvEQg81k8C4DxQv,18.7,Low,No,Normal behaviour -- no red flags,24,1.3032266737833238,31.27744017079977,9.444549943583002e-05,304235.6428029565
2013,1ZrJ4tvtUevn1ndwsrUbPHCXEpUuBmFHY,18.7,Low,No,Normal behaviour -- no red flags,13,1.41924882947982,18.45023478323766,0.0001132314247749,497458.4365786666
2014,bc1pqzhngnqf7y8zpfzwz80jjpz7d3lrn5svqx4kemkd7ew5j980fy2qx8mk9l,18.7,Low,No,Normal behaviour -- no red flags,24,2.2434621681917983,53.84309203660316,5.686670434352984e-05,331626.7740931304
2015,39rTrCiTtoqG7Qg72KctAs6xNrJxUW7hgR,18.7,Low,No,Normal behaviour -- no red flags,20,2.998851350438234,59.977027008764686,0.0001164548910743,400835.0061680526
2016,1P8FBaFHMQoTQB7MfmpMoxH4516Ck9ganW,18.7,Low,No,Normal behaviour -- no red flags,16,3.2584454348861387,52.13512695817822,0.0001043305831164,485933.6098911999
2017,1NSYt4FX6vDRAnpXQdTgfnPn8yBP2cnrML,18.7,Low,No,Normal behaviour -- no red flags,15,2.869613638687244,43.044204580308666,9.084037970383853e-05,547305.825847143
2018,bc1q2unp3n7j6dw86wmrzzcr7pna4zmvymqm4yy58p,18.7,Low,No,Normal behaviour -- no red flags,26,2.5271175681749063,65.70505677254756,9.673137974779814e-05,284228.4784234
2019,1GyJRX997wkpZvLX8AqKf2epcHoS6aPnUr,18.7,Low,No,Normal behaviour -- no red flags,20,3.203733697578521,64.07467395157042,8.468851318378958e-05,377459.4518928421
2020,1FwNUXdivf7uYK4fvN5s1rdm7AHWZs9NKk,18.7,Low,No,Normal behaviour -- no red flags,26,2.532778408226004,65.8522386138761,0.0001096122001278,298980.4675104
2021,3MAEY2S9PxNxfq8BzN971K1eo1numCfUQ8,18.6,Low,No,Normal behaviour -- no red flags,16,1.3499387725604983,21.599020360967977,6.335022996980368e-05,503708.8851491334
2022,37wjcf413YfMLGa9ckd1KWmMSTKWRFYLy2,18.6,Low,No,Normal behaviour -- no red flags,12,1.9000791704936133,22.80095004592336,0.0001184050373046,545593.4075584547
2023,19Uzmn5zs6uqSYsk65XPBmFTYqFVSecVNc,18.6,Low,No,Normal behaviour -- no red flags,13,1.669339217419045,21.701409826447584,7.465984007078352e-05,555057.8609934166
2024,bc1qdhfxgvn2a2un9mwsnke9xc6jjc06j9qheugpyc,18.6,Low,No,Normal behaviour -- no red flags,15,1.3489961833184558,20.23494274977684,0.0001290196877854,413135.50568664295
2025,bc1q9tlcyj30kr8hn9y274mgeq2zf04c49vkcp7zjw,18.6,Low,No,Normal behaviour -- no red flags,15,3.116501463370778,46.74752195056167,9.223687164562836e-05,530676.2342235
2026,3CATshukcsmHgZqy5iMyBE6gq5goweZYJr,18.6,Low,No,Normal behaviour -- no red flags,25,1.5761226640492232,39.40306660123058,9.261145686331617e-05,272012.9448765833
2027,33nxrhCNR5mfVxb56tBWQf7WaM7m1H87uV,18.6,Low,No,Normal behaviour -- no red flags,13,1.577766958687648,20.510970462939422,0.0001312108753979,488465.1923121666
2028,bc1qsv5f7n2fp3zuj8cd4gjjerlfecprsnkgj4sjfh,18.6,Low,No,Normal behaviour -- no red flags,13,1.7656979356666498,22.954073163666447,8.092527573737414e-05,583241.2043400834
2029,1Baf1Hdkfiq3YFBGa1uSAsQMFgJbh3uNDF,18.6,Low,No,Normal behaviour -- no red flags,20,2.433230836723941,48.66461673447883,5.161036176632695e-05,376522.9129547894
2030,1BPokLPszrHmCpQWc9tW1x4qxivdwsMUPv,18.5,Low,No,Normal behaviour -- no red flags,21,1.9643299243795465,41.25092841197047,0.0001475286123228,337940.61578535
2031,bc1qv7nqnnr5pv05q5t5raggps8hw2xdu3ssmatswu,18.5,Low,No,Normal behaviour -- no red flags,27,2.083149005262087,56.24502314207634,8.987594200318935e-05,269325.7510364231
2032,bc1q87vgqcje8d396shns3lm8sac8e3lev8755l4wr,18.5,Low,No,Normal behaviour -- no red flags,24,1.296164526943529,31.10794864664469,9.744968921399848e-05,308986.9708722174
2033,32G4gQu7CwD9c4FG83eR9bM6Ev6zUwLH5A,18.5,Low,No,Normal behaviour -- no red flags,23,1.981057586449173,45.56432448833098,0.0001428217872761,337010.1907369092
2034,15cFcWBMpfta2ZxRorjuC6hpruiitQJX6T,18.5,Low,No,Normal behaviour -- no red flags,15,1.7024873676505112,25.537310514757667,5.8835434101176224e-05,530976.2130375715
2035,bc1qgtv5jlmwa8lcxz9trvwrpnmn56dszl4ach2qwd,18.5,Low,No,Normal behaviour -- no red flags,23,1.688816269432218,38.842774196941015,0.0001359647037746,322941.5708056818
2036,1bZ3bea2SbGUMRLSwSnGJkkWvxKnC3QsC,18.5,Low,No,Normal behaviour -- no red flags,19,2.83308720019065,53.82865680362236,0.0001352845317158,385614.1724165555
2037,1Jpvh4KoDeDvQQxTwWXz1XZUnnRXGbkghb,18.4,Low,No,Normal behaviour -- no red flags,12,2.271014945836171,27.252179350034048,8.051659722319001e-05,558824.8367245455
2038,36qRYMnTh6bHvSPAj7Ws4yE5Jwb6P7MMqU,18.4,Low,No,Normal behaviour -- no red flags,13,3.119444494028386,40.552778422369016,0.000119314144382,454869.2970935
2039,bc1p0zh0f6cg8vg6y7ssnc6ptjsftjknn2negqxlxt4zvvyrmzq4nlmqpqetg8,18.4,Low,No,Normal behaviour -- no red flags,14,1.5307610589925176,21.43065482589525,6.70525093390369e-05,476452.88964715385
2040,37tba2piPQWJiQxoqQfuaePwNKKJDTCDxn,18.4,Low,No,Normal behaviour -- no red flags,15,1.4490369530400795,21.7355542956012,6.616181466589363e-05,513621.1875063572
2041,bc1qycetvp3uhxnzafz5cyvaj5gwqf9tj45ujte6sc,18.4,Low,No,Normal behaviour -- no red flags,17,3.191433632924318,54.2543717597134,9.131427022392946e-05,463633.2290916876
2042,3GT8Rbvaf79MmGcUK5xYhcrh4Gckju67Pg,18.4,Low,No,Normal behaviour -- no red flags,19,2.1941266346904,41.6884060591176,0.0001396740116904,276927.19010083337
2043,bc1q0a3r4wmn4yzwhg6kufacljlrruqfdz0dtk6676,18.4,Low,No,Normal behaviour -- no red flags,15,3.097550194625908,46.463252919388616,7.82646466654978e-05,509228.1742585714
2044,bc1q44qeahc82nthgqvdu2th3yf4rkx09kl6wgskaf,18.4,Low,No,Normal behaviour -- no red flags,24,2.188207895894345,52.51698950146429,0.0001289762338446,259695.42615947823
2045,3NZHCc3XH7cW2d6Dc2Byas76USnhPY2kxs,18.4,Low,No,Normal behaviour -- no red flags,17,2.92833931217832,49.78176830703144,0.0001276821160601,469109.5470923125
2046,15AzUA9jGwTjxrtySD9ew9iT4hkUJtisWV,18.4,Low,No,Normal behaviour -- no red flags,24,2.7660380486962097,66.38491316870903,9.673297292919196e-05,294306.8925085653
2047,1DkEYpbh7p7R4gz1PDAVdJgssJm1BqRzFR,18.4,Low,No,Normal behaviour -- no red flags,18,3.084281757669447,55.51707163805005,6.738382259399867e-05,415024.6429049412
2048,1HZmaFRfRDukBXSwV3xEFFbBAiXuVStKF2,18.4,Low,No,Normal behaviour -- no red flags,14,1.5768014105216852,22.075219747303592,0.0001179208003516,561303.4118296923
2049,34ytUxmX65Kd7BwUSvfSSgWD7H8hwgH3wH,18.4,Low,No,Normal behaviour -- no red flags,17,1.6610097908838102,28.237166445024773,5.333572331120977e-05,463213.49480356247
2050,328g6pPD4iQwM5wdBS2GN9nV5wDWCtui1r,18.4,Low,No,Normal behaviour -- no red flags,23,2.0137117845886867,46.3153710455398,0.0001438902339823,339176.0300172728
2051,bc1qkd0n5qq8jh6ghx5u6hhmpj9uypehr6m8yvvqp3,18.3,Low,No,Normal behaviour -- no red flags,20,1.129515037592833,22.59030075185666,0.0001066056050514,401596.0372639473
2052,18sR5LH8xousbFicCfzSL7M3vibiGTkEeY,18.3,Low,No,Normal behaviour -- no red flags,17,3.2327455432155183,54.95667423466381,0.0001162636449985,429634.4233415625
2053,1CrW2eMPpTFvmzNKEtqUrMAobT87f747cE,18.3,Low,No,Normal behaviour -- no red flags,20,1.12455242192075,22.491048438415,8.488839993661351e-05,370892.3536386316
2054,bc1p5vth9ajx3jqf7jx6laephjcm5qnu23zaefqt5cf9tflmmw0sl8mssgfuse,18.3,Low,No,Normal behaviour -- no red flags,16,3.020058581084848,48.32093729735757,6.598726756481101e-05,468356.3028320667
2055,3JCe9RP26SuvfUmrncqTBychwYExaCwuSf,18.3,Low,No,Normal behaviour -- no red flags,21,2.4693791797664018,51.85696277509444,0.000143099437735,339970.52097310004
2056,bc1qd9ksjp4f0qdas80tfjf0cn5kfwlln066t4w9yc,18.3,Low,No,Normal behaviour -- no red flags,26,2.5209623360968063,65.54502073851697,9.9727031645537e-05,289610.07190704
2057,bc1q9grmwg6n47x2ze6cu2aesd3pn3gcks3rdasnyr,18.3,Low,No,Normal behaviour -- no red flags,24,2.087256246800852,50.09414992322044,0.0001413089255748,315821.080383087
2058,18kjGzHty7Ua2wsBpz26MQpX41igspnG6z,18.3,Low,No,Normal behaviour -- no red flags,16,1.2444261698714831,19.91081871794373,6.972205974747355e-05,495120.0185504666
2059,bc1ql8xs79eacynqtwe5e549g4hdg3xjv008a6q4dj,18.3,Low,No,Normal behaviour -- no red flags,25,1.903808820655645,47.59522051639112,6.717995103719203e-05,282434.88427275
2060,1FAYNydpHvbB4RzDti8vfgvAZEzV64en3H,18.3,Low,No,Normal behaviour -- no red flags,12,2.231251261578937,26.77501513894725,0.0001108402783708,561630.1456402728
2061,bc1qrv0y308lxkram5awftnank4zukupeea8dnyd40,18.3,Low,No,Normal behaviour -- no red flags,26,1.6259669872743814,42.27514166913392,7.819852973192582e-05,303119.8208856
2062,bc1q0a870a3uk7jx2xnndmsa6u9mtpw4s6qve43lln,18.2,Low,No,Normal behaviour -- no red flags,18,1.3500508984838575,24.30091617270944,0.0001364949270796,444143.59783017647
2063,1HtuHzvvRPi9YjQ1zKX6Py9F66LKKuwqQV,18.2,Low,No,Normal behaviour -- no red flags,20,1.209786313194829,24.19572626389658,7.165479674848533e-05,375295.7899189473
2064,bc1qg7zhfhjx6pqms8w98wtqe23t8z7l6ytgjangnj,18.2,Low,No,Normal behaviour -- no red flags,19,2.90829209247139,55.25754975695641,0.0001288394848244,416115.4678823333
2065,31ra59epRDscabf8Jasrfi13qvX6QkfNm9,18.2,Low,No,Normal behaviour -- no red flags,27,1.8736450429666185,50.588416160098696,9.6590427328294e-05,265301.1583830384
2066,3AzEiHUMFhnVEwrk4kPPEVFgCZJe7n7nVn,18.2,Low,No,Normal behaviour -- no red flags,22,1.2330511023838602,27.12712425244493,0.0001188181563787,322018.6407027619
2067,bc1qqdrdal9ldhk9tfqy0kst5z305x7l7lmje2qasq,18.2,Low,No,Normal behaviour -- no red flags,14,2.6434383703909994,37.00813718547399,0.000126915009572,534275.7087066923
2068,1HgpAx5348jVT353RRM7XPnTNNBjtC7Rv3,18.2,Low,No,Normal behaviour -- no red flags,26,1.9984250793452984,51.95905206297776,9.00305711258531e-05,233476.740099
2069,1Du1KTFmvTT2PahwCKFZE1L1jahcNwJzrk,18.2,Low,No,Normal behaviour -- no red flags,26,1.7431485478825803,45.32186224494709,7.399684716303375e-05,307731.24349216
2070,1LUXRHSwq7NohwQEApcKDkxWuzywTJayiE,18.2,Low,No,Normal behaviour -- no red flags,18,3.428901195323464,61.72022151582235,9.48115981580192e-05,413398.5487494706
2071,3CChcPC3Jp5BMRPNUiqbo34ADPie2k3BZ2,18.2,Low,No,Normal behaviour -- no red flags,14,1.7351916595367098,24.292683233513937,5.993158932448833e-05,514256.1417434616
2072,3CunuTxkh2nqK4zBSRDiTTfgniaXzmC8bD,18.2,Low,No,Normal behaviour -- no red flags,14,2.448966038792164,34.28552454309029,6.360134291657569e-05,530554.1420968461
2073,1JxWWgAvmVMijGdjuYFdPXvVvthjzz8P5h,18.1,Low,No,Normal behaviour -- no red flags,26,2.3279335698065,60.52627281496899,8.060816900265588e-05,266653.11196896
2074,bc1qr8yxzxvzl85rsf02e4lxy73nsdq8qhra4r4hgk,18.1,Low,No,Normal behaviour -- no red flags,22,2.966233314983405,65.2571329296349,0.0001201232789432,313933.76729314285
2075,bc1q7ydx5gx6le4lkajd35h4ed8773j6wu6k6kk47t,18.1,Low,No,Normal behaviour -- no red flags,12,2.1090827370163794,25.30899284419656,0.000109740611544,560215.907772091
2076,bc1pmzes4qcgwvqsn8egedz58uy546x8npelx3t72d9v0g3udakc37fq3qu0u7,18.1,Low,No,Normal behaviour -- no red flags,13,1.9766156538356,25.6960034998628,0.0001340260036399,556019.2669891666
2077,bc1qqj42snjav6x2aal00zfwy605u86q7fhwe9ka88,18.1,Low,No,Normal behaviour -- no red flags,14,2.0612247154116665,28.85714601576333,7.537010128266194e-05,573991.3430036923
2078,13dFFuv84TRSXVJw2o4TvyWTGXUXM3Hd1k,18.1,Low,No,Normal behaviour -- no red flags,22,2.7343733094000164,60.15621280680036,0.0001287960158819,360286.0177011905
2079,3ARY5ComZxX2s1YDUGTwsAMQD2ornF1Je3,18.1,Low,No,Normal behaviour -- no red flags,17,2.6212767161717214,44.561704174919264,0.0001418778902598,477877.41351106256
2080,bc1qzmt7ma0vf5ykv5gyhxaq7jt95jhrcydrf4kvsn,18.1,Low,No,Normal behaviour -- no red flags,18,3.240696609031613,58.33253896256903,0.0001062840235578,439997.8501235883
2081,1QAXJLEcATQqGTio7uf4E6LybLV1dzS7f4,18.1,Low,No,Normal behaviour -- no red flags,13,2.630362983883498,34.194718790485474,0.0001280653821522,533576.5688025
2082,3H8SqtZQSWvJXYk5dH1VEcPqtLYccwxZ2m,18.1,Low,No,Normal behaviour -- no red flags,16,3.260826196519186,52.17321914430698,9.830949010625896e-05,466021.1199242
2083,3FLBks5q8C2QeiNqkqci8MHgujHT6VtXQE,18.0,Low,No,Normal behaviour -- no red flags,14,2.682278517366179,37.551899243126506,0.0001140376563687,544447.407926077
2084,bc1pmxkk34l3l5j7g68t7229fg5zj8sxpsy5xevwplnkgm54qv4lalcslw47cl,18.0,Low,No,Normal behaviour -- no red flags,18,2.5247745202061824,45.445941363711285,0.0001487797498097,416574.3997098824
2085,1K9XyyJMfv89v1hwqSGYuwr8Yea21Y7dUo,18.0,Low,No,Normal behaviour -- no red flags,13,2.038696476000808,26.503054188010505,8.662107481333185e-05,589505.4829876666
2086,3KDk9zAZD8ZEF2jNDxhrerVBtSSvyzKWhV,18.0,Low,No,Normal behaviour -- no red flags,13,1.6337798102736811,21.23913753355785,9.580314671592532e-05,562526.5799757501
2087,bc1q8la7ksr4vwkuu0esjc2ywzt7k2s55qmqveqmda,18.0,Low,No,Normal behaviour -- no red flags,25,2.13115781030412,53.27894525760298,0.0001368539864601,314045.3220466667
2088,3CtypJ2p7Ag2VtJjddHTPBhyBhhMK3JcBm,18.0,Low,No,Normal behaviour -- no red flags,18,1.0928179651585983,19.670723372854773,0.0001053792861019,366738.5587841176
2089,1M1hddqzharzPnoUxBhCnatpPPGtS6Wrn,18.0,Low,No,Normal behaviour -- no red flags,27,1.9977686406900088,53.93975329863024,8.433246008671419e-05,283164.3504732308
2090,3NFrSJyTYvp4rSGWtYkvyxZmhLaGVRWhyr,18.0,Low,No,Normal behaviour -- no red flags,12,2.000351739325391,24.004220871904693,8.319189418796769e-05,561742.3232682728
2091,1BzpfazHLZM2j7W3L2fxLacGRnBfmnsQtU,18.0,Low,No,Normal behaviour -- no red flags,13,2.9192695084026066,37.95050360923389,7.925971040037284e-05,492578.8150498333
2092,3EPebaXn9crrxFdFvb64rWZ4u89Rj3E55C,18.0,Low,No,Normal behaviour -- no red flags,15,1.2036279622137105,18.054419433205656,9.944498962484405e-05,492972.9392005001
2093,bc1q24wq8un2893zv5afn4jwqqgcuqc0s35494ghq8,17.9,Low,No,Normal behaviour -- no red flags,21,1.5864344507203638,33.31512346512764,5.910291338933394e-05,364705.98002095
2094,bc1qycscwnl6w03l5zehzjp4v2g78upp7fn0q7yhka,17.9,Low,No,Normal behaviour -- no red flags,15,2.619450256777392,39.29175385166088,0.0001361363846219,459244.9701477857
2095,14z9jUjxvaGXbcW1Z8BxsT41UNc7KihcWx,17.9,Low,No,Normal behaviour -- no red flags,17,2.783357067165439,47.31707014181247,5.722497929434064e-05,425141.6363823125
2096,1GHSaWhqbNbTiMSY6P2x3bqTM5CWxJFYJr,17.9,Low,No,Normal behaviour -- no red flags,15,3.3489327201312564,50.23399080196885,0.000106785270148,474635.963496
2097,bc1qnmdq06p25a8tzkg06fc239e723nnkkggm0lv9j,17.9,Low,No,Normal behaviour -- no red flags,12,1.838666517359748,22.063998208316978,0.00012121131127,502644.6029
2098,bc1q7p34ywtfrjl25fcclsvendqq0agjkn5d6qrtyk,17.9,Low,No,Normal behaviour -- no red flags,14,2.4480094708899247,34.272132592458945,0.0001329417247067,331638.7457016154
2099,1Jn5yinmdmaUTuKK7j2wj6x9cNAfshrnFq,17.9,Low,No,Normal behaviour -- no red flags,19,1.3214160365732386,25.106904694891533,9.352553580018754e-05,268059.11309622217
2100,bc1q6nmdv53g92lhgcupmwyfksz9qznkfqapj89nl8,17.9,Low,No,Normal behaviour -- no red flags,23,1.3543322248500318,31.149641171550734,0.0001194877569054,324175.10172877274
2101,bc1p30f0qf3vfj2j43tlhztucfdcwer4jx5yeujf55z40wzq82ftcdrsqwhchk,17.9,Low,No,Normal behaviour -- no red flags,27,2.095124993182571,56.56837481592942,9.524268857042454e-05,273352.8385172308
2102,bc1qyc0lhmeq8u6xjt5nynuasn6uucttg23j2h75er,17.9,Low,No,Normal behaviour -- no red flags,26,2.394793806917914,62.26463897986577,8.515039647297951e-05,306332.11889048
2103,1PDYMsY43fReW1Pzi2B3F4ua1sjDHG7P3Z,17.9,Low,No,Normal behaviour -- no red flags,19,2.904986363718679,55.1947409106549,6.11296320629207e-05,395550.64206049993
2104,1HzCTgxfU5n6YH6XK5MdMakibfvYhiCequ,17.9,Low,No,Normal behaviour -- no red flags,16,3.373052263484233,53.968836215747736,7.97709363780033e-05,379947.0044584001
2105,bc1p5sc9qyvxgm27tq0k2re37qu0809zpdhj2ehw0sdzjrnk4gyfa4rq5uqvvn,17.8,Low,No,Normal behaviour -- no red flags,17,3.2288198085106283,54.88993674468068,8.683920414846656e-05,456359.7759171875
2106,3FQCmMh6PzhVRUbL3Bp3DgvwGcdFgcjfPD,17.8,Low,No,Normal behaviour -- no red flags,18,3.262680147766068,58.72824265978922,9.97698462918828e-05,437308.0033962941
2107,1FgPhWdoJ4pHYXfwwxx7Qbx8jX3b89uKYT,17.8,Low,No,Normal behaviour -- no red flags,21,3.0440265675720632,63.92455791901333,9.032046149781924e-05,367934.1299557
2108,1GgEf6vuQNxdoFm8psdWRCmXLrpZoQPpmf,17.8,Low,No,Normal behaviour -- no red flags,19,1.5487248516866188,29.425772182045755,0.0001452397258616,425468.4835446112
2109,1DC3LDi5PM9z9PqxQzZ1aDF4GsQ7Y1F447,17.8,Low,No,Normal behaviour -- no red flags,22,2.7851873491159704,61.27412168055135,0.0001284949114944,351300.9959493333
2110,1HWdAiH8tEFaNTZ5RJwm59edHavLAEzxbU,17.8,Low,No,Normal behaviour -- no red flags,13,2.307352206978033,29.99557869071443,8.739175915316584e-05,573540.39242825
2111,3BaDRkyafomsm3ybqCUtbmnLkEkhCpGBrL,17.8,Low,No,Normal behaviour -- no red flags,22,2.7266868108540736,59.98710983878962,0.0001305276018324,352760.9588215238
2112,bc1pkg5skt05k782vgzl0j606pxrh9x60gx2ggprkuvsncamcd3a2v6s3nw6q4,17.7,Low,No,Normal behaviour -- no red flags,25,2.5791724599132744,64.47931149783186,0.000106412111372,284031.7608325
2113,1Bee2wP9XhTiDHWnRPmrHr99zarRMnhftS,17.7,Low,No,Normal behaviour -- no red flags,18,2.3871317802146974,42.96837204386456,0.0001488540747444,373889.0245951765
2114,bc1p5nu65277wkvy97pklmn3lmkfh0ze4l34w67t97tf8df077nm7l7q4zu0wr,17.7,Low,No,Normal behaviour -- no red flags,18,3.3122637562649704,59.62074761276946,9.19092817120706e-05,422963.7019831765
2115,bc1q6tvk642xrc6xtk680gh5jud82swa9ur9jx757t,17.7,Low,No,Normal behaviour -- no red flags,17,1.797204417129171,30.55247509119591,0.0001471252988749,455211.075015
2116,1v1jMGBWmy2DhBecvpsRyNcQFae68xQb3,17.7,Low,No,Normal behaviour -- no red flags,27,1.9082019827411243,51.52145353401036,0.0001068825156926,271716.15662030765
2117,16HXd6BbCqr7z69U5W53ZPq1VhU5kSVezj,17.7,Low,No,Normal behaviour -- no red flags,16,3.2266334481394496,51.6261351702312,9.677792341846032e-05,468609.1936368666
2118,bc1q9fv3rrantgwqc8e2jw3agmuu9vqq28avxvg3kg,17.7,Low,No,Normal behaviour -- no red flags,13,1.556871726125246,20.2393324396282,6.931455305137185e-05,442637.4911175
2119,1HpD8XAtoK9nxZT4ZX2oJH1kwopj9NqzVe,17.7,Low,No,Normal behaviour -- no red flags,23,2.4564137798213173,56.497516935890296,0.0001353599938593,320088.01947172725
2120,3PXo6FYQ3gq1NgpCf5xJ1kKhLa4Hvoodhf,17.7,Low,No,Normal behaviour -- no red flags,13,2.679919338645147,34.83895140238691,0.0001014668618898,554827.2371395
2121,3HchawqbZj9gvypqExEWRarSLJqYyUuncd,17.6,Low,No,Normal behaviour -- no red flags,19,2.980223514240346,56.62424677056657,0.0001258104474567,412123.21131822217
2122,bc1qntsl9apylj534sgyya2jqckpxfx64gyfzsmdn8,17.6,Low,No,Normal behaviour -- no red flags,24,1.5695552838395113,37.66932681214827,0.0001263785058654,314810.07085286954
2123,3LgjpD2XRFUpC7wPJ2xt6ic88cUEcFYAxW,17.6,Low,No,Normal behaviour -- no red flags,13,2.323649612935086,30.20744496815612,0.000106408949214,577099.6158907501
2124,1Lmkn5CZyCpQ1JeFgfcTHuyw5ZSTCiJBis,17.6,Low,No,Normal behaviour -- no red flags,17,3.435568759592132,58.40466891306623,9.597050426904786e-05,398958.5136508125
2125,bc1p2hszrsre9jlk7cgmzux2r0cp042xscanrxud9fp7p398hj45gh9sswr3yu,17.6,Low,No,Normal behaviour -- no red flags,25,2.557178930201915,63.929473255047874,0.0001228948622611,319383.263651125
2126,116E73bf2KKY5CNtLNojL5j7x9nnVZR6Bh,17.6,Low,No,Normal behaviour -- no red flags,18,1.483087791572001,26.69558024829601,0.00014538690618,406213.7075049412
2127,3DiWh7HQagYvFFKiZjh3ScACpc3Q2EfrA5,17.6,Low,No,Normal behaviour -- no red flags,23,1.419479745499389,32.64803414648595,0.0001207051800568,292123.291678
2128,1MSAZGYtMULhYMB7k76gm2szutphNYVFBg,17.6,Low,No,Normal behaviour -- no red flags,21,3.0849267451901774,64.78346164899372,8.729193291631277e-05,349601.3264546
2129,1KPJZhGZX1s6TzKY4eGgPg9neZ42HDqHe4,17.6,Low,No,Normal behaviour -- no red flags,22,2.994190994265813,65.87220187384789,8.501164010935215e-05,312752.74501147616
2130,bc1qf66pvdkyq3c7sj0sklgekl222dv6c4mkh5ld4n,17.6,Low,No,Normal behaviour -- no red flags,13,1.4107610699938546,18.33989390992011,0.0001019938689013,462890.9591005834
2131,3ASGHURfoNgGVNDMKPnqpPxSZ5gx7D51T4,17.6,Low,No,Normal behaviour -- no red flags,22,1.6819759852030762,37.00347167446768,0.0001375840265445,331826.6676023809
2132,12Pssfx4j2EK7WSS3KtGXHTFR4Sfow4HkQ,17.5,Low,No,Normal behaviour -- no red flags,19,3.006436566117286,57.12229475622843,6.439768391385005e-05,358422.8052834444
2133,bc1q2tg8a4v8thdvzdzzqmv2et3cmcpc5r6tqd9pw9,17.5,Low,No,Normal behaviour -- no red flags,21,2.199338759926581,46.18611395845821,5.887733965580184e-05,282526.4600617999
2134,bc1phqppq2at3luns4p5a3uhfna25nnlrvfdcumzhztt67zjdg3jhatszdm822,17.5,Low,No,Normal behaviour -- no red flags,18,1.3073424940424758,23.53216489276457,0.000129084940828,373175.0584724706
2135,bc1q8dgm3gxnw5p2unw0kxc85z8c0a3azqtvw4rj3m,17.5,Low,No,Normal behaviour -- no red flags,24,1.37631590894581,33.03158181469944,8.63285961571975e-05,310886.7140921304
2136,bc1qesn4tv4tesc73glk40qzfex5lf5nl8rma52jga,17.5,Low,No,Normal behaviour -- no red flags,13,2.069063416919336,26.897824419951363,9.241488323947932e-05,593219.492312
2137,bc1qm6vxxrs7fz8d4zn8z3q9d7qafxcnwakqalkc24,17.5,Low,No,Normal behaviour -- no red flags,24,1.513800465539841,36.33121117295618,7.444100699569038e-05,306984.2332293043
2138,bc1q35zzt389zdc0fgv9l8qd5pwncq8h25852em9mz,17.5,Low,No,Normal behaviour -- no red flags,15,2.057087107061663,30.85630660592495,5.375599890092515e-05,431024.7555518571
2139,bc1p64tacxdd7gz2ddvknzetvt2yllc8t6k8py583kepjmluaxpnffks2klag5,17.5,Low,No,Normal behaviour -- no red flags,24,2.3024766420926306,55.25943941022313,0.000136842674012,313690.10736256524
2140,1DNe6BE5gqg2x49UZKjVKj6tip2pGvf6vq,17.5,Low,No,Normal behaviour -- no red flags,22,1.394221949998933,30.67288289997653,7.573113927715822e-05,316335.1606046191
2141,3PzoQKm8p2QW6eSpVGcUVF3yDD9Xw2mDNz,17.5,Low,No,Normal behaviour -- no red flags,17,1.44473483159841,24.56049213717297,5.424997501777552e-05,436972.0561460001
2142,bc1qm7hkl2j4lk6guuer85ld3dz4mnl8yr7kkxrfxn,17.5,Low,No,Normal behaviour -- no red flags,16,1.753032328850238,28.04851726160381,4.962824007968351e-05,439110.0131143333
2143,bc1q9lnrh8tauuwnz2f8zgzzqh5gk4aju5mtq778r6,17.5,Low,No,Normal behaviour -- no red flags,26,2.4351046983398024,63.31272215683486,8.85932493948854e-05,301318.6131198
2144,bc1qxkkyx5jwv2v5qjgncrsrgfpaaph8u4ghmvlqa7,17.4,Low,No,Normal behaviour -- no red flags,22,2.4881162874222884,54.73855832329034,0.0001392107523938,354844.936941
2145,195Zh1GbQXFwzpGv8KjaU5Cr2VD2S9v6hN,17.4,Low,No,Normal behaviour -- no red flags,18,3.1808107781135164,57.2545940060433,8.449518903845267e-05,429339.9276745882
2146,bc1qppaukyf3at6k9v9ewvrwqnf8xlwd4njramffsn,17.4,Low,No,Normal behaviour -- no red flags,15,2.629589032012569,39.44383548018854,7.527943053316027e-05,547339.7007462143
2147,19iXk5XLkM9X8vdu2kB27AqimjhPgZJjTZ,17.4,Low,No,Normal behaviour -- no red flags,24,2.304832312393012,55.31597549743229,6.241386546737424e-05,324651.40398117393
2148,bc1q6f6uher9jse79sd3j7pq9mtvn257xk3qku266t,17.4,Low,No,Normal behaviour -- no red flags,23,2.918007416473647,67.11417057889388,0.0001164321762086,325975.9461494545
2149,1LBvWVX48UzwL3ckJVRzjtfec1LB6yLZCu,17.4,Low,No,Normal behaviour -- no red flags,18,3.130536622808426,56.349659210551664,8.487228073218336e-05,449766.71692358825
2150,1DQrtd38McLFMnncW9PVevsniyQoezAEZQ,17.4,Low,No,Normal behaviour -- no red flags,27,1.994487058613998,53.85115058257794,8.913540365818379e-05,276818.5274657692
2151,1PAoKRNJ27sLXcP8NKvLa2jHhQ8ELPaShA,17.4,Low,No,Normal behaviour -- no red flags,19,3.24818503531001,61.71551567089018,0.0001058610182278,416071.899524
2152,bc1qrnlhnr8z6lg8pzx63ha0pad9qdavcmt5uclexv,17.4,Low,No,Normal behaviour -- no red flags,18,2.893329908395432,52.07993835111778,6.568559470561182e-05,437243.4788982941
2153,bc1psc247kyn2uqfm8lhyq86ddy35pqdv2cyg8jw0a52vv89qpeg8e9sjt2vlf,17.4,Low,No,Normal behaviour -- no red flags,25,2.495733318638836,62.39333296597088,0.0001021870650238,277237.0737985417
2154,15DZ9DrjghBu4qV448tfQHVHQBZmatMxYr,17.4,Low,No,Normal behaviour -- no red flags,24,2.613933868333389,62.73441284000133,8.584947976794951e-05,297150.07708747825
2155,35D4SPZ5Nxb9TeAKKrYWc6Ccwk8MJ2vnZ6,17.3,Low,No,Normal behaviour -- no red flags,21,1.7223180284219926,36.168678596861845,0.0001404960485084,351079.56923955
2156,3MbPMLmqkC6WRYaUCHXw6ih33vXTzd7XDQ,17.3,Low,No,Normal behaviour -- no red flags,23,1.3144955542781949,30.23339774839848,0.0001158469372931,332572.3066495455
2157,3AMET86qmweTc6Pexb3RRo7q17HE74vbN8,17.3,Low,No,Normal behaviour -- no red flags,19,1.6506992454921212,31.363285664350304,0.0001475445693435,386038.9576584445
2158,3E9KbuWggHyEFRv7redqbaYjteEAWuRPgX,17.3,Low,No,Normal behaviour -- no red flags,14,2.332077262509132,32.64908167512784,6.89838551357221e-05,544454.5937509999
2159,1KqcEaqeMzBZcgsMxF5bAHsPWxzfT8z34a,17.3,Low,No,Normal behaviour -- no red flags,22,2.366475446203834,52.06245981648435,0.0001406753106682,297785.44769828574
2160,18pKZdNW6ZvoV6DdfiE5Jb9K7vypN5H2wa,17.2,Low,No,Normal behaviour -- no red flags,19,3.0301950864392206,57.57370664234519,7.489012959031843e-05,407533.169208
2161,121aMR17WL92aUxMw3q9byvwSicK8gBv8u,17.2,Low,No,Normal behaviour -- no red flags,27,1.9406477698406048,52.39748978569633,0.0001093748837153,282487.59451673075
2162,12yg17FtbdsHbuaf8ZAHs1FCpsB3Tp7Gnk,17.2,Low,No,Normal behaviour -- no red flags,25,2.5738535952917863,64.34633988229466,9.743903486635287e-05,287530.8438959583
2163,1HxvBRC1Mh2Zo64VENNeWdzijmpSBeYPZu,17.2,Low,No,Normal behaviour -- no red flags,26,2.291874237421124,59.58873017294921,7.929266104932043e-05,289373.09314843995
2164,1FsSAsa7YcdkdfLedvpG8TKiwYBAs2svg9,17.2,Low,No,Normal behaviour -- no red flags,18,1.6746827396697772,30.14428931405599,0.0001500536925034,408446.2159654117
2165,bc1qrmlkm2aat6j9ksraxceslnvhx02vcr0yqqcn4u,17.2,Low,No,Normal behaviour -- no red flags,24,2.7490330042924174,65.97679210301801,0.0001003998212729,299753.5750309565
2166,1MDkwYRUszxMcffyzyWWD9c6tMH5xgFQYh,17.2,Low,No,Normal behaviour -- no red flags,20,3.2398951732100203,64.7979034642004,0.0001005909314818,382570.7933224737
2167,39ajZRvNMr4JCyEk9c4ZAM8cYCkzNohV4n,17.2,Low,No,Normal behaviour -- no red flags,26,2.221756107041436,57.76565878307733,0.0001101900366195,263016.31990748
2168,bc1q7p0wglqg3z78xx8d9td0dpcxqs6rf69d7lvyjt,17.2,Low,No,Normal behaviour -- no red flags,25,2.1001449777763623,52.503624444409056,9.943483545671546e-05,241613.9982579584
2169,1WXSNxwC6unhs3sD1yFSbvF5jxzr1p5N8,17.2,Low,No,Normal behaviour -- no red flags,16,1.172353683926978,18.757658942831647,9.831614792798912e-05,485064.9186680667
2170,bc1qxr7wuckakw3r7x94256mwajn934ufnjzz4uzzy,17.2,Low,No,Normal behaviour -- no red flags,13,2.922619982541492,37.99405977303939,0.0001061059194917,471024.5603775
2171,1LoyqN5SHXbxKaEjpg4dUSo2KyYKVhzDoK,17.2,Low,No,Normal behaviour -- no red flags,13,1.973044914117983,25.64958388353378,0.0001289388662177,559403.2252055
2172,32ayMFjJwtYCkpPnCm2uXEDn5DFLqcAEAt,17.2,Low,No,Normal behaviour -- no red flags,20,1.32600102226347,26.5200204452694,0.0001261857623143,383011.4783126842
2173,3JGpWG5nFM7UhBxsCkMkMA9Aym2xMvJfpE,17.2,Low,No,Normal behaviour -- no red flags,26,1.7129528430571883,44.5367739194869,9.239085392370902e-05,287475.91194120003
2174,1PNRuyJ3xDq1C1V9qRgZSLD97ZVR7HcSmB,17.1,Low,No,Normal behaviour -- no red flags,20,1.7281394610280276,34.56278922056055,0.0001443840571216,392739.3917220526
2175,3DZv3oBiiHmxMYDLVggffBSn8qpA4mdWg8,17.1,Low,No,Normal behaviour -- no red flags,27,1.882463292082741,50.82650888623403,9.006363062158424e-05,297212.74932834617
2176,3EYhtcd83WuCNe6aWPVkvgkYjHhHgzLZrv,17.1,Low,No,Normal behaviour -- no red flags,27,1.797795176216859,48.54046975785519,8.921812077017663e-05,284747.10799626925
2177,bc1qcl35aq0a7cv28rw40wwru8lzny9npn6h6vfn0l,17.1,Low,No,Normal behaviour -- no red flags,14,2.054729598526092,28.766214379365287,7.958170646932882e-05,571805.9837501539
2178,bc1qlc8ylf392umk4qs9839f6syceg9lyh5hl84rsm,17.1,Low,No,Normal behaviour -- no red flags,13,2.2413776985372573,29.137910080984344,0.0001240997206834,568561.1402631666
2179,bc1q6nh5z2xel8rr42vnpsvxr4xmcjygpnsq4svwep,17.1,Low,No,Normal behaviour -- no red flags,18,2.293461728319771,41.282311109755874,0.0001497383895046,418098.1466135294
2180,1Cp5WjUw7UUtYxSY3isYQtXGNN6QHPXrpA,17.1,Low,No,Normal behaviour -- no red flags,20,3.340902327161062,66.81804654322124,9.876256853384026e-05,360935.63614068425
2181,3DZPkneEcJ1gBNFqcE3b6rCUxenxhnouZm,17.1,Low,No,Normal behaviour -- no red flags,16,3.193100063381695,51.08960101410712,9.72741033117896e-05,470699.73969706666
2182,1C4F5775kmpjoFNnrnfpgYcVGzbeP96h1b,17.1,Low,No,Normal behaviour -- no red flags,14,1.421689704046873,19.903655856656226,8.948895389245731e-05,513611.00713530777
2183,1FQiLMTcsmPbXEdx1QtJBkCaLpJxUfup86,17.1,Low,No,Normal behaviour -- no red flags,20,2.800408473124029,56.00816946248057,0.0001306616544779,365757.0413653684
2184,172xhWUcfBsZiTz7JwgLjbxky94vKBaVXm,17.1,Low,No,Normal behaviour -- no red flags,17,3.1716609058911645,53.9182354001498,0.0001026155123916,454524.434509375
2185,3JdS8NDwLHwcP4U8sfqjnwqihnPxsAHAd2,17.1,Low,No,Normal behaviour -- no red flags,17,3.061331269082974,52.04263157441056,8.671168823345916e-05,464613.5820201875
2186,3PLKXkCT2johg2CiwoWKVfnELM4z8n4YT5,17.0,Low,No,Normal behaviour -- no red flags,22,1.5207538785384782,33.45658532784652,0.000134837882036,354546.5920540953
2187,1AoosZsnuFzeUa87UVTvAXC8EaM5mzgqXu,17.0,Low,No,Normal behaviour -- no red flags,24,1.354039296142677,32.49694310742425,0.0001038582317067,310676.7978164783
2188,bc1qruredjm949vm37tftjd99lhue4wyq4x7q0j98d,17.0,Low,No,Normal behaviour -- no red flags,23,1.3316490805130765,30.62792885180076,0.0001162027631105,342026.17209022725
2189,33uDgTJQMEzwZPXeAfJKMBZsDPduyS9qBs,17.0,Low,No,Normal behaviour -- no red flags,21,3.081747374922565,64.71669487337385,0.0001094249526407,351604.03420055
2190,bc1qkmkk75vhqutq7y4gtyqmdtytpj3p8lh8kvvqzf,17.0,Low,No,Normal behaviour -- no red flags,13,1.5696491617915336,20.405439103289936,7.289162860982984e-05,497347.2936076666
2191,19Bhv3Y4U4xncfXMTnNErKm37watKhvvGM,17.0,Low,No,Normal behaviour -- no red flags,14,2.3692043967072896,33.168861553902055,0.0001135389462053,570059.1396843076
2192,157tmmHWoD9FyUeTPtVbiz1Z3aFvKnY941,17.0,Low,No,Normal behaviour -- no red flags,23,1.8945732180084096,43.57518401419343,0.0001399640559914,346203.0950083182
2193,35fonCEDRqTvfGcCaRYAzuJrcgobQ6GgkS,17.0,Low,No,Normal behaviour -- no red flags,15,2.161899065927607,32.428485988914105,0.0001463712381597,500183.3482807857
2194,bc1p7zfc837gefhzrgsaj72vp4k9cy8mvc4vspatay72tfhx7akn2pksjj0ysc,17.0,Low,No,Normal behaviour -- no red flags,24,2.714774623854559,65.15459097250941,0.0001155432935537,328148.24373817386
2195,375My18G64BbqRhPbYA8wMDLu1fDRbfRxs,17.0,Low,No,Normal behaviour -- no red flags,26,1.722586597381715,44.78725153192459,7.689638560957913e-05,309130.60619703995
2196,3Df3biGgYb8A8fGsiCexWYsUzpNpGpeDaf,16.9,Low,No,Normal behaviour -- no red flags,26,1.5701163217417935,40.82302436528664,9.993621182821935e-05,307875.44355028
2197,3LzThMXgrxCCB5xqMcMyH2rXrJA3Zd9Ywe,16.9,Low,No,Normal behaviour -- no red flags,21,1.4676460011055237,30.820566023216,0.0001300809981818,385500.1567422
2198,1DNjdStieHj7VYmmmpBPZRLcWhzKXDXSpx,16.9,Low,No,Normal behaviour -- no red flags,20,3.337872143874354,66.75744287748708,0.0001001488989825,338129.2163373684
2199,bc1qrdw2mn6qskdza5yuu2fdyt55yzsyfc63zauql8,16.9,Low,No,Normal behaviour -- no red flags,16,2.701507557887813,43.22412092620501,0.0001343259617412,499584.1077074666
2200,bc1q02v08l8f50203t4fhq3ffsjrd9dx09ax9ygf5s,16.9,Low,No,Normal behaviour -- no red flags,20,2.8677206487095788,57.354412974191575,0.0001174094171569,398547.0194371579
2201,15bogkzS6FoVQGtkDzTZ3FCkD1QNSKd4Ad,16.9,Low,No,Normal behaviour -- no red flags,18,2.018961596920676,36.34130874457217,4.764685148220672e-05,362964.70033194113
2202,37hv9a6bsn85zHFXCgW96MXphjj7LXQYzA,16.9,Low,No,Normal behaviour -- no red flags,13,2.2848851794308707,29.70350733260132,0.00010566942283,578910.4925400832
2203,3PUAd5tLP5hp5rXj52FMiZ27X8twA6ntmL,16.8,Low,No,Normal behaviour -- no red flags,24,1.3986098409516827,33.566636182840384,0.0001122164390704,332360.423663174
2204,bc1q98yce7hefc7smnrcc4y8n5lpxhrxs0zfpzmq3w,16.8,Low,No,Normal behaviour -- no red flags,24,2.516286723823496,60.390881371763896,7.13271257568527e-05,310309.63525195647
2205,bc1qg0vlcp967ysw7zsffu7kdfe5uwt2cxk6t354ej,16.8,Low,No,Normal behaviour -- no red flags,21,3.03957983580838,63.83117655197597,8.804564673737168e-05,356471.26391785
2206,3LEKnD7Ycj4TiAkkB8QcFKsqXi6zyWt3DK,16.8,Low,No,Normal behaviour -- no red flags,15,3.2995923316078923,49.49388497411839,0.0001202452231662,409224.6454380714
2207,1AHUkZUqw3exMB9GNquES828hR4myH113D,16.8,Low,No,Normal behaviour -- no red flags,15,1.32184533430109,19.827680014516343,9.878897992258632e-05,523530.1391069285
2208,bc1q6s33xh3uwkkvskl4tyzdq47yhr8h7h743etv5w,16.8,Low,No,Normal behaviour -- no red flags,17,3.127888224217162,53.17409981169176,8.33601889219575e-05,455771.72115131246
2209,3Cte5WUNADcb9HNdPErJNd9MAvZ2f1eGNh,16.8,Low,No,Normal behaviour -- no red flags,17,1.370973734825772,23.306553492038123,0.0001304228612497,478474.072337875
2210,3AQQkXiVeg7UXbN3PAoRZ8VMGGPioryhYt,16.8,Low,No,Normal behaviour -- no red flags,16,3.026012643808049,48.41620230092879,7.503184247271208e-05,488199.2372601333
2211,1Hxq6nSruCYkXFjVTpo1x94W1tXDwhv1er,16.8,Low,No,Normal behaviour -- no red flags,24,1.5468824167329636,37.12517800159112,7.408570787406514e-05,308434.2138085218
2212,3Jb899zjeKCfN6ZQSDtjocsCfpcTPsqKYT,16.8,Low,No,Normal behaviour -- no red flags,19,2.005683939838556,38.10799485693256,4.8953288448774574e-05,430161.8171099445
2213,bc1pvdkuyx3slcawgaqhrt5qftp050g5n7vu9myqfj7dpgs6zez72hlq3dp80z,16.8,Low,No,Normal behaviour -- no red flags,18,3.10904647467898,55.96283654422164,6.850138864627605e-05,397702.508003
2214,17DXs6HkT2uxggTsMHLu8eKK5huFEPLRnL,16.8,Low,No,Normal behaviour -- no red flags,15,1.4310452573961856,21.465678860942784,0.0001119884207004,542002.272644357
2215,bc1q9ved4p7ar0ly06wchlh7xp36xndclq475vuqm4,16.8,Low,No,Normal behaviour -- no red flags,13,1.7051196329862064,22.166555228820684,9.861003702535936e-05,558521.6688693332
2216,1LVqMbo7FCu7vc2mJ6HRosUM4ezZkjd1Jp,16.7,Low,No,Normal behaviour -- no red flags,18,3.3207616527008392,59.773709748615104,9.729931916193438e-05,417388.3776665882
2217,bc1q9y7f0rzws8wr329he22udn28k033euekp2gdjz,16.7,Low,No,Normal behaviour -- no red flags,26,2.3577720624846767,61.30207362460159,0.0001137611299894,279515.84865928
2218,39RL98EjDqcDxzYa11Egrc5cnGYrHtVNLx,16.7,Low,No,Normal behaviour -- no red flags,24,2.113089066178342,50.7141375882802,6.955519775830765e-05,290986.69823826087
2219,38KH4QbZa5ucBNnpLpMxYkZZ5GjevApt94,16.7,Low,No,Normal behaviour -- no red flags,27,2.0009457001727817,54.0255339046651,0.0001034978098921,274877.8588805385
2220,bc1qatf6ethzn9ty08qzssl38p0muwys8t69nr55k8,16.7,Low,No,Normal behaviour -- no red flags,21,1.342110802146859,28.18432684508404,6.531357822212197e-05,350788.7236528
2221,bc1qfmk6nuy068g3rtjwx04pnp9k8kx38rhzfkajum,16.7,Low,No,Normal behaviour -- no red flags,20,2.897672218203549,57.95344436407099,8.104550594603517e-05,396963.6286574737
2222,bc1q9cafwhsd6904xt6u443fwzzk838hf7q0mp0xsj,16.7,Low,No,Normal behaviour -- no red flags,16,1.9927217278357747,31.8835476453724,5.48900742961515e-05,482204.2381684
2223,bc1q90vql7udnrdql84zq2mthf5wjkz2pykjkek5qp,16.7,Low,No,Normal behaviour -- no red flags,23,1.6630549006324546,38.25026271454646,7.062720354180121e-05,291546.87530231813
2224,bc1ql2wp7098qk5rn29yq26kjy89rcp564ygpgl7kn,16.7,Low,No,Normal behaviour -- no red flags,18,2.488749183370912,44.79748530067641,5.1465222096406576e-05,439314.6857030588
2225,3FBHRGcN18Rv2VE9TUC99Co3tXxjACkQpa,16.7,Low,No,Normal behaviour -- no red flags,17,3.051861565239385,51.88164660906955,0.0001071365166361,460503.54873425
2226,bc1qa9gyep98e5g6ctdtw5q06f9p3ty75clfkwqv3h,16.6,Low,No,Normal behaviour -- no red flags,25,1.500908005350316,37.5227001337579,0.0001074313147581,299609.4293741667
2227,14NWTpxbYoLgSwTDfRppiHqTL95QHu1EGN,16.6,Low,No,Normal behaviour -- no red flags,26,2.288511647634188,59.5013028384889,0.0001195403264761,287549.66144388
2228,bc1q5w08rd4xtmtjhujw22mv73s4le0lszh3myfklw,16.6,Low,No,Normal behaviour -- no red flags,18,2.401103209136748,43.219857764461466,0.0001487664403054,440769.2896582353
2229,bc1pq00w97ma73fn4ghcrlh0vsru85m9pcak4gxra76s6j9rfnfenfssw8l97x,16.6,Low,No,Normal behaviour -- no red flags,18,1.0134886883622098,18.24279639051978,9.323939041157948e-05,373995.2999161176
2230,1NQKZx1474gT1MhWLPYseKQGfhvwTn7VkV,16.6,Low,No,Normal behaviour -- no red flags,14,1.8981609134398536,26.57425278815796,6.92802948231969e-05,564394.1851764616
2231,bc1qclqta6azhalt9y7lyypmp5z7ru2quyxxxnp09q,16.6,Low,No,Normal behaviour -- no red flags,14,1.7603187346775155,24.64446228548522,6.122826281622559e-05,464901.9523645385
2232,1JC3Q1q1esoo8bzySZ24v1SvMTth272nA8,16.5,Low,No,Normal behaviour -- no red flags,25,1.6908201201253872,42.27050300313468,0.0001039726153623,280825.3870601666
2233,bc1p9qkfgccv7wmx200xtlln8eqcl0a2u5ne2s6tv5xcxffuw0jhn4pqgu3wrq,16.5,Low,No,Normal behaviour -- no red flags,26,1.9400912875971768,50.442373477526594,7.652225390513487e-05,295280.56370112003
2234,bc1q8rcw8nhrptezv8r07emvqxnedu409xaulzjq0a,16.5,Low,No,Normal behaviour -- no red flags,25,2.4647157776945243,61.61789444236311,7.628637846762347e-05,303112.107845875
2235,bc1qqeurjpjl4dclykm6nn8czta50r7jfjl3ldew8h,16.5,Low,No,Normal behaviour -- no red flags,20,2.124310138479628,42.486202769592566,0.0001434866993316,347403.8761805789
2236,1AvRiAJcDih9mYjo3KtkPuiyGvQuyEyWD9,16.5,Low,No,Normal behaviour -- no red flags,26,1.8267381471573416,47.49519182609088,0.0001176869919335,289065.52238036
2237,bc1qd4tlfd9qjw9z7lwgl3fymqptcg6md338l69gfh,16.5,Low,No,Normal behaviour -- no red flags,13,2.043544706964745,26.566081190541688,7.175402718341712e-05,544729.9605965833
2238,16nnufmKKA3te159XgEHDdx715VRF51kpX,16.5,Low,No,Normal behaviour -- no red flags,20,1.429099729426253,28.581994588525063,0.0001286381888335,363246.7270578948
2239,bc1qs27sk3ppvrp9khhcndhmqs8ex947re6pya2hce,16.5,Low,No,Normal behaviour -- no red flags,26,2.111570262894801,54.90082683526483,0.000122795740126,282539.47266924
2240,1EUCZZZF4ci2cH4U1ahVVZTbHES3qs8QPo,16.5,Low,No,Normal behaviour -- no red flags,20,1.6281858153126323,32.56371630625265,0.0001407541151383,402664.68194405263
2241,3JecDg1q3jhmNW5965kufUeFYNdyButeB8,16.5,Low,No,Normal behaviour -- no red flags,21,3.138210642469636,65.90242349186235,0.0001002508588786,361580.3950361
2242,bc1q96uwde64qphy6dv74mgn5t88uv632mq4v7jc8c,16.5,Low,No,Normal behaviour -- no red flags,18,1.2077816959274834,21.7400705266947,6.816351246484678e-05,439816.4260407058
2243,3PcALcjmP2twDLmWXB7V5pFjC7QVWLheXx,16.5,Low,No,Normal behaviour -- no red flags,19,3.14448769101241,59.745266129235794,0.0001216361539665,378847.9981591667
2244,bc1q3xa229nlgpj6kc04ucnmqn4jk3vry7ketujz25,16.5,Low,No,Normal behaviour -- no red flags,14,1.9469978019580696,27.25796922741298,7.275083271815092e-05,566643.5065637692
2245,1GDAmrXUJ9WEeTqdkVvGAEsdVJk9BAFKkU,16.5,Low,No,Normal behaviour -- no red flags,22,2.964642299506315,65.22213058913893,0.0001114472461999,329015.42183261906
2246,bc1qe8vr0sw936v0gnjyet25f50ufyrnwl3r4mtd37,16.4,Low,No,Normal behaviour -- no red flags,20,2.7181062390013824,54.36212478002765,5.8920394035882345e-05,366900.6756567895
2247,bc1qclwkjjduyqrxvg3e5cnysgx2947acaledj28h4,16.4,Low,No,Normal behaviour -- no red flags,16,3.1193018167495423,49.90882906799268,6.56765413929713e-05,385823.9438314
2248,bc1qxaw7vx5q3vlah3lzsdw8wcrhcu6hwwt3q3ml35,16.4,Low,No,Normal behaviour -- no red flags,13,1.5345378406320422,19.94899192821655,7.446637947033714e-05,481811.79455275
2249,bc1qyeddtatrxdps2ucv0ewjlspspzg8aq4vxpnwns,16.4,Low,No,Normal behaviour -- no red flags,22,1.239088465119442,27.259946232627723,8.03230740627749e-05,334225.4688386667
2250,3G9P5oBHAbbC2MtBRAVeDAy25ZbNDmmMsQ,16.4,Low,No,Normal behaviour -- no red flags,25,2.485310761919199,62.13276904797998,0.0001040922065511,289331.99944658333
2251,33ztSLcWkVy6LDpDmxVsAYFps6nbHLZJ2r,16.4,Low,No,Normal behaviour -- no red flags,15,1.7902915724503974,26.85437358675596,0.0001417604395387,528861.6585648571
2252,bc1pdtxdddc04rmwjfs6l94349qp4hw9286z93wtgcr7qpfkf3qhu7zshkvk09,16.4,Low,No,Normal behaviour -- no red flags,16,2.128293304195133,34.052692867122126,0.0001316349191138,291259.2103934
2253,bc1qk6xmh24nk5m4zcy30s77memrheyh0tueuh6ptd,16.4,Low,No,Normal behaviour -- no red flags,14,1.6945591778353584,23.723828489695016,8.377716299464459e-05,572424.6427734615
2254,17xeXwdcBTyACrqcD7mu4LcU38KCu9yE11,16.4,Low,No,Normal behaviour -- no red flags,26,1.792313406386002,46.60014856603605,7.567459233145215e-05,299023.30683236
2255,bc1qmrs9tshs0f64mrzjqx5gjw9qd4qxfgk3g0rqrw,16.4,Low,No,Normal behaviour -- no red flags,23,2.178047202571032,50.095085659133744,5.893032073610139e-05,321969.872688909
2256,1PhyXqeMTi1erwB7vjSpi6kwAk6ZojfKH3,16.4,Low,No,Normal behaviour -- no red flags,20,2.928829387559848,58.57658775119695,8.44505612753556e-05,396143.1656573159
2257,bc1qp0ggflmap2nacsjpnnuy44qhr0gepgvkks0ldf,16.4,Low,No,Normal behaviour -- no red flags,14,1.8199471839413697,25.47926057517917,0.0001041403526818,591918.7213834616
2258,bc1pm0gxs0jmx9ueg4dm7pxeq0ad7nrkufh2f3h5vkkjxkace36gs3tsv627q5,16.4,Low,No,Normal behaviour -- no red flags,19,1.4243849927087922,27.06331486146705,0.0001227497225226,312435.5182845555
2259,bc1q7eau857nruwjaguxvmejxggfsw73utqy468zd4,16.4,Low,No,Normal behaviour -- no red flags,19,3.206731776148911,60.92790374682931,9.632529863627972e-05,406870.1092726111
2260,1J37QpcGD5Mz2BRecNDj6c9CzfWrwHRdUW,16.4,Low,No,Normal behaviour -- no red flags,21,2.778117472696579,58.34046692662816,0.0001267392200377,355872.94802165
2261,1NFbVP1TsKPDPyDL42US6U47UqyKXno7zx,16.4,Low,No,Normal behaviour -- no red flags,20,2.935145025163159,58.70290050326318,0.0001225496044917,385309.5894232105
2262,14ZRWHbzZBF1yveMCNeuyPteChsqN3vNnF,16.3,Low,No,Normal behaviour -- no red flags,26,2.400914802313459,62.42378486014993,8.867614820005112e-05,304719.97441
2263,bc1pvjm528ezlgspqxtuc04mk6rhsdjl7csz6es9e9yh4e4u7kqsw7ssn7seql,16.3,Low,No,Normal behaviour -- no red flags,22,2.917220191281444,64.17884420819176,9.652313994179014e-05,360776.7137374762
2264,13YN7xkqeth2BBwYLSxtoQbpifk7rPfgbC,16.3,Low,No,Normal behaviour -- no red flags,15,1.6015021270004175,24.022531905006264,6.493575914802336e-05,516310.23574664287
2265,1HamvW4WfYu5RBLqHtfjnPcMJNpQAZ7J2q,16.3,Low,No,Normal behaviour -- no red flags,14,2.202842869895126,30.839800178531767,0.0001213776122163,579184.9480107693
2266,bc1qvwru2ggg2x9sw8ex5d900fjpsz3w4h52kq4acl,16.3,Low,No,Normal behaviour -- no red flags,23,2.852797151753035,65.6143344903198,9.211292881537086e-05,312976.188786091
2267,bc1q3ha6lq6x6g3y86c5aph5llf494gxn86mmfnez6,16.3,Low,No,Normal behaviour -- no red flags,25,1.7090982838673043,42.727457096682606,7.804946860546823e-05,293525.8227986667
2268,bc1q4anm8pk04f7dfzgagwzuh2ww7zcqkj3e00te0f,16.3,Low,No,Normal behaviour -- no red flags,17,3.098373023928464,52.67234140678389,0.0001020710917066,456620.9856244375
2269,1PS36KneeTnJGk4wqBTXHcDuizzfYAi5vZ,16.3,Low,No,Normal behaviour -- no red flags,18,2.984473579022894,53.72052442241209,6.950833529776606e-05,438806.4828302941
2270,3H1KGpAA1eRdDvBfy7iGWquswoPS2Xj3eY,16.3,Low,No,Normal behaviour -- no red flags,14,2.24093448452036,31.37308278328504,0.0001244652891067,563785.0254728461
2271,bc1q7r3s4djhkdkha8x8kjjtushc60mwj2jl253q8q,16.3,Low,No,Normal behaviour -- no red flags,25,2.012760702369343,50.319017559233565,0.0001259094196219,290976.90813554166
2272,bc1qdjs2rtd4w0ql8xf3kwrl8yyx2hp20snyhnxdjx,16.3,Low,No,Normal behaviour -- no red flags,19,1.119232926533842,21.265425604143,0.0001112562999782,400565.9484066111
2273,bc1qpkn4zeqnl3qcva387gadwgyg2ws00rpxme4kmt,16.3,Low,No,Normal behaviour -- no red flags,14,2.973091517846072,41.62328124984501,0.0001052122407052,494643.1716123847
2274,bc1qca956yctf2wqxxgmuzj50l4r5zch25rw0rfx8h,16.3,Low,No,Normal behaviour -- no red flags,25,1.6876698342831424,42.19174585707856,0.0001246957853908,304514.42218841665
2275,1Fjio7vCEGrYYBher2w9KDK7hcg1vq6Pu5,16.3,Low,No,Normal behaviour -- no red flags,26,2.251107145999373,58.52878579598371,8.257547103077134e-05,272022.0844918
2276,3Ej8X2YyHFUCfwGKUL5jR3tSEXgFPL9hjg,16.2,Low,No,Normal behaviour -- no red flags,24,2.7444053321751767,65.86572797220424,0.0001036781075818,308817.726021
2277,bc1qfem06jeampq49an43wgd7pfldjfa2nq96whd47,16.2,Low,No,Normal behaviour -- no red flags,14,2.086738603663415,29.214340451287807,7.199940074849227e-05,550340.2935157693
2278,1NVpth4xuzGhPgHVaST474XzFXxy9Pznd6,16.2,Low,No,Normal behaviour -- no red flags,22,3.0300047242553494,66.66010393361769,8.817233319433857e-05,320980.45995438093
2279,3PjRaju3FLav6j4Tccqm4obzFWoEMERpQt,16.2,Low,No,Normal behaviour -- no red flags,14,2.48510413623439,34.79145790728147,6.683944629810054e-05,511164.76019492303
2280,38Lqzi4uXir2Uu5E1LJSFh6ebhFfy7q956,16.2,Low,No,Normal behaviour -- no red flags,22,1.5237422744150748,33.522330037131645,6.39102971391789e-05,322082.4315229048
2281,bc1qlched49450e9ef6rfc83yhdv9acxhmchk5cnjx,16.2,Low,No,Normal behaviour -- no red flags,22,2.6950995692023096,59.29219052245081,0.0001311999530719,308792.79365723813
2282,12hHh6jWmofDhTqjhn3y3Gi1AyF65AdMWd,16.2,Low,No,Normal behaviour -- no red flags,16,1.3369555004715434,21.39128800754469,0.0001256480756912,492330.5149409333
2283,bc1qrsrkge9dtlg52c2s4pt9jmz88ag6t6gmhkkw77,16.2,Low,No,Normal behaviour -- no red flags,20,3.0921742492373445,61.843484984746894,8.833122449538004e-05,370296.567391
2284,3P7zLmegAg3trVjWzzRpzwGAhjiKUNM2Kp,16.2,Low,No,Normal behaviour -- no red flags,24,2.6878988661538887,64.50957278769333,0.0001113690656417,331709.8073943478
2285,1AHZv2RC9yW7t6GYCvbAjPDSFekc46rtGX,16.2,Low,No,Normal behaviour -- no red flags,19,1.7851606268111986,33.918051909412775,0.0001284708593625,280074.42543961114
2286,3ChfT4vVRm1rSrghuzPixAFmSqrktTkYCe,16.2,Low,No,Normal behaviour -- no red flags,15,2.898862537183775,43.48293805775663,0.0001148575455952,526229.3332454284
2287,1A4g5eGUfrh6X2Ws7ZjjUa1Jxnh1GfRLSy,16.2,Low,No,Normal behaviour -- no red flags,22,1.5610612958820638,34.3433485094054,0.0001234499921075,290360.26530514285
2288,bc1qluf0ng895940rnuj9sn7xd6jhfeyrwztst5066,16.2,Low,No,Normal behaviour -- no red flags,16,1.2208332268908182,19.53333163025309,7.787041526987775e-05,471653.550349
2289,16e1U9eJJuwp97yL9jJPEgqRzgEN4Kqu5B,16.2,Low,No,Normal behaviour -- no red flags,13,2.6397112816239487,34.316246661111336,0.0001268923237654,505286.7783074167
2290,1P8TprJBPS9mFei4P9RKoZSi362DqM71ZS,16.1,Low,No,Normal behaviour -- no red flags,15,1.7707785395172977,26.56167809275946,0.0001433667668393,513497.1183122142
2291,1Q9vYXoMbQ2jt89Hsa83ddvM36zDvWDNDk,16.1,Low,No,Normal behaviour -- no red flags,20,1.6492874705367826,32.98574941073565,6.025823710698726e-05,367445.4911178421
2292,bc1p9tjd9re0sask7z70fechhtl3ejjk6ufa8y3pxpk3g7e2enfwvsrqgtk05l,16.1,Low,No,Normal behaviour -- no red flags,17,2.8044736809719173,47.67605257652259,0.0001257943216269,479414.5718135
2293,bc1quw7hhktpw7xe26skw3r05qmjc3z27ajpft69d3,16.1,Low,No,Normal behaviour -- no red flags,19,3.039720611100191,57.75469161090363,8.936008290522398e-05,416455.4991024445
2294,bc1pgygn2j8peqhuepfuzw7xtag828rmp7n4tlxry8x905ft8704r2cqum7a2n,16.1,Low,No,Normal behaviour -- no red flags,17,3.1295029179272533,53.20154960476331,8.173679022740026e-05,423680.3626481874
2295,bc1qanvestlh0a8watte4twm59jtyslvl8n6crumr0,16.1,Low,No,Normal behaviour -- no red flags,25,1.7162194196197391,42.90548549049348,0.000119682878912,297737.3823483333
2296,3DFSorcXWgNpGmhjfi9G1bfFtDZuQVvCDH,16.1,Low,No,Normal behaviour -- no red flags,14,2.112424979486889,29.57394971281645,0.0001419547976724,497727.7067315384
2297,3DgTadGz11eXbZ9S8bnsV2yEtL1DoqfvqB,16.0,Low,No,Normal behaviour -- no red flags,13,3.128560464569695,40.671286039406034,9.098840028234368e-05,426349.9200849167
2298,bc1qfwycslnamh3pv0mu6ax268hcur3ftpyf478fnp,16.0,Low,No,Normal behaviour -- no red flags,12,2.1341097263558866,25.60931671627064,0.0001219609296716,509800.8467620909
2299,bc1qkueu0kg9znxt2d4zfyww6lt3n9d3xqvmm8hr48,16.0,Low,No,Normal behaviour -- no red flags,17,3.1098978548527545,52.868263532496826,9.671682089760842e-05,454971.34959175
2300,3GVQ53Bsaq7mnsVuXyifJzHZjPo1yMHSXG,16.0,Low,No,Normal behaviour -- no red flags,25,1.6337418984623973,40.84354746155993,9.67770033048457e-05,295719.84436983336
2301,bc1p2h5ft5jje9aqew0smztzd8kzykp675cxnrgeytuccv3tj9h5w8rsvmr4jk,16.0,Low,No,Normal behaviour -- no red flags,26,1.9856604453568167,51.62717157927725,0.0001151807573033,273495.2356406
2302,bc1qgnc63v0v6fk6mgv7jvkw0r5wj2me9r6thd3j70,16.0,Low,No,Normal behaviour -- no red flags,14,1.7972540912503852,25.16155727750539,0.000122232549112,562161.7899112309
2303,1MGtFgojmsGcKHv7WPxWTC3m3Apr8LWfju,16.0,Low,No,Normal behaviour -- no red flags,14,1.487291625436523,20.82208275611132,7.839303806752645e-05,491844.402105
2304,bc1qcxjygpstumax8kwdrwmald4e3czspwgxkpwg9s,16.0,Low,No,Normal behaviour -- no red flags,26,1.922543907013704,49.9861415823563,0.0001102464769554,279538.22218004
2305,3AUQJZY9Cs88fwL3X3rC9bZSo3Fb8qUCak,16.0,Low,No,Normal behaviour -- no red flags,21,3.020558056780044,63.431719192380925,9.985039501465796e-05,363678.51760805
2306,1GXUnH7jgtEgiTS6jFr6v8C5m8xpdBoeyW,16.0,Low,No,Normal behaviour -- no red flags,15,2.1884281643650985,32.82642246547648,5.912714072711918e-05,486555.040544
2307,39Lym9guDA6C3TiVesyvHKB2asRvNsuJGw,16.0,Low,No,Normal behaviour -- no red flags,13,1.9856220291355,25.813086378761504,0.000105654250754,580457.3871775834
2308,1CW4nagCxmQwAi19TmTujG4gtUoHKnMXoh,16.0,Low,No,Normal behaviour -- no red flags,23,2.8518261649411696,65.5920017936469,0.0001090174656856,329048.5844842273
2309,bc1qr7wyszwc3y5fthxcuyx27cqz2zrkc8nkqkrsp4,16.0,Low,No,Normal behaviour -- no red flags,26,1.7430838367309294,45.32017975500416,8.930520618176865e-05,291934.10565051995
2310,1wo8mjNdrMkU9dcdejJY4uiXkuN7VJywE,16.0,Low,No,Normal behaviour -- no red flags,18,2.965988558521472,53.3877940533865,0.0001151835330359,439336.25463970593
2311,14bHPLbB1FKfWZsczX1CnoCaM4DGMW1enJ,15.9,Low,No,Normal behaviour -- no red flags,19,3.249406120625611,61.73871629188661,9.421143499743214e-05,396780.6348581666
2312,1DJwdGkbPRMByfCZ7fdNJZdmS8xvMNgBpP,15.9,Low,No,Normal behaviour -- no red flags,18,2.3578922693951507,42.44206084911272,0.000142182077239,330364.111575
2313,1Let1GkqE5fU7tjZh16Cf21GmM9vdXPDhJ,15.9,Low,No,Normal behaviour -- no red flags,23,2.716540684130488,62.48043573500122,8.397855928919668e-05,304002.21397854545
2314,bc1p4lzfwn5eretzsrnpf52l9rvm92jxmef8lj9eefm3g2k7ynv8wc8qfgjw3j,15.9,Low,No,Normal behaviour -- no red flags,24,1.385289578944344,33.246949894664255,9.303312506669702e-05,323730.63902969565
2315,bc1pmmtj6yzn68las7t8umth5uu2p9dxu8vucmf5vm527ze985gr32aq4h4exw,15.9,Low,No,Normal behaviour -- no red flags,13,2.505291648629372,32.568791432181825,0.0001120360582791,553771.4646615832
2316,bc1q66rpp0a38eqndaekyncppvu9ftzcl57nynltpa,15.9,Low,No,Normal behaviour -- no red flags,24,2.6575985460855027,63.78236510605207,0.0001155667206306,313796.663548913
2317,36KXdbzpPYjrD3od7qpnC59pqrWgYNgAG4,15.9,Low,No,Normal behaviour -- no red flags,14,1.6835784769234123,23.57009867692777,7.492966720944411e-05,551637.2312258462
2318,12FZoEgMi69ELYdeM95r5h4C3r5DHfg62v,15.9,Low,No,Normal behaviour -- no red flags,15,1.689930252647065,25.348953789705973,0.0001374524233974,511949.4061687144
2319,bc1q7hqvux2cysvs93yexny8fpkr6raq5q94cnhptq,15.9,Low,No,Normal behaviour -- no red flags,15,1.2749328195975738,19.123992293963607,9.679784528998948e-05,494427.0280488572
2320,1BHLAZAjVd17vuX5oMwFsQVnZcKZjgVhyL,15.9,Low,No,Normal behaviour -- no red flags,26,1.7559662788299748,45.65512324957935,9.203361849666684e-05,290722.98946912005
2321,1NaVxSCjMSdZpZmFuVWU8VF3DSskJwRWWR,15.9,Low,No,Normal behaviour -- no red flags,25,2.197539812145968,54.93849530364919,7.868812364734287e-05,278513.0850382917
2322,bc1qryxyju25dxj0486uqve9kp4k44tx4etsg4z3rw,15.8,Low,No,Normal behaviour -- no red flags,22,1.7078183071073392,37.57200275636146,0.0001368233848416,324169.24906023813
2323,17LbAAUk87K4QEXCfHYFeNKj2Q4s4LVkdy,15.8,Low,No,Normal behaviour -- no red flags,14,2.783749146603236,38.97248805244531,0.0001163440003539,502254.9270063847
2324,1L4XJN4XrJev3wdd37kwNMEJc52WC12dzS,15.8,Low,No,Normal behaviour -- no red flags,15,3.1018843402376124,46.52826510356419,0.0001095378345611,499395.7226512144
2325,1MJaP5uDtsE1ECqnv3GhdLPZ3p2FYTV7ba,15.8,Low,No,Normal behaviour -- no red flags,16,3.136415238140877,50.18264381025404,9.968129135401396e-05,515888.2696768666
2326,1EKfvpw6nKbtMfFgbZnUPmyZ6jPtHQz4yi,15.8,Low,No,Normal behaviour -- no red flags,20,2.8379226096289663,56.75845219257933,0.0001240014863123,389625.256540158
2327,bc1qkm6n026asyrq0hzu826qslqcs0c950aegrqahw,15.8,Low,No,Normal behaviour -- no red flags,25,2.4725012423921853,61.81253105980463,9.962433224722177e-05,278141.1707625
2328,199vGXS2c2C7m72SrfdZyWgD9BNuQPDhgj,15.8,Low,No,Normal behaviour -- no red flags,13,1.8581968341280088,24.15655884366411,0.0001029734005571,581476.1440894167
2329,bc1quqyfdve8zw793cujk86g0xv9zgaelwvexmsfnc,15.8,Low,No,Normal behaviour -- no red flags,24,2.6007085540714967,62.41700529771592,8.717858141347621e-05,329174.94271726086
2330,bc1qesps5pnyrzs00j7u94776mmstwsruuqcc8lkzn,15.8,Low,No,Normal behaviour -- no red flags,14,1.3395400840137768,18.753561176192875,9.234709433132918e-05,458870.1758906923
2331,3MByYEW4DEzLzETx8VR6gJpDX3DgNWzTbD,15.8,Low,No,Normal behaviour -- no red flags,21,1.4069248418862867,29.545421679612023,0.0001231307100642,320484.89346730005
2332,bc1qtgd8872c0mwlcpme0wje2xuyurv7sw902z8yrj,15.8,Low,No,Normal behaviour -- no red flags,17,3.212016282945916,54.60427681008056,0.0001125707212946,412886.440255875
2333,1CEWFKiwNAkEZSEqv5BaiCgPBahXkibT5H,15.8,Low,No,Normal behaviour -- no red flags,15,2.606891485759284,39.10337228638926,0.0001331425205522,498155.787811643
2334,1cfhqCpkRWQrGdnNFHikXVoC2gMqdky5U,15.7,Low,No,Normal behaviour -- no red flags,14,1.6211230874306055,22.69572322402848,8.208676747207393e-05,536003.131093
2335,bc1qmrqqe5t6lxy4nzrt2ujklfk0mwmz5zssvxh5c2,15.7,Low,No,Normal behaviour -- no red flags,14,2.830702742625855,39.62983839676197,0.0001028534813122,486499.02147092303
2336,16dkhircvUNpvk7eB6sjdkiwxermxZukpR,15.7,Low,No,Normal behaviour -- no red flags,17,3.30145497779428,56.12473462250276,0.0001057956385243,436072.9458449375
2337,bc1p3d0tsqraes8u65rvct09gx5wawsl8aaumwepqkv50k7a556nqqxq6zkphy,15.7,Low,No,Normal behaviour -- no red flags,17,2.806563339170266,47.71157676589452,6.081971242578122e-05,400591.589218
2338,1B73RrdBhA1KnUTTpGGzM5XbFYf7rpCeDa,15.7,Low,No,Normal behaviour -- no red flags,18,1.7096822122376174,30.774279820277112,0.0001464903488008,395183.0589554118
2339,3EWRwiuzDo2VySuL3Bn4Bzxy7i9XW4NFRz,15.7,Low,No,Normal behaviour -- no red flags,16,1.2321592223018558,19.714547556829693,9.021949954096436e-05,344398.32260813325
2340,1G1is8csiw4fSNRNXbi8aff9TGV2KGakTG,15.7,Low,No,Normal behaviour -- no red flags,20,1.1747915235330673,23.495830470661343,0.0001035970355257,339231.7909906316
2341,113FxAvv9u5NMBraKUGZJWY5m28iymszHZ,15.7,Low,No,Normal behaviour -- no red flags,14,2.833671822745007,39.6714055184301,9.25668236564248e-05,491836.7595859999
2342,3NPP7JP8KUGYsM6AvDHiQsdtxs6GKDDrQG,15.7,Low,No,Normal behaviour -- no red flags,18,3.333844291114646,60.00919724006364,0.000103135488948,344072.9354109412
2343,3AC195bx9mqPmxGeHXKiu8YnQw2gLzC9er,15.7,Low,No,Normal behaviour -- no red flags,24,1.4119145276337095,33.885948663209035,0.0001212606818737,323551.3903673044
2344,3CwyyvSH9rANfvcyvQor6pkmmJDyJaEhE8,15.7,Low,No,Normal behaviour -- no red flags,24,1.3535950388707656,32.486280932898374,0.0001072774311148,327630.1004024347
2345,1H1VUYC8K2Si7KqWfCrcg5c22Tj598XWe1,15.6,Low,No,Normal behaviour -- no red flags,14,1.4853646820638269,20.795105548893574,0.0001024399315496,501981.5055269231
2346,bc1qgvql0xp82pkw2kc50079rfc03ng8cwpz8ct742,15.6,Low,No,Normal behaviour -- no red flags,13,2.99811472783848,38.97549146190024,8.88000238942579e-05,407798.3640156667
2347,1DEneKzRXLYup232QYjuFwF17japbZbGjy,15.6,Low,No,Normal behaviour -- no red flags,22,2.864857597109766,63.02686713641485,8.32650498049551e-05,351628.76097566664
2348,3QLZsUcqiU2DVmgXxZii4AVmTwEcfsSkJ7,15.6,Low,No,Normal behaviour -- no red flags,25,2.4764141297406703,61.91035324351676,0.0001078263570681,288615.9786874167
2349,bc1q9rh2keye5ppw9cw8q43e8fl08mc8ss7xvu3d4j,15.6,Low,No,Normal behaviour -- no red flags,17,1.225817202123992,20.838892436107862,7.621940315518566e-05,341158.2454356875
2350,bc1q6gf5dd9krnzth9rkudfa4y4rza9z96ehaxkvrv,15.6,Low,No,Normal behaviour -- no red flags,23,2.8642380831835568,65.8774759132218,9.487564509804222e-05,334681.1239820455
2351,1CcHbgL6UXkXVpzv4jLjT1s7ReaK1PejUX,15.6,Low,No,Normal behaviour -- no red flags,19,3.170199466718997,60.23378986766093,8.940578506398908e-05,399231.9478695555
2352,bc1qv5vtenc3a54htjd6aveqj8aamfqegp7gu7tra8,15.6,Low,No,Normal behaviour -- no red flags,23,2.8393066152276414,65.30405215023575,0.0001054625871418,336306.2100210454
2353,1NPuHHBmfhHPajNjN82NtAm5r3YUz9EDxn,15.6,Low,No,Normal behaviour -- no red flags,15,3.348674215524139,50.23011323286208,9.15998485208421e-05,444169.4634010714
2354,bc1p6z9dder87gscfgaq85ms5chk72ulltu7vf4a9jdz73nal8te7r8qevu0ng,15.6,Low,No,Normal behaviour -- no red flags,15,2.757726149609259,41.36589224413888,6.231570573763226e-05,441527.2195725
2355,3Gd3JxShorgzxKcxEZVKmVC1LeWAqgr56n,15.6,Low,No,Normal behaviour -- no red flags,14,2.632219938984849,36.85107914578789,8.389634233473337e-05,541997.7524784615
2356,bc1qhpskx8en8lgxj6uhvzrz9y6ucy903eycv7haue,15.5,Low,No,Normal behaviour -- no red flags,20,2.1334130701124194,42.66826140224839,0.0001435169758896,395132.5028593684
2357,bc1qh32m8j70l4uvaz6lv0wqnd9fx8c3phcuplgz9n,15.5,Low,No,Normal behaviour -- no red flags,20,2.896875803619653,57.937516072393066,0.0001138725600795,397797.5784291053
2358,1BuietXCnFpAyA2XGtUeKWvm6kWJrmK8yY,15.5,Low,No,Normal behaviour -- no red flags,26,2.304247934436352,59.910446295345146,8.229560770655397e-05,300421.9694776
2359,bc1qhq3kdmrr4w8wnsnjwt0cn0fv23v02q2pmqek23,15.5,Low,No,Normal behaviour -- no red flags,24,2.5867592568660016,62.08222216478404,0.0001195132708988,316070.2689010869
2360,364YH5D7Modaru5x9cW5R4EkotjfGkf8Cq,15.5,Low,No,Normal behaviour -- no red flags,14,2.605866143378038,36.482126007292536,6.3378944972065e-05,450928.3005393846
2361,bc1qjlwpzdhf76pyenuwk89w7jcdvqk9js565n8xmm,15.5,Low,No,Normal behaviour -- no red flags,26,2.178056655515015,56.62947304339039,0.0001072705595031,268304.93884576
2362,bc1q2tdmahwut776rt0hwnwe6nqf0h0hf3jtmxslew,15.5,Low,No,Normal behaviour -- no red flags,26,2.2865405737348588,59.45005491710633,9.407389982263332e-05,264577.35062368
2363,bc1qy5kyvuqrfnl29wt7xqg4ggv5uj8h29yw0lrgfy,15.5,Low,No,Normal behaviour -- no red flags,22,1.205062394937724,26.51137268862993,0.0001097628960589,351976.1527604286
2364,3MPJ7jJnKqwqxQbVMRNYjqUxkr9qPUFFG6,15.5,Low,No,Normal behaviour -- no red flags,23,2.7937914203076786,64.25720266707661,0.0001093477252132,351424.3557647273
2365,37nvrBw7Ao9TbuqXCJJh4UXptKqKHtre7H,15.5,Low,No,Normal behaviour -- no red flags,15,3.118682297995694,46.78023446993541,8.002659759032252e-05,451320.6786644286
2366,1261ar399Dik2oQyx6Zovk8YgTWwcY9rnq,15.5,Low,No,Normal behaviour -- no red flags,24,2.5670770370818343,61.60984888996403,8.282250324549594e-05,296819.9282161305
2367,bc1qtlnxjex6yjzzqhq2as62arzg3scyn0nl6uxxs3,15.5,Low,No,Normal behaviour -- no red flags,25,2.6681975931554685,66.70493982888671,0.0001047109028945,316189.4871812917
2368,13humoxRpo8YDi4GCEEioF2T2CQ2mCzpPM,15.5,Low,No,Normal behaviour -- no red flags,18,2.190277256932547,39.42499062478584,5.1583377001905365e-05,431751.9816034117
2369,3GkfZJ1QXWUXkhhPdBo6RaHLphKyPoezkv,15.5,Low,No,Normal behaviour -- no red flags,23,2.863452554015008,65.85940874234518,0.0001010213066111,327457.1215609091
2370,bc1q5g5kvlk3vzat3phqqpkmuzxx0ujw0n76mmhzkv,15.5,Low,No,Normal behaviour -- no red flags,15,2.874796347780213,43.1219452167032,7.326275198874492e-05,474954.357058
2371,1HAscMy5H6xQQaVk5sF4GDAHutinGd8iX1,15.5,Low,No,Normal behaviour -- no red flags,25,2.556616792297671,63.91541980744178,0.0001054333531406,302443.98573400005
2372,1DDP5zKJwFR1t3jyDVmsWtF5jwwucFto78,15.5,Low,No,Normal behaviour -- no red flags,12,1.9206840159875,23.04820819185,0.0001206003030616,412585.54830481816
2373,1CtJyuZzpfAz9y5A2Z7zVobkesZeohHLNG,15.5,Low,No,Normal behaviour -- no red flags,16,3.0112868660500585,48.180589856800935,0.0001189883137462,501709.9709887333
2374,bc1pukprk630mjd4tgpj65zfg7yggj5aprgk60ntfrqt4klwqhac8tjqvnyp6f,15.4,Low,No,Normal behaviour -- no red flags,20,1.2341214630775097,24.6824292615502,0.0001101187369017,347026.2919103684
2375,1CjiJ4WxVrfXYTEDuvuvExazWHNbGMmbwu,15.4,Low,No,Normal behaviour -- no red flags,14,2.787868877434577,39.03016428408408,0.0001041263153186,497130.885119154
2376,bc1qgwmwg679p32jgs2v2tczvnz79zh209rdndm35u,15.4,Low,No,Normal behaviour -- no red flags,14,2.874986181958989,40.24980654742585,0.0001114060388969,503117.458899077
2377,1HD9c4VJx8p6va3BwjS3wqwKSj81xn43up,15.4,Low,No,Normal behaviour -- no red flags,23,2.8740001397635204,66.10200321456097,9.337241342656804e-05,334719.65583431826
2378,bc1qvq84jmdq56d96me3zdywlvumcx4sjaa9wr7d47,15.4,Low,No,Normal behaviour -- no red flags,21,1.2056799669335545,25.319279305604645,9.489082268790834e-05,319236.6770014
2379,bc1q44c0hjguqcp9gk03ejapvlt08vcwqqsng8r39s,15.4,Low,No,Normal behaviour -- no red flags,14,2.123275289334859,29.725854050688028,0.0001153911805375,572755.6418736923
2380,bc1qfrhv2mt3wa8h7d6wklzymqlsn6qzeagkh9exre,15.4,Low,No,Normal behaviour -- no red flags,21,1.2851403716078051,26.98794780376391,0.0001117332818928,359094.37730175006
2381,bc1q7jffqestqtsr0ygty5rgu6wa9c4nf58tszqary,15.3,Low,No,Normal behaviour -- no red flags,23,2.8103508290020933,64.63806906704815,0.0001093756562508,343401.4306085909
2382,bc1qcmf92nmvd2v4qet2emgkecc9kphaswlszaqmup,15.3,Low,No,Normal behaviour -- no red flags,20,2.334548009065512,46.690960181310224,0.0001386552360106,322689.4819538421
2383,1BCFtiAxj38oQG2gKU2rEm1YkuxqbESrsh,15.3,Low,No,Normal behaviour -- no red flags,13,1.6883980750638288,21.949174975829774,0.0001018909024273,542548.2456605
2384,3JeiApRtRTDS82uu8mBxGYBrHYW2TReSMd,15.3,Low,No,Normal behaviour -- no red flags,16,1.574998693431424,25.199979094902783,6.386325828125068e-05,493619.72075220005
2385,1w4khPHgDudBLsj77CENKDnjvg8JuFWbZ,15.3,Low,No,Normal behaviour -- no red flags,18,3.114018356673279,56.05233042011903,0.0001078049342204,438814.7185968236
2386,bc1qse2us0533enmvgvzq875tjtwecfqq2ef20yyrw,15.3,Low,No,Normal behaviour -- no red flags,20,2.05276036880772,41.05520737615439,0.0001450835077935,391305.0627289473
2387,3Q9z9gXRg4pz3bdZqYnCjS9vUJw1xEGJ3r,15.3,Low,No,Normal behaviour -- no red flags,23,2.0129462198929216,46.2977630575372,5.8691031571539787e-05,344633.8319934546
2388,bc1qtzz0a7e7sf5lv9dtmf4v0dd0acdyz0td62gz0n,15.2,Low,No,Normal behaviour -- no red flags,16,1.4852515135491229,23.76402421678597,0.0001297772770426,484477.1879786
2389,bc1pg90846e3qf7wz8zhpkl3lh8sthke7satp452c2wh6ztguwm0a0vs80zsyf,15.2,Low,No,Normal behaviour -- no red flags,21,1.2396529562025735,26.032712080254043,7.921851169810942e-05,367889.1009437
2390,37E9GE59rBjDxerajZn81YZWrkJ2dDa67P,15.2,Low,No,Normal behaviour -- no red flags,26,2.240951165119022,58.264730293094566,0.0001176937470914,300114.45241668
2391,bc1qn5qvzzelly082uqhptu8j67uejxkuu73g2j42f,15.2,Low,No,Normal behaviour -- no red flags,17,3.0883121238802014,52.50130610596342,0.0001045835137638,448199.1464915
2392,1BvvC9APbA4S18kuzavMmQxA2Ztn8mWYLw,15.2,Low,No,Normal behaviour -- no red flags,24,2.270932535612406,54.50238085469775,0.0001344309058805,323782.6562090435
2393,1K76WLuB1rSWRtYawdck6dDgoBCTE6bNye,15.2,Low,No,Normal behaviour -- no red flags,25,2.5651232390480776,64.12808097620194,8.944588240095174e-05,301443.8603258334
2394,36fGgTjj47gie2LE7AHvnsgDjuws8xPur7,15.2,Low,No,Normal behaviour -- no red flags,15,1.8377669800236605,27.56650470035491,5.8350606726040166e-05,501255.337818
2395,bc1qd840yjq6a07kxvrsa0s2rjytzwe4cq23ew2ad8,15.2,Low,No,Normal behaviour -- no red flags,14,1.5123303390644929,21.1726247469029,0.0001040884988757,496811.6907806154
2396,3FpXNruhCkichn13dtGhWWgF9Bh2WaeigF,15.2,Low,No,Normal behaviour -- no red flags,18,1.7651340322290296,31.77241258012253,5.271892594938593e-05,437225.8368060588
2397,358uceVD7CbSZmi4NYADLrSByv67WmVgdJ,15.1,Low,No,Normal behaviour -- no red flags,25,1.5965290182107292,39.91322545526823,0.0001158387391809,308706.971803
2398,1FTfTYUAhFHVXjhzRX3cBgxQR6jLxzx1k9,15.1,Low,No,Normal behaviour -- no red flags,24,1.430951637318694,34.34283929564866,0.0001172828961258,331585.78116386954
2399,bc1qtdmmdj57e7aftz9gmkusy4c0x57jdus99v66he,15.1,Low,No,Normal behaviour -- no red flags,13,1.8553928041083203,24.12010645340817,8.671519465495199e-05,570407.06382475
2400,bc1pztgjtqdekjkapkctfyy4lul4yfmrly2mh60g8m4v7cf54wn973css0cpe6,15.1,Low,No,Normal behaviour -- no red flags,22,1.3932661641356543,30.651855610984395,7.711069102675714e-05,328973.23866085714
2401,bc1q2zd372xf3xr8x3untrhjpu4c7pnxyr7pagecxe,15.1,Low,No,Normal behaviour -- no red flags,15,1.3967963317950671,20.95194497692601,7.966547961898501e-05,488771.055246
2402,3NoABVynPqjPnNVU2eBwCW88qSQgoP14tM,15.1,Low,No,Normal behaviour -- no red flags,17,2.98644107674129,50.769498304601925,0.0001040133170985,478678.06148225
2403,bc1qafthuh4v9acfg9hsfjw8tpat72lp24vrvne42j,15.1,Low,No,Normal behaviour -- no red flags,16,2.6497205168431983,42.39552826949117,5.698223794370553e-05,448384.6566282
2404,bc1qgkvc4d6zqjjhuy9pajkqttufzcvwqkkykc6uen,15.1,Low,No,Normal behaviour -- no red flags,16,1.3372652844015664,21.396244550425063,6.556832790608101e-05,443563.8445547333
2405,bc1qges8k2kgkwdkyey882pg366qrxdwvldy8wsvtt,15.1,Low,No,Normal behaviour -- no red flags,16,1.671050572781987,26.7368091645118,5.987807931654636e-05,488478.6847419333
2406,135zp2ftLz3nhBjvbgkMc52oUzAwP7kTej,15.1,Low,No,Normal behaviour -- no red flags,19,3.054225663984748,58.03028761571021,9.452023378849312e-05,405387.1349640556
2407,bc1p79t7ypv35c4lx7v62ql9sqymn6y30d6se7chrfp6s5e4d9zntafs3g6fk4,15.0,Low,No,Normal behaviour -- no red flags,19,3.01177408659304,57.223707645267744,9.785311641773152e-05,416408.2304595
2408,1PvrNNKKG7goY349P8GVfA3wq4dyVVSLJR,15.0,Low,No,Normal behaviour -- no red flags,16,1.4701779869481202,23.522847791169923,6.36482870104303e-05,454654.2370161332
2409,bc1q5y20hsw88fqrukfpu6wgxuwwhel0g6p8dg9s2s,15.0,Low,No,Normal behaviour -- no red flags,17,3.1588318750864417,53.70014187646951,9.586581452126064e-05,418494.0157675
2410,bc1qp3syqugwhf92ud0tdc32z6nl3j9mml0ke7y9e4,15.0,Low,No,Normal behaviour -- no red flags,13,1.9607254910090928,25.489431383118205,0.0001202568291344,564046.2770979166
2411,bc1q420dyh2gl07tyht63h3s7vsd56xwn7nhqnhjd9,15.0,Low,No,Normal behaviour -- no red flags,16,3.1263683393507,50.02189342961119,9.199843883025136e-05,489827.2637444
2412,3CXKjp415t7Qq3KXxsdvgvNMAfu2AA9a7b,15.0,Low,No,Normal behaviour -- no red flags,22,1.666082735123017,36.653820172706375,6.993856033798397e-05,296534.63255776186
2413,bc1q09n6suyslf2nf2jg6q9serhyj2vc7ph2p3tj8l,15.0,Low,No,Normal behaviour -- no red flags,23,1.371530731947481,31.54520683479206,0.0001088401046004,334750.71327113634
2414,1E1rwB92ToP2j49wPAWXK93jbRfddc52wJ,15.0,Low,No,Normal behaviour -- no red flags,26,1.9463230044146689,50.60439811478138,0.000110083903855,286510.75267832
2415,13kBU3fcBoLZL2LnTD3Qz53qaww8CvAUQH,15.0,Low,No,Normal behaviour -- no red flags,25,2.6137450856006628,65.34362714001657,0.0001064408528386,318662.5874295
2416,bc1qa2gxqqe76pcucm0fej26qswwjpmwhn6wyrpmu9,15.0,Low,No,Normal behaviour -- no red flags,20,1.8954024210403628,37.908048420807255,0.0001409258177496,381596.3194876316
2417,bc1q77ff3jyx9vjrd3ghnl38x7r09srrf0yjylnjjz,15.0,Low,No,Normal behaviour -- no red flags,25,2.4194635898716284,60.48658974679071,0.0001061370350929,278010.705624625
2418,1G5YjcHwDLHxkuyLAzCbzM6pxTfhWsYwMn,15.0,Low,No,Normal behaviour -- no red flags,20,2.146284029628915,42.925680592578296,0.0001451019182956,382671.699468421
2419,3CV7LzwPWk2srnQ3A3QKvwMmYJKubRhxb5,15.0,Low,No,Normal behaviour -- no red flags,20,2.177739948625481,43.55479897250962,5.762227629390275e-05,407983.222554158
2420,3DRoioU9DZPWioPhMB4oFLvnSnhbCQtHos,14.9,Low,No,Normal behaviour -- no red flags,26,1.7691780681657965,45.99862977231071,8.966775467375627e-05,297761.11442044
2421,bc1qyny9683mc3xjxnc5sn55dh27xcyzg08c4m0l7f,14.9,Low,No,Normal behaviour -- no red flags,22,1.626933309071814,35.79253279957991,0.0001323999649548,333127.0241948571
2422,1D7xgeeYnogzdkVh5JSasGFTaFcztAgdxk,14.9,Low,No,Normal behaviour -- no red flags,23,1.3451373662875243,30.93815942461306,9.265334787408912e-05,331400.18231118185
2423,bc1qua0ln8r3s8mhf95j3w2escvqfwcrt834uacw5d,14.9,Low,No,Normal behaviour -- no red flags,21,1.3468704022136044,28.284278446485693,0.0001215043287228,371234.93004185
2424,bc1qfg0x84yrcn39taqr6pdgrjynvs78fd0uxchxqv,14.9,Low,No,Normal behaviour -- no red flags,20,1.6863646029941042,33.72729205988208,5.868693141750356e-05,394050.77371389465
2425,1MmsECMs4Za6A3vGoeXMcsQC8yraf1y7AP,14.9,Low,No,Normal behaviour -- no red flags,18,3.0554560054318647,54.99820809777356,0.0001093147005248,436857.80245135294
2426,bc1qn2s84d4773ldt87wlnqt36eqk85gfd2d2sxmfz,14.9,Low,No,Normal behaviour -- no red flags,15,1.3599570355631252,20.39935553344688,7.337556038196747e-05,405048.5681685
2427,1BH6GNKqaqo6FRirBu1TEHKvqLnL1BVytk,14.9,Low,No,Normal behaviour -- no red flags,16,1.788324678897404,28.613194862358466,0.0001426282692251,479761.5429794
2428,33QgPcso5iUogMzWFhB4ph7y9bkfbcGUkG,14.9,Low,No,Normal behaviour -- no red flags,16,1.229305328667437,19.66888525867899,9.491230583525362e-05,498794.5556347334
2429,1AdPE2pEV5vR6meW1XtecfRMobob4xhsWV,14.8,Low,No,Normal behaviour -- no red flags,15,3.193206574576496,47.89809861864743,8.3309299583611e-05,448600.0584820714
2430,3Quxm1eT3PyECDmMnSGUHgsbqrB8SoVa9x,14.8,Low,No,Normal behaviour -- no red flags,17,3.159079040145034,53.704343682465584,9.471307715264362e-05,343986.53865775
2431,1GefNJSafZN7sZukYfuibVnCAwgRCwbcEe,14.8,Low,No,Normal behaviour -- no red flags,16,1.725630305827107,27.61008489323371,0.0001281936966457,335204.3509151333
2432,bc1qk0y0rqpvwwc8l8ag2kjc5jdcql5dr03kt3tmux,14.8,Low,No,Normal behaviour -- no red flags,15,2.3735647872791548,35.60347180918732,6.0508481684493206e-05,453203.7577953572
2433,37n6kzgQtpDpNcEhgwCv7mfu8tijJ6SUKr,14.8,Low,No,Normal behaviour -- no red flags,25,2.6270640413471376,65.67660103367844,8.98658572824137e-05,310578.0388120833
2434,bc1qfj34rlr3e358xje084kmzfqn5ay8s2fanmm2mc,14.8,Low,No,Normal behaviour -- no red flags,21,1.30944818207727,27.49841182362267,0.0001126772061989,378093.1571879
2435,bc1qakau8e4xsgjlth40zjsmym5zyyghr5rvnkjnz4,14.8,Low,No,Normal behaviour -- no red flags,13,2.135380149953626,27.75994194939713,0.0001164685612145,566844.2266609167
2436,bc1p5syk4ew4su5c85dgg7xnukx6l2hhynxun6f4rmjygfqdu782m83svfyr66,14.8,Low,No,Normal behaviour -- no red flags,22,2.997760330561197,65.95072727234634,9.249072613365457e-05,348371.9735107143
2437,1DmfiYxz1m7Kz7ENJECGwjVZCjvxYChB2h,14.8,Low,No,Normal behaviour -- no red flags,17,2.5395646673067107,43.172599344214085,0.0001369515883698,479604.99531675
2438,14X9qAK9rXa4jJPdzArrQupD13eiPf18i4,14.8,Low,No,Normal behaviour -- no red flags,23,1.3793701864297991,31.72551428788537,9.11512515386985e-05,314578.6523114091
2439,bc1q0mtcd6e7lxtms8vexlvwzcdn356luay8dsk4gj,14.8,Low,No,Normal behaviour -- no red flags,14,2.525047561078933,35.35066585510506,9.037893304075942e-05,555570.174618077
2440,1LUaqq1x26oxA6En3daFKmrPCfMNPGWimC,14.7,Low,No,Normal behaviour -- no red flags,24,1.7350926788234,41.6422242917616,7.455302663760017e-05,309841.0460679565
2441,bc1pvx2xyydc7cnc5c8233kelqsxkv385eq0jttltrw9w9ez02w4wzxsa0rye9,14.7,Low,No,Normal behaviour -- no red flags,26,2.128177842989413,55.33262391772474,0.0001144917102064,289997.34628312
2442,1Jj62Zus6q3nEF4NX5ZdioBRNMQiSHmJSg,14.7,Low,No,Normal behaviour -- no red flags,18,1.6949416085245952,30.50894895344271,5.515099261736692e-05,441728.4607152942
2443,34jaD6PzdYBEjLBWKJEvjpeM8SqLkL3MyQ,14.7,Low,No,Normal behaviour -- no red flags,20,2.220928510448186,44.41857020896372,0.0001403982600318,360791.0991400526
2444,3P4rSvFyGTsAYCG888YZqDL4inMDgoxLte,14.7,Low,No,Normal behaviour -- no red flags,12,1.8564012547535764,22.27681505704292,0.0001020754203581,443356.7778296363
2445,1LMDi8UKMe4h1D8f1b46gMK13recu8sU3e,14.7,Low,No,Normal behaviour -- no red flags,18,2.453905740133623,44.17030332240522,0.0001452768478748,399707.0688308235
2446,bc1penwfys6ycy5eljqcskt80fgyjlgs0fystp6md5aasamgwq20pdjqgjp0xw,14.7,Low,No,Normal behaviour -- no red flags,19,3.169657477842774,60.22349207901272,8.201994796203496e-05,375269.2547879445
2447,bc1qv69z0mvxn0838erg2d2ap4dc93gp9z4lnfk90m,14.7,Low,No,Normal behaviour -- no red flags,15,1.311594517454023,19.67391776181034,0.0001094067538023,405870.8989622143
2448,bc1q6j9lmg8384muwq03p88jsk43ltfsrwfq0g065l,14.7,Low,No,Normal behaviour -- no red flags,14,2.6744766150230164,37.44267261032223,0.0001203174843994,460285.34573769226
2449,bc1passlmt8fet68sqf22wxgzwch8mdadmffeayfwujgm4ct2u8g09fqz8ux70,14.7,Low,No,Normal behaviour -- no red flags,26,1.849957830090348,48.09890358234905,9.969045010766448e-05,291619.43585852
2450,bc1pejf2qka7qscvkywdzhm9rdn8hhlrnrve38sny28schfwp4q6tcmsf4qe0h,14.7,Low,No,Normal behaviour -- no red flags,15,2.154057992645411,32.310869889681165,0.0001434451652659,502737.8957413571
2451,3PZmFKP4tqbqAYkJyWdgmPT9Ue9BRZezUS,14.7,Low,No,Normal behaviour -- no red flags,14,2.6550473070880227,37.17066229923232,0.000111176439561,536148.826564
2452,bc1pjhu7hj78lyhrx5gz243gfsrhu03ag5hrzplyghpnj99vc006446q6685ea,14.6,Low,No,Normal behaviour -- no red flags,13,1.910939193245285,24.842209512188703,6.912714141005286e-05,530407.184241
2453,bc1p8ex0newpxqgkvsxtrdpm3f5cr72mtxlr3wy2lfpmlp6ckfy088rq8xs2sa,14.6,Low,No,Normal behaviour -- no red flags,22,2.971255972705274,65.36763139951603,9.361068327781244e-05,326578.83311571425
2454,bc1q0gu9hyrcmmzaazx8658vjp2fymcpnnxeen5ay0,14.6,Low,No,Normal behaviour -- no red flags,12,2.265366145366751,27.18439374440101,8.738395778798858e-05,530013.5633510909
2455,1Ca5RFktWErPshBUBseL3ZnaAwUchYryxS,14.6,Low,No,Normal behaviour -- no red flags,21,3.00122170852942,63.02565587911783,0.0001013819540526,351382.2143265001
2456,bc1qqrz2enwzp33n7990mjvck9yyeg7pzuw050wtsc,14.6,Low,No,Normal behaviour -- no red flags,14,1.971176387683375,27.59646942756725,7.057136702034884e-05,552248.7146928462
2457,bc1qqsjaflfcrhu7vte56uaysdr7uv3n7xfxpn3qqe,14.6,Low,No,Normal behaviour -- no red flags,13,1.702064466370511,22.12683806281664,0.000110640265171,538904.1448258334
2458,bc1qtuc9gm5vxt885455pcltun2qxkwmvm0a402gy9,14.6,Low,No,Normal behaviour -- no red flags,15,2.424058859182378,36.36088288773567,0.0001299568953876,523168.96150435705
2459,12u1s5yYsEpfz9u94hkz1QEBG4FkC8BsJk,14.6,Low,No,Normal behaviour -- no red flags,14,2.26416440871401,31.69830172199614,9.658059212334156e-05,571775.5112157692
2460,1SBUmCW5uA6TB9pcZsb2D6n6uTNZPBTX2,14.6,Low,No,Normal behaviour -- no red flags,26,2.1745600390307915,56.53856101480058,9.989710731060425e-05,282602.05693472
2461,3Abr4MHLmSSsAgpLDYgUwzuzUxtZk93hV5,14.6,Low,No,Normal behaviour -- no red flags,23,2.5418312636919107,58.46211906491395,0.000129233450748,329858.08698186366
2462,1B1LqvAJQjJ1kmjC6WYKgf1NACucTR9uPm,14.6,Low,No,Normal behaviour -- no red flags,20,2.8711421455998787,57.42284291199757,7.759024097240142e-05,383498.1546269999
2463,35HtC2vLhm45zTLJfuZ7MMiCnKins2o7D5,14.6,Low,No,Normal behaviour -- no red flags,21,2.815641818070759,59.12847817948594,0.0001242640226156,351753.52210505004
2464,34pZnn5hme7oen7Sh2C2D3AsE1u4BzdHGT,14.5,Low,No,Normal behaviour -- no red flags,16,3.159240054151764,50.547840866428224,9.857077035735623e-05,465212.3901414001
2465,bc1q60j0va6l0khz7yu83chsgv7057pcnn449zhnjs,14.5,Low,No,Normal behaviour -- no red flags,20,3.0133734444321947,60.26746888864389,8.819190614029395e-05,378964.797899
2466,3JoDFE7jXoZFkerAueFWjFsujWQrXwg2CG,14.5,Low,No,Normal behaviour -- no red flags,21,1.3075659538733766,27.45888503134091,0.0001025208074625,312915.80597185006
2467,bc1pk97mrw0c88rq6cassvpq0fag09em63evg4l7pzysm4u98q859xlqkhww5g,14.5,Low,No,Normal behaviour -- no red flags,21,1.573684207683263,33.04736836134852,0.0001302704151032,373981.78087375
2468,38jDcd6gDnguqjqpu48rgSPo2euwb2uBi3,14.5,Low,No,Normal behaviour -- no red flags,13,2.93470753464318,38.151197950361336,9.191562645887684e-05,389394.0409131667
2469,3M57mLjoagy2gG5ySLfgvK1WNNUBHDZEsA,14.5,Low,No,Normal behaviour -- no red flags,25,1.7370396331831708,43.42599082957927,0.0001022417296197,296608.03225816664
2470,1MFVh1m951JgQxXEVunosxZWjsM1Zo2YKh,14.5,Low,No,Normal behaviour -- no red flags,21,2.6087143301373663,54.7830009328847,6.368242794530605e-05,322788.44191184995
2471,bc1q8l8zhlj76ap2p22y6wn3z809lzzy4ulc05048u,14.5,Low,No,Normal behaviour -- no red flags,16,2.946141503634144,47.1382640581463,7.762604744002691e-05,477077.4081121333
2472,bc1pu4mak8lqxnsmkphu0uk9gd7fcs3vwnmgkfvj8g997layajrthfms8gst0p,14.5,Low,No,Normal behaviour -- no red flags,20,3.023538527731115,60.4707705546223,9.77563717990358e-05,386237.2293015264
2473,18ShTJ31DUUgMkzxi551vkao9QacMbkFfb,14.5,Low,No,Normal behaviour -- no red flags,15,2.03044265871403,30.456639880710448,6.291096963156618e-05,516723.3936146429
2474,39A4wuXkDgHjgKPEcyhyeF3BLPz5sC3SRM,14.5,Low,No,Normal behaviour -- no red flags,22,1.8786411525223627,41.33010535549198,0.0001370077944433,360436.4777022381
2475,1NW7aSog315EnYPrxjeaQ7YxjUw7CuXpxE,14.5,Low,No,Normal behaviour -- no red flags,20,2.853056979166888,57.06113958333776,0.0001221443280519,305646.18166357896
2476,bc1qrx70ucvv066mvd8mat82hyu78vwyqv03vpxpax,14.4,Low,No,Normal behaviour -- no red flags,17,1.7833930210952256,30.317681358618835,5.909367964614773e-05,460600.234463375
2477,1Ma5t9yGbdHWbguCQF2KUYbxhaYXvQLA9B,14.4,Low,No,Normal behaviour -- no red flags,14,2.750954876163093,38.5133682662833,8.949514546804665e-05,505315.803346
2478,18d3bKxUJp8UaJPZtMBe4c5ap2UzvUewXr,14.4,Low,No,Normal behaviour -- no red flags,14,2.180536782905872,30.527514960682204,0.0001024503236672,582436.3297451538
2479,bc1q63fgs3n3fl5ug5qpw57n84t5yvarwzymnjchgw,14.4,Low,No,Normal behaviour -- no red flags,22,1.5803187390033344,34.76701225807336,7.164489595694173e-05,302186.4001966667
2480,3MzfqQVgxQEPmwHc8DpZqWTa771pMw7Unk,14.4,Low,No,Normal behaviour -- no red flags,18,2.9813897968652108,53.6650163435738,7.56803488164709e-05,423016.6303488823
2481,bc1qpk2wqsy8v5nghuagpu59tl9w9vgvrl9sdts7rs,14.4,Low,No,Normal behaviour -- no red flags,17,2.926093008232574,49.74358113995376,7.22685189068845e-05,456309.4407163125
2482,bc1pd95yn30dz69he7pyn6sweuxu63kvv3wvy97yux4mjqcz5uj4p07s3m4gxn,14.4,Low,No,Normal behaviour -- no red flags,17,2.419557239991366,41.13247307985322,0.0001400294197665,375635.3968073125
2483,bc1q50hwg8pcezkjzd3md2frug2h52facalcv645a8,14.4,Low,No,Normal behaviour -- no red flags,15,2.784749081628095,41.77123622442143,9.500133417154527e-05,518503.30622107134
2484,3HrBd2PYFb34RyyBGKQEpuRyuy6D5uNrbx,14.4,Low,No,Normal behaviour -- no red flags,17,1.4985143893383333,25.474744618751664,0.000133630909033,439783.84595475
2485,1HQMGbFa6mgKDZ33A8BMTLQkRZkgLYeH8d,14.4,Low,No,Normal behaviour -- no red flags,20,1.5181146071401357,30.362292142802715,0.0001255703100205,380066.92599047365
2486,16rifUVHotXK6QF4M9mJot71z7hYSSXRFu,14.4,Low,No,Normal behaviour -- no red flags,14,1.9499507266549216,27.2993101731689,9.802991121412064e-05,578701.5213126154
2487,1Fm8QyYszcX4umBSTeMs2H6FHiDvZQdvc9,14.4,Low,No,Normal behaviour -- no red flags,19,3.059361195096854,58.12786270684022,0.0001080406526535,399835.1330869445
2488,39SYyVu1Ak7i1L5bTSemwxojSLK6dkfuAE,14.3,Low,No,Normal behaviour -- no red flags,23,2.3803768887403174,54.7486684410273,6.92917142054911e-05,295984.4495912273
2489,bc1qmpnr6782p8caghkeehe3cstre5a2tlmqgvfqqr,14.3,Low,No,Normal behaviour -- no red flags,16,1.34617720951161,21.53883535218576,0.0001246500234339,464818.7045602
2490,1CNhTUKTswtpNfntLrskpA4V8kpzyZ5zrv,14.3,Low,No,Normal behaviour -- no red flags,16,2.828967206808319,45.2634753089331,7.36072173916991e-05,488870.4565294
2491,bc1q7je7sm59rlfffzxjrwf4rl5v4crugr9jalkspy,14.3,Low,No,Normal behaviour -- no red flags,24,2.4731104229939453,59.354650151854685,0.0001235994173065,296977.94462182606
2492,1PZjFu1kd5pe4mCMi2BYDYVjQgj52udWWV,14.3,Low,No,Normal behaviour -- no red flags,21,2.3380074939497018,49.09815737294374,0.0001269824098356,279441.779779
2493,194HvnSuhWvdN6qBjwxSxVjjjwD1oEUBZh,14.3,Low,No,Normal behaviour -- no red flags,25,2.106730371900594,52.66825929751485,0.0001291366476949,312871.93157479167
2494,bc1prfp9ddhd2lfyrva80sqv5xfce30g5xvcjmeyqeu40un96vllpxws2a9szv,14.3,Low,No,Normal behaviour -- no red flags,20,2.974768084871493,59.49536169742987,8.609226933955188e-05,382450.3872008421
2495,1J6gEMryRfpy7P7YH8mzAEpoGj5WjdKiZk,14.3,Low,No,Normal behaviour -- no red flags,14,2.5446768798264428,35.6254763175702,0.000121760234432,527114.8195914616
2496,13HwiSw4Wi1Bc1XVmsDwrpzMkgqvLN4Bsm,14.3,Low,No,Normal behaviour -- no red flags,20,1.50747541438625,30.149508287725,6.697136303637538e-05,385394.51704121055
2497,bc1q0h3ekw9ly706ur48cq27dt7s9x05wykzc5x05y,14.3,Low,No,Normal behaviour -- no red flags,15,2.7060186876931858,40.59028031539778,0.0001242298754728,471819.2387807856
2498,3Er796VMTRpPmiaqhPtd5X2SYvSKffGDSr,14.3,Low,No,Normal behaviour -- no red flags,19,1.6563178870412631,31.470039853784,0.0001438274678364,389968.2900361112
2499,1zLNu5dnz6t3AqPRJjMp8cFbrNgpPRw1d,14.3,Low,No,Normal behaviour -- no red flags,24,2.556097124350995,61.34633098442388,8.076394759331625e-05,320397.83479569573
2500,bc1qnqlaegnhw9syzm0rvplfydhh8jmwxpluclsnyy,14.3,Low,No,Normal behaviour -- no red flags,15,1.5645563879267002,23.468345818900502,0.0001317771653391,504580.6020987143
2501,37GhNNDGzB9b8vVELwRkP9avtQL9PPtdrD,14.3,Low,No,Normal behaviour -- no red flags,20,1.4497143172655451,28.9942863453109,0.0001260437099382,388160.1205078421
2502,bc1qnlpgguqgysdekxu6zvnsxgvld4zcp2rd3lju55,14.2,Low,No,Normal behaviour -- no red flags,24,1.4411839383092069,34.58841451942096,0.0001076236408393,313757.7973924783
2503,112tZqtPVvuyTQU2wqBraywuQkerimQX3j,14.2,Low,No,Normal behaviour -- no red flags,24,2.3812073842700574,57.14897722248138,7.682889431731506e-05,294657.44073613035
2504,bc1p00vgnlcxqchlnxz9mkhettuy0fskl6c5xc2em954x8nggnsnpl5sak9vne,14.2,Low,No,Normal behaviour -- no red flags,23,2.5503370178706124,58.65775141102409,7.072893565308476e-05,323942.53730254545
2505,bc1qeup3s84gpykval37ufmkrlqtxup97vzeh8fh73,14.2,Low,No,Normal behaviour -- no red flags,13,2.6680600046700174,34.684780060710224,7.071232245333706e-05,413015.120018
2506,bc1q5274792c4uk382fssku5nd6thphfe3lgkcgsnf,14.2,Low,No,Normal behaviour -- no red flags,13,1.759040286617908,22.867523726032804,9.595452375961152e-05,557048.5174074167
2507,1P4BwvKVGuSfanHrMbk9zhauo3Sd1upJgb,14.2,Low,No,Normal behaviour -- no red flags,23,1.5481600315237447,35.60768072504613,7.59742195822778e-05,305935.0503438182
2508,126HAW6oCv4X6nAmy4qPmjsKKtWMHiFwE9,14.2,Low,No,Normal behaviour -- no red flags,24,1.7746056685130087,42.59053604431221,7.750497141431751e-05,295865.10405695654
2509,bc1qdp5hjxhvwnsj0asj40fl0aspz9q2leerxcakp8,14.2,Low,No,Normal behaviour -- no red flags,20,2.9607149849063767,59.21429969812753,7.908376444660503e-05,343101.95449794736
2510,bc1q49nvv9vjvjlu9s6ygcz33ftskgrgpffkfsc4mn,14.2,Low,No,Normal behaviour -- no red flags,13,2.2794693131964805,29.633101071554247,0.0001253179992361,537708.7500865833
2511,3CmcNVwYmTfq8z4Rzh4sWkXNZQfBD57uS5,14.2,Low,No,Normal behaviour -- no red flags,18,3.0840191532021373,55.51234475763847,8.786106132508835e-05,414845.8728992941
2512,bc1q7y3mdahjcwwprmramcrkdknf4smnqt6fjqlpn6,14.2,Low,No,Normal behaviour -- no red flags,14,1.6126542488232132,22.577159483524984,7.4680815328816e-05,494354.01423830766
2513,bc1qjjr4096vcg87apupwun2thkc5axsa2gwt7ht89,14.2,Low,No,Normal behaviour -- no red flags,15,2.6144115997874096,39.21617399681114,8.067983715342951e-05,535390.2756196429
2514,bc1qxsazp7k6fpwfumr8yfexgs3pnfuxfnx0z49a4g,14.2,Low,No,Normal behaviour -- no red flags,22,2.818020331254275,61.99644728759405,9.895622908361028e-05,356739.7699443333
2515,1G2hha7FHxm1t9tCpiofJ8tpHr2qBMNHQN,14.2,Low,No,Normal behaviour -- no red flags,16,1.3051586379045352,20.882538206472564,0.0001159785743124,490562.565541
2516,18ZQW879DYBnABjePp6FfcjWBNPB955mM7,14.2,Low,No,Normal behaviour -- no red flags,19,1.1610219761118343,22.05941754612485,9.253800312019518e-05,357484.6938745
2517,bc1qdumcl8y08qfc9xyj38n63elfejjc66fm9396t9,14.2,Low,No,Normal behaviour -- no red flags,13,1.6868033101882316,21.92844303244701,0.000122924031988,444217.21236825
2518,3KRPg9k4DpwLgcAWeafBibFnDjCsxNyt9u,14.2,Low,No,Normal behaviour -- no red flags,17,1.5534519932272302,26.40868388486292,0.0001086529691684,301747.58356100006
2519,1PCaDZQpabkKrsLrm1Rx8ybCHKpdvxdZMx,14.2,Low,No,Normal behaviour -- no red flags,26,2.1890937153077434,56.916436598001326,0.0001096912132513,303582.26300608
2520,bc1qcuvn77dgzl0wrfd3hj3hkagtjnctrstmhngdjc,14.2,Low,No,Normal behaviour -- no red flags,17,2.2279843823679006,37.87573450025431,6.23332473662514e-05,482551.6681455625
2521,bc1qxsta2t6r9qjpf98elzv3t2aes4t6xw4vt53qqx,14.2,Low,No,Normal behaviour -- no red flags,14,2.3699259626512554,33.17896347711758,6.653097813352486e-05,457590.0140089231
2522,1CfWXLAab9Zuws1B2GHtGEDFh95g7cVVsp,14.2,Low,No,Normal behaviour -- no red flags,21,2.9700801430842856,62.37168300477,0.0001109479411993,344350.7472313001
2523,1DQKxjCqK1CiFp8iAyc8Wc1RE2JM3jvto3,14.1,Low,No,Normal behaviour -- no red flags,15,1.3981682685712102,20.972524028568152,8.380726130457427e-05,512674.4569626429
2524,3K1LXyo45hpo75easBEq6G3qRnxxGZgKLW,14.1,Low,No,Normal behaviour -- no red flags,14,1.5558529007325077,21.781940610255106,0.0001148131230859,497372.7733576924
2525,34F49JZeGaVkgL6eRVr4z1DACj346H4PNo,14.1,Low,No,Normal behaviour -- no red flags,16,1.92813321347792,30.850131415646715,0.0001422840556097,435700.7712573335
2526,1H4aaviyhKvVzDXhRY3qx9ECcvoyJQryWT,14.1,Low,No,Normal behaviour -- no red flags,26,1.9513359699479336,50.73473521864628,0.0001027235294406,272607.86513672
2527,bc1q20w76y7wrfthu3426hl502zdd7wjucn6ml7nj5,14.1,Low,No,Normal behaviour -- no red flags,13,1.9685468317919288,25.59110881329508,0.000129884426624,524376.5433283333
2528,bc1q0g2e9w2jqjkwpmrwr24sq5e6lzdz9ql2k7y34m,14.1,Low,No,Normal behaviour -- no red flags,24,2.6273193977923586,63.0556655470166,9.073112347870276e-05,322230.53172565217
2529,1B1xRWBxE7RA6mUHAEeggpMPG2UuA7pzAx,14.1,Low,No,Normal behaviour -- no red flags,14,1.7342706588725052,24.279789224215072,9.391928240995648e-05,569554.5811866154
2530,35vbGYrdi21N1fpubreUyovx6pfYArbTVd,14.1,Low,No,Normal behaviour -- no red flags,15,2.2103840929072858,33.15576139360929,0.0001367437072734,510594.3409073572
2531,bc1qqhm4jwc7zeh087s2zpx3ff74wguyt66paxtvuw,14.0,Low,No,Normal behaviour -- no red flags,20,2.173765428031134,43.47530856062268,0.0001395024759163,365137.4592231052
2532,bc1qpgddy9nqcyc5yxcj2gvavrymhleq44ugruhm3p,14.0,Low,No,Normal behaviour -- no red flags,16,3.032709311606259,48.52334898570015,9.30152475581383e-05,479254.9701821333
2533,168zWHH8uofn6G5YPRuGqcFoU3QgfGo3em,14.0,Low,No,Normal behaviour -- no red flags,21,1.377143358847356,28.92001053579448,7.857972832048971e-05,333390.6858095
2534,13pPoySn8mRmC1UExKydhD8TS4mpxbLonr,14.0,Low,No,Normal behaviour -- no red flags,18,3.1763678942240534,57.17462209603296,9.937129179608448e-05,403879.2965845294
2535,bc1q2zla6uvjr0fmw4vn0rs44su8hp4nev3xg2jkcf,14.0,Low,No,Normal behaviour -- no red flags,20,1.978202217262568,39.56404434525136,6.0873655340822487e-05,339158.10276336834
2536,bc1qkuq4vvkwcwcg7k5kazemuhegepn6w8nfrc57j2,14.0,Low,No,Normal behaviour -- no red flags,16,3.1736894322197933,50.77903091551669,9.48268484257863e-05,447099.4013474666
2537,bc1qmwky0m73hcajfp3hmajduhxcg4gmzlc8p8fe59,14.0,Low,No,Normal behaviour -- no red flags,15,2.9463872332699044,44.19580849904857,0.0001059597527128,486164.4529185714
2538,bc1qezfc8gpcfjhpkqlqc2u56fpucc5pqw86vhfu67,14.0,Low,No,Normal behaviour -- no red flags,19,1.6831545743344165,31.97993691235391,5.678653167113481e-05,414258.8069695
2539,bc1q32mtt2j8cfs7866aflrmlpkjjvt0gj5qk06djc,14.0,Low,No,Normal behaviour -- no red flags,23,2.3139814140616903,53.22157252341888,0.0001333683093874,305954.99803013634
2540,3798MBA47GU6WStCsmm67jYrdGAjgvnJA8,14.0,Low,No,Normal behaviour -- no red flags,20,2.778897436195789,55.57794872391578,6.50426662525967e-05,352262.75249694736
2541,bc1q5g6twe9cww7jjh4le4qhwfdy4s26vu35u036l0,14.0,Low,No,Normal behaviour -- no red flags,14,2.6176348475769395,36.64688786607715,0.0001178949573629,522105.3286065385
2542,bc1qjnvhr3jvyk9sgnw2calprq69vfxa320a4gjpry,14.0,Low,No,Normal behaviour -- no red flags,21,1.3752097801589402,28.879405383337744,0.0001185528796298,340355.2470365
2543,bc1pn7nh8ryxfccaym5dgfjw2rpmrlrkxaxg872khau37fdgk2a6u0ts67wpr9,14.0,Low,No,Normal behaviour -- no red flags,18,2.89677991080873,52.14203839455715,7.672340407250922e-05,411363.7752027059
2544,137Q3SbFZQP2nuHto8ZTnkeuAutm6ckAzS,13.9,Low,No,Normal behaviour -- no red flags,20,2.910931025851071,58.21862051702143,9.529650653291516e-05,393456.9885617895
2545,1FxGC2TpHrWWZwLQxLZBfqWr2peYbFmgs2,13.9,Low,No,Normal behaviour -- no red flags,19,1.2471783413745126,23.696388486115737,7.294453860108722e-05,401597.9694742222
2546,33Dw1udURSHbMEH6R9kV7h4SD7zx8zj8PF,13.9,Low,No,Normal behaviour -- no red flags,25,1.820252563148906,45.506314078722646,7.582823392971904e-05,302370.64906183333
2547,14M5KPoVMtyRMvoKN1FZGzuFGkmeSA3woJ,13.9,Low,No,Normal behaviour -- no red flags,26,2.3290911541313983,60.55637000741636,0.000104913324195,305517.8014918
2548,1LrceX6Tnv11WRfpgDaRV3CBxHQitA6DdN,13.9,Low,No,Normal behaviour -- no red flags,16,2.244693712249891,35.915099395998254,6.151745115377002e-05,500802.157773
2549,bc1p0udu0ctjj35fv593as2rfm0v9rseac8aqgnjgt80z24jujt70zdqgdv3zf,13.9,Low,No,Normal behaviour -- no red flags,19,3.0054077988538874,57.10274817822386,8.206993103258499e-05,404687.3412480556
2550,3QVveExMKL5iVYRJz8Ym8ZqczCpXZytcsH,13.9,Low,No,Normal behaviour -- no red flags,18,2.6563215410921623,47.81378773965892,0.0001336666405696,340011.4215774705
2551,bc1qutzrecdlrynulrer7apskc6xpelvsf7edleggt,13.9,Low,No,Normal behaviour -- no red flags,17,2.8502664059533007,48.45452890120611,0.0001280533532507,374519.0301633125
2552,1FrPfJStsQG398SYZxyM1TSTFH5pbuMJwY,13.9,Low,No,Normal behaviour -- no red flags,23,1.598530249857695,36.766195746726986,0.0001007061017127,288771.86583690904
2553,37nHJbg3JWGVn2hHdFAwh8EFeMYnfUKT1D,13.9,Low,No,Normal behaviour -- no red flags,17,3.1770206274199624,54.00935066613936,0.0001029362727084,417309.15375125
2554,1FMgPkNVCJES6RioPzSYgmMNu62eNRnTVE,13.9,Low,No,Normal behaviour -- no red flags,18,1.3875965342791583,24.97673761702485,6.755895034274704e-05,364388.72500582354
2555,bc1qwxwj6xkzlhy06uftg33a3n9r56ph08f5hce8vu,13.9,Low,No,Normal behaviour -- no red flags,20,2.935048400091661,58.700968001833225,0.0001121780926708,382841.32523584215
2556,bc1qkp676fpr7z7scq3fdgzrkxcnm75zrcdn65z7vd,13.8,Low,No,Normal behaviour -- no red flags,20,2.3731919000569794,47.46383800113959,0.0001359376558099,330334.59878273687
2557,bc1q22h7cxmxd65gfwfze392cfggvvsfm5vj54p5w0,13.8,Low,No,Normal behaviour -- no red flags,19,1.389699253292153,26.404285812550903,0.0001294998885299,382686.0916658889
2558,18h1AffpVMhNkdE3hNx1qWxjh91B8ejrkv,13.8,Low,No,Normal behaviour -- no red flags,15,1.936174838587148,29.042622578807222,0.000139954743029,464370.6501932143
2559,bc1qe87dl5vunfk50vhezqewcuplnxp6wymx5gqe2c,13.8,Low,No,Normal behaviour -- no red flags,13,2.044274031217616,26.57556240582901,0.0001241382429912,544303.3914057501
2560,bc1qhyuc09knkct0tqzelaa6fffxe37ekgy0rw7v3a,13.8,Low,No,Normal behaviour -- no red flags,19,2.087733326211806,39.66693319802432,0.0001433610466066,382768.9598303333
2561,bc1qlpn4rdlwwsva6ec7rkd20vw2gtp78wtfgdhhg5,13.8,Low,No,Normal behaviour -- no red flags,24,2.408745418204381,57.80989003690516,0.0001249785087366,318462.69219839125
2562,3PkSTA2hvk3Q4AFh8zGp7J55rNzueWhu14,13.8,Low,No,Normal behaviour -- no red flags,25,2.319009293576193,57.97523233940484,9.652684503566388e-05,271233.9998263333
2563,1QLBxTvCPLnau7pHUAT12Szd2HvEnQxRZS,13.8,Low,No,Normal behaviour -- no red flags,19,3.0710644544861863,58.35022463523754,0.0001090800887787,390798.1748207778
2564,bc1q28mzvhh3kvsewmsnrwztkf2dxqnjp2z3av7v2l,13.8,Low,No,Normal behaviour -- no red flags,15,1.3059033821970485,19.588550732955728,8.655677811816604e-05,423309.5376737143
2565,1Cn3dNdzRPfJ3Kmef3GwrZaheezj5rt9eu,13.8,Low,No,Normal behaviour -- no red flags,15,1.3953545671394223,20.93031850709134,8.693282492280066e-05,484062.00587528566
2566,bc1q94xmynzuheu6edggalmg0v7e5mkj6yz7t7djkw,13.8,Low,No,Normal behaviour -- no red flags,13,1.8221021251123355,23.68732762646036,8.57314662552277e-05,560518.8463791666
2567,bc1q8l0cv5mqfe0zlttehd0hc2xasxmxvtjx30v6jl,13.8,Low,No,Normal behaviour -- no red flags,23,2.7171916370424545,62.49540765197646,0.0001071996870032,323256.3023606364
2568,bc1qwrx6feqvpp49g3cfw05x2dhe04udszgtry5u79,13.8,Low,No,Normal behaviour -- no red flags,20,2.741227789559808,54.82455579119616,0.0001252604159962,318294.1909858421
2569,1LPoGJxvBBv21i2vpZjwQVUFM6K5SMoakF,13.8,Low,No,Normal behaviour -- no red flags,25,2.401719119267987,60.04297798169968,9.438182317452386e-05,285929.64494175
2570,bc1pucmp6vxgz59cngge0qx7f6z9fp4etryjjt3c9pxtwerdm6gqfskqk8e7wc,13.8,Low,No,Normal behaviour -- no red flags,20,1.5830161673630891,31.660323347261784,0.0001327164824695,389233.7492956316
2571,3NdDkGWjEv8qWwX8kmaoLfCQLRB4QHtSk5,13.8,Low,No,Normal behaviour -- no red flags,25,1.8599370128326405,46.49842532081601,0.0001223260377453,297253.59136283334
2572,bc1pk4xfe72sel6mut9zdp3xpxpqk3m7y3ge2434n7tu8kwqw440xwqs3yfge5,13.8,Low,No,Normal behaviour -- no red flags,24,1.633153596157478,39.19568630777948,8.774823704731412e-05,291560.4036235653
2573,bc1q2qaf68v7erhj7k6t8a6l0pz6anncg97qqwtvrv,13.8,Low,No,Normal behaviour -- no red flags,14,1.9109147622377016,26.752806671327825,0.0001153952069343,568204.8484862308
2574,bc1qyf6z28cht0ja28eln657qz9n3r5yhh5sl44h86,13.8,Low,No,Normal behaviour -- no red flags,16,1.761403943703303,28.18246309925285,0.0001373490100043,481195.6106179334
2575,bc1q45644f6j5m6rv3grlcru9hynzy9alkqtje7tv7,13.7,Low,No,Normal behaviour -- no red flags,20,1.920105726300553,38.40211452601106,5.921286735732412e-05,374482.6965045263
2576,3F6TZ3x649LiquxZv7Vp7XkBsGbVRZv7QX,13.7,Low,No,Normal behaviour -- no red flags,20,2.796047633845837,55.920952676916734,0.0001172541250597,393440.0192535263
2577,bc1qrfp8xmn68mqrrx97tvfx0ppws6nkx8sfzrtx2e,13.7,Low,No,Normal behaviour -- no red flags,22,1.7282429110529365,38.0213440431646,0.0001289824720318,350078.1103865714
2578,1P169CQ8BBdPY9NsJZWoFfR7Um4izc9pPt,13.7,Low,No,Normal behaviour -- no red flags,13,2.3430133651818434,30.45917374736397,7.611870252171702e-05,471550.13337750005
2579,bc1qh0vn86snq7krtjvw766z99xfk2guaeqcxwal67,13.7,Low,No,Normal behaviour -- no red flags,14,2.015318244478148,28.21445542269408,0.0001160699333128,563213.7031916154
2580,1H1qXnUkde9hhuUzDMNJyg4Ez7NJjaa4s9,13.7,Low,No,Normal behaviour -- no red flags,23,2.468719038026056,56.7805378745993,0.0001283146864316,337664.03421427275
2581,35g4LJfVQXqdNupaMCSLZamqQNPCNSaEwW,13.7,Low,No,Normal behaviour -- no red flags,16,2.7897044366752635,44.635270986804215,0.0001284127982282,427900.0549503333
2582,1BfTHQa8q2h2MtXM7cNiMpMPVAbfLGCbZb,13.7,Low,No,Normal behaviour -- no red flags,16,2.7797512996830225,44.47602079492836,8.09086629155067e-05,497665.07989853335
2583,3FbNPYHgHtnQDrvna86tbtwDRur9Lq44G4,13.7,Low,No,Normal behaviour -- no red flags,20,2.519223711444882,50.38447422889764,6.0590977087587056e-05,332301.5798741053
2584,1CSc5AabUSnMb9gi9N2HgY1eu5D7PmYiSk,13.7,Low,No,Normal behaviour -- no red flags,17,3.0014871681513946,51.025281858573706,8.948901778988157e-05,438031.03169656254
2585,bc1qkkc2c2ed5rv2zcfwp7v40arngprmk4hylcq48l,13.7,Low,No,Normal behaviour -- no red flags,19,3.169848217821322,60.22711613860511,0.0001031346639404,373494.4392294444
2586,bc1qsram7jngvea4z02mjr3973ls452wsp3llug0a2,13.6,Low,No,Normal behaviour -- no red flags,14,1.5749841226378964,22.04977771693055,9.142625187909096e-05,516527.58932061534
2587,bc1qgv28gakhkrmwjsnnkcyyype4h0nmmr0qms876c,13.6,Low,No,Normal behaviour -- no red flags,14,2.490478770657902,34.86670278921063,7.583933148751699e-05,530671.5053556924
2588,1CELtLMEbMEsrPXwxnfCYKWKH2fDHf1KsT,13.6,Low,No,Normal behaviour -- no red flags,22,2.86184808030073,62.96065776661605,0.0001021657353772,330433.3332058572
2589,bc1qxtwwn2szzkwq98ggvdeznwjfgf3ke3vq62056j,13.6,Low,No,Normal behaviour -- no red flags,26,1.992693186169614,51.81002284040997,0.0001118680799729,298556.8838496
2590,bc1qzrdf4uhptpxuwpxq3wzhjq92v9s8cpfts2mnsv,13.6,Low,No,Normal behaviour -- no red flags,18,3.068198936241536,55.22758085234764,9.090583092580667e-05,408389.73208611767
2591,1MsKeeYURSW1B26ZG6zyPqsRAncq3akVXU,13.6,Low,No,Normal behaviour -- no red flags,15,1.4333758613012149,21.500637919518223,0.0001016083666169,471943.7625096428
2592,bc1qpvtlwfr466yjm8j7dhzzd009uu78v8y96jsyap,13.6,Low,No,Normal behaviour -- no red flags,20,1.384711024774067,27.694220495481343,7.904383317338884e-05,374933.4474574737
2593,36qe1vB3Bx8pYwHx5iLwBDb3QkHxvUXeTL,13.6,Low,No,Normal behaviour -- no red flags,25,2.1652329604886806,54.13082401221702,7.505511365686103e-05,310590.68129954167
2594,bc1prrs2gx4gh32zs2tfwl4kpq5wmgu2hsn3w8x6q6prwj4fdylsh08qk76ukn,13.6,Low,No,Normal behaviour -- no red flags,15,1.723938036456199,25.859070546842982,7.516650645987242e-05,309858.3284402857
2595,bc1pye5wt9zwrmdlrsmy4wkhndxrx0cxrw9k0l3hzyp7mtwc8lsyh7ast7fdz5,13.6,Low,No,Normal behaviour -- no red flags,18,2.923678406170606,52.6262113110709,0.0001022348006262,441890.997459
2596,bc1qm9qc5nprm2fm386e6m0kcaxj8v066tkux5kctm,13.6,Low,No,Normal behaviour -- no red flags,26,2.2631656140927734,58.842305966412106,0.0001054190699928,306632.5264259201
2597,1Dn2mhidvQv83T271BjbjCLqbgeWi3Cqjf,13.6,Low,No,Normal behaviour -- no red flags,25,1.6313532742288286,40.78383185572071,0.0001003138106347,323336.4729624584
2598,1BVttPzPLZbHdtbF1d9wcUcGxdyS5YbFYa,13.6,Low,No,Normal behaviour -- no red flags,19,1.9671829578095992,37.37647619838239,0.000140763371305,399839.05970333336
2599,1KDrAvgbJVzoaXYxvA3V4BYNEtmgNU6jVD,13.6,Low,No,Normal behaviour -- no red flags,16,1.6134256636506603,25.81481061841057,6.429528786739035e-05,478434.6180204667
2600,bc1qr7dpkqknvrcv3uvrh7m90k7hluj9cngg52m5m0,13.6,Low,No,Normal behaviour -- no red flags,17,2.977257581762192,50.61337888995725,0.0001161442322084,423564.5630618751
2601,3QE734MndhFonR7qVSdXu3GAJCwfoYkT8N,13.6,Low,No,Normal behaviour -- no red flags,26,2.143298865655264,55.72577050703687,9.284285206186256e-05,272122.41076744
2602,3BKUM5MaY4RBXu8469XBJJzMBfqH21QYLb,13.6,Low,No,Normal behaviour -- no red flags,21,1.739410885015385,36.527628585323086,0.0001315215040818,312140.24821655
2603,bc1qy2qf65d6l3jkrgadmtkhc487w5zxkyq2d7k8fh,13.5,Low,No,Normal behaviour -- no red flags,14,2.5605453963014475,35.84763554822027,8.53679466726416e-05,531143.311486923
2604,3FEg4kETnmgyFWWzWodwJGd2WEtRuYxpmp,13.5,Low,No,Normal behaviour -- no red flags,21,2.396447096077858,50.32538901763501,6.022990243949412e-05,329631.5197563
2605,bc1pmvf4kl0c00352ghkr7sxda6h6aescnq98wx45q5dgjxfp0xertqs7qfqht,13.5,Low,No,Normal behaviour -- no red flags,13,1.5509025578375275,20.161733251887856,0.0001009273737885,449845.54919058335
2606,bc1qkuesc9r7garxe6ya5d336wg5ew2g6pc2nuyqrp,13.5,Low,No,Normal behaviour -- no red flags,19,2.905291606138542,55.2005405166323,7.156668841945906e-05,409740.1396102223
2607,bc1q43hgfkce5sm77m2g7x9945vh9d7epy24cn00gr,13.5,Low,No,Normal behaviour -- no red flags,14,2.121729918140489,29.704218853966847,8.503694119773423e-05,560192.1489001538
2608,1NPoBhJfE8bY2i373W5DKEn4t7raZFKeYK,13.5,Low,No,Normal behaviour -- no red flags,17,1.735534990055132,29.504094830937245,6.129453074158484e-05,453233.9612748125
2609,bc1qz40hyv2s7wn25ggg3azk24elurrqunjhyhcu48,13.5,Low,No,Normal behaviour -- no red flags,21,2.0605793682338,43.2721667329098,0.0001376867334576,367039.7269847001
2610,1GUSdq2oG8L1wTqcTjfM6dPtT1qVyFojtU,13.5,Low,No,Normal behaviour -- no red flags,18,2.8902127875306274,52.023830175551296,8.260976201796199e-05,432456.87655935297
2611,3AAuy2SAh1S3VVX9T1kRrr9p8BDwHTkNyJ,13.5,Low,No,Normal behaviour -- no red flags,21,1.564751536366762,32.859782263702,6.370356971848296e-05,352706.63988095
2612,3Bfb34CGhH1T3RDLwsPkz2faG53oXpqHxQ,13.5,Low,No,Normal behaviour -- no red flags,25,1.880169302999494,47.00423257498735,9.967715462901385e-05,281077.38569716667
2613,14PiFgKMvTqymQCHEUefeZM9sB5dBpfpkf,13.5,Low,No,Normal behaviour -- no red flags,22,2.495347817215817,54.89765197874797,0.0001335435299692,348633.9658936667
2614,bc1qhk7vnc6dp59a26qvw4yqcf20sh8leur56ghwhl,13.5,Low,No,Normal behaviour -- no red flags,23,2.139140035066525,49.20022080653008,0.0001360551491357,335133.24613981816
2615,37jrezSuRnE6rZ33NWnxcQKd8kp2REyXYX,13.5,Low,No,Normal behaviour -- no red flags,13,2.439832293545803,31.71781981609544,8.219463830857096e-05,506408.62414466665
2616,3CauLRycfcS8Nt3rRajqEbZBaAXPH23cci,13.5,Low,No,Normal behaviour -- no red flags,25,2.3616142399113063,59.04035599778266,0.000105864687777,288551.3835028333
2617,16DBRkR3k3BAgqNLJXAnvnHYSVZJijvbNr,13.5,Low,No,Normal behaviour -- no red flags,15,1.439124947092118,21.58687420638177,0.0001185372114358,417812.6452668571
2618,bc1q6kutlfzvptj0c2cp69z4434jd4rvh07tme2alq,13.5,Low,No,Normal behaviour -- no red flags,22,1.6677113405514918,36.68964949213282,0.0001284391484879,334417.9312819048
2619,1MZFwmeQSg5YQ5gvnNLvkzpvU81RUpsugD,13.4,Low,No,Normal behaviour -- no red flags,17,1.9037627621398168,32.363966956376885,0.0001432807455141,436570.3063
2620,bc1qj5nxpt7l4df2e4uc9zvuyuxtxx70vrgmzvpnwu,13.4,Low,No,Normal behaviour -- no red flags,21,2.5351574050807124,53.23830550669496,0.0001290580568329,375597.65180844994
2621,16xabLqYvZusdAw8FeNSwnqPzLGuBVvsom,13.4,Low,No,Normal behaviour -- no red flags,20,1.3939354061865854,27.87870812373171,7.533273188649252e-05,403481.180909
2622,3LxKFPJgiX6oKXFwE7uMjedmyUXkwdr3DJ,13.4,Low,No,Normal behaviour -- no red flags,25,1.6205900426405448,40.51475106601362,9.110968146482895e-05,302944.93223291665
2623,1JWAurtiouyjVQ7ZMuJnBRMKoETxMRe5ws,13.4,Low,No,Normal behaviour -- no red flags,19,1.4055050548712362,26.70459604255349,6.639489795181276e-05,399809.7799270556
2624,14gfGtCDmtJ6eMX3EoM54bMmx4qGoKrCip,13.4,Low,No,Normal behaviour -- no red flags,16,2.994182264822857,47.90691623716571,0.0001043779769373,504052.86432926665
2625,1JdPxBqaK6whvvsUehwQ8YaySF2p7bCeBr,13.4,Low,No,Normal behaviour -- no red flags,16,2.139493054209952,34.23188886735923,0.0001316002343815,348199.7395159334
2626,bc1qau95f8mnnp4339qzk7ja4lztw8qmk2d5u9hjrj,13.4,Low,No,Normal behaviour -- no red flags,12,1.8945010312876347,22.734012375451616,9.346146059255004e-05,499206.588349909
2627,3E9XUwwgAJTqq8HDtzgG6gbBkpYyb5Phcs,13.4,Low,No,Normal behaviour -- no red flags,15,1.5943271563535986,23.914907345303977,0.0001113023627287,551784.875337643
2628,bc1qlrmft7kzeam2u5xwhqt2e65aaryfml929ruyj0,13.4,Low,No,Normal behaviour -- no red flags,16,1.334549371607053,21.352789945712846,7.982964703047584e-05,501674.8353757334
2629,bc1pvh4em3emqq65nf7k84gqt6xcpfevm4z6u67h47f23awukp6faweqfq4q6j,13.4,Low,No,Normal behaviour -- no red flags,26,2.0573433520345583,53.490927152898514,8.291906275978082e-05,285010.60994656
2630,3LaJxbYzhSqSpTWGhSTPtuCuXweWXUqttj,13.4,Low,No,Normal behaviour -- no red flags,14,1.918276401220098,26.85586961708137,0.0001338904941118,473532.4720123077
2631,1GDoYLqgnacWKoSto3vaCEYrFg8z4jxnK1,13.4,Low,No,Normal behaviour -- no red flags,25,1.637951963600072,40.9487990900018,0.000108182536316,307687.1249279583
2632,38kNdgAqVxBsTNxQrUUguWgRSD9Qbat4nf,13.4,Low,No,Normal behaviour -- no red flags,17,1.4426558774118672,24.52514991600174,7.08282231579474e-05,478323.9466579375
2633,bc1qluxurl4lwk0tfulf0dpdt57ypt5k6n4et27pw9,13.4,Low,No,Normal behaviour -- no red flags,26,2.2355699964915057,58.124819908779145,0.0001018264405537,300314.97627092
2634,19zogjxHzDRrQ8N9Ngyr11g7VqgfSkEuJi,13.4,Low,No,Normal behaviour -- no red flags,25,1.8201715361144184,45.50428840286046,8.002592948890587e-05,296756.7121722083
2635,bc1qx4fz096mq9qclg96qqtnecn6e7mcstey24vhgf,13.4,Low,No,Normal behaviour -- no red flags,16,1.2971655810312837,20.75464929650054,0.0001021724493377,372520.2171668668
2636,bc1qxrae099areesc25tlu2e7yhcgrlrmz8l6gmplh,13.4,Low,No,Normal behaviour -- no red flags,25,1.904280669321828,47.6070167330457,7.59535341733696e-05,299990.8898271667
2637,bc1qz5ndyr3ycnrkjmzyhxtv6wve52s43egczky9em,13.3,Low,No,Normal behaviour -- no red flags,22,1.2429430118331828,27.344746260330023,0.0001008909461321,351521.2408308095
2638,15jYU2rxPMHzofHLpYz6SgFRP3FMPWos8D,13.3,Low,No,Normal behaviour -- no red flags,23,1.7581464969129097,40.43736942899693,0.0001031648213718,266735.46990127274
2639,bc1p8numm3fawx9760hym4gue3rc4jk6hrmv8y0n5ruykja2krwckasqpmn4eg,13.3,Low,No,Normal behaviour -- no red flags,17,1.2242997270895088,20.81309536052165,0.0001055208527256,454460.5019203125
2640,bc1qwg98gnt76er2jdfvenkc84tgher2guh0zr5fgh,13.3,Low,No,Normal behaviour -- no red flags,19,2.965371484811156,56.34205821141196,9.214709574552664e-05,420012.16734
2641,1qxYNisy4vKjtV8ZGo1r9W39z2qy4EWzZ,13.3,Low,No,Normal behaviour -- no red flags,18,2.913015299969812,52.43427539945662,8.356093708670468e-05,315555.1790047647
2642,3F1h617isuATp9yT7abL9nPyvw4Whggsay,13.3,Low,No,Normal behaviour -- no red flags,25,2.2962376996322265,57.40594249080566,8.78545705806698e-05,280260.64829075
2643,bc1q3ermaq8wlazyxtj9w39zyjfcza8hpy6f5v2e5e,13.3,Low,No,Normal behaviour -- no red flags,17,2.8639984394291296,48.687973470295205,0.0001013124207935,480573.050248125
2644,bc1q49qacpjmtglq8yy5cpklkqwylrgmutm4u0y7cx,13.3,Low,No,Normal behaviour -- no red flags,21,2.876075825603894,60.39759233768177,0.0001009994692146,372036.57393635006
2645,39bzwN2Ts9fgZwZ679dELAX7DTx8wd3qB6,13.3,Low,No,Normal behaviour -- no red flags,21,1.7975088167336155,37.74768515140593,6.085153567396327e-05,383058.8883621
2646,bc1phrk57u9kwruf2vvzywernedvk63rj03kgecws6a2ragr5pert08qele0c5,13.3,Low,No,Normal behaviour -- no red flags,19,1.6218661859962809,30.815457533929337,5.857455652882435e-05,397823.7636766667
2647,36K6nukrUB2ixuKh3AsfA9a6PTb4icSpE4,13.3,Low,No,Normal behaviour -- no red flags,16,2.31655110473206,37.06481767571296,0.000135975447774,418731.4137839333
2648,bc1p96r0xvkx5sf2alc8dc82w6una894r5df293c59ffpj8pf7hmva5qsrkrn4,13.3,Low,No,Normal behaviour -- no red flags,23,2.765364319950021,63.60337935885049,0.000103011331538,343225.17064836365
2649,bc1q2w0pjgfsj53dq98kcjspymmc7xnzy0aq2wgt4g,13.3,Low,No,Normal behaviour -- no red flags,14,1.7461086124945164,24.44552057492323,0.0001291854215412,438156.32584215386
2650,bc1qw0h99j2y3zus09sxjfk7qe572znufdhksn4nrm,13.2,Low,No,Normal behaviour -- no red flags,20,1.3613063760574315,27.22612752114863,0.0001098625447165,361540.0253662105
2651,bc1qf8kng5p06dgr9k04nglw0p6mlmqep7m0xzc7qn,13.2,Low,No,Normal behaviour -- no red flags,19,2.6592496908949586,50.52574412700422,6.38607100209854e-05,407360.2298219445
2652,bc1p4ucdt8ges4a9x9cp7k6en4p8ayum8tsaaxvy3wf3r6sznp93d86qd4e2pv,13.2,Low,No,Normal behaviour -- no red flags,17,1.2573180578541607,21.37440698352073,0.0001122347435066,409519.8579200625
2653,1DpbJq8GZhxqze6JkoB13UEFPRMfEP5Mek,13.2,Low,No,Normal behaviour -- no red flags,23,2.364081542916557,54.37387548708082,0.0001292301374416,344494.95063509094
2654,bc1qrmee7l8cdvrwjpek0yv52qmq8m6jvdf0ysaa9c,13.2,Low,No,Normal behaviour -- no red flags,20,2.120812335133805,42.4162467026761,0.0001390036822909,366252.014217579
2655,bc1qxd8p9lgjy3qux33r7qwhfhh2q9xvy56u79lqye,13.2,Low,No,Normal behaviour -- no red flags,23,2.530658508191576,58.205145688406255,7.341770840881633e-05,320680.4421023636
2656,1MXdd3r6eKe4JY4RwAA5WPohvY2T7Ao1b1,13.2,Low,No,Normal behaviour -- no red flags,17,3.014984269916381,51.25473258857848,9.802236108330118e-05,441468.21483775
2657,18gfr4jZTirdPpKjuYSbnhtcz3MKX5XRtn,13.2,Low,No,Normal behaviour -- no red flags,23,1.5746898301659702,36.217866093817314,7.417774879779298e-05,323052.26278286363
2658,bc1qu975l34dhf2uah6439xndxe53ad80shmhfgh2w,13.2,Low,No,Normal behaviour -- no red flags,23,1.7707135241110696,40.7264110545546,7.174030607528065e-05,302316.9742109091
2659,18FzYzLfP5ryigCXD5xcRp1sMFShyDGDVq,13.2,Low,No,Normal behaviour -- no red flags,18,1.973891695339143,35.53005051610457,0.0001394359857413,450903.3606046471
2660,bc1p0jjchf89k9cy5ezk8j97zqfvgzwphe6gre0mntzrgkx95fljp3eqtkmts2,13.2,Low,No,Normal behaviour -- no red flags,18,3.001576602041,54.02837883673799,0.0001129784314355,381649.8025542353
2661,bc1q9sq5w9t2mmrceyty49ynf26588zenr780x0nyy,13.2,Low,No,Normal behaviour -- no red flags,18,1.739263785945468,31.306748147018425,5.942207440130187e-05,416426.9127820588
2662,bc1pprhtk8dhyueznk9nujheufduqvhmzc0rv6sgckstpdk8kl94spdqd2enkv,13.2,Low,No,Normal behaviour -- no red flags,22,1.4274944468338095,31.40487783034381,0.0001144147924902,313337.4674612381
2663,3NuMWipTLFP9oYDDoXkaxgJ54G1qpXHEEW,13.2,Low,No,Normal behaviour -- no red flags,15,2.6234607089309536,39.3519106339643,0.0001145468270546,524218.23903414287
2664,1KVbjqqBEVB7PYW45tvCab1xyTchkvLUP6,13.2,Low,No,Normal behaviour -- no red flags,14,2.028284713548912,28.39598598968476,6.571313075196538e-05,518183.7164179231
2665,16BEVoCXs8CPZP4KZZTqPXaCk6y5q4Szt1,13.1,Low,No,Normal behaviour -- no red flags,15,1.9459965738281275,29.18994860742191,0.000136223343348,472893.94207507145
2666,1FS9qX79JBeJGXTfE9tetVNMjVjv9jeEe9,13.1,Low,No,Normal behaviour -- no red flags,14,2.1074484643198512,29.50427850047792,0.0001103930270305,569501.5211024615
2667,3M27cD82RguH9yw5XrmueZm8LW8LadMfMb,13.1,Low,No,Normal behaviour -- no red flags,19,1.768185381125572,33.59552224138587,5.469399963703312e-05,340729.6636543334
2668,1Nr46ExrmX5LGfXsk4Ndb7pAEkPgcD7mZt,13.1,Low,No,Normal behaviour -- no red flags,24,1.860579947730792,44.653918745539,8.987394965475323e-05,278694.0715337392
2669,39P92t8nAYB9UUt7qJ1rfqiM221A5dXK8R,13.1,Low,No,Normal behaviour -- no red flags,22,1.4798276565550097,32.556208444210206,7.531455411393985e-05,330907.72251376195
2670,bc1qncu5kkcljp8rf3l46a7llm3gkzvsyfmm7xgw7z,13.0,Low,No,Normal behaviour -- no red flags,23,2.599122098790144,59.7798082721733,7.541479644605801e-05,338509.4040456364
2671,37S69L6kwvvujG97deEWzQAwgHgBagweqH,13.0,Low,No,Normal behaviour -- no red flags,25,1.789216908094692,44.7304227023673,7.541385060397262e-05,315932.12065341667
2672,1HEJCiBEnoujqpcmQjQ1U4Pz1DYD8m47At,13.0,Low,No,Normal behaviour -- no red flags,21,2.921556295961703,61.35268221519576,9.424517624072804e-05,356917.2118568
2673,12NTGkGgSQ5gGRqMijyJ4MrNX1YjSVeN6h,13.0,Low,No,Normal behaviour -- no red flags,16,2.1269171808971583,34.03067489435453,6.272473185118922e-05,508615.6754520667
2674,1KTqYp5po5RmVNqe4L72gSMUUPFQHrGtpQ,13.0,Low,No,Normal behaviour -- no red flags,13,1.885973609636484,24.51765692527429,0.0001240175544104,537834.2778298333
2675,bc1qnryk3enfgvp4arvluxmpmx47dvejde9qmxhrnd,13.0,Low,No,Normal behaviour -- no red flags,17,2.880252881444195,48.96429898455131,0.000107287163698,480313.9533260625
2676,16cW879sEZsjXAumcHfLFAVy3pPnT874LP,13.0,Low,No,Normal behaviour -- no red flags,13,1.9690562111442669,25.597730744875467,0.000127408737771,441861.6751981667
2677,1PqgrqXgDgedDTZbd11jv2ddsyR7dDu3AS,13.0,Low,No,Normal behaviour -- no red flags,13,1.958094229950918,25.45522498936193,0.0001141683791507,552200.8642218334
2678,1L8WkoAXCRznG57CVrfqBBazDULjJ1xjgT,13.0,Low,No,Normal behaviour -- no red flags,24,1.515340069887068,36.36816167728964,8.666916792279181e-05,334649.0536003043
2679,bc1qvts2xr0xx8rkvd9jfnp4dvtwgl2z8uvpacy6hu,13.0,Low,No,Normal behaviour -- no red flags,16,2.96907204010264,47.50515264164223,0.0001022915981435,500673.1359009333
2680,38wQE1Bsru3jBqyoThegqLE7AdE3JGPcb4,13.0,Low,No,Normal behaviour -- no red flags,19,2.993921108317472,56.88450105803196,8.928243934702082e-05,413319.11736944446
2681,13ncbwKBvK4f3ZBXNAyfPvUyL8aduUcK25,13.0,Low,No,Normal behaviour -- no red flags,25,2.3559026943450063,58.89756735862515,0.0001033206328023,290315.65687041666
2682,14a9bkGrWNLrvAajkTgUVEF1jAe79m5nFt,13.0,Low,No,Normal behaviour -- no red flags,15,2.318076730982153,34.77115096473229,7.897498151006212e-05,542437.9263645
2683,bc1q4zuahdvaa8z3kdu4awqupufpmzjpv7hljx8906,13.0,Low,No,Normal behaviour -- no red flags,22,1.798279267018652,39.562143874410346,0.0001294001630879,352007.6575017144
2684,bc1qalyh6vy7wzv9qns2f90tkukm2chvsn8tdc9y2g,13.0,Low,No,Normal behaviour -- no red flags,13,1.6346617428714654,21.25060265732905,9.190117794278564e-05,387617.5797378333
2685,bc1ql28engtngvff5s85lrrmyslqac2xgnuj2yprjj,12.9,Low,No,Normal behaviour -- no red flags,16,2.1168896897816247,33.870235036506,0.0001280532370616,326271.9838698666
2686,3GAtbeiRoZKC5BYbRk3UVB7DLSvX7g8gbd,12.9,Low,No,Normal behaviour -- no red flags,25,1.6873812523324514,42.184531308311286,0.0001058024025612,302969.0766924583
2687,bc1q63w6xnq8us8yhm9jmjvlanh38e8mldjd829rfv,12.9,Low,No,Normal behaviour -- no red flags,20,1.718136899980901,34.36273799961802,7.104504147510782e-05,299621.8256036842
2688,1KNUvttPjMFqsUHm8FWDYzprb4cNMX5Us4,12.9,Low,No,Normal behaviour -- no red flags,14,1.896589513420302,26.55225318788423,0.0001036928964181,568577.2134023077
2689,bc1pvrsfqxldrekeyl4k89l07y5q4cyu6xpl44s4q86s0rvvkgfd56ysac0wgc,12.9,Low,No,Normal behaviour -- no red flags,17,1.73913805938311,29.56534700951287,5.7905365250009256e-05,450871.46749725
2690,3GgWjERjDGVYxsMXefatunpmn3brzFdFBR,12.9,Low,No,Normal behaviour -- no red flags,21,1.3783969072976938,28.94633505325157,0.0001148133653146,356892.23999655
2691,bc1qfzardsanxmmnfx850p9dje07cf6nyy3xplgpz9,12.9,Low,No,Normal behaviour -- no red flags,16,2.8376387433318904,45.402219893310246,0.0001183479678354,507128.8492537333
2692,17Lc11rgKhZNpq4dGC3MwUaXrd2sqswuuy,12.9,Low,No,Normal behaviour -- no red flags,17,3.0326844949405167,51.55563641398879,9.62034276641143e-05,405151.7247279375
2693,1CE8Tdequb54S1HEbP8MsBkA8Qrr61nX3S,12.9,Low,No,Normal behaviour -- no red flags,17,1.2509480578492065,21.26611698343651,9.686049583110338e-05,475791.7385275
2694,1NQGmLPJBaW7Prni3c6VXjcsimLPikPVgp,12.8,Low,No,Normal behaviour -- no red flags,20,2.8160658221049863,56.32131644209973,0.0001195954338918,371960.3821868421
2695,bc1q6g58s3vvs3995r0tz5pu4vez7ucjd7lxy228uj,12.8,Low,No,Normal behaviour -- no red flags,18,3.038433597912531,54.69180476242556,8.946440475710382e-05,412110.2344441176
2696,16ev7HurMEdi3bVtNQPaGSpSWeLmAENV7D,12.8,Low,No,Normal behaviour -- no red flags,17,1.938914882325277,32.96155299952972,0.0001386231216057,474713.9754870625
2697,3L4JdSBKMxAqM3LZwxYhhVaGANzwfaWe2w,12.8,Low,No,Normal behaviour -- no red flags,14,1.7536502594674737,24.55110363254463,9.505888607241884e-05,558086.7836377693
2698,1Dn2K7uVyMYnNDyKfE9XVVaGcp9rMb5Hb3,12.8,Low,No,Normal behaviour -- no red flags,17,1.7443573798868284,29.654075458076083,0.0001376993591326,442633.66654756246
2699,3DMiMmTDnpApLdgzDw5jSRfyax38A6d4Lk,12.8,Low,No,Normal behaviour -- no red flags,14,2.4154403321609186,33.81616465025286,7.561624986810246e-05,536961.9490490769
2700,13YRxGSQb8HnySMnnw36rmV2TzWsGP6bC1,12.8,Low,No,Normal behaviour -- no red flags,15,2.896895350858811,43.453430262882165,0.0001109818941162,474331.83837600006
2701,bc1q4ghtlhkrmwjph4clm3zn43ech5jj3yzv2yg27j,12.8,Low,No,Normal behaviour -- no red flags,23,2.6973873444801844,62.03990892304424,0.0001136193171971,345013.22209981823
2702,3CMoCdLthFK2KY4t4SrzaM2vhYAcaZzbLg,12.8,Low,No,Normal behaviour -- no red flags,25,2.442843234963347,61.07108087408368,0.000116105656367,303778.99432983337
2703,1JxUXi18vL6eBFrrXrdWkEag2B6Bo7qAjg,12.8,Low,No,Normal behaviour -- no red flags,21,2.861514903802995,60.091812979862894,8.268112531711127e-05,324149.73995025
2704,bc1qqx7nqhvmnk2ue23yv4tk54e9x5f2f9lhq33r7g,12.8,Low,No,Normal behaviour -- no red flags,20,2.1759998100623914,43.51999620124783,5.734055130401336e-05,354829.3705529473
2705,bc1qgpmft96eg0kk0veq8d26q4234da586pqwt5rcf,12.8,Low,No,Normal behaviour -- no red flags,16,2.786687696330892,44.58700314129428,0.0001201879481662,480533.42801373336
2706,bc1qa7lf7qwppfc2r27x8svnxdsrxrs6au97h4m3l8,12.8,Low,No,Normal behaviour -- no red flags,16,1.334693281202644,21.355092499242303,9.916406237273114e-05,499808.2879343333
2707,1GMcmtbaiCPRSBwRgJbeUiD4NnDxvX9pyR,12.7,Low,No,Normal behaviour -- no red flags,16,1.2505014959553673,20.00802393528588,9.710359636366514e-05,437320.5096367333
2708,bc1pqqc0k7d49tc63m578vk4ma0j755tm65f0n5x9era7mh69e6qv3lskmp8wt,12.7,Low,No,Normal behaviour -- no red flags,18,2.997774361454147,53.95993850617465,0.000109862410391,406525.8136312353
2709,bc1qg59zf88z9ypyj09p22zaylkuhm7sf4qwy2s2zt,12.7,Low,No,Normal behaviour -- no red flags,17,2.8435190387298075,48.33982365840673,7.25948323612342e-05,442796.95186981256
2710,bc1ppxwvwzns3252x6lru5yycm222h2hpy2pyhzpxajaa2vudf8v7h8qc8x2tl,12.7,Low,No,Normal behaviour -- no red flags,22,1.512456255637639,33.27403762402806,7.801533510204528e-05,309629.5572084286
2711,bc1qxhqaaqhwah4nt5tvmj54d64d7md7d2sdljqpnu,12.7,Low,No,Normal behaviour -- no red flags,13,1.8604051518778268,24.18526697441175,0.0001116329799077,550047.5179771667
2712,bc1qqg8el8gjd78fxsufn623944wv58yydq6jm9wge,12.7,Low,No,Normal behaviour -- no red flags,21,1.2999351618595458,27.298638399050464,9.787459112012586e-05,368827.75183415
2713,1Ncsx9MWL3S3w37FmziRDot9aVTajw5rox,12.7,Low,No,Normal behaviour -- no red flags,17,2.023155909592305,34.39365046306919,0.0001397486623339,417661.4590834375
2714,1JJNXSBa7BdAFBm9WG4uy8a2bokEEALdVk,12.7,Low,No,Normal behaviour -- no red flags,25,1.7752457951584557,44.381144878961386,0.0001111450462384,305674.42615516664
2715,bc1qccrgzk7g3j4axrzng2y88xh3fd6q3d0qdht42l,12.7,Low,No,Normal behaviour -- no red flags,15,2.2418424563963497,33.62763684594525,0.0001282928939429,531571.7143187142
2716,bc1qxfsl4yyzjxwut2qtz9lhkfc9xsas4z48z8n322,12.7,Low,No,Normal behaviour -- no red flags,12,1.858990055050472,22.307880660605665,9.190349014048032e-05,447623.7908016364
2717,19BqNzPUCaeTSDfPx4fQDtwagdHqaBuZBt,12.7,Low,No,Normal behaviour -- no red flags,18,2.609785487054702,46.97613876698463,5.85773606112046e-05,401708.3415028823
2718,bc1qqtadqtx0nvvyhgak3tkzmczk299gcrdv4g6apd,12.7,Low,No,Normal behaviour -- no red flags,19,1.7270103420739598,32.81319649940524,5.747884676888309e-05,374295.9896345556
2719,16S27HFiiVyBLeZYAGUg6dXvWfd7V4q9Ac,12.7,Low,No,Normal behaviour -- no red flags,13,1.997858421376456,25.97215947789392,7.466094980448575e-05,529044.0385235
2720,bc1q9kh8ue7uey8wevgr0yfqdrtndwny6kg2awlx0d,12.7,Low,No,Normal behaviour -- no red flags,15,2.482660248808512,37.23990373212768,9.003851553974817e-05,550317.2540927142
2721,bc1qmq0jsleu4dj3aafgzs9za2kxg762ayfnfczm4s,12.6,Low,No,Normal behaviour -- no red flags,25,1.7245609244869733,43.11402311217433,0.0001041050438681,306109.96469425
2722,bc1q3jx96w6fn82z8g5a2wtuk7aasr6cym0a62cdvr,12.6,Low,No,Normal behaviour -- no red flags,16,2.7834251158679337,44.53480185388694,0.0001196252414335,502446.3516451333
2723,bc1qp86rr2ey9q0k2v7gxs75xl9c4frw4s6z6e96ph,12.6,Low,No,Normal behaviour -- no red flags,15,2.971393227051526,44.57089840577289,0.0001158924652313,441459.71211085713
2724,1Bx9sCQJEUVum5NgehBUj3WfdX81hxAak4,12.6,Low,No,Normal behaviour -- no red flags,15,2.2613798568700703,33.92069785305105,0.0001272149885181,534301.8628188571
2725,1NWJQBQQNqBy9i8vgdfhe5YhqHQZC4kYap,12.6,Low,No,Normal behaviour -- no red flags,21,1.5797259742950125,33.17424546019526,0.0001014591595378,271986.65022300003
2726,3Duh1ARawmjzU3f93JAVPyokJbnfwALy4W,12.6,Low,No,Normal behaviour -- no red flags,20,2.957724449776008,59.15448899552015,9.165872764402676e-05,367224.0949397368
2727,1CduF4mc9fYDmHhEnJcsCxJ1ZBtA3SMBaF,12.6,Low,No,Normal behaviour -- no red flags,23,1.4623961040228857,33.63511039252637,0.0001093089739123,318737.25045263633
2728,3MAzis24t1DeSQtUqvS4amNnjKv2U3Q5CR,12.6,Low,No,Normal behaviour -- no red flags,25,1.8298467973518155,45.746169933795386,0.0001025280073679,284538.1286439167
2729,bc1q4kqvzzv0d24qn8ezpqwup9qje50ex0mar2925s,12.6,Low,No,Normal behaviour -- no red flags,17,1.8143861155613603,30.844563964543127,0.0001395643440868,448482.7768465625
2730,bc1pz9zcjhvnw9fvjxk0ymfshx63fqhstwd2yj6lm2c0zn6h07edetws76krlg,12.6,Low,No,Normal behaviour -- no red flags,22,2.156789399015397,47.449366778338735,0.0001362932593557,346566.5424334285
2731,33tuTUjShd8QmXLF9UnPXPtGpZFSQAsgQY,12.6,Low,No,Normal behaviour -- no red flags,25,2.455884602788406,61.39711506971015,9.568676649957272e-05,297817.236251
2732,bc1q5mj2nj3rrvz8lwckgdvtjnvu2mcnqq6wln9dep,12.5,Low,No,Normal behaviour -- no red flags,17,1.2882559598015104,21.90035131662568,0.0001118845299837,429640.4124570625
2733,14QyNcKkSkZw3Yb1chbxVXaXjKdtgJZsRo,12.5,Low,No,Normal behaviour -- no red flags,13,2.2701395031520644,29.511813540976835,0.0001104219349958,552285.3585449167
2734,bc1qhs2nqz52v0ezf2x25s4nys2a0v89s6ammhgthf,12.5,Low,No,Normal behaviour -- no red flags,15,2.7511754469282304,41.267631703923456,8.738540197783159e-05,491948.1763281429
2735,1BVrktJZnuqXd8qxTG33vDAukVzB9rCZK8,12.5,Low,No,Normal behaviour -- no red flags,25,1.7074168688326374,42.68542172081594,0.0001096309606733,320810.2881388333
2736,1HcaNfEiH59rnYD7qDetCMrtDhnQZWma4W,12.5,Low,No,Normal behaviour -- no red flags,20,2.90015923464437,58.0031846928874,9.056017109234578e-05,372606.4400207895
2737,12zzCSr4eHNreXGBHyTqDxXzWjYKAP8naW,12.5,Low,No,Normal behaviour -- no red flags,17,1.8595423824176984,31.612220501100868,5.8584654321940936e-05,454213.66173775
2738,1Gi2jYGpTcjySQ1q7uAgnNNvbJEKU7HYmx,12.5,Low,No,Normal behaviour -- no red flags,13,2.238212706180186,29.09676518034242,7.305879262121129e-05,474627.0500789168
2739,1K6aiuTQz7qGKhSo8pqchjzDaBc9Gwc8RZ,12.5,Low,No,Normal behaviour -- no red flags,20,1.437855004728104,28.75710009456208,0.000120011020998,370795.7455571579
2740,bc1pc2kdvjw5mmr03yta8tk7ksqq286nhdy5wawtnt3x9gcxdpm7smxsj4sq8p,12.5,Low,No,Normal behaviour -- no red flags,18,3.1224994559444688,56.20499020700044,0.0001025031787373,389234.58368941175
2741,bc1qgjgwljhep3fdqnf6j6xz4vxn2907tzt3ezzc33,12.5,Low,No,Normal behaviour -- no red flags,18,2.931264293205821,52.76275727770478,0.000102867930231,410731.6461131177
2742,1EJU6GDggTrixR66U38qiDyjLqpoczEnA4,12.5,Low,No,Normal behaviour -- no red flags,23,2.085537677250612,47.967366576764064,6.319227617574193e-05,342211.5758500001
2743,34wpjEfH1HefXs1QTYY8H2ST6gy2fia2PE,12.5,Low,No,Normal behaviour -- no red flags,22,1.707244794168004,37.55938547169609,0.000127277970025,336227.9134280477
2744,1Le5cLbpWtMnkmv38gXgj8DWcVT419jgw5,12.5,Low,No,Normal behaviour -- no red flags,16,1.3277643414344045,21.24422946295047,0.00012137076522,457731.7118327999
2745,bc1pfurcft9ag8ahvcp8rr2gxtv3jqj5kl7sh3fpw5yme2wxvxvfwggsapeysg,12.5,Low,No,Normal behaviour -- no red flags,23,1.426639280496063,32.81270345140945,8.579387126180917e-05,335935.67550022725
2746,36doLKjCsPzdP5gY8Ss79aLjhwho1V79oE,12.4,Low,No,Normal behaviour -- no red flags,13,2.4337108698472365,31.63824130801408,8.02788475770688e-05,435422.1170118333
2747,34BGu2tMRnCZwny82MADtQP2yWoBmGoJBt,12.4,Low,No,Normal behaviour -- no red flags,18,2.4652766502976733,44.37497970535812,0.0001384807939836,443091.42617347057
2748,1GgnhPvL281f96RP5E4SEUW8cESBkjKMZg,12.4,Low,No,Normal behaviour -- no red flags,16,2.801919626052026,44.83071401683242,0.0001163377591052,487290.2716971334
2749,18EEBf48zRsiMb5kBPkLJpG8kaRmv9WX4u,12.4,Low,No,Normal behaviour -- no red flags,21,1.6813349714560617,35.30803440057729,0.0001144798385645,300513.80279075
2750,3HeKJesiz6MBLq5zWUcNM1ZSmDBq4xN9U1,12.4,Low,No,Normal behaviour -- no red flags,17,2.504088921517232,42.56951166579293,6.586163161354724e-05,480785.9114135
2751,3LFuiSwn9ESB3K7n9iGUhxhpggQQe9HRzH,12.4,Low,No,Normal behaviour -- no red flags,23,1.675232972363825,38.53035836436798,0.0001245688311716,329374.7596476364
2752,1HV7mWyP7ekbSq24HmqSV5G6pdut7GCDwP,12.4,Low,No,Normal behaviour -- no red flags,24,1.6829956266837165,40.3918950404092,8.027989260020315e-05,325060.7824755652
2753,bc1p5khagd8wjgau3j3kpfjlc2v0ze4x3hvg9kxue5hrdakwepwx2s4qd8ne6m,12.4,Low,No,Normal behaviour -- no red flags,20,2.928671154796356,58.573423095927126,8.734687023435002e-05,322984.5057164737
2754,32UF4ZpMnrAximKChyLVSjziMUtBSZSVch,12.4,Low,No,Normal behaviour -- no red flags,23,2.2849307069709086,52.553406260330895,8.002591246391516e-05,264127.54788536363
2755,bc1qc8lelekm4n2tcqmcecym6n7dnf3hvmgyruwlrz,12.4,Low,No,Normal behaviour -- no red flags,18,1.9022304579021017,34.24014824223783,0.0001427968857924,408807.1915012353
2756,1Dtty2geBSNovZ5RJxxWaQ4zzQue5z7chm,12.3,Low,No,Normal behaviour -- no red flags,15,2.248616094729486,33.7292414209423,0.0001335451339673,507666.71166728577
2757,39upCACopHcXrftiXLviVxkfuaxtrB5zFJ,12.3,Low,No,Normal behaviour -- no red flags,20,1.656120735992484,33.12241471984968,0.0001272024746183,370315.10695568426
2758,1KPxbtKFEajFyAmdnxUogY1xAb5qjtL4mT,12.3,Low,No,Normal behaviour -- no red flags,13,2.4139339559864093,31.38114142782332,9.473698541703314e-05,517852.3320916668
2759,bc1qxcjuu02v8ud59ym6utqw2zpgqpsl7425llxk4t,12.3,Low,No,Normal behaviour -- no red flags,15,2.732296785837113,40.9844517875567,0.0001136615488601,354156.5979707857
2760,bc1qu2klzjq6xr6sxvfpdagqqjf4mt95plg5g05f9j,12.3,Low,No,Normal behaviour -- no red flags,20,2.775141495474402,55.50282990948804,7.070025153173036e-05,335446.3668585789
2761,1FFUWC4nZo1RsTcPxHdb3CqLtW4cRUoh5c,12.3,Low,No,Normal behaviour -- no red flags,17,1.4292667991380008,24.29753558534601,0.000121689162098,475523.317950375
2762,1xgUsZ8Bme4vseYMw1dayaoCZTux9vRJP,12.3,Low,No,Normal behaviour -- no red flags,16,1.936891165168439,30.990258642695025,5.622921161808314e-05,445545.59529106674
2763,bc1qksyj0wft7awezhrp88ys73vstt6d0rstekn3m4,12.3,Low,No,Normal behaviour -- no red flags,19,1.1912901602272514,22.63451304431777,0.0001038952498434,410455.5824288888
2764,16qeLfznVQHWktAdSeKGy2s1zbadFtnAVX,12.3,Low,No,Normal behaviour -- no red flags,17,1.5656624662890912,26.61626192691455,0.0001341899391253,407042.71834287496
2765,bc1qdp97ugnr920mj8umquhx3a3t5vg0dde5k8qzqw,12.3,Low,No,Normal behaviour -- no red flags,25,1.8117286810464008,45.293217026160015,0.0001015781659202,290879.318433375
2766,1EkrvUjCM7u89UCoaVeejG5Vyd97w3J99L,12.3,Low,No,Normal behaviour -- no red flags,19,1.2780240753862335,24.28245743233844,7.691828582249222e-05,413509.7720267778
2767,3NgwTez3ghU1sFKJnnF32ArhEhn73YuBSj,12.3,Low,No,Normal behaviour -- no red flags,18,2.810580489330957,50.59044880795722,0.000122801877181,412360.9820786471
2768,bc1qpm23ej7p0umjqzzz4u2pyc39gfejatn2agq807,12.3,Low,No,Normal behaviour -- no red flags,19,2.938344394367583,55.82854349298408,0.0001108590922724,409369.1238715556
2769,1FrqNiz39NuaD9whPFpZVuw6wHppuroMhp,12.2,Low,No,Normal behaviour -- no red flags,16,2.897035403434027,46.35256645494443,0.0001114975534109,488873.92371286656
2770,bc1qp56kucyykun3phjl8u3y2vp7psackhmfmx4jq7,12.2,Low,No,Normal behaviour -- no red flags,20,1.88968919791994,37.7937839583988,6.078392817731967e-05,384550.01095789473
2771,bc1qe68ygv4alppfs0wfryzpvslx3v657cntj2h4ke,12.2,Low,No,Normal behaviour -- no red flags,16,2.3509069646029825,37.61451143364772,5.680633889155167e-05,419320.61186206655
2772,3DqsLDo15g1jRQBtgpTzKCDpFbwsXvvVAE,12.2,Low,No,Normal behaviour -- no red flags,25,2.0101287559589927,50.253218898974815,8.642937098088029e-05,272772.7104794583
2773,35Q6z7Fu2CYZyBSCmJ3dtrCXHfwYc1mXia,12.2,Low,No,Normal behaviour -- no red flags,13,2.000424304315428,26.005515956100567,7.641267202992372e-05,529518.4749525833
2774,bc1pslezpuuqm2hk9axpv2zu54t5envp845lg9l3sd94k9u440fgfw3scnvrj6,12.2,Low,No,Normal behaviour -- no red flags,15,1.5744949068828602,23.6174236032429,8.689104821517562e-05,532913.2613947142
2775,1CPB3mYKmGLFq7Q1uUYuqph15WL1AeD32S,12.2,Low,No,Normal behaviour -- no red flags,20,1.4524260248681264,29.048520497362528,0.0001196152774266,408922.8181790526
2776,39cxgLAsVjTyA2GFETxPrsCmTc1g1k3dRE,12.2,Low,No,Normal behaviour -- no red flags,15,2.245410767827928,33.681161517418914,0.0001320009450646,460198.4429149286
2777,36obF57QHJpwtBDRo1E6VQoNjFdowSjztL,12.2,Low,No,Normal behaviour -- no red flags,20,1.805043218967338,36.10086437934676,0.0001331564872689,354139.7347674737
2778,1LPUrcqQLcwiQRqVqJwrQi4588yB3Gy6Ja,12.2,Low,No,Normal behaviour -- no red flags,21,1.299798298244231,27.29576426312886,8.914474933151794e-05,378686.6236941
2779,3Mue1hYbinLTPqG7MRgm8tdTFVvDPs4vtv,12.2,Low,No,Normal behaviour -- no red flags,24,1.772759527243437,42.5462286538425,8.242648469546532e-05,299235.2515325652
2780,19BFLzRjuNzn9hwS1NzuUby5eTm7deH4NA,12.1,Low,No,Normal behaviour -- no red flags,22,2.685312119204448,59.07686662249786,0.0001237782953181,343771.64360938093
2781,bc1qcc2v7mp9me2tsarn74arryhnsnz69uuh8nwq4u,12.1,Low,No,Normal behaviour -- no red flags,18,2.987570972373831,53.77627750272896,0.0001013751243658,411843.9572915294
2782,bc1qyhc985kcehvrmg06gjrhtmlwm32wrfsk85m260,12.1,Low,No,Normal behaviour -- no red flags,17,1.3859886440338458,23.561806948575377,0.0001166018198014,472954.6421408125
2783,1FsARceCSVkq8irqehwKu6Cjg8h2up9e3r,12.1,Low,No,Normal behaviour -- no red flags,19,2.995334101311195,56.91134792491271,8.730950398090521e-05,397277.6171659444
2784,1WtogZYqik3oWx9XQKSx7KZgTvuvpYn8x,12.1,Low,No,Normal behaviour -- no red flags,20,1.5326717790938642,30.65343558187728,7.157378717578215e-05,361311.35219784215
2785,1GeRritee8tKCsm2ht2pMUfziqnAP3K1oj,12.1,Low,No,Normal behaviour -- no red flags,17,2.677792866065332,45.522478723110645,0.0001311281815906,390520.0345625
2786,16wdUnTUrEimS5WMkhjRQuumKgGzA35UsR,12.1,Low,No,Normal behaviour -- no red flags,20,1.7347821886922523,34.69564377384505,0.0001195082782991,303128.75498421054
2787,bc1qr7j7vmep4npm5a83f49pj2krtr8p9qyqppt0za,12.1,Low,No,Normal behaviour -- no red flags,24,2.2791814994737245,54.70035598736939,7.536206910594055e-05,324189.07063139137
2788,bc1p9qzwhyyyjzzj89mzp7kpfexnc97rks788v0k25yyzjdwu3nspa8stxpz8r,12.1,Low,No,Normal behaviour -- no red flags,14,2.259083662800625,31.627171279208746,6.931336511458374e-05,480714.6670029999
2789,bc1q77n2ts3xa5y6gue6u4rx9gd2g7t2mjyen96ty7,12.1,Low,No,Normal behaviour -- no red flags,23,1.4230273507971056,32.72962906833343,0.000107553374679,336798.06417454546
2790,bc1qj02es0f3xccd8y5e5yl74r548nq7a75jcmxrgp,12.0,Low,No,Normal behaviour -- no red flags,18,2.8611223723900787,51.500202703021415,8.922653448990159e-05,452421.1191864118
2791,3H5i2Cg2eWvctabu9cxiM2xspmcHxrBnZy,12.0,Low,No,Normal behaviour -- no red flags,21,2.1441835077485925,45.02785366272044,0.0001359497083371,332388.879083
2792,bc1q20axhucfez7ejckxz8eq9teqaxtx3zs93sxmng,12.0,Low,No,Normal behaviour -- no red flags,19,2.2905458186314007,43.52037055399661,5.487461082491567e-05,379682.2454393333
2793,bc1quakw7stk5mrfwfj2dth80nrnhrx2t0tqlcvfkt,12.0,Low,No,Normal behaviour -- no red flags,22,1.3580149513313589,29.87632892928989,8.555906736073639e-05,366620.4464908096
2794,3KxJaViyjnLvaJbDDqYaJV67wXbE7KYScx,12.0,Low,No,Normal behaviour -- no red flags,18,1.8124585536093312,32.62425396496796,0.0001418515921819,386720.1473072353
2795,bc1qrcyj056a0us2r6wjl6k5sypzduqy2p3r56vgd7,12.0,Low,No,Normal behaviour -- no red flags,20,1.7404341698303416,34.80868339660683,6.297161362291935e-05,388308.7436466842
2796,14X2yJ7NK7BxzzCyeB8nCA1U2buYQuJg24,12.0,Low,No,Normal behaviour -- no red flags,16,2.9145647953617257,46.63303672578761,0.0001141547633426,449345.193516
2797,1LrYRERxuxXSeRRMkDV5ahGKTheWFoyaiy,12.0,Low,No,Normal behaviour -- no red flags,20,1.9592046159248795,39.18409231849759,0.0001303922916954,358669.0743949474
2798,bc1qvwsnpvcpf3dqyrjsnhrs63asa8pn9s9zxe6rxa,12.0,Low,No,Normal behaviour -- no red flags,14,1.9440941682313584,27.21731835523902,7.120840871294516e-05,530235.1679867692
2799,15ZCwpGfpJvaKeFLTve9YUVRr1CH9WvXuY,12.0,Low,No,Normal behaviour -- no red flags,24,1.6554363781616657,39.73047307587998,8.340118010161997e-05,307774.13699886954
2800,324vf72TavixdX8FwK3zJa1QT2aLkKNq4s,12.0,Low,No,Normal behaviour -- no red flags,13,1.8002023441451651,23.40263047388715,9.153817473842478e-05,546223.3356692501
2801,1DARTD5wNMiMfbptKW8ph73KHuvjE9drSX,12.0,Low,No,Normal behaviour -- no red flags,26,1.9197562231795915,49.913661802669374,9.031169299698544e-05,303278.47604748
2802,bc1qwnfufc5fmyh3xzh7la0sh3kr8a3zveakx2uk08,11.9,Low,No,Normal behaviour -- no red flags,23,1.8486570307305443,42.51911170680252,0.0001270316125366,313595.3670946364
2803,17BVrwWNjkzT3xf8VDzoRkAF2Czk8txnR5,11.9,Low,No,Normal behaviour -- no red flags,26,1.799690944384316,46.791964553992216,8.640974555831953e-05,308063.8213312
2804,bc1qqedsfds5hvmafqq2g63qhglzsr9pxde0s9rze9,11.9,Low,No,Normal behaviour -- no red flags,24,1.7422113675404012,41.81307282096963,0.0001227451717054,321627.49661882606
2805,bc1q4y8tu9s550l6scefslrtrgtn0dr3p6pu3q8vrs,11.9,Low,No,Normal behaviour -- no red flags,21,2.741690713778007,57.57550498933815,8.46274274557062e-05,379601.7005485
2806,bc1qwr0er37sucgpgwyw9n2qsshqnspxn0kjdryz9e,11.9,Low,No,Normal behaviour -- no red flags,23,1.8873723275520955,43.40956353369819,0.0001171808348698,289398.4863425909
2807,1sfHhaBX1Xu3tzouyDoUYzYBWYXRFBh5J,11.9,Low,No,Normal behaviour -- no red flags,19,1.3131411293565711,24.94968145777485,7.537963425530561e-05,411417.81442861113
2808,12jEqoHdNw8Puw8d23GFPTXAZLo5QNt3VZ,11.9,Low,No,Normal behaviour -- no red flags,18,1.5616855316524942,28.11033956974489,6.247648762140346e-05,404701.3583794118
2809,3NuaDb9bnWwcekGnJkGoSgy7cchFQMDwWQ,11.9,Low,No,Normal behaviour -- no red flags,18,1.2375554017944017,22.27599723229924,8.223936530167075e-05,444990.183926353
2810,bc1q4lczqswx9lvh8x95tjydhps6r5gj89h2h8dv2s,11.9,Low,No,Normal behaviour -- no red flags,14,1.652333585378576,23.132670195300065,0.0001034905153117,511764.6968494616
2811,1NXzK6NQsq3Ex4TdQ3p4WmLwhRvAQDhqeh,11.9,Low,No,Normal behaviour -- no red flags,18,2.150289793379216,38.70521628082588,5.8282361773020905e-05,431002.45190411765
2812,13Qe1XbA5zSuuqJmUuLK57hCMmCjnUBQpR,11.9,Low,No,Normal behaviour -- no red flags,21,1.614864100185038,33.9121461038858,0.0001283773371024,338798.7586490499
2813,17nqUjSBqpgHv62pUCk1Dn9fMx8Xpmeurv,11.9,Low,No,Normal behaviour -- no red flags,14,2.641898254827612,36.98657556758656,9.931765850693728e-05,512676.7966481539
2814,bc1qxkc5zkhtvhtdctv6x70l3svqltuvk6v3st8e4w,11.9,Low,No,Normal behaviour -- no red flags,17,1.3717280013315545,23.319376022636423,0.0001181056618213,449588.7141147501
2815,32kFdxUrWJSSWT3eTT3dsmUsDv4z7T7KUp,11.9,Low,No,Normal behaviour -- no red flags,23,1.8484710690241848,42.51483458755624,6.699886666562898e-05,338046.58801313635
2816,bc1qkmjvj6dsq8jwqf4a66304rpemegwevdmhc46ez,11.9,Low,No,Normal behaviour -- no red flags,18,2.710545052460949,48.78981094429709,0.0001264403869394,393912.6638837647
2817,3Fwq4eve5GF9iLoawyL5b9We1TP6H6VDki,11.9,Low,No,Normal behaviour -- no red flags,21,1.7252366118380014,36.22996884859803,0.0001273575888979,377526.7683819
2818,136RiQDp2eb1cyTSzMRd9euc3NsiaeQ3c3,11.8,Low,No,Normal behaviour -- no red flags,20,2.9477003324469946,58.954006648939895,0.0001001701744203,362355.5716700527
2819,bc1pmamg4c8nmxj5xy9y88225mv7dntzaruy6mmyxlf3rdld3m3m3kyq25j4nh,11.8,Low,No,Normal behaviour -- no red flags,21,1.4802999885018011,31.086299758537823,7.795274439445481e-05,355511.00134325
2820,bc1q76t3e5qj5j75rx6c5xqfp33wks6umm4kc4e3q8,11.8,Low,No,Normal behaviour -- no red flags,21,1.8125259737012072,38.06304544772535,0.0001302078002226,378145.8247587
2821,bc1pmtukvl0rly9dkdwswrg4gfqswhdsntgw5regf5dnzy8rxtlaamnqh5m2hv,11.8,Low,No,Normal behaviour -- no red flags,15,1.490141007943499,22.352115119152483,9.049871367671072e-05,490398.6978797857
2822,bc1pl9d2aa3629ldn93v7d9e4s3y84eaq5qx7uqaxpvh7lyqc2q2thqqxvqsd9,11.8,Low,No,Normal behaviour -- no red flags,24,1.7379305380227683,41.71033291254644,0.0001215324425632,313460.50479726086
2823,37QFtvWq1w7cAB9huwuXN6EaEKkEmpGm5N,11.8,Low,No,Normal behaviour -- no red flags,13,2.411382430801221,31.34797160041588,8.742481073080373e-05,497462.87065750005
2824,142BF9RgpBhbb8UVt18ehohgAJakgyohgv,11.8,Low,No,Normal behaviour -- no red flags,25,1.924645320823943,48.116133020598575,7.914099296845483e-05,308465.665561125
2825,1QDT5HFYmyP9FJfGXFteHpv4p1ZUz9ezyU,11.8,Low,No,Normal behaviour -- no red flags,16,1.335538674982908,21.36861879972653,9.88142946640212e-05,365244.20875546674
2826,1NoSbYTqLUaZ6TxaXDSULFSGLtYUExeuDc,11.8,Low,No,Normal behaviour -- no red flags,20,2.3110854686312896,46.22170937262579,6.51551787069492e-05,308159.199736579
2827,bc1qhjzwgrkeefartf984ch0sk48rarv64xgaphq5p,11.8,Low,No,Normal behaviour -- no red flags,24,2.516239167483376,60.38974001960103,9.079786357948064e-05,333889.5536916087
2828,1AwyGcx2mKVzDNZxzGt1xuYj6j6HBj2GwT,11.8,Low,No,Normal behaviour -- no red flags,25,2.3706164881522795,59.26541220380699,9.561587130969068e-05,299485.31610629166
2829,3QpdLzzZRs1NJJVFxkKoY8TLaqwtyRtpPX,11.8,Low,No,Normal behaviour -- no red flags,25,2.1748558498682384,54.37139624670596,0.0001018512146266,282894.87289295834
2830,39H7mdk8t6Z8XxihM6XTCXVVWJQWDGZCFH,11.8,Low,No,Normal behaviour -- no red flags,17,1.4298577357317672,24.30758150744004,7.376743652147389e-05,467050.0281168125
2831,bc1pdy4fwug7mmz72m4vwmmg8uwwl72ena9adltge30p5ydfdlpny9xspmhmsm,11.8,Low,No,Normal behaviour -- no red flags,19,1.2355754048370882,23.475932691904674,0.0001091188789139,403480.0144731667
2832,1EFJRmgPUSrUz4FxSkN5J3nC4oKtKKw9Z2,11.8,Low,No,Normal behaviour -- no red flags,19,1.5378966815979218,29.220036950360512,6.640452803573411e-05,370060.1572408889
2833,174GZ5KHL7PVmnLNTkE4qzUiHMdw2BDDX4,11.8,Low,No,Normal behaviour -- no red flags,23,2.205524297327456,50.72705883853149,0.0001179590921592,265695.91471677274
2834,bc1qvnzg43vaeeenhe29gxljawsruzg2xd6pl83m32,11.8,Low,No,Normal behaviour -- no red flags,16,2.785331981992941,44.565311711887055,0.0001109335468241,489555.9182575333
2835,1LPW1pFuougFvaTXwHxHM8ozVwx2sQYV9y,11.7,Low,No,Normal behaviour -- no red flags,18,1.509526384344377,27.171474918198783,0.0001330994363323,422077.0220815293
2836,1LttSU7skXrX9GTPSNkRXMFthRX4qMvyMX,11.7,Low,No,Normal behaviour -- no red flags,18,2.588160545576572,46.586889820378296,0.0001332920669732,431611.0652177059
2837,bc1q8ks8x408s7hl5hatrq743gsg4d6lpp3pwexple,11.7,Low,No,Normal behaviour -- no red flags,16,2.1919406477101258,35.07105036336201,0.0001112518293568,286223.5925653333
2838,bc1pwhtc2dunp365nqkrs3l8c64km5ujz7n94enappruza9hz5j545gswuuawt,11.7,Low,No,Normal behaviour -- no red flags,23,1.4771436717820137,33.97430445098632,9.699093542859532e-05,311392.5392056363
2839,1LUpVFEz6nt8e7TjaEparmztTSaN9mhTg8,11.7,Low,No,Normal behaviour -- no red flags,16,2.7725707276937013,44.36113164309922,0.0001121287452906,501180.5070953333
2840,bc1ppacmkkva9q26wrhkejjlcwzeqv68y3sjy5ur8rvnduu04ecu3jlqmyu0ca,11.7,Low,No,Normal behaviour -- no red flags,23,2.647399223320247,60.89018213636568,8.364542875084797e-05,332436.34348622727
2841,3ANgTXPczU2DHjtCRGL7nCRLiLVhgXfpNs,11.7,Low,No,Normal behaviour -- no red flags,21,2.702712175265631,56.75695568057825,0.0001159701180008,374152.58860855
2842,bc1qcwrzqm6fhnkhd3e9qngxcmxht8630zvwk2me24,11.7,Low,No,Normal behaviour -- no red flags,18,1.627822811067403,29.300810599213246,6.333846116939088e-05,449107.0320514119
2843,bc1qkm9k9tf0xhqx3s4w5485cr5twmghxya4xl2t56,11.7,Low,No,Normal behaviour -- no red flags,20,1.8142489904784456,36.28497980956891,0.0001336698557033,382822.55476331577
2844,bc1qplg8z6lfvf3h3fjvq09fqlmxn5gusxtt808g2d,11.7,Low,No,Normal behaviour -- no red flags,23,2.549473853756368,58.63789863639645,0.0001234616854768,311544.6572188182
2845,3MLUvX6tE68hs1aCYFKrgwBpCodvrUUmmF,11.7,Low,No,Normal behaviour -- no red flags,18,1.2324053768189471,22.18329678274105,0.0001064992798467,387560.1469219412
2846,bc1pr9ztta29zjgfmt092dxnlg5acjczuy7569xtk0c0jg3ls3npsjwqcfsmwk,11.7,Low,No,Normal behaviour -- no red flags,24,1.8552937074270213,44.52704897824852,0.0001018692515129,293744.9603828261
2847,35dh3fX8wjQyZiJTNcSEbV5XsQWJ9RRE18,11.7,Low,No,Normal behaviour -- no red flags,15,1.953776035164691,29.306640527470364,0.0001273653572576,535216.7882089285
2848,bc1qf8nrmyuz0vzfyzenv7cma9u2ja6466wrw74mph,11.7,Low,No,Normal behaviour -- no red flags,16,1.5776758927489027,25.242814283982444,0.0001239872537777,487381.18539
2849,bc1pt8km47mvlp8acj8s2ue376rcy0044p45rdqyd6qq58hvfelql5fqe8el7r,11.7,Low,No,Normal behaviour -- no red flags,26,2.046048913689065,53.19727175591569,9.217319513652132e-05,292874.36436752
2850,bc1qzwq4mxlj7ad54jd97cctsaxfcdpwagupdvrx5h,11.7,Low,No,Normal behaviour -- no red flags,17,1.2411720563824928,21.099924958502378,8.50850333084144e-05,447046.15810975
2851,bc1q56e09en0c7skk78k42qyrgml6lcym9yp887mqk,11.6,Low,No,Normal behaviour -- no red flags,21,2.444302084703156,51.33034377876626,6.830400767872413e-05,304493.4152269
2852,1PcZsY9bbjfK77ikSVdD2uWBYtsBFM88vg,11.6,Low,No,Normal behaviour -- no red flags,13,2.1713884766002742,28.228050195803565,7.966292441177254e-05,512871.03862641664
2853,bc1qs8u6surlza7e0xgf20cxe5mtjr2qlgvy7x30hh,11.6,Low,No,Normal behaviour -- no red flags,21,2.77198873002228,58.21176333046788,0.0001166776827024,339588.1237138499
2854,bc1pl0t6hcvy3ha76s63ejdmhdprxqjljgarpp498xqeupf3n7gne7eskd470x,11.6,Low,No,Normal behaviour -- no red flags,16,2.3815045192979025,38.10407230876644,0.0001258274421829,510076.6735828
2855,1J2sT2jxWyoHgca9Pk7AxMU264ZV4Qo8Fq,11.6,Low,No,Normal behaviour -- no red flags,23,2.0991650089315685,48.28079520542608,6.689711111224037e-05,327045.6467318181
2856,1JvyiBn9qaknmoswhu9qPUszdz7ef85Rra,11.6,Low,No,Normal behaviour -- no red flags,25,2.436557389947982,60.913934748699546,9.352031175912332e-05,316926.1903016667
2857,3EtYLYFqwDEuzHA63pKWYp5ePUXAVMA6U8,11.6,Low,No,Normal behaviour -- no red flags,14,2.173450047428368,30.42830066399715,8.477604626836249e-05,550146.5223396154
2858,3CvU16rWchEqbQGHWw6u6CBPUBz1oz4dfu,11.6,Low,No,Normal behaviour -- no red flags,17,2.856210035667041,48.5555706063397,9.353428171923524e-05,458229.2860549375
2859,bc1q3hyfsfhvz0n66ryr5nws2h3tcu9tftgrw3lc25,11.6,Low,No,Normal behaviour -- no red flags,19,1.66301731146041,31.597328917747788,6.786377832010311e-05,334327.01590805553
2860,bc1pdkctw2s6lg2ql4hkmhyhrajazc6e76mvvg9jncvjwwe4rhut9upsm60573,11.6,Low,No,Normal behaviour -- no red flags,18,1.6837379473799066,30.30728305283832,6.341206597516893e-05,440504.86614435294
2861,1PuwCjoMZR33YCW5AKiMsR3jbEN669NGz2,11.6,Low,No,Normal behaviour -- no red flags,21,2.7896482984589728,58.58261426763843,0.0001021112917268,365407.12577105
2862,33unpGuFzmER93tBY2jrcf8ietD7uvU9cN,11.6,Low,No,Normal behaviour -- no red flags,20,1.979823705723523,39.59647411447046,0.0001314822213741,357706.1953296316
2863,bc1qd39tua7w7wlgu26whfq7cvup52wzp69zyzdhrz,11.6,Low,No,Normal behaviour -- no red flags,22,2.57601360480628,56.67229930573816,7.123864344922225e-05,314883.0473646666
2864,bc1qjfzz5vr9pshs8xk43x6wcdk6tyw9z6lzmpu625,11.6,Low,No,Normal behaviour -- no red flags,21,2.2527340456347456,47.30741495832966,6.973965637182467e-05,292791.9249507
2865,13h9G42hjwVJAouxGGJ3yqd8N5QepwaYkv,11.6,Low,No,Normal behaviour -- no red flags,15,1.5564677598450876,23.34701639767632,0.0001039144923772,527357.7511293573
2866,3BsXgaRkPjoRQHRhfz3yeKukkU9zN9cNzH,11.6,Low,No,Normal behaviour -- no red flags,17,1.3561592918859304,23.054707962060817,7.534894891226435e-05,439404.5828828125
2867,1NiWg24VpLfFdH5GzmeWinQbJ5VdaVsjrD,11.6,Low,No,Normal behaviour -- no red flags,21,2.204479842191397,46.29407668601934,6.459715470782253e-05,316054.56779705
2868,1GR9ERa37512rEzMqJ7fd1nLEWFt9L2S2Z,11.6,Low,No,Normal behaviour -- no red flags,20,2.710458470396857,54.20916940793715,6.852666927951586e-05,376553.22762289474
2869,bc1qt0864wcmvg6pkpgd6qa25q72vftuerg33vaxss,11.6,Low,No,Normal behaviour -- no red flags,26,2.003253742058144,52.084597293511735,8.75357672531447e-05,300244.52228592
2870,bc1q48z99fvsld8wwhkvsq74wtpx5g9jpru7vuyygn,11.6,Low,No,Normal behaviour -- no red flags,22,2.658264701298218,58.4818234285608,7.053924734091316e-05,345243.9097213334
2871,1KJBKzaf6Abixq9CUNjYcK6gqBJLTa5KRV,11.6,Low,No,Normal behaviour -- no red flags,20,2.3318278211552337,46.63655642310467,0.0001335305993646,393434.3682597895
2872,bc1pus7qd4anp2r4xcma37v5p63lg9n4kkyuw7aumhlgpxnnyt3mhqgs5hk4nf,11.5,Low,No,Normal behaviour -- no red flags,17,2.781985473439369,47.29375304846928,0.0001021723208098,475360.2673106875
2873,139u4D5YEmEkZHNFtPQKFEG62AUzcdhH4c,11.5,Low,No,Normal behaviour -- no red flags,25,2.055813580516696,51.3953395129174,7.786435211191841e-05,305354.3270017083
2874,1FtqB3qYEJhCC2wXSKbZt2LcZmucouLufD,11.5,Low,No,Normal behaviour -- no red flags,16,1.4258284587843246,22.8132553405492,0.0001084497941103,471389.4934732
2875,1Pro4f57eCx3Atp4iLE5zwEvYDbMTPHmuP,11.5,Low,No,Normal behaviour -- no red flags,14,1.6435249119538382,23.00934876735373,0.0001116572295878,444168.0263676154
2876,bc1q38963cgqrlgvhjsptgkkglygpsterst8gfasw3,11.5,Low,No,Normal behaviour -- no red flags,20,2.0886409870512543,41.77281974102509,0.0001361670723252,386974.5590516316
2877,12Xxdq2hfysiBgizapvd1cQPJh7NzGaWbu,11.5,Low,No,Normal behaviour -- no red flags,15,1.7520359009681434,26.28053851452216,6.89934818788933e-05,528901.4117900713
2878,bc1qrfmlht5ege23s58e24qz09v6fawkpl70583ayn,11.5,Low,No,Normal behaviour -- no red flags,18,2.296277311942509,41.33299161496517,0.0001372876067569,398740.0813501765
2879,bc1pe5gfmk5g7uwj9jy6l386ktukkd8wjtcuh64hma0c2aap4eyy0hkseh8r4x,11.5,Low,No,Normal behaviour -- no red flags,13,2.381634350057848,30.961246550752023,0.000102828806873,453376.3413835
2880,1DqPD3VJQsNUQCVBiMp41ShcT6v8J8JLen,11.5,Low,No,Normal behaviour -- no red flags,15,1.6316893119635951,24.47533967945393,0.0001310468075545,447785.2215042142
2881,39rS7fWHpoNyEgGdUPVL4iAe7WqCDWNd5t,11.5,Low,No,Normal behaviour -- no red flags,22,2.7887834109927683,61.3532350418409,9.605806700681663e-05,312908.3300490952
2882,bc1q6ttk2ymvp4wftl5l7u37tgr9mr780qrraqvpka,11.5,Low,No,Normal behaviour -- no red flags,22,2.7137888773265484,59.70335530118407,8.340187391546022e-05,355973.700273
2883,bc1qwv02c3kx2qv5hsm098nqxj7ukydk6h69jcdp69,11.5,Low,No,Normal behaviour -- no red flags,23,1.435446946728678,33.01527977475959,9.471702833168416e-05,332285.59192581824
2884,1N7V1xodrWagAVBevX1BTb1Gt3cxABdfo7,11.5,Low,No,Normal behaviour -- no red flags,20,2.797397702376176,55.94795404752352,8.437890423003405e-05,392979.04491484206
2885,17GWWsznPWE72ZE9NnRWj4aBNN7Fni8PaM,11.5,Low,No,Normal behaviour -- no red flags,21,1.4640200577157811,30.744421212031405,0.0001159895348847,339119.3178387
2886,bc1qj8tah7t02kn6su8qx084wud2jnyhr8mq9zxxh0,11.4,Low,No,Normal behaviour -- no red flags,18,1.6513987694531884,29.72517785015739,6.174848764508975e-05,405277.142233353
2887,3JvDJYRusW19fivNkyzenKbaLpyww7bsZk,11.4,Low,No,Normal behaviour -- no red flags,16,2.215429558659593,35.44687293855349,6.439079386511926e-05,474992.91754
2888,1KoekCDkHWVtFCEJ9wG8t2Hb6StbR4ajSq,11.4,Low,No,Normal behaviour -- no red flags,24,1.6554619433705458,39.731086640893096,0.0001084094595843,302359.5265716521
2889,1B9TMTSfg7UJywBe9Cfyn1xGyNhvzqb7i2,11.4,Low,No,Normal behaviour -- no red flags,16,2.0788432800731123,33.2614924811698,6.348030401670223e-05,466153.9795786666
2890,12Um8Z9R4ajMowAxNjUMX2L3NwaLApsLZ5,11.4,Low,No,Normal behaviour -- no red flags,19,2.660419658835961,50.547973517883264,6.152869891497467e-05,358196.23548288894
2891,15SumECVAGsMj2dYQw9HyBZjGsWYHMABX9,11.4,Low,No,Normal behaviour -- no red flags,20,1.5764574864507177,31.52914972901436,7.940541135241315e-05,313209.87377642107
2892,bc1qsjwwe0n54cn8gtz98m8lz2u7469h2vuvrevldq,11.4,Low,No,Normal behaviour -- no red flags,24,1.6024847608454558,38.45963426029094,0.0001068855335064,323232.3257141739
2893,bc1qthc9x8jxwwhlhvn02rq3yfhukc9uez0dn8ajz2,11.4,Low,No,Normal behaviour -- no red flags,19,1.6481583813674223,31.315009245981027,0.0001348597370313,405603.3141452223
2894,1JZFGk2Ea8tHK5yppKMPzUuWs3eNMTPKwv,11.4,Low,No,Normal behaviour -- no red flags,23,1.6766093921173328,38.56201601869866,0.0001159401559252,318625.8565654091
2895,12ampQvxCeY8yPeusY97TriNpfrk4Ukhoz,11.4,Low,No,Normal behaviour -- no red flags,17,2.9505592947022694,50.15950800993858,8.42119318452428e-05,438548.8723451875
2896,3J9r8JtgNSUaCNhgHq2c6Bnef4182xY8pC,11.4,Low,No,Normal behaviour -- no red flags,19,2.2333316678597464,42.43330168933518,6.046778659618834e-05,336592.8355206111
2897,17uhTQhg3rrqFHPJWXtjwLF4YF3ErnAXyx,11.4,Low,No,Normal behaviour -- no red flags,24,1.7689894826035208,42.4557475824845,0.0001170636494496,320986.193119
2898,3HyVv1w7Y1AbaymLG6mbEoX7WdErg316SB,11.4,Low,No,Normal behaviour -- no red flags,15,2.488300126451134,37.32450189676701,0.0001247949818019,486317.3325940714
2899,bc1q39mnddmfxkym4nn2gn90sgmde70xu9rlatt6xv,11.4,Low,No,Normal behaviour -- no red flags,21,1.4787950586023886,31.05469623065016,0.0001137609455008,380666.0284442
2900,bc1qfcam6q5yakyw5k3q3trzuw6fkaezct3l2yxf9q,11.4,Low,No,Normal behaviour -- no red flags,20,2.6069662289569764,52.139324579139526,6.542819250893243e-05,373931.4131206316
2901,1LEmL3tmVU5tcnZC41W7SoVmCe5Mm3jAtr,11.4,Low,No,Normal behaviour -- no red flags,17,1.836956590605716,31.228262040297167,6.671919200115378e-05,469880.8689899375
2902,1GbeQRW2EatUAGipbQKTrTeciW7rgwwjF8,11.4,Low,No,Normal behaviour -- no red flags,24,1.5558624510358188,37.34069882485965,9.024154137347238e-05,312439.498331087
2903,3Gv85TSNrsyRvwioxsFd6w2ETyx1UdZRAc,11.4,Low,No,Normal behaviour -- no red flags,16,1.4451244335448616,23.121990936717783,7.770972389269e-05,480526.2028452667
2904,bc1qnlap5epswprpwj2sg323599h6mt86zkdrn7erx,11.3,Low,No,Normal behaviour -- no red flags,15,2.657120557965072,39.85680836947608,0.0001193983360154,502058.77348057146
2905,31xT3V2PFnYJ3e1duCYsh6id56UTPUCBMg,11.3,Low,No,Normal behaviour -- no red flags,20,1.501120101764576,30.02240203529152,7.476523565957677e-05,352889.9820523158
2906,bc1qfk3fhx9z3k24t3aajxc07ehw3sdycksn855j9p,11.3,Low,No,Normal behaviour -- no red flags,21,1.3517433425262488,28.386610193051222,9.427281658086276e-05,364419.29641135
2907,1Gx2Q87uYpQSGaKUgssL34U6nS4Urs8zxz,11.3,Low,No,Normal behaviour -- no red flags,25,1.880002610978684,47.00006527446708,8.082381507061068e-05,311665.664703625
2908,bc1qhfv2dgmpeghsev3eu03dqvmu6gqh7uf7alkv43,11.3,Low,No,Normal behaviour -- no red flags,25,2.4254350455556564,60.635876138891405,0.0001076829689302,306527.61068004166
2909,1KPnHa7CVFXCRfphLDRmLmjqyGGNfdUSyo,11.3,Low,No,Normal behaviour -- no red flags,20,1.918192301490004,38.36384602980008,0.0001301563991297,406033.7564366316
2910,bc1pvncqwjr0aylxrmslqd66lpma2dl4akwe0lzr0g9d0t7vgky5d6asutd0j6,11.3,Low,No,Normal behaviour -- no red flags,22,1.4342515728517806,31.553534602739173,0.0001155067588511,341113.6907645238
2911,bc1q0mcyw6jvp99anmerpyq9fctkyrxz8k29e43uwl,11.3,Low,No,Normal behaviour -- no red flags,20,2.05328830304796,41.0657660609592,0.0001343108647511,370337.4890217895
2912,bc1qxl23cx3f372am4ldn3kvc2hvg64sq43uqma0lg,11.3,Low,No,Normal behaviour -- no red flags,20,2.501037011303927,50.02074022607854,0.0001286336326633,382035.0288153684
2913,3LcAhTVnfWcTTJ7adv4fpYA3f9ASPd96S7,11.3,Low,No,Normal behaviour -- no red flags,17,2.9150185981828485,49.55531616910842,8.33763347011408e-05,434214.3634994375
2914,3D9EdMTugBxnLEvus6zNQXrF1hpBWvfJ6f,11.3,Low,No,Normal behaviour -- no red flags,18,1.864407774094233,33.559339933696194,5.743345819171274e-05,421322.6494148824
2915,1DzUiD1E5A4eXHUafLuDe1CvAuMwZ95ecL,11.3,Low,No,Normal behaviour -- no red flags,19,2.939857566566558,55.857293764764606,0.0001050911753594,405214.05153466656
2916,1BHuUXT6eX2RCHuhGGZZJJU4gKjipwZyFL,11.3,Low,No,Normal behaviour -- no red flags,25,2.278671818056036,56.9667954514009,0.0001052584900959,297260.874648375
2917,35Ax8QDREvmb7PiWQPL4tEYQMniEAipTje,11.3,Low,No,Normal behaviour -- no red flags,15,2.0821112731509643,31.231669097264465,7.184689367930306e-05,506526.830339
2918,1AGJc8fM7q8NJnLTmwVtdgWYer7WTBM2VU,11.3,Low,No,Normal behaviour -- no red flags,25,1.7661617348333007,44.15404337083252,9.09249351504589e-05,305254.32119833335
2919,1LCpuPC9Y9zNHHAF5ywArTwNhC6iiYgsTZ,11.2,Low,No,Normal behaviour -- no red flags,14,1.967346988448661,27.54285783828125,6.718479957736863e-05,499447.2099058461
2920,bc1qxxjpvvzg8c0hr97yut9upu9namxhrtcnswpqss,11.2,Low,No,Normal behaviour -- no red flags,23,2.267899890488041,52.16169748122494,6.986443484233324e-05,325892.66452895454
2921,3EczGkdGWpeSBH9VcnDmrKiUys1PTmbvrw,11.2,Low,No,Normal behaviour -- no red flags,13,1.848738640273872,24.033602323560338,0.0001133062035864,523924.30755175
2922,bc1qzhphptn5xc4nau3j4l532uj6tkxnxp2fxz9qkf,11.2,Low,No,Normal behaviour -- no red flags,23,2.5959017415932912,59.7057400566457,9.803434097373582e-05,292885.0903156364
2923,1PaAaJ6F5txbsAoCXVSJ7kvt7XdrwZwwU3,11.2,Low,No,Normal behaviour -- no red flags,17,2.308727662494226,39.24837026240184,0.0001280458820534,363830.789649
2924,18iW2TcZhqxqXUdRd3tZm7Eihv7Rz9Dvp8,11.2,Low,No,Normal behaviour -- no red flags,20,1.8222677476414333,36.44535495282867,0.0001292907565485,403189.6351687895
2925,bc1qecu8qzns3hzycxayxjx2g406kg5tyvjmmunp0t,11.2,Low,No,Normal behaviour -- no red flags,14,1.8548442682116768,25.96781975496347,0.0001248864493026,525869.1112475385
2926,bc1pctrc72mhz4hue78cltfegn5nvydefzj9f2w6dq3rhd7lxsqmk3rs3mz74h,11.2,Low,No,Normal behaviour -- no red flags,24,1.5996151615475755,38.390763877141815,9.64998149327098e-05,327766.32927630434
2927,1NE8YqqgGAqhroJkRpta3pyVEE4hidKAPV,11.2,Low,No,Normal behaviour -- no red flags,18,2.1807303872830093,39.25314697109417,0.0001357712808802,424746.55980447057
2928,bc1qjs5yg24jz2se4mw6sq40tnd06dj4qw9e7gyp7u,11.2,Low,No,Normal behaviour -- no red flags,23,2.4863363705547523,57.1857365227593,8.056977335093499e-05,296496.58074981824
2929,18qEtQUkkndGEE82Q5ArF1Aj3oYHt32PGS,11.2,Low,No,Normal behaviour -- no red flags,24,2.1040853587589177,50.49804861021402,0.0001232884594227,298991.7684855652
2930,16XoQhpUx3mJqM42n3uThCUwuFhnQEyNtD,11.2,Low,No,Normal behaviour -- no red flags,14,1.7854605912979165,24.99644827817083,7.280196553463533e-05,485267.3550499231
2931,1J931P1CMGdKebgkqxFcghBfqVtWh8SAyS,11.2,Low,No,Normal behaviour -- no red flags,24,2.074915698482959,49.79797676359101,0.0001011516866269,280946.4995486087
2932,bc1qtj96vgclux43kk9xm99mrunhlndc282645qms0,11.2,Low,No,Normal behaviour -- no red flags,14,2.3565503446484324,32.99170482507805,9.93429468062816e-05,539826.0241057693
2933,bc1q7dv7nw3w9ay9yk0hhze95h306qv2d0dy9mevan,11.2,Low,No,Normal behaviour -- no red flags,25,2.3927581351616967,59.81895337904241,0.0001082763168577,309437.6723355
2934,3BHxB8kTKuNFQR9Xv3casDSPWhh5bJerBa,11.2,Low,No,Normal behaviour -- no red flags,22,2.775664426137077,61.0646173750157,0.0001021942250284,320146.14260023815
2935,bc1qz7lq6pr42edckvm4mw77wus3m7ecz6kj4f2yd0,11.2,Low,No,Normal behaviour -- no red flags,21,2.73622771269526,57.460781966600464,0.0001052387197757,374936.9160329501
2936,3EV6gF3g1V5PSrQ3CXq8yRYNjZDSMmLyED,11.2,Low,No,Normal behaviour -- no red flags,19,2.4885899146189145,47.28320837775937,5.845146225856234e-05,396776.2702131667
2937,13eqcLJxhdCZ11Qthkn4MTqke3bPqAYM3R,11.2,Low,No,Normal behaviour -- no red flags,21,2.8721673263540444,60.31551385343493,8.984258729935322e-05,334219.33688940003
2938,bc1pxxjzs3xl6065xs5emf6u4llv53kw2yluxyxredc23wmn4dzpde0sl6ff22,11.2,Low,No,Normal behaviour -- no red flags,18,2.8567877506159296,51.42217951108673,7.64952699292193e-05,399120.3137925882
2939,bc1qj5a7vpxld0qy5mq4l3syfwjl2muq59pq3khqk5,11.2,Low,No,Normal behaviour -- no red flags,20,2.882720628164833,57.65441256329666,0.0001076936946273,341796.41610852635
2940,bc1qmaasy3fgea62pfklr5m9l24556hr2m6f6wv09e,11.2,Low,No,Normal behaviour -- no red flags,24,2.4771982972643887,59.45275913434533,9.564393438820972e-05,329943.0529689565
2941,1PJT8vJrMtz8bWaoqw5Eb1xdpt1KaiJEGE,11.2,Low,No,Normal behaviour -- no red flags,18,2.1962349288892247,39.532228720006046,0.0001358408543135,405338.08716182347
2942,12pNBZ2vCpG48G32rU6GXdnreKPQV8mskC,11.2,Low,No,Normal behaviour -- no red flags,19,2.884432964904189,54.80422633317959,7.144104149831007e-05,390121.71194833337
2943,39FYF2niA7BhnqtAveL676STGBjaTHaFfb,11.2,Low,No,Normal behaviour -- no red flags,24,2.46365808054836,59.12779393316064,0.0001134353295952,311236.91769504343
2944,38i3PAKzCH2syCN2BL1eHtMjtS46ho1CFm,11.2,Low,No,Normal behaviour -- no red flags,17,1.31621556739548,22.37566464572316,0.0001104782939714,431235.393942
2945,1BJkTVXwgJeWUYpVG3g1dVxPj7a1uAJYNG,11.1,Low,No,Normal behaviour -- no red flags,23,2.410461439991577,55.44061311980627,0.0001269195445661,331384.8020765909
2946,bc1p3v0j7lvz3drtdwyzg597yn5zj3kz265vup5uwt9746eh98lt6ynsmf7xdp,11.1,Low,No,Normal behaviour -- no red flags,22,1.6661368665461913,36.65501106401621,7.03864677211429e-05,330508.3738372381
2947,1Km2io4jMbJTZVeCjPJS5ruo3TtKfzr5G,11.1,Low,No,Normal behaviour -- no red flags,21,2.7135720283258484,56.985012594842814,7.899032320471947e-05,378990.3068322
2948,1HCtky58GmjN9ZZyq7x3mE1xokpGBiZhM5,11.1,Low,No,Normal behaviour -- no red flags,19,1.4143427486946312,26.87251222519799,7.078472933327446e-05,404950.6534203889
2949,bc1q3mx4xp7eju04ehmnnanq7enarlkxk0pwt6v46c,11.1,Low,No,Normal behaviour -- no red flags,17,1.7938534444386365,30.49550855545682,6.0046650758220085e-05,407589.2615305
2950,bc1p2w0kpe3sffjtfyu6dt6f4l8xdnl7h03r5cn68vph9nsstrnxm7hqaammz0,11.1,Low,No,Normal behaviour -- no red flags,23,2.161208668016514,49.70779936437982,6.811913633645135e-05,346032.2789231364
2951,bc1qc2xwr3vds4rxyrmpy6g9vg5sez4yytd89j2a6r,11.1,Low,No,Normal behaviour -- no red flags,24,2.0532225909987214,49.27734218396931,0.000129812757904,327152.0962265217
2952,3ECzhM3jRBDgrJQB3BpBo4wrDGspAhY46h,11.1,Low,No,Normal behaviour -- no red flags,12,1.947038337356533,23.3644600482784,8.851784451385673e-05,439834.5591236364
2953,12xH5LQysxP9DNQewjrVFVHfAxRcy9Bahq,11.1,Low,No,Normal behaviour -- no red flags,17,2.814168622420559,47.84086658114951,0.0001079873863023,462906.029012875
2954,1PJAbGteHXMfnZjdKYqTn8kghJsa5zWEVr,11.1,Low,No,Normal behaviour -- no red flags,23,2.574308993152498,59.20910684250745,0.0001054213660654,297836.7070184091
2955,39P5muTYkQy6rj6MWbZbZ69Ft61BHqETsq,11.1,Low,No,Normal behaviour -- no red flags,18,1.7947588818300415,32.30565987294075,6.06343676748526e-05,416399.4907517058
2956,1NDk8hMbZeGQpAs3TJCUiVcx9449urrkKZ,11.1,Low,No,Normal behaviour -- no red flags,24,1.8059577349193388,43.34298563806413,7.690155788564155e-05,323532.8887488261
2957,1JV3yikFeQJwsghFPtAiQXAfdXCJpwtE16,11.1,Low,No,Normal behaviour -- no red flags,16,2.907711012666616,46.52337620266585,0.0001193038683842,391892.22737
2958,1gEHXKSi3ExKYuFNsf3FsqWaEUa1KsxU3,11.1,Low,No,Normal behaviour -- no red flags,18,1.4990595850866013,26.983072531558825,0.0001292944860927,403823.7036231765
2959,bc1p0tnu404l4p54m74c8yfc6qt0a2ml2yx2ssqy7hhluqy4er4r6ahs804z06,11.1,Low,No,Normal behaviour -- no red flags,21,1.3911370882950165,29.213878854195343,9.796768865482385e-05,370814.1412747
2960,1DwW5CdjM22ibBAP3u2DKBmFR9e2TGSNzq,11.0,Low,No,Normal behaviour -- no red flags,25,1.8849278493380288,47.12319623345071,0.0001104587106087,298367.47943516664
2961,13LPpZx3yZSu9QUb2LAuXFLmWbUhHrT7yC,11.0,Low,No,Normal behaviour -- no red flags,24,2.403229347150478,57.67750433161149,9.312543838875116e-05,323341.84674821736
2962,35hTEQeTx9NjDZ4bcAHd5XDwQrLDK8Q4WP,11.0,Low,No,Normal behaviour -- no red flags,19,2.743701695867404,52.13033222148067,0.0001146618125577,407950.5984529444
2963,3G2HEXEiQTcmuaz1ycREVruxx1Kr5Wf6DN,11.0,Low,No,Normal behaviour -- no red flags,20,1.5972509919380848,31.94501983876169,7.983521528438854e-05,309723.9819721052
2964,3CNzZ6XQXg8ZrKtq2Lj8grBZK2G7UGBU7m,11.0,Low,No,Normal behaviour -- no red flags,23,1.532091229295956,35.23809827380698,0.0001152288585273,342794.207966
2965,bc1qhjxpf93hnjeh7d66exnyl9r40pk2nv2n572r4c,11.0,Low,No,Normal behaviour -- no red flags,20,2.8127408041425745,56.25481608285149,8.880253679053449e-05,397533.9471400526
2966,bc1q9dw9w2qgjgxxtvuclredpz4xyd7kjskt0hxg40,11.0,Low,No,Normal behaviour -- no red flags,15,1.6915902908083786,25.37385436212568,0.0001166184282362,342423.99562028574
2967,3AZktTFKDeZFEhSkurmg1BbU7T5wAggWto,11.0,Low,No,Normal behaviour -- no red flags,24,1.6892436454940745,40.54184749185779,0.0001027217988242,312041.3820953478
2968,15yJjCr5oZHW8KFcEv7ydGJMxFeors1y9p,11.0,Low,No,Normal behaviour -- no red flags,19,2.9304279561021267,55.67813116594041,7.648061375825006e-05,390832.77752338885
2969,bc1qlghescghg9vl2k8mn2c70d3f3csg7nl9946v0e,11.0,Low,No,Normal behaviour -- no red flags,22,1.5005469639563032,33.01203320703867,0.0001194107578625,351832.13892038097
2970,bc1q22778de7qf739j9t03wvrp7zfvnp97h6p6tp4a,11.0,Low,No,Normal behaviour -- no red flags,18,1.944960205126468,35.00928369227641,0.0001357699412683,431478.69251029415
2971,1Kv5V2eP59bsqZ5YozEJ74Z6CxDDR2GYjk,11.0,Low,No,Normal behaviour -- no red flags,18,1.1951316046519689,21.51236888373544,9.112771466129016e-05,420888.8781618235
2972,15QUWJuGovWrFepXCbqcivHPjUwANUXDpv,11.0,Low,No,Normal behaviour -- no red flags,15,2.9131293125621114,43.69693968843167,0.0001045162080468,336911.7582532857
2973,bc1q8v0rwlgax0eydc6k8ayn9klcy0gvqdgnms8kh9,11.0,Low,No,Normal behaviour -- no red flags,15,2.3727952379696444,35.59192856954466,8.29163519565606e-05,536326.6425349286
2974,bc1q3guav9dw6p3qpuhy6en83554dsj453ys63f5hc,11.0,Low,No,Normal behaviour -- no red flags,17,1.459774516721685,24.81616678426864,7.353621528253794e-05,464859.7898833125
2975,1MZDSDKsXWYCwq6284riYFnAm3z3NEwLSt,11.0,Low,No,Normal behaviour -- no red flags,26,1.8918438851244008,49.18794101323442,9.02006402610396e-05,304237.4463808
2976,129GtbR3aNtTaECFAcxHvSjb9GGkqsqMEL,11.0,Low,No,Normal behaviour -- no red flags,17,2.97948018789471,50.65116319421007,0.0001088277185243,402865.31249425
2977,3CJkw7HT8thLYPPKWs7oHHKk3geYKQfsGG,11.0,Low,No,Normal behaviour -- no red flags,21,2.24286812202494,47.10023056252373,6.28504369252395e-05,373043.23304135
2978,bc1qkttdrluj36r3kjpq3qr8gnj9ntrzn5dpjs3d4u,11.0,Low,No,Normal behaviour -- no red flags,15,2.034158988846566,30.51238483269849,6.865473700308856e-05,466733.892278357
2979,1MZDovuzvowb3RkVpZUx4aRWdEJJbwtdWD,11.0,Low,No,Normal behaviour -- no red flags,22,2.679469676773152,58.948332889009336,7.821629852919062e-05,341807.4160778095
2980,bc1quswdmzxndlws5pls7nx3rx7p9k2t4j7d87wfk9,11.0,Low,No,Normal behaviour -- no red flags,17,1.5536317599882117,26.4117399197996,0.0001289633542635,400248.0245661875
2981,bc1q7hxh5tcsnz4k65yddcskkez0rzaln0sfungwuj,11.0,Low,No,Normal behaviour -- no red flags,21,1.3549558097704792,28.454072005180063,9.857514121259118e-05,353404.7005477
2982,bc1plkjpu70t80xyd0pa5pqcfaln8xum393kklj9maz2eqvygyj9cykse09x68,11.0,Low,No,Normal behaviour -- no red flags,25,2.042994262182703,51.074856554567575,9.534134944891956e-05,279887.513118875
2983,33VmFyGTBeEpezWs2xbksqTvddSkhMXHji,10.9,Low,No,Normal behaviour -- no red flags,14,1.6602595427279103,23.243633598190744,8.025319856952028e-05,455013.9324206924
2984,1Kc75GyEHvgYbkBiMHHj6WuLr5FYUVLqDQ,10.9,Low,No,Normal behaviour -- no red flags,23,2.685417457881384,61.76460153127183,0.0001083762015227,342087.1312348182
2985,bc1q384s2r5yhreu80e9pr7hksq4dp0q4fawpmjcd4,10.9,Low,No,Normal behaviour -- no red flags,21,1.4238633632248383,29.901130627721603,0.0001105161593033,375624.70454245
2986,1MkE5BNzmrRiUesbPsrrSdeXWytN2NNhc,10.9,Low,No,Normal behaviour -- no red flags,15,1.831331139692375,27.469967095385627,0.0001304686770594,506881.0107167143
2987,bc1pqe9ut9tjnuay8ch24zz8pp9mj7u2h529nlcjyes65246jkdzjs2qjddh97,10.9,Low,No,Normal behaviour -- no red flags,20,1.568333715051696,31.36667430103392,0.0001242505255711,369722.0312621579
2988,bc1pjvaz5w4d6f0nqvmczalzxzxczgy4cnp6qzu2j5p6ysqedfc44frstrcm2u,10.9,Low,No,Normal behaviour -- no red flags,19,2.5986038492449617,49.37347313565427,0.0001291107022576,357809.7316629444
2989,1L6rV5pg3vnpxHhFbdM6Twu8aFP9rtnypS,10.9,Low,No,Normal behaviour -- no red flags,16,2.7002764574801934,43.20442331968309,8.483722542565911e-05,506689.19237986667
2990,bc1qs8zduleydmr23wvk76x7wazus9e6ay7aqx4ymp,10.9,Low,No,Normal behaviour -- no red flags,24,1.6154484252382495,38.77076220571799,9.21843428971976e-05,329972.62907230435
2991,bc1qvpelharn5z85luujeyryzymfpky7hs0vl9t57r,10.9,Low,No,Normal behaviour -- no red flags,15,1.9966368218810084,29.949552328215127,7.648850894829878e-05,535891.3545082143
2992,12yoyWxTJrnzNyXM7GxGQX7FBoQzkJDpYW,10.9,Low,No,Normal behaviour -- no red flags,25,2.1797762161402825,54.494405403507066,0.0001184868608618,301894.527998625
2993,15p5MxUGzvLnaCSaqRzNNBzp9MVNpvYGxC,10.9,Low,No,Normal behaviour -- no red flags,14,2.2459036740679497,31.44265143695129,8.618946544790451e-05,542248.1468795384
2994,14xnZV3vecPt4JMiLRNbjH61xqdF4Z7neL,10.9,Low,No,Normal behaviour -- no red flags,24,2.54689359649822,61.12544631595728,9.672362049774965e-05,305138.9115905217
2995,1DwAy1C6wXy3jp3g97LCCmZeAVTCyv3Y3Z,10.9,Low,No,Normal behaviour -- no red flags,20,1.6424036145241796,32.84807229048359,7.954146450426584e-05,304584.7148142632
2996,158K4z94h8wpDbtK946MF4k6egU1vj8d9p,10.9,Low,No,Normal behaviour -- no red flags,21,2.758644945081836,57.93154384671856,0.0001036584235462,371123.76766155
2997,3BohuXBLXCcz17k7VwKRbbbKNVpUFQQqBv,10.9,Low,No,Normal behaviour -- no red flags,23,1.454357715335762,33.45022745272253,9.362569491740244e-05,327393.82899390906
2998,bc1qqwgs2j5s8uh0g4rf0tr3792n6f436tjzu7j0yc,10.8,Low,No,Normal behaviour -- no red flags,21,2.711457345946838,56.9406042648836,0.0001156857632286,363026.2484586999
2999,bc1qaqqmpxgrr22gkjw4m6ag59923e0hmry43utfpf,10.8,Low,No,Normal behaviour -- no red flags,19,2.3981029512123206,45.56395607303409,0.000136638016305,390006.52348561113
3000,bc1qa5djqzl2sfegfyf93sncvmh5g7ems60vkgxz0z,10.8,Low,No,Normal behaviour -- no red flags,22,2.174983780121412,47.849643162671065,0.0001338649529324,341795.0096860476
3001,3Ew2Cudrt6HUAxSPnCAfnEj6Gyh9LT1FgH,10.8,Low,No,Normal behaviour -- no red flags,24,1.6201868743541497,38.88448498449959,0.0001018946210823,330029.3400486087
3002,bc1qaarhatw7w8mdvjlqqqtth8q99dadewv5u2l948,10.8,Low,No,Normal behaviour -- no red flags,15,1.7486847635811125,26.23027145371669,0.0001280599305137,502935.05332242855
3003,bc1qsqx4jya0j5vypzpl3eahdwtxqsgswlfk7ltlak,10.8,Low,No,Normal behaviour -- no red flags,25,2.354507506534892,58.86268766337229,9.02268812189898e-05,309047.96836987505
3004,19panPLpxtXDaH4CRX9RaAtapwzYF9iSpf,10.8,Low,No,Normal behaviour -- no red flags,16,1.4918780842994606,23.87004934879137,0.0001115652209695,471779.7768608667
3005,bc1q62uddwzj9t6lv3efcvlkd0j63jp8fu7frxwyep,10.8,Low,No,Normal behaviour -- no red flags,19,1.5041480681622914,28.57881329508354,0.0001312237837456,395443.33657222224
3006,149SoxZEDRReKVr6GKgvHs4K1Y24HFigSY,10.8,Low,No,Normal behaviour -- no red flags,15,1.718499304751801,25.77748957127701,0.0001210828200263,538061.0279609286
3007,bc1q9s6qsh7kyjmdxy69pcwgcs3cj63rccjufy7gqk,10.8,Low,No,Normal behaviour -- no red flags,18,2.9025849547221534,52.24652918499877,0.0001074264929348,393926.8091827059
3008,bc1qdag3l8f85tta4rd0dwemvv509hcculr75mx4j7,10.8,Low,No,Normal behaviour -- no red flags,22,2.5553122799522496,56.21687015894949,7.272364493718975e-05,302414.75292485714
3009,bc1pafjnlg5wy62g7h2skvlgdg9dpzxkxz9p09cfcxg2qaj0yy4pj4nq4n0pzd,10.8,Low,No,Normal behaviour -- no red flags,25,2.108103238315822,52.70258095789556,8.607890499127047e-05,285863.51284345833
3010,3HaWvbGuFPEDxHuokB1uu6JzHj7TBcGNcN,10.7,Low,No,Normal behaviour -- no red flags,23,2.6177596573870745,60.20847211990271,0.0001096125698463,306940.4130570455
3011,3PsQkciSagPPccPabaJvTHNtTkr6X5MdNn,10.7,Low,No,Normal behaviour -- no red flags,15,1.538051219281097,23.070768289216453,0.0001103888661832,477902.6393234286
3012,bc1q5fpqz5rrns6hs3r0qt6dxdz37zat82dav666dk,10.7,Low,No,Normal behaviour -- no red flags,23,1.600723373642979,36.81663759378851,9.080921172896634e-05,301787.4984639091
3013,bc1qwkfa7f5hlzrvfd9wh784s8s8mgru9dlfugxeun,10.7,Low,No,Normal behaviour -- no red flags,15,1.9472515834631563,29.208773751947348,6.62314199846771e-05,389064.4137356429
3014,39saStD6Mdr4LVRNp1BSxEgSc1PWpCmwpw,10.7,Low,No,Normal behaviour -- no red flags,15,2.079601690884803,31.194025363272047,7.643492390152971e-05,533553.7378454286
3015,3398ZpKWMfRXf8sa1tZrY9DW7wiWRzRg27,10.7,Low,No,Normal behaviour -- no red flags,20,1.747756539312591,34.955130786251814,6.529562303883559e-05,400675.9496063685
3016,bc1q2srt2c36mdss5nwkxtnalxyguq2rldf38etcek,10.7,Low,No,Normal behaviour -- no red flags,16,2.1707882632295834,34.732612211673334,0.0001294261295476,455968.5058562
3017,1FR66NUqyZYqRaDtg5DpxuRDTcRRqcTFQw,10.7,Low,No,Normal behaviour -- no red flags,14,2.025700905524407,28.3598126773417,8.008725437075205e-05,534645.384382923
3018,1EgRcRAFnUXk1yZGJtYQTzaVvUHqNAQAFN,10.6,Low,No,Normal behaviour -- no red flags,17,2.753587818011476,46.81099290619509,9.956639749974712e-05,464571.08570075
3019,3FtWdvxyxxFGXFgQnhfrfZDf2fJTshKmBc,10.6,Low,No,Normal behaviour -- no red flags,19,1.842410859831256,35.00580633679386,5.738015389764183e-05,399314.688828
3020,1EsnkLaM3DoNYuGYJHrJxevip8vyyd7Qbr,10.6,Low,No,Normal behaviour -- no red flags,21,2.721984828240904,57.16168139305898,0.0001110102691352,383502.88126815
3021,323dBqUFk615YjWNPtbFjG7Wkb3sMVWmY2,10.6,Low,No,Normal behaviour -- no red flags,15,1.4848470943283556,22.27270641492533,9.837474038619176e-05,381485.5192282144
3022,bc1p46hjgq0mq3cv97maad9d4yw7xz0dqa8g4vunl6wc2zperz35p87qw4l9k3,10.6,Low,No,Normal behaviour -- no red flags,16,1.5272290050681483,24.435664081090373,7.432300346857898e-05,497731.5800981333
3023,bc1qnsxzhvcu6qszhuv505s3rv0xg09d22459895rj,10.6,Low,No,Normal behaviour -- no red flags,22,1.4423046071967187,31.730701358327813,0.0001109579418965,339826.89717090473
3024,3HqW9gkZ5ASKqKgNJ5ew4NPaU8WZRDt9a6,10.6,Low,No,Normal behaviour -- no red flags,22,1.4944301632900077,32.87746359238017,0.000117216666303,342509.63796566665
3025,bc1qcckr8smcx9rzyxl6myw6vn9hgedpm5hywney5w,10.6,Low,No,Normal behaviour -- no red flags,22,1.581116280922178,34.78455818028792,0.0001202686328086,345910.6877942857
3026,bc1ql4xp5ha9y0r45kggrknuh4r5tjyedu2v9mjq6a,10.6,Low,No,Normal behaviour -- no red flags,16,2.709718822116482,43.35550115386371,8.558860867565108e-05,481056.73006546666
3027,bc1qe5jtw8jlhzanwf5m08wpwemt8lhcr6c4987rq6,10.6,Low,No,Normal behaviour -- no red flags,20,1.473920327217927,29.478406544358545,0.0001127721877671,392827.9651781052
3028,bc1q0rdl85z6rxq560684s5lu83esnd8828hajxphe,10.6,Low,No,Normal behaviour -- no red flags,15,1.936581128709903,29.048716930648546,0.0001300683232492,479346.4114067142
3029,3MgKma6nuBCbNh58fLfmQhPQkSyhcLpE7L,10.6,Low,No,Normal behaviour -- no red flags,19,2.0434028557875137,38.82465425996276,5.819592916687869e-05,391758.1757747778
3030,1DCZJc1Yr2wa9yEn4s2zRvy38VXZAr5ZbQ,10.6,Low,No,Normal behaviour -- no red flags,21,1.3818460243627129,29.01876651161697,0.0001016635811733,364009.5833098
3031,36vFNifF6EozFUvSGncZm32WgHsEsvgwNv,10.6,Low,No,Normal behaviour -- no red flags,24,2.4438099638893065,58.65143913334336,9.56376195028554e-05,300057.85651643487
3032,36Rgi5qmLXAxmz1Q8sbVm7yZnFGk4o6Kd1,10.6,Low,No,Normal behaviour -- no red flags,17,1.9432879384177275,33.03589495310137,6.629994358647851e-05,476598.1952014375
3033,bc1q944flkysneeasfvysawg9lu50zznd3jqfymymx,10.6,Low,No,Normal behaviour -- no red flags,16,2.869748172742482,45.91597076387971,7.278885115037561e-05,384169.5961962668
3034,3DNoVDGSNpFg1nFPuSN9foLNcw4wimE5ZT,10.6,Low,No,Normal behaviour -- no red flags,16,1.5529972513869172,24.84795602219068,0.0001116063759123,371568.0422237333
3035,1LvwnThHyTEdAEMYmHcsmDyxWnTG3AVkjY,10.6,Low,No,Normal behaviour -- no red flags,18,1.6827790668753158,30.290023203755684,0.0001286553754244,367078.0372574706
3036,3F1Jr5hTcLCNehKwDsFUX1v2rdSkES4JAm,10.6,Low,No,Normal behaviour -- no red flags,23,1.6755446676841714,38.53752735673594,0.0001057525297966,306892.8833599546
3037,bc1q8h7f2wfshlnss6qnl5zl08223kmp2ssqtzyw8r,10.5,Low,No,Normal behaviour -- no red flags,17,1.3659853864996954,23.22175157049482,7.551478302883308e-05,446856.21115712496
3038,3QQMQRU14ugAuA9GVhxEATXnm8xR3FCsad,10.5,Low,No,Normal behaviour -- no red flags,23,2.4615639819109254,56.615971583951286,7.716614400584588e-05,310054.74376490904
3039,1BZF9nPdbnWjZa64nvwnmunTjJt12CisgB,10.5,Low,No,Normal behaviour -- no red flags,17,1.313112586892569,22.32291397717368,0.0001042849048828,421198.5844495
3040,18w92nSFvnVAEMu1X8FFsJrLZg7hckHR5S,10.5,Low,No,Normal behaviour -- no red flags,17,1.3832009058384425,23.51441539925352,9.873888375528698e-05,340433.3247489375
3041,bc1pnvh0gnp5nckawc7ycgcnn5rymehjhafw8lypu2c0qynlllm8d2nsdsupfj,10.5,Low,No,Normal behaviour -- no red flags,19,1.8316510898704168,34.80137070753792,0.0001334321064078,352515.42558144446
3042,1P5iiWe4YrAyy6V3xs5fsZxN6ZKjeEfjmK,10.5,Low,No,Normal behaviour -- no red flags,25,2.1451232421687974,53.62808105421993,0.0001074845306156,289268.2643154166
3043,bc1qd2qmsxudd250ewqf5327u2c2l60vjw3gc5vgz6,10.5,Low,No,Normal behaviour -- no red flags,23,2.115542153581176,48.65746953236703,0.0001320605802235,327229.69821331813
3044,bc1p9tp40zzxgdyyqw0v7jeamqgwnj4v0p3adac5t6tjtwd7x78s877qjmjrtw,10.5,Low,No,Normal behaviour -- no red flags,24,2.4019915854883744,57.64779805172098,0.0001046739962798,324396.51012804353
3045,1MZnQrQh5ByVWsJgYVBaVuXcahAK4FJCix,10.5,Low,No,Normal behaviour -- no red flags,16,2.362640838060283,37.802253408964525,7.314476262895261e-05,488017.9308262
3046,bc1qyxea44ylrwhn8lrjyds0cvut48ycrv9enjxh02,10.5,Low,No,Normal behaviour -- no red flags,24,2.063995060708323,49.53588145699975,9.944238126826304e-05,281347.57264817395
3047,bc1qrjzggv4t25lq5tpx6l6yfhgq9z5agewcwdgat6,10.5,Low,No,Normal behaviour -- no red flags,15,2.323456199713577,34.851842995703656,7.952307915425844e-05,522084.2741375716
3048,1EsHpjeevxzFMZbDZCinxrS15T9WT3myoW,10.5,Low,No,Normal behaviour -- no red flags,21,2.340293286473462,49.1461590159427,0.0001321768859931,355573.16521625
3049,bc1qwhjzferpm252t9mqp4wpg50k6dq4gyt7n2nyy4,10.5,Low,No,Normal behaviour -- no red flags,19,2.807412156708635,53.34083097746407,0.0001011387004531,403599.8031695
3050,bc1qrjwrxg9yx8kr3p47duqzharu0x63skzrlsxaht,10.5,Low,No,Normal behaviour -- no red flags,16,1.4746931740489788,23.59509078478366,8.223334196602335e-05,473292.2479502665
3051,3GeBysAYQvQxTyLFWrYS2DWpJNLHSYsVJT,10.5,Low,No,Normal behaviour -- no red flags,19,1.4880067563573245,28.27212837078916,7.018076063099045e-05,377705.78246188886
3052,1BispqmHMj8uZXVrQupTN6Gc9QeeK4ZFQq,10.5,Low,No,Normal behaviour -- no red flags,21,2.3214191669212387,48.74980250534601,6.917424392292491e-05,307308.12428074994
3053,bc1qfrc3623udtygrhhsrk8chuzm3lj844jve20r77,10.5,Low,No,Normal behaviour -- no red flags,23,2.6192680880790284,60.24316602581765,8.523113815517648e-05,329229.4049094545
3054,3L2xj3giATSP5hgC9vKHheFzZWJkuJfdUy,10.5,Low,No,Normal behaviour -- no red flags,24,2.3907289301561074,57.37749432374658,0.0001064272682568,333149.5902060869
3055,15pvYnjYa2aWp7ocVgRb9py1BDc2TtmD4U,10.5,Low,No,Normal behaviour -- no red flags,16,2.391041367263071,38.25666187620914,0.0001256515131937,459992.6977188668
3056,1LRueLxL4QRaDnJBfDWdd59dnSZo9VXMX3,10.5,Low,No,Normal behaviour -- no red flags,17,1.950027150674831,33.15046156147213,0.0001362758942234,427460.6775896875
3057,33zTKT8iRKDyMSGKtv8NYF8z6VmEoxmfDX,10.4,Low,No,Normal behaviour -- no red flags,24,2.428895012653756,58.29348030369013,9.597580488187838e-05,319905.942604913
3058,1JPPcWQpA14J6Y1YQ6PkGZ5HxXbMR1UNQC,10.4,Low,No,Normal behaviour -- no red flags,22,2.597390763859321,57.14259680490506,0.000123647096339,352863.2546529048
3059,3CPEdyJJjA1yr3dDqrRbxkq1bV2UmA56jS,10.4,Low,No,Normal behaviour -- no red flags,23,2.501688680261392,57.53883964601202,0.0001200533077701,338341.83538172726
3060,1Eyn1cJygUmKgnDPrSPQ6fr2qjCRQm8Qm7,10.4,Low,No,Normal behaviour -- no red flags,22,1.512760002198808,33.28072004837377,7.750676207972251e-05,347533.01400738093
3061,bc1p9precu43rsfhvvxaq9kc635jt9hv9d9fneshv85mceamt5vszn8qyk5qh8,10.4,Low,No,Normal behaviour -- no red flags,16,1.8565450239108787,29.70472038257406,6.689465504158899e-05,490136.14787213336
3062,3QLUQasoh5JfX3zyZQvwSa7cbqTvBdXf9q,10.4,Low,No,Normal behaviour -- no red flags,24,2.162435390060016,51.89844936144039,0.0001154788354959,289941.58487239125
3063,1ARB6wFYB7dtkcD2mxUFVLtJd7F3ZJnbQT,10.4,Low,No,Normal behaviour -- no red flags,20,2.5824307546770457,51.64861509354092,0.0001197919417202,395200.2613192632
3064,12FU6BYxC2m6266rD6KnqTDqEwRzwgutDm,10.4,Low,No,Normal behaviour -- no red flags,23,1.6870330325558591,38.80175974878476,0.0001039259390603,302010.4777502727
3065,3Cu4RAMfxuSwe5yijE4i8TZMWkhk9pYYEK,10.4,Low,No,Normal behaviour -- no red flags,18,2.334347223827919,42.01825002890254,0.0001357458674124,405444.9241457647
3066,1Kn8npREQpEdHnmwzZK1jqKCwVERL2RFgu,10.4,Low,No,Normal behaviour -- no red flags,22,1.7184129926482037,37.80508583826048,0.0001218514313331,308089.0093610001
3067,bc1pqjsku3djdkwptqwfxq4yd5lp30q5cn2g9atn9nd7g0qpwam5wwaqcnek9y,10.4,Low,No,Normal behaviour -- no red flags,15,2.4317457373122697,36.476186059684046,0.0001081439999909,531494.564816
3068,3HQ5AVJPFu1LBFEfY4J4MeaWMQkTNWgRHL,10.4,Low,No,Normal behaviour -- no red flags,15,2.063365991836722,30.95048987755084,8.735574073054749e-05,548453.5309366428
3069,1GvihCQrDnqz272YXJBHdM29Xge5n3GFbp,10.4,Low,No,Normal behaviour -- no red flags,15,1.7468526428403277,26.20278964260492,6.851086616651107e-05,486483.783901
3070,189n8kP2r1Fe6VeGba3GisXMe3Bf492Rrj,10.4,Low,No,Normal behaviour -- no red flags,15,2.1277634307306825,31.91645146096024,6.623857315741018e-05,420905.4806796429
3071,1J6BRT4VRdXoELB2uMyT4XQ3ReY5bZtyRT,10.3,Low,No,Normal behaviour -- no red flags,22,2.6842283227989303,59.053023101576464,0.0001121292234415,305814.6488564762
3072,bc1qylfmzzkc2wc265hwe9mjk5lj6whzt2729u92f5,10.3,Low,No,Normal behaviour -- no red flags,21,2.2581034828159536,47.420173139135024,0.0001307583746802,315245.20587195
3073,32k1ezeGU1zWRzJMKEMFmfhNXAurDvGd5p,10.3,Low,No,Normal behaviour -- no red flags,23,1.6370897798927782,37.6530649375339,9.396561967717874e-05,303651.3499080001
3074,bc1q0k09dxujyn47t57jaeu5dj0dlcas5mlq6y3r6c,10.3,Low,No,Normal behaviour -- no red flags,24,2.4209752033138545,58.10340487953251,9.140775770025248e-05,310867.05028882605
3075,3ARZro7TmoSZYpXjjC9UFL3TZgHYL83wD6,10.3,Low,No,Normal behaviour -- no red flags,19,1.2444142220448808,23.643870218852737,0.0001010728527829,406429.9360850555
3076,18CPn7mWAeZxMtn525KPRyzQ4A9D34WCXm,10.3,Low,No,Normal behaviour -- no red flags,20,1.5989277324389597,31.978554648779188,6.931402263294507e-05,390708.7380326316
3077,39G6vusKoRgxQmVxJZbLxnGVNGudC1FuDk,10.3,Low,No,Normal behaviour -- no red flags,16,2.9971264684046823,47.95402349447492,9.211421547643732e-05,438042.9660606667
3078,1X2hz8n5edkfWwGHqrV3we5tVXd6jcWVU,10.3,Low,No,Normal behaviour -- no red flags,17,2.9466795433007578,50.093552236112885,9.616283277278482e-05,430546.602801875
3079,bc1qc4nj8vq26exkceuyafldxe9ecvh5sg5vwd4cq6,10.3,Low,No,Normal behaviour -- no red flags,21,2.693748970905993,56.56872838902586,8.346080655532637e-05,380141.69971305
3080,19Y2KV8wmwJFK1Z8WkMgkLrGsiM3LC3W4R,10.3,Low,No,Normal behaviour -- no red flags,22,2.7575851250625028,60.66687275137506,9.732849278711076e-05,314053.0975689047
3081,3QAnQWY9YRe5bvLNiR1S98Fw92hAn2ZUjt,10.3,Low,No,Normal behaviour -- no red flags,20,2.85880582551228,57.17611651024559,9.766451359254767e-05,367794.0868364211
3082,bc1qeyygz8hw2htuhx05hpgp35084x2c9u9rfdaqj8,10.3,Low,No,Normal behaviour -- no red flags,17,2.802901486965395,47.64932527841172,0.0001093252298729,455598.9464583125
3083,bc1qyz8uqxd3u4g29csqufa563u6qsrn5ndz6y543j,10.3,Low,No,Normal behaviour -- no red flags,20,1.5178184369910386,30.35636873982077,0.0001115854763647,396353.38619389466
3084,bc1qlm03nu5sccurdnaexkph5mgr3a8ys0ssh5aqe5,10.3,Low,No,Normal behaviour -- no red flags,24,2.389054818947679,57.33731565474429,9.208388402393952e-05,306702.7229494783
3085,bc1qwp2wdafeg04nldpcf2jpmfecns9u56vr0x3n2q,10.3,Low,No,Normal behaviour -- no red flags,19,2.9361136262500978,55.78615889875186,0.0001008290885768,390894.31877555547
3086,33EbkysyaxfvrbVi1Bbnrg2yjFQpb88DtZ,10.3,Low,No,Normal behaviour -- no red flags,21,2.531294903167015,53.15719296650731,6.65825252653661e-05,342912.77336305
3087,bc1q86wqhnaf5e732udjtr6duj0xzt4yvkl9vzn9fa,10.2,Low,No,Normal behaviour -- no red flags,18,2.7978424729865994,50.36116451375879,0.0001163139736948,380325.7538326471
3088,1GsfL5ncrUgbQXAxCNMmjKHqChavD2UJdW,10.2,Low,No,Normal behaviour -- no red flags,19,2.9858548238791225,56.73124165370333,0.0001013496223748,369057.8360688333
3089,bc1qh7583m8yavqdvgjv0tn30ldwqmdau6m84hzh9x,10.2,Low,No,Normal behaviour -- no red flags,22,1.4640278763391863,32.2086132794621,0.0001143703896055,340566.181994619
3090,1LmN9fh4LCDT4z6gENPewNn2W7pTU4pLG4,10.2,Low,No,Normal behaviour -- no red flags,23,2.334177276949005,53.6860773698271,7.125353595769434e-05,334379.6167790909
3091,1EVZfdj8kKD2yJHW1GbfdEB9vPEd5FpxxE,10.2,Low,No,Normal behaviour -- no red flags,19,1.7054016931996925,32.40263217079416,0.0001295967679168,421264.70705227775
3092,1Cjhr9bcmNpBBMH7XDcGSTF1y6cAPSXJco,10.2,Low,No,Normal behaviour -- no red flags,15,1.589147803173553,23.837217047603296,0.0001129710861777,486702.6778538572
3093,3MnLu4q446MJiHPwG4dt3gxphVxBeAMvNz,10.2,Low,No,Normal behaviour -- no red flags,14,1.9701066387472423,27.58149294246139,0.0001079093169254,545655.2317508461
3094,1MLW6zSeKeUBk6wcZCQB9DbiWM2NuaQUvN,10.2,Low,No,Normal behaviour -- no red flags,14,2.4700840696633968,34.581176975287555,0.0001128844602712,425625.6994110769
3095,bc1q9qfv5x9gaxqpk4j6q2yqtdrud82fhhepqm7pgu,10.2,Low,No,Normal behaviour -- no red flags,24,2.420933031854261,58.102392764502255,9.65827769485244e-05,314816.2519066522
3096,bc1ql5cm0lwj85sepm0fd2ztvzfkhkty0u7ewfslaq,10.2,Low,No,Normal behaviour -- no red flags,17,1.7339856373987932,29.477755835779483,0.0001329345350903,450921.10384024994
3097,bc1ph228qd03zsnr4q2hr5rq76pmvrsnwuqhczt5n0a9vc7g5hadxppsshr2yv,10.2,Low,No,Normal behaviour -- no red flags,24,2.311380420525802,55.47313009261925,0.0001181242669211,299042.4389641305
3098,3FT1S1UqurHMjMCJ4ux7NwGzVDzKgnGNve,10.2,Low,No,Normal behaviour -- no red flags,14,1.9628487959038587,27.47988314265402,7.647631851014246e-05,530861.9216271539
3099,1P8ReqSj1oohojUQzXX1bteMgSkPq9nMnR,10.2,Low,No,Normal behaviour -- no red flags,21,2.135321296846808,44.84174723378297,0.0001291146154055,310949.94948155
3100,bc1qmv0704t4t7k4gp7y6x05dkwhh7zmnv73ynat62,10.1,Low,No,Normal behaviour -- no red flags,17,1.307097991386868,22.220665853576755,9.557842078581992e-05,435573.5855645625
3101,3FukkFtVUqXp14BVLfZr6wVyuLc7bQpc1Y,10.1,Low,No,Normal behaviour -- no red flags,13,2.0783549734409794,27.01861465473273,0.0001169154594028,501142.9375569166
3102,1KdZWKuPDwcMT7mRL32uNHYH5wvo6zC99a,10.1,Low,No,Normal behaviour -- no red flags,16,2.8328861291298,45.3261780660768,0.0001187804391768,426646.0938536
3103,bc1q9758hnlg30xz9zfd066fw4fcd5kh2rex3k88cw,10.1,Low,No,Normal behaviour -- no red flags,20,1.4930199286104429,29.86039857220885,0.0001109078497666,371473.392779421
3104,16unxgDLjbDoKPXQ5BaLRntLarwJWvY6Cx,10.1,Low,No,Normal behaviour -- no red flags,23,2.5237421329144887,58.04606905703324,0.0001158066160347,336488.4372692727
3105,37Jg3bJPFhN4JhjPC6qYwZyJwRDDWeuEqE,10.1,Low,No,Normal behaviour -- no red flags,18,2.69491812592814,48.50852626670652,7.99026202464805e-05,452928.3214382941
3106,1DL18HXZbr3U2oEFeER24YJ7jznA8S7McN,10.1,Low,No,Normal behaviour -- no red flags,22,1.5398939721836735,33.87766738804082,7.652486640353121e-05,364827.6625759048
3107,1J3XwAjzbgQXXVhtXuLXbg3WiuyKw6DJoF,10.1,Low,No,Normal behaviour -- no red flags,21,2.7539072825120705,57.83205293275349,9.744343807058184e-05,361058.32249724993
3108,1AMu8tBqoAa1AdNY4zzLLcNwkPftVhp3Uy,10.1,Low,No,Normal behaviour -- no red flags,19,1.977200307583845,37.566805844093054,6.016873622156156e-05,350801.7848612778
3109,1J2wYv1aFp2KZTcueL8gvTWr3jTPWTjJEu,10.1,Low,No,Normal behaviour -- no red flags,22,1.7217942669332038,37.87947387253048,9.866132450969976e-05,284274.75196219044
3110,bc1q3h2h0t2g9kve6tr7c8wq9s4m3uu69lrzpz58z5,10.1,Low,No,Normal behaviour -- no red flags,16,1.4176569919000954,22.682511870401527,0.0001081579027261,452467.93105806666
3111,3AiPc3xMXmdun1Pro8itXxZi3duoVFo3RX,10.1,Low,No,Normal behaviour -- no red flags,15,1.6253499829503169,24.38024974425475,9.699803997957336e-05,531818.7827705715
3112,32FeHBqHULC41Pu6wLDfSqpzFQECyYEGML,10.1,Low,No,Normal behaviour -- no red flags,15,1.7071109339592918,25.606664009389377,8.20020243707168e-05,530190.5408575714
3113,bc1qx3kt8pscqftza239t002ff75v8cn66jz40jgtq,10.1,Low,No,Normal behaviour -- no red flags,24,2.076448626673042,49.83476704015301,9.431675909738572e-05,280860.4792508261
3114,3C6BM9968n4WGpzUznrxB9ZtdJ7YCYxjHu,10.1,Low,No,Normal behaviour -- no red flags,22,1.5910263519227044,35.002579742299496,7.555534913345137e-05,338287.0543768096
3115,3Hx8Wx7hBrUjLxW6dAiWPGbRwvJXuirtrf,10.1,Low,No,Normal behaviour -- no red flags,14,1.808673322176945,25.32142651047724,0.0001079374705046,536982.0876289231
3116,3AbkdXxSsST7g7Sc2Fw5ehtWqxWDbAMz4j,10.0,Low,No,Normal behaviour -- no red flags,24,1.7042409711385107,40.90178330732426,9.623759595239994e-05,324268.3186126087
3117,33pS2xheSi5cPmRQp8yK6eYQF28dVZdfbp,10.0,Low,No,Normal behaviour -- no red flags,22,2.4131365521289805,53.08900414683757,0.0001259842049729,310224.1187911429
3118,bc1qzplce9euu3eez5rysm5ry4nywcm0z8ufqy459x,10.0,Low,No,Normal behaviour -- no red flags,19,1.3017747032095124,24.733719360980736,9.987473071855364e-05,428531.2616086111
3119,1JPKAtQBdZvMHu8mx5JErfn4T6RZx6PjHq,10.0,Low,No,Normal behaviour -- no red flags,21,2.539298618586864,53.325270990324135,6.711644099814834e-05,353236.2063647
3120,bc1qf8nwgx5q3zl03r358enjwjaez6zgynuh03t45k,10.0,Low,No,Normal behaviour -- no red flags,16,3.0212166734821566,48.339466775714506,9.793568046640047e-05,430692.1920157999
3121,bc1q4hnm0zrvwhdynkrlrezqrvckwq3d0xw2k8vvuv,10.0,Low,No,Normal behaviour -- no red flags,23,2.433678621130187,55.97460828599429,7.314232027640784e-05,332447.56020222727
3122,3L8ZLsrtbwaivHdntF7xDFSoCkVeynefeg,10.0,Low,No,Normal behaviour -- no red flags,23,1.663810894949533,38.267650583839256,0.0001205429014314,328872.3873629091
3123,1PGNMfFCkbfS8sXuaLnBKP2CpHL1QgR4WF,10.0,Low,No,Normal behaviour -- no red flags,14,1.7515003277434835,24.52100458840877,7.63898218797775e-05,488990.01744646166
3124,143gvPc4YX7n5kLkWp2VU8ynzHvceUHkDv,10.0,Low,No,Normal behaviour -- no red flags,23,1.597615104843498,36.74514741140045,8.242855629073839e-05,347399.3213993183
3125,3GtcFbmbGTtRTDSeUkSnEjy14B9GUhjK7P,10.0,Low,No,Normal behaviour -- no red flags,22,2.653761855137557,58.38276081302625,7.68632582964831e-05,344959.3822563809
3126,19CLrowwoPtLypsGFJZ2Gv2vUAqb8mPLt5,10.0,Low,No,Normal behaviour -- no red flags,19,2.879116810159196,54.703219393024725,0.0001145619046386,357565.26374788885
3127,1GHNokc2nndfGJVa6m4PE4rz9B6Fnyb33Q,10.0,Low,No,Normal behaviour -- no red flags,21,1.41336116847824,29.68058453804304,8.733815273490131e-05,368126.80099935
3128,bc1qjk5t89rcy4cunsk6rm6wrzu7j8nc4cptzm7lec,10.0,Low,No,Normal behaviour -- no red flags,21,2.779241974761504,58.36408146999158,8.942144278435108e-05,337064.73380725004
3129,bc1qyamp5q2sq2m6dlqfz767uk0acpmmuxfnpqcav8,10.0,Low,No,Normal behaviour -- no red flags,21,2.253621981931972,47.326061620571416,6.324322398127514e-05,332817.9003011
3130,bc1qcmcsg2ey2rlfl4w3fz4t3w53vhsh5rx3s6vymy,10.0,Low,No,Normal behaviour -- no red flags,20,1.964731158426112,39.29462316852224,0.0001274741480425,357939.54542273685
3131,bc1qlnar3uysxf2aymhlntaccmm2wee59pqmfpap6z,10.0,Low,No,Normal behaviour -- no red flags,23,1.6608263293443388,38.1990055749198,8.72553922538669e-05,305004.0891227273
3132,38PfwXvusyXT9oNZXy3r6FhXdsC9SSY8e3,10.0,Low,No,Normal behaviour -- no red flags,23,2.47362769934138,56.89343708485174,0.0001215855724857,305108.18851440906
3133,bc1qchpvhc0k0cdtzfqg20wt8ehtme26zcstl06ctl,10.0,Low,No,Normal behaviour -- no red flags,17,2.5657597894391664,43.61791642046583,8.715328667255497e-05,282746.00464837503
3134,36x5V3LSV3PjmQ94sWfDsz25t7Zg4pwmvG,9.9,Low,No,Normal behaviour -- no red flags,19,1.5839906218717932,30.095821815564072,6.979334792551903e-05,418275.0856395556
3135,bc1p25a903v9ss49h00w8f744v4nr2mvwfdv5l4jkphl0w478jn6z6usrxlam2,9.9,Low,No,Normal behaviour -- no red flags,15,2.8341612170083166,42.51241825512475,0.0001078289633802,427667.7460133572
3136,bc1qa02m36ma38mpam65gjr9yf92d4anfp0c6gv4j2,9.9,Low,No,Normal behaviour -- no red flags,13,1.8134600822541604,23.574981069304087,0.0001059574988567,472913.5421010834
3137,1Bve6WHJzBC8xqAazfNQTTSCP7n63XHqYh,9.9,Low,No,Normal behaviour -- no red flags,19,1.974848597937476,37.522123360812046,6.095347391112835e-05,356947.2837504444
3138,1JVSmSvVPxjFr1uTNNSQoZ9E5nf1eRL8fP,9.9,Low,No,Normal behaviour -- no red flags,21,2.137023476610127,44.87749300881267,0.0001332923801826,329519.81889385
3139,bc1q7nkvuarjr07wkncg079egxpgrtk27rasf8kk9p,9.9,Low,No,Normal behaviour -- no red flags,14,1.7702993655933237,24.784191118306527,9.50139100376256e-05,536096.0931067693
3140,bc1plqtjdlrgd55pc94wktlfyle5zdarj4k5u4ds2tuvt7dv69uekfyqs6gvmp,9.9,Low,No,Normal behaviour -- no red flags,16,1.8913129512064624,30.2610072193034,0.0001322753889236,430205.7771379333
3141,3BUaqtsLpKeh9cGPfkzh852kAqSm28UE67,9.9,Low,No,Normal behaviour -- no red flags,24,2.263899958197041,54.33359899672899,8.041285589679153e-05,309695.4931802609
3142,bc1qdcmyhgdh377wamc86w3kuupse4zep05wukdqf7,9.9,Low,No,Normal behaviour -- no red flags,17,2.9157905268720103,49.568438956824174,8.466452360989794e-05,386905.8276423125
3143,1Pz4dXHn8nBB2NozTt9oDfGEFaHcVo6ghE,9.9,Low,No,Normal behaviour -- no red flags,18,2.148610531216232,38.67498956189217,0.0001341567533987,437228.7608241765
3144,1Dj3rmAeLH9uLMcSJgo33AhQrXT1i1TcNT,9.9,Low,No,Normal behaviour -- no red flags,20,2.50761891300911,50.1523782601822,6.918363591444311e-05,408810.402464579
3145,bc1q5q0xqf5td2luqyj77u3qmzpxzq5tknl805kv4h,9.9,Low,No,Normal behaviour -- no red flags,18,1.4327619493402195,25.789715088123955,7.160285993634808e-05,439779.0272009412
3146,bc1p5cs372jwp5aa9dt6sscyfsslwfh43jm48wchh305uatt90hfg9us28xnnt,9.9,Low,No,Normal behaviour -- no red flags,15,2.0329742450063013,30.49461367509452,9.061960021997634e-05,548573.5368853571
3147,bc1q9gr2rnvfxdaye0vapzea27ytcg98puvgt5qcrx,9.8,Low,No,Normal behaviour -- no red flags,19,2.380834733506622,45.235859936625815,0.0001325311395833,334913.29508227785
3148,bc1qtamcztt98x6w24t0d898scg2p0fnsmva2hymw6,9.8,Low,No,Normal behaviour -- no red flags,20,2.80040916389,56.0081832778,0.0001052454343372,379782.5310658421
3149,bc1pkfgxewgqt6yxtkp05fexvfgwuku7fq537rt5pxda68cye2ymh9zq2mw4f3,9.8,Low,No,Normal behaviour -- no red flags,18,2.9072732021688363,52.33091763903905,9.022620657098813e-05,350217.99241058825
3150,1CfsHMeiZhjHv7ovzZu6NSXXcfR6rrgKQb,9.8,Low,No,Normal behaviour -- no red flags,23,1.593719592056834,36.65555061730718,9.277115177404828e-05,319512.1042734545
3151,1KEbnVEp7m7gvi8p5SboJ3T65QsnRGXy4h,9.8,Low,No,Normal behaviour -- no red flags,17,1.383396694093511,23.517743799589688,7.74219051429941e-05,449635.02434325
3152,32XnwoaMjQdnww3a9XuRXW5Ha45c9iHE5B,9.8,Low,No,Normal behaviour -- no red flags,22,1.7320640091222992,38.10540820069058,0.0001225432568312,324161.5294063334
3153,3Q8yahSJeDoQcimRCw6hamRFV4fSTwZbf1,9.8,Low,No,Normal behaviour -- no red flags,23,1.6632485760228843,38.25471724852634,7.760535967241151e-05,337868.88567072724
3154,3EZNPwdTnxAp4662Xe3XhnwveZKU9NCfNk,9.8,Low,No,Normal behaviour -- no red flags,14,1.7313038892920434,24.238254450088608,8.22646110608174e-05,439818.94845961535
3155,bc1qexn8wm3g499fdn0vxqwyf4p9quc44csa3y6ku3,9.8,Low,No,Normal behaviour -- no red flags,18,1.6773446336243527,30.19220340523835,0.0001333337505078,412278.81397023535
3156,1J8M9vxfVvDgayzk4rMDYAdFHNwUZ7oSEE,9.8,Low,No,Normal behaviour -- no red flags,20,1.579409069802186,31.58818139604372,0.0001193534547034,371204.78553973685
3157,14reCnYePvNj8WPtnastkQTWfCzSVhGc5i,9.8,Low,No,Normal behaviour -- no red flags,24,1.8442563668407537,44.262152804178086,0.0001206034586133,326487.56879526086
3158,1Crvwny64uWPNBmvrgHegoL9SukFbRe7Rk,9.8,Low,No,Normal behaviour -- no red flags,15,2.0639854949564067,30.959782424346106,0.0001242108195529,517676.3493057143
3159,1NVETCCsBozPgRS5Kx4jn65EjD5rVuNJio,9.8,Low,No,Normal behaviour -- no red flags,14,1.6591164786204475,23.227630700686262,9.135912043547454e-05,494220.4125686924
3160,3HX1wcSnAv8cJ8Heuzei8xuzvREgsnDhU3,9.8,Low,No,Normal behaviour -- no red flags,19,2.3515225030882023,44.678927558675845,0.0001341902671335,357769.3769918889
3161,3AWTeZ5SpstRHT5a5rHRx9Xpa11D7XrfB2,9.8,Low,No,Normal behaviour -- no red flags,15,2.450625634991029,36.75938452486544,9.024452373019573e-05,537356.1290809285
3162,bc1q0x8hwsvltdewepe909e7tq4tmq4tl9fq7xd9f9,9.7,Low,No,Normal behaviour -- no red flags,13,2.08846229479289,27.150009832307568,0.0001038478239892,494319.854373
3163,1KE23Gawxqnw6XkBMhXqGGBEMGERctJwZX,9.7,Low,No,Normal behaviour -- no red flags,16,1.986696911111924,31.787150577790776,0.0001304351198657,421858.4475586001
3164,bc1qlu4d99gjztep2a8t6c9updc99u4w2sl0npka9d,9.7,Low,No,Normal behaviour -- no red flags,22,1.65818104605176,36.47998301313872,7.311681573371767e-05,327789.018853
3165,3LdoJwkLmaSCYAZMPsxCi2ERovk2cZdrXF,9.7,Low,No,Normal behaviour -- no red flags,19,2.004204458790063,38.0798847170112,0.0001307129026937,368911.5345553334
3166,bc1qdxk8aapegfy4fl6k2vjafs5l94lytedv3xhf72,9.7,Low,No,Normal behaviour -- no red flags,17,2.972984580118351,50.540737862011966,0.0001072860392379,379908.2604715625
3167,3J45B8Hb7C2vSQPRBPyWzb8KWF4k7BAKFg,9.7,Low,No,Normal behaviour -- no red flags,18,1.628291694745852,29.30925050542534,0.0001308466625782,419824.777485647
3168,35HpaVDcenS29U45vzD3sbCW4yva2zbyq6,9.7,Low,No,Normal behaviour -- no red flags,24,2.068182167272377,49.63637201453705,0.0001156666115855,299044.24809991306
3169,3MzvZokPp8Jcb5DWTvDGwEbgP2dicSvSmJ,9.7,Low,No,Normal behaviour -- no red flags,24,1.9969693460985585,47.9272643063654,0.0001219806183429,311926.0669576087
3170,bc1qhhvatpr0wnau67syf5e3uh5w36x5m07pvkr5wr,9.7,Low,No,Normal behaviour -- no red flags,22,2.136945888627296,47.01280954980051,0.00012746495643,362970.0163766191
3171,3KEo2MR2KZs1K7ck2y6ync775CrTLFXRYk,9.7,Low,No,Normal behaviour -- no red flags,19,1.2281158055101804,23.33420030469343,9.7173845649935e-05,399457.6794476667
3172,1MycmGhNGSLRANs5ZiWCqo1iVRaDo8gaer,9.7,Low,No,Normal behaviour -- no red flags,23,1.6814013150860152,38.67223024697835,0.0001092953291234,352118.4714073636
3173,bc1qq9f6fw2nc2h357eejxh6fv2g5ttr2nxz3fwn97,9.7,Low,No,Normal behaviour -- no red flags,21,2.555615927601348,53.66793447962829,0.0001234031395294,372602.9428525999
3174,bc1qn98lvvkkq6ljkgsncgxgturrtclz2qu9qwm7ed,9.7,Low,No,Normal behaviour -- no red flags,18,2.8584003465557046,51.45120623800268,8.813886613197615e-05,400771.1390755882
3175,bc1qdd06zhyyhqsu9qf9f4z68cxre3j4hm3tx270ks,9.7,Low,No,Normal behaviour -- no red flags,21,2.268781723351426,47.64441619037994,7.472723110387488e-05,296939.5902962
3176,bc1qpu4g5e4vrpskle0q29knefp50trncqnu4mz3tj,9.7,Low,No,Normal behaviour -- no red flags,23,1.565582202669658,36.00839066140213,0.0001047856897045,338294.70411604544
3177,1Bw1m5RMmguYkLU6ckHdM4Ky5bkeJxKJWg,9.7,Low,No,Normal behaviour -- no red flags,18,2.7652295263993536,49.77413147518836,9.047517051574824e-05,446123.6787140588
3178,1DZyqLmjgm3fQEGKgSdg8yMAV1QWuLETZW,9.7,Low,No,Normal behaviour -- no red flags,18,1.307377887970751,23.53280198347352,0.0001031652985182,432713.17632505886
3179,bc1qkylu4ktj5246scjpxc0f3x0egng0f9dg3s6dxe,9.7,Low,No,Normal behaviour -- no red flags,13,2.5466219809644226,33.106085752537496,9.936835715451357e-05,491789.4697329166
3180,bc1q4ugp9whufd9ldsm6au3k3yza0v8ffttmqe8ffa,9.7,Low,No,Normal behaviour -- no red flags,14,2.6486150032603133,37.080610045644384,0.0001005076971717,438790.6209604616
3181,13NtohcQbHytYS8WasUV6kCuGecHKjnjzi,9.6,Low,No,Normal behaviour -- no red flags,16,1.7239775219662692,27.583640351460307,6.831862171095052e-05,496006.97781686665
3182,bc1pxaa7pdrpxl6nrccw39qfr7ywr3q3m6msertmegy9n4fxpgquh33sz0q0tf,9.6,Low,No,Normal behaviour -- no red flags,20,1.474418338535732,29.48836677071464,9.378261977457228e-05,373365.44334494736
3183,13KDp1jkh6ghFbvWB2HbxoFBCfHrfBS5rb,9.6,Low,No,Normal behaviour -- no red flags,17,2.828849161968124,48.0904357534581,0.0001027788965046,449421.0778908125
3184,bc1qcntv0094536v52grexxum9cgf02qukkgs05gd6,9.6,Low,No,Normal behaviour -- no red flags,22,1.6117342096210985,35.45815261166417,7.422372367437498e-05,340422.2057089524
3185,3BkcNdfg35hvnQ6ih5vG3Ke7gXS8mjGVVo,9.6,Low,No,Normal behaviour -- no red flags,15,2.565515451378703,38.48273177068055,9.453124370582872e-05,522972.6985306429
3186,3JnDAxayZtqspXDigTsaT5NH9oc5fmYtZt,9.6,Low,No,Normal behaviour -- no red flags,25,1.956871067224878,48.92177668062195,8.428671039700928e-05,309356.26763075
3187,bc1qp79sgp0pq3hq0kee2rkanjw7tecnsd94qac0jc,9.6,Low,No,Normal behaviour -- no red flags,17,1.4418488010866417,24.511429618472903,7.403256184226001e-05,450005.9456891875
3188,bc1ptw0ngzdkshu8ylf466cp08wptx0w9sasc6gqdgtk79tk5z28cenq8llwx4,9.5,Low,No,Normal behaviour -- no red flags,20,1.436938492919992,28.73876985839984,0.000107834578458,382889.3828533158
3189,1GuhCiDPBWUmWktx54abs3LA7BUw7BEG7o,9.5,Low,No,Normal behaviour -- no red flags,16,1.4135337751237245,22.61654040197959,0.0001037647840174,407433.587732
3190,3AXMhEgApJNLF6ksdqxooY246wzQQSVy9S,9.5,Low,No,Normal behaviour -- no red flags,25,2.253716196240586,56.342904906014645,0.0001071142214818,310612.393497125
3191,1PSmtsE4UbyiQW2gDvS1dS7BFjYcFGrzEd,9.5,Low,No,Normal behaviour -- no red flags,16,1.4292283534725203,22.867653655560325,9.417590561180636e-05,380179.5441730001
3192,bc1p07hz59h927r7a4s26vr0nhj7cn8rerkt9hu2w390dy7hr7tyvn6qu3msj5,9.5,Low,No,Normal behaviour -- no red flags,13,1.90026173275787,24.70340252585231,0.0001071631134955,482618.7071123335
3193,3PCsMoq8cpTGn73xtqftroVofn7GNiqPUq,9.5,Low,No,Normal behaviour -- no red flags,16,1.5217779576988912,24.34844732318226,0.000116684186883,464553.0354618
3194,bc1q07n2r90jea27mhdae9wruafh78dstncvwsxcsl,9.5,Low,No,Normal behaviour -- no red flags,20,1.4748857328128349,29.497714656256697,0.0001013745964508,401694.9915234737
3195,3Qw5EBmR6fcXKPvkJM7hHfLET7VHNYXTAP,9.5,Low,No,Normal behaviour -- no red flags,18,2.761820639385669,49.71277150894204,8.760431427742372e-05,421695.91031023534
3196,bc1pgmt2a02wvaxv0k85d89quy0gypnk43fqvq6cy7776cr7kpplr0cqkzqyh4,9.5,Low,No,Normal behaviour -- no red flags,15,2.5717521610819865,38.5762824162298,0.000102145240893,512284.6930033571
3197,1LPQrjn7ytuCHGLAHSsn4m6JNxw4xKUqi1,9.5,Low,No,Normal behaviour -- no red flags,17,2.6139338975684936,44.43687625866439,8.183642482960511e-05,312023.1940776875
3198,bc1qr96j654s2mufw390lnu6w4l8sef3ua3c2409px,9.5,Low,No,Normal behaviour -- no red flags,23,1.7785715881717252,40.90714652794968,9.005780549644024e-05,293985.9555103182
3199,bc1qfh4y2wgfaxfpav33k8tghzt0d8qm9y43ydmfm0,9.5,Low,No,Normal behaviour -- no red flags,25,2.2361225443848314,55.90306360962079,9.457472502095672e-05,316129.87860295834
3200,39zHmCAWjYhkDHKYU3znTCUbTuVCSCNoqk,9.5,Low,No,Normal behaviour -- no red flags,17,1.4652560103570316,24.909352176069536,7.343728259697491e-05,422626.18359487504
3201,18D3i7xrLoBF4mPZjYKH7R1uKhqo9dGhyd,9.5,Low,No,Normal behaviour -- no red flags,18,2.730201715047434,49.143630870853805,0.0001208072124274,403111.8064962353
3202,176S93fBzJBhakpVDiEdg8FFKQ3zXGKtkV,9.5,Low,No,Normal behaviour -- no red flags,14,2.4613784298531107,34.45929801794355,9.27040978109204e-05,516041.7976183077
3203,bc1q9plfnw8dmlkk50vn0j4uzp665g69ktnhp5eux4,9.5,Low,No,Normal behaviour -- no red flags,14,1.808958417426319,25.325417843968463,0.0001163078279949,461662.9802408461
3204,3PsjkupLAYNgM3tpQbECbp14s5Tfm8T5xo,9.5,Low,No,Normal behaviour -- no red flags,15,1.7504935209674468,26.257402814511703,0.0001268117201126,453098.2559055
3205,bc1qpvvx3yl5mzswcpe0mdhq0srzz5sytujswwfhz7,9.4,Low,No,Normal behaviour -- no red flags,22,1.4227890156491083,31.30135834428038,9.653622707960402e-05,343149.096258
3206,1D2orQuV8igFVTXTX5fBxixedsg6DYEVQd,9.4,Low,No,Normal behaviour -- no red flags,22,2.5578778238639,56.2733121250058,0.0001155247000316,298498.01267038094
3207,1FPFgFUWdH4oWMcQ3CSE8LjazyJdoPrRTR,9.4,Low,No,Normal behaviour -- no red flags,19,2.862107611322677,54.38004461513086,9.361708430419817e-05,396200.6185555556
3208,3G46kAtzboiqsGoQVVK5pqPzAncWd5H1YG,9.4,Low,No,Normal behaviour -- no red flags,22,2.146639026293207,47.22605857845056,7.668423819221283e-05,289090.7908302857
3209,18vrpUVcrRsd1UidBtv2XvurgW4Y4cNJVX,9.4,Low,No,Normal behaviour -- no red flags,16,2.984444228039462,47.75110764863139,9.97954211377728e-05,355973.42661120003
3210,bc1qyfk34gqsy8lp9rptrqxkkqdcj3p4q4enaqyc9m,9.4,Low,No,Normal behaviour -- no red flags,15,2.310038766859303,34.65058150288955,0.0001216200166642,504222.402306
3211,3LVKi1WtqpuHR1bTUkfjcf4pFvw3HCnCes,9.4,Low,No,Normal behaviour -- no red flags,18,2.7341565304012403,49.21481754722232,7.895275191396562e-05,409249.913294
3212,13fo9DT7Dnbu2hGbPoCnerxfKaDjgDcfRW,9.4,Low,No,Normal behaviour -- no red flags,23,2.205749242042488,50.73223256697723,7.136781784685977e-05,340756.8382115909
3213,14w7vGYZmoQvyNy7DqR5xZxgirfT4vTBfK,9.4,Low,No,Normal behaviour -- no red flags,17,1.3468033294312065,22.89565660033051,0.0001012352158314,417813.562801
3214,bc1qzqcpgh8nrcvmpvml2qd836zegvtrzct4kv2jy8,9.4,Low,No,Normal behaviour -- no red flags,18,1.405173216380394,25.293117894847093,7.59729729716798e-05,359622.74758776475
3215,1Dm7mCaX3Wre9s95Cfzek7KtRW3r1dxvdy,9.4,Low,No,Normal behaviour -- no red flags,14,2.173462628295274,30.42847679613384,9.345444008328252e-05,542639.6031330769
3216,34rkZRmAZxAGPHUXTQpquHBVEiNqMjg5Bm,9.4,Low,No,Normal behaviour -- no red flags,17,1.434601238174951,24.38822104897417,9.048124624335516e-05,473237.6392305
3217,187XSWrzjviXNcd5avQPYHBWvRgU5wqEGb,9.4,Low,No,Normal behaviour -- no red flags,16,1.4026400532780117,22.442240852448187,8.612699426794046e-05,408375.34281366674
3218,1EorggmvsQ69tTRS1e3x4uGFnmhkpNYzao,9.4,Low,No,Normal behaviour -- no red flags,15,2.506155981723212,37.59233972584817,0.0001005121735535,517188.1940270714
3219,32Q7JG3uPRM9VZ8RnmrBAjgPSVHTyZeHbq,9.4,Low,No,Normal behaviour -- no red flags,14,2.537775447911185,35.52885627075659,9.847867829844316e-05,475122.1707680001
3220,bc1qstz9fcykt873kdw9rsfr0gcavejlfq0dfc5zdv,9.3,Low,No,Normal behaviour -- no red flags,16,1.9859259721260407,31.774815554016666,7.118468452055466e-05,508953.6512634001
3221,bc1qx9tuk6hey7hqxe40jxnm0dn3z9x3ghnrcwe83s,9.3,Low,No,Normal behaviour -- no red flags,22,1.5020733303432137,33.0456132675507,8.292995711116001e-05,342150.180056381
3222,bc1p9m5d0ehfedazrklrlmmxcqhlwyfyvv3h7udmpnfxxcezsgdhfv4slm00zs,9.3,Low,No,Normal behaviour -- no red flags,19,1.397659516131592,26.55553080650025,8.041621117859186e-05,399385.94412805553
3223,1BAqjLu3y3WDyuimjpwUbTdCmyZpXn4BYX,9.3,Low,No,Normal behaviour -- no red flags,23,2.5781561937970023,59.29759245733105,0.0001089314927563,320582.27650363644
3224,14NzBd2QSv2wYD5MQj6Hhraj9SVVzH8Mo1,9.3,Low,No,Normal behaviour -- no red flags,21,1.525000944958774,32.025019844134256,7.868814688975205e-05,347069.6617209
3225,1EvFENoYUYxFt22ZGFxQAZjuWwjypYCqxd,9.3,Low,No,Normal behaviour -- no red flags,16,1.4875194458931142,23.800311134289828,9.794649421966433e-05,491358.4828636
3226,12CxJ3kQrYJSKT4cGsU8SLuNNVWtYddPz2,9.3,Low,No,Normal behaviour -- no red flags,22,2.6805125374683025,58.97127582430265,8.609999753644436e-05,338871.1099793334
3227,bc1qrjfqnkpdjda34u6fmeexecuqlls3qthzszhv8t,9.2,Low,No,Normal behaviour -- no red flags,15,2.29858067030498,34.4787100545747,8.173317778189784e-05,523298.4473972144
3228,3KwGLhxbAQfPuNee8zrh61dFeK7SkbEDA2,9.2,Low,No,Normal behaviour -- no red flags,22,1.605643894170221,35.32416567174486,0.0001072682697704,361384.5472212857
3229,1BTbcGxdDEbcef4f82w38ucVj4DjHQmcsg,9.2,Low,No,Normal behaviour -- no red flags,22,2.336561634215657,51.40435595274447,6.816058064706665e-05,357124.17708657146
3230,bc1qar0n672yzrjynmasxkqt4jsgdvc6aa0t7z4zwq,9.2,Low,No,Normal behaviour -- no red flags,21,1.564500933068364,32.854519594435644,7.460514560867213e-05,384794.26188695
3231,18M7D28ZoRHi8teVZXUaXyCv2ycDxGat7s,9.2,Low,No,Normal behaviour -- no red flags,15,2.6587233201723914,39.88084980258587,9.235739513314278e-05,469723.5277243572
3232,bc1q6qrzxzlpxp9eqnv0zkqv7v095klmess9gurg26,9.2,Low,No,Normal behaviour -- no red flags,16,1.4129028555702885,22.60644568912461,9.59144471900984e-05,453945.1081532
3233,bc1qfhd8xu8u9y73ff7jacvpkklah94r9yhqwm88h9,9.2,Low,No,Normal behaviour -- no red flags,25,2.1242833681821804,53.10708420455451,0.0001051442296448,300461.7820762917
3234,bc1ppvfpue2axt3ajkrdy92ul9kcc8atlqlfwg0scy03eqdw7h007xqshd0ezu,9.2,Low,No,Normal behaviour -- no red flags,23,1.8985738973714448,43.66719963954324,8.33614871814352e-05,300102.16824959085
3235,bc1q22uvj4ac376alcpsjvesez3wg5tm5zsqk5lfan,9.2,Low,No,Normal behaviour -- no red flags,21,2.2181109997145336,46.5803309940052,7.796457735845011e-05,285087.74283595
3236,3NvS16sraeh24Fti1i9tAgvhPhZTMzSbLH,9.2,Low,No,Normal behaviour -- no red flags,25,2.229749421487543,55.74373553718858,8.830770136157181e-05,301629.6576492083
3237,38y7c1vXXwiXHPjRwzmg6sskuvRCC91tQe,9.2,Low,No,Normal behaviour -- no red flags,16,1.868888561726349,29.9022169876216,9.803700970050532e-05,306466.58698466665
3238,1KeTRgVTK9aPSoZHTv68x2rWUtn3bn2Wns,9.2,Low,No,Normal behaviour -- no red flags,20,2.7396038490957486,54.792076981914974,7.230793212613967e-05,352219.85973889474
3239,bc1qcjexs6lle6wp73e5lktdnnj2j7rdjqxu9vjxcq,9.2,Low,No,Normal behaviour -- no red flags,24,1.854378392188344,44.50508141252024,0.0001101512486509,327531.2862131305
3240,1BTTmdmDMt48dcJJxhj8bkCekqr39kojs7,9.2,Low,No,Normal behaviour -- no red flags,22,1.769722114963684,38.93388652920105,0.000117328023798,350607.2049633333
3241,1GQPeccvakntBvmKabNf54QCwLmzgXbBBy,9.2,Low,No,Normal behaviour -- no red flags,25,2.0697589399823944,51.74397349955986,0.00011659402473,314188.02363024995
3242,bc1qh2qlzakkc2gpzhzpt2s050kp5gj6g3jsaqhvkk,9.2,Low,No,Normal behaviour -- no red flags,22,1.7318580644685482,38.10087741830806,9.799563191861478e-05,290681.94345961907
3243,bc1quhr3caq9hgpdzw36sds0x6e5gurwtmk0sxxdgf,9.2,Low,No,Normal behaviour -- no red flags,20,1.5013930033914082,30.027860067828165,0.0001088001656274,379195.9945807368
3244,bc1pn5lq8m849tva7z7gzjpthq2ujljxnjmttw9y85wmtdvum56jyxrqw08qv6,9.2,Low,No,Normal behaviour -- no red flags,22,1.550570337873637,34.112547433220016,0.0001115279325323,338347.7968606666
3245,1MsK77cyLsXjabcihQB4PKz3azddCczT8c,9.2,Low,No,Normal behaviour -- no red flags,23,1.690562882402427,38.88294629525582,0.000114802332383,332258.9352050909
3246,36TKbBKaJSRpEH5ExACW61AJ7VbPPukivD,9.2,Low,No,Normal behaviour -- no red flags,24,1.7975796345003223,43.14191122800774,0.0001061254685114,312807.37721508695
3247,1HVZdYQCKtiWqMey4Ni1wz6yv5Ysh6Hsv3,9.1,Low,No,Normal behaviour -- no red flags,14,1.896476222735877,26.55066711830228,0.000118548432419,501504.4210308461
3248,bc1qx8jwcum2eylt48n7c8lc969tp55jrzh5lhfeca,9.1,Low,No,Normal behaviour -- no red flags,20,2.78093019321604,55.6186038643208,8.120445257689721e-05,353473.4703593684
3249,bc1qgjjmn0zy3e5a0ksf5m28pc9pwjt9r0jkuzu4ah,9.1,Low,No,Normal behaviour -- no red flags,22,2.2920440073332147,50.424968161330725,6.570100500619512e-05,346102.6614786191
3250,17ovnfWuLwwb18RGGNY7Su7tKX9hVw6Kpp,9.1,Low,No,Normal behaviour -- no red flags,23,2.614484187207029,60.13313630576167,0.0001035816109242,329523.0114028182
3251,bc1qfrxrqn5v5r46fzuvytutuxvcjwgm9ucnna7hq4,9.1,Low,No,Normal behaviour -- no red flags,16,1.4003371278505128,22.405394045608205,9.25924227239817e-05,421309.3543529333
3252,128AJZrWVZjRh5AiraEFUVJntk1cM7hKUh,9.1,Low,No,Normal behaviour -- no red flags,20,2.5798973752077687,51.59794750415538,6.89928751753823e-05,386449.5446864737
3253,193eeCuQB6XZWjePqyAa4bTJ8sikgASn21,9.1,Low,No,Normal behaviour -- no red flags,17,1.8060468018828844,30.702795632009035,6.396265072096906e-05,384349.725213125
3254,16y6b1Wd7Z5hiqBbEZXsDU8odybZbAxFUk,9.1,Low,No,Normal behaviour -- no red flags,24,1.7871352209068545,42.891245301764506,0.0001015190734285,320960.0927458696
3255,bc1pmyz2c7s2l7e8fxy84zpwqplc3gk26a3htwlhfpcngv8wzd5pp82qysjln7,9.1,Low,No,Normal behaviour -- no red flags,15,1.7210341248258574,25.815511872387862,0.0001229939796746,506828.7181564285
3256,3EftjpJ8dA28uEhr3o8iwp8BzoYcHbQtzC,9.1,Low,No,Normal behaviour -- no red flags,17,1.3914640721754756,23.654889226983087,0.0001045872860165,449557.6275063125
3257,11jYGVUJWJUahoXQ9deiEYH8R9G7nqRtU,9.1,Low,No,Normal behaviour -- no red flags,23,1.7931104580484132,41.2415405351135,7.959670128995874e-05,301664.13937472727
3258,bc1qlp25j7s0zul5zemkk525y0a9ee925qa5833t6j,9.1,Low,No,Normal behaviour -- no red flags,22,1.70215195346125,37.447342976147496,0.0001216598303377,348398.92725523806
3259,17AgeFPqFBqQJqTq9G62NC9kHyutp1p2XB,9.1,Low,No,Normal behaviour -- no red flags,17,2.373761765855531,40.35395001954403,0.000133495903363,427561.814186
3260,3JmKSguxm5bpvqdQVLAt2Kxg8UT3fbxT5q,9.1,Low,No,Normal behaviour -- no red flags,16,2.440830615075626,39.05328984121002,6.952180320663571e-05,463323.40410940006
3261,bc1qmlh57e8qzzpsrytswxz0ra84hfgmsuxuuxqqaq,9.1,Low,No,Normal behaviour -- no red flags,23,1.7600199141744617,40.48045802601261,0.0001150806878641,336500.5767187727
3262,bc1q934glxxmzqrwtzx7amajwge29p8ev63ppmxngm,9.1,Low,No,Normal behaviour -- no red flags,19,2.682532214460472,50.96811207474895,9.915820628392004e-05,428335.6616300001
3263,bc1ppxdcfavjgh3k3qzfarddyxn0mj649rtgu6nsuzh4wvmdgvhnxw9qht5qnc,9.1,Low,No,Normal behaviour -- no red flags,17,2.0253156502790297,34.4303660547435,0.0001293862575909,448015.9399110625
3264,bc1q2j8ztthwtvx2ehcgn5x4pl4ny7mhmu248p6apk,9.1,Low,No,Normal behaviour -- no red flags,20,1.4854769498853924,29.709538997707845,9.243085984008002e-05,377109.242317
3265,bc1qr2h9p7xtsuruq2zfkcgzuwsq3dqupdwzc3783u,9.1,Low,No,Normal behaviour -- no red flags,19,1.4001625172910257,26.60308782852949,0.0001079579390028,423582.8924556111
3266,bc1ql9v68d42ape4ukvjjrhdecszc9vw8extd6ndaw,9.1,Low,No,Normal behaviour -- no red flags,15,1.8365371402662165,27.548057103993248,0.0001224029921518,382443.8355932858
3267,bc1qv0u3xcfr73j7dt3436qcw8jus5vanjjwvw99qy,9.1,Low,No,Normal behaviour -- no red flags,14,2.416087264914529,33.825221708803404,8.471126914958948e-05,501770.1699123077
3268,bc1qx6wfd2jrkn2myuczjpnpdctv4tr46rkzpfshvc,9.1,Low,No,Normal behaviour -- no red flags,23,2.014250574757852,46.3277632194306,7.185140711211126e-05,344452.2461272727
3269,14npLWNZNZFei42caEgWZYyFGoLJu5ggZc,9.0,Low,No,Normal behaviour -- no red flags,23,2.577062535229496,59.27243831027841,8.827641563579624e-05,324712.6675098636
3270,3L9msdSEjgtKVwHhq2hWFh27a9suAz2a6j,9.0,Low,No,Normal behaviour -- no red flags,22,1.6067543209940565,35.34859506186924,7.549580955111546e-05,353925.7249728572
3271,1NTUbvYgxW3dQgsuUtq9Z5Bsj1KHhnbq34,9.0,Low,No,Normal behaviour -- no red flags,24,2.3766224297624263,57.03893831429824,9.62743192499072e-05,313026.0138859565
3272,3AAuv1MfC8ChrTaL3oVgh7fExuhSQC8yTW,9.0,Low,No,Normal behaviour -- no red flags,22,1.6922836603829992,37.23024052842598,6.992916773692042e-05,346007.8135457619
3273,354PiF4QoKvMkiShqC4UqN6ooNNmbZRSyX,9.0,Low,No,Normal behaviour -- no red flags,19,2.1692538388107243,41.215822937403765,0.0001336002879103,401479.9469880556
3274,bc1q63udf9yktjt8zlw39rp9ppeq9v9kcutdzm6907,9.0,Low,No,Normal behaviour -- no red flags,22,2.624293709121312,57.73446160066886,0.0001117206634468,348092.91430819046
3275,15L5UCMvYKZptVX9mcsgfUpifR7u91TRFq,9.0,Low,No,Normal behaviour -- no red flags,19,2.2088606115835425,41.9683516200873,0.0001306195515376,350489.2820952778
3276,12GReXtF9HEdcv4FhiyFEyryGC3bproFWw,9.0,Low,No,Normal behaviour -- no red flags,21,1.7639188449176135,37.04229574326989,6.817581583543076e-05,367882.44090505
3277,bc1psc79ydxu0ujfv2u908erkcyv5r9v6vare2evrfel0200xklx7v4swj34q4,9.0,Low,No,Normal behaviour -- no red flags,19,2.530017406784088,48.07033072889766,0.0001071252335394,287566.7404693889
3278,bc1ph7w7g7ett5y0g56z4jwet4yn0re8x0yycd9sh3q2t482w42eextszmjl4n,9.0,Low,No,Normal behaviour -- no red flags,19,1.588122883628884,30.174334788948794,6.895989804906311e-05,411315.2042567778
3279,bc1q2hf2hkn4tjaymxj2rld56fdedzh87a4kq6ann0,9.0,Low,No,Normal behaviour -- no red flags,15,2.531131956515168,37.96697934772752,0.0001129989255629,489867.32246571424
3280,bc1qwvnt89x42pkhzkmja879udan7kvmr0lceyc4cj,9.0,Low,No,Normal behaviour -- no red flags,19,1.588234724183892,30.17645975949395,6.945328849743818e-05,411386.5531299444
3281,bc1q6a6esp8d5gup9cr8ez8wxl4jxdnldkvkmqpy8u,9.0,Low,No,Normal behaviour -- no red flags,19,1.7420147820080942,33.09828085815379,0.0001279674968226,364997.9238711667
3282,1HXCi7GXPTKRvNAmPrhskNXpY62DQCuW2C,9.0,Low,No,Normal behaviour -- no red flags,16,2.3759216399371974,38.01474623899516,7.894170956505705e-05,481345.6260466666
3283,bc1qpyzt9d7h3gl0yzsh5r2qfkp9jncf0s33rmv4au,9.0,Low,No,Normal behaviour -- no red flags,15,2.5145770957987263,37.71865643698089,9.627609456444336e-05,516101.7539628572
3284,3Q5kvDx82mYWvR1PFomyS4CJR5YwerA7Za,9.0,Low,No,Normal behaviour -- no red flags,19,2.741289287538672,52.08449646323477,0.000111775133008,390257.7201765
3285,1MsqzuQV8qfTghak2vxQuVvq3K9rRNyjeo,9.0,Low,No,Normal behaviour -- no red flags,21,1.9491145008328248,40.93140451748933,0.0001279223955196,337196.23226680007
3286,bc1qwc6qdvja2ppmw687cnneaygzrhert2yc5hayms,9.0,Low,No,Normal behaviour -- no red flags,18,2.7628057169367914,49.73050290486225,8.366034147221819e-05,410883.5224707647
3287,12r7Jq9os1aTBiCSVpP2ZGapL5DV11Fspg,9.0,Low,No,Normal behaviour -- no red flags,25,2.028460643057008,50.71151607642519,0.0001119363469938,304604.70037050004
3288,3DMWewmT5GzKbZCRbBo26biw1QP69okVgr,9.0,Low,No,Normal behaviour -- no red flags,20,2.021222381721785,40.4244476344357,6.691597292812457e-05,350696.13611331576
3289,bc1qeryr2c93w8p5f4qvxdx2und2z6k37uhm5m8zqy,9.0,Low,No,Normal behaviour -- no red flags,21,1.4763088126793538,31.002485066266427,0.0001007917757702,370950.1763483
3290,1KByfFRF1nsrK9fKC8WWZHZDXKx6kDaY7N,9.0,Low,No,Normal behaviour -- no red flags,15,2.413620529112885,36.20430793669328,9.286059512486232e-05,523855.7029665
3291,bc1q2dc33840yqrut6k60dnjrman78vgx5d9pujqe7,9.0,Low,No,Normal behaviour -- no red flags,14,1.920289319476327,26.88405047266858,8.250033097392581e-05,519720.0069166153
3292,17N1ZZGjRNU43zVJtRsSpeakQrMHohPGdp,9.0,Low,No,Normal behaviour -- no red flags,14,2.530398371311862,35.42557719836607,0.0001029236837093,449812.2716537693
3293,bc1q3n4fk9wj5sd3wnpv4awy9e8ug6te0snfgx4ln9,9.0,Low,No,Normal behaviour -- no red flags,23,2.525691426205627,58.090902802729424,0.000101714707303,306546.1197457272
3294,bc1q59hzu4399y698zndnpaga9j0k994tuwejqkgmj,8.9,Low,No,Normal behaviour -- no red flags,17,2.486509974766072,42.27066957102323,6.595055609862792e-05,445616.1189879375
3295,1XPSmAsRyu89BDJfMy2vCQ8nsQYnvqS1F,8.9,Low,No,Normal behaviour -- no red flags,16,2.453184709034244,39.250955344547904,7.400512820664058e-05,472639.0089863334
3296,185kcwpaWuzYT6zwoJG4AYAiGCg2wThLtg,8.9,Low,No,Normal behaviour -- no red flags,14,2.549719135310268,35.69606789434375,0.0001054892508386,421758.9215102308
3297,1GGbZJkfnoswNUkHoEuoRUoYEL1Cv3M3sr,8.9,Low,No,Normal behaviour -- no red flags,21,2.6815847914686053,56.31328062084072,8.318577420092978e-05,319372.72860850004
3298,35BRBMgLDqcrBfPpsswAep6zodDq3qbKDT,8.9,Low,No,Normal behaviour -- no red flags,19,1.7401101518000688,33.062092884201306,6.81949039795792e-05,425599.3183931667
3299,17Ei1DpgvVfWDwgSJd88Q5PhLnXswJ65Yq,8.9,Low,No,Normal behaviour -- no red flags,23,1.6549968168655411,38.06492678790745,8.776360440350879e-05,307289.5241326819
3300,bc1qzspht4n0ty8cczqxz79axajkn88fywvmyy2vjy,8.9,Low,No,Normal behaviour -- no red flags,19,1.2971263941153932,24.64540148819247,9.963380518488796e-05,394890.4440558333
3301,1KPwPMtCxGa2QmjYc8FiM6ky15pdT4u2to,8.9,Low,No,Normal behaviour -- no red flags,16,2.540542980930929,40.64868769489486,0.0001228216762119,479921.7329776
3302,bc1q23ngn7kj2ksm8rhdlk48facdk77spyvc79qs4t,8.9,Low,No,Normal behaviour -- no red flags,19,1.398690249101313,26.575114732924945,8.676333709096814e-05,422110.3700482223
3303,15WXMQoZM5FCM3aHwLQUNQNpGyQ78k6swL,8.9,Low,No,Normal behaviour -- no red flags,16,2.59427080671279,41.50833290740465,8.044517441873121e-05,473771.4843076
3304,bc1q6cmlpznda6e7cy32rju3vjrzv9tu0495v56ukd,8.9,Low,No,Normal behaviour -- no red flags,19,1.4155411818820274,26.89528245575852,7.682604670746435e-05,394247.4968106111
3305,bc1q4lgmndrjqf9uvghpq445xqgwmwks60pgxdgvrs,8.9,Low,No,Normal behaviour -- no red flags,17,1.8134650548149247,30.828905931853733,7.0324516917773e-05,461382.6437021875
3306,16oiipoASAa4Vj73nxJqBx7J12dqJbSAa1,8.9,Low,No,Normal behaviour -- no red flags,22,2.6358683187719776,57.98910301298351,0.0001118287687712,330262.2935675238
3307,bc1ps0r6465kjvz20m3mc8wtettln0re8dpvspvxzg0m5rzr4elehjqqkmvgxy,8.9,Low,No,Normal behaviour -- no red flags,16,1.9258669754115632,30.81387160658501,6.913110046044498e-05,475280.1133252668
3308,bc1qv2ct3yq233ndu0jl2a80jencr3a6lh2awyjnsx,8.9,Low,No,Normal behaviour -- no red flags,17,1.760246813173428,29.92419582394828,0.0001114207755663,336288.46846018743
3309,bc1qe0aj4wmu0fj3qpdljvl3ryydptnuw0uv0jtrqv,8.9,Low,No,Normal behaviour -- no red flags,21,2.6344234215873774,55.32289185333493,7.244853942922466e-05,353223.63060085
3310,1EFZPELkB26PE7fESpRfT3tB9g6uLruaXK,8.8,Low,No,Normal behaviour -- no red flags,20,1.4834353285881607,29.668706571763217,9.96144404906412e-05,403271.0353213684
3311,38pwgW43P5TfsmeDqNtSmHtYE5xeeahMwf,8.8,Low,No,Normal behaviour -- no red flags,22,2.0523783545346777,45.1523237997629,7.067276738890653e-05,357468.4077362857
3312,36oZD5k4gxLPt5DDAzx628KWaHM1c8q2NG,8.8,Low,No,Normal behaviour -- no red flags,17,1.5872206493036451,26.982751038161968,8.276529655406379e-05,342472.82479718747
3313,bc1qc5u6wj5v4x98wxz6kmjujhdnyqgl84pgqpl6fh,8.8,Low,No,Normal behaviour -- no red flags,17,2.5213913057912,42.8636521984504,6.778992808614188e-05,436789.40522625
3314,bc1q8gsjw5jhjstg7pczc4hpr5wqqqdzkr5zfulqgl,8.8,Low,No,Normal behaviour -- no red flags,16,1.551203882380099,24.81926211808159,8.070805721889729e-05,478808.7769447333
3315,bc1qakvrzrud6kvl5mdv6rswrf9szy9lkz2069lpsp,8.8,Low,No,Normal behaviour -- no red flags,16,2.4949854133886693,39.91976661421871,7.661393504625808e-05,488441.4099974
3316,bc1q8c7t9wqxlsvsh66uc0l3c95xxfn6f2tw0v6jel,8.8,Low,No,Normal behaviour -- no red flags,19,1.5012457266479606,28.523668806311253,0.0001165109711765,359879.40462383337
3317,bc1qvfy8hdymzszqntwfpsrc04nsd3jtj9sln9d047,8.8,Low,No,Normal behaviour -- no red flags,24,2.0732516896987825,49.75804055277078,8.255785337232838e-05,335902.4655049565
3318,bc1qz7fgks5nv32l4pfhxl9wwt0ajtc8cymfytzv9g,8.8,Low,No,Normal behaviour -- no red flags,15,2.264946990176697,33.97420485265046,7.458639351742604e-05,505432.3867915714
3319,36UUwqZJNvNacCzuHbh2UjPSKsaHo1sDMz,8.8,Low,No,Normal behaviour -- no red flags,19,2.085340139371492,39.62146264805834,0.000132429251488,384592.0417242778
3320,3GL8HJKkmRYnBqMZGFpKhdUyyQuQQLRjhJ,8.8,Low,No,Normal behaviour -- no red flags,19,1.921419582484924,36.50697206721355,6.258922670403149e-05,411070.55191950005
3321,1m4HSQKuEp9oMEeDxynHUiyvwodxGCETZ,8.8,Low,No,Normal behaviour -- no red flags,16,2.036009983876839,32.576159742029425,7.275118689392537e-05,497746.610362
3322,3LXLHZDUoHz6Sj69y7suQ7CQfPBbwv7AdX,8.8,Low,No,Normal behaviour -- no red flags,17,1.5345579175854152,26.087484598952056,0.000119632677053,395875.8332066875
3323,bc1qhnpzgklf2tf7qrc7kz2gs9dxkwdm2hq6qjr9c6,8.8,Low,No,Normal behaviour -- no red flags,16,2.663443031293076,42.61508850068922,9.162324046062187e-05,514969.80494246667
3324,bc1p0glar8haefg2ru7v6xxyt76st7z9t0v9f5cvt2253hkh8kqvl76qvjk4mc,8.7,Low,No,Normal behaviour -- no red flags,17,2.696187264611394,45.8351834983937,0.0001070487432092,469214.31350718753
3325,3BEoDss188rXW22vseDBZafgnThgHRn1YV,8.7,Low,No,Normal behaviour -- no red flags,21,2.6991492430253308,56.68213410353194,7.812821563245198e-05,338034.9248959
3326,16XBaf8F2bPQUFfrf739D8v5E32vPdMYc4,8.7,Low,No,Normal behaviour -- no red flags,20,1.4556289079638964,29.112578159277927,0.0001072488879339,387184.1024243685
3327,bc1q9d9pgy4dhp4lk8d4tj8hcysg3a5ckeulura4w8,8.7,Low,No,Normal behaviour -- no red flags,16,2.842913159743087,45.48661055588939,9.046016497633412e-05,439017.3946331333
3328,bc1qzjchua0s3hdz5dyvsjvdpdfyq4m7fhg03n535x,8.7,Low,No,Normal behaviour -- no red flags,24,2.328141741562469,55.87540179749926,0.0001097918883736,332746.7311136957
3329,bc1pad685tcc8n8v0s3w5sdfmcjcjy8e00qg0fw52z70hmz4ztpwp02sl8enqs,8.7,Low,No,Normal behaviour -- no red flags,22,1.5900375829704054,34.98082682534892,0.000104034952334,321990.51800452376
3330,3CfLeVbJV2YqhFdBFHY61ZwmxjfcEs33gf,8.7,Low,No,Normal behaviour -- no red flags,16,1.604678015664047,25.674848250624752,7.778026372063586e-05,492105.48561513337
3331,bc1qvza3utrpsm4fx27dfg4qzp5aplhqsmlrhsf7p3,8.7,Low,No,Normal behaviour -- no red flags,14,1.697336120309491,23.762705684332875,9.79086329498764e-05,396357.6726904615
3332,bc1q8d8jpfgr9l2e5hxd87mx4sl86wqn053znuldlq,8.7,Low,No,Normal behaviour -- no red flags,16,1.532002030067878,24.51203248108605,0.0001207375091657,453704.0487946
3333,3JQFdqbZgfi9zESrpE85K4RcxSzgmiKQVJ,8.7,Low,No,Normal behaviour -- no red flags,19,1.4556252922169113,27.656880552121315,7.588049257896908e-05,409509.1734907778
3334,bc1qz7yuxczg40kh3d2wv7dw9f4t848wgrpn64fjsx,8.7,Low,No,Normal behaviour -- no red flags,22,1.571647293116316,34.57624044855896,8.267558958489477e-05,341282.6475969524
3335,3NfEDRh3kLF6daCewkPPG4eUxoF1UBffg7,8.7,Low,No,Normal behaviour -- no red flags,16,2.183642378592329,34.93827805747726,7.651934394193897e-05,511750.338742
3336,bc1pg0a9paklfx9xatadsvd8zgx7y36ze5e5ah645amys78k23ln762ssc08g6,8.7,Low,No,Normal behaviour -- no red flags,22,2.604513442304524,57.29929573069953,0.000106257362614,360876.7864647619
3337,bc1qv4mcus67rhzd8p5xfl64nd6tdyvsjj3rl5m7zd,8.7,Low,No,Normal behaviour -- no red flags,24,2.034314839571739,48.82355614972173,8.224608752985421e-05,315067.77716191305
3338,1LG1yPmSN6UFR47BgzQbmWT8Nnp8w6xCGC,8.7,Low,No,Normal behaviour -- no red flags,18,2.211679367516156,39.8102286152908,0.0001335720304357,417779.7533935882
3339,1EFdKFY5nXdQapqDiuH5Uj27ePN9n15AJf,8.7,Low,No,Normal behaviour -- no red flags,23,1.6687950415508408,38.38228595566934,9.29830413982566e-05,319849.7399568181
3340,3Fr3ixqV4wXeL17eXdroE3SuBJULfKpttN,8.7,Low,No,Normal behaviour -- no red flags,14,1.9396663804760224,27.155329326664315,0.0001190589993493,427869.4589694615
3341,bc1qezkur978f3xafw8t9zpr2w0m9xvuq4c28683z0,8.6,Low,No,Normal behaviour -- no red flags,19,2.7793066930264736,52.806827167503,0.0001073380844713,378654.2371387222
3342,17fheLPjC7LruB1YKEvi1xAtCgkJtewsWQ,8.6,Low,No,Normal behaviour -- no red flags,19,1.5314062937274695,29.09671958082192,8.148149677875596e-05,339407.58745672216
3343,bc1puhgyrckfvtksljr3xesw4svgfn8gnmngmv22vn69y9a2v6xmfvds6jz2z6,8.6,Low,No,Normal behaviour -- no red flags,21,1.6742928127069634,35.16014906684623,0.0001145537065006,365137.1561201
3344,1EsMweJvGBNU7DWh5twhNUGQ1pgwefs3Q4,8.6,Low,No,Normal behaviour -- no red flags,15,2.4837402480900748,37.25610372135112,0.0001015096697477,514157.3446104285
3345,bc1qsa4nzv98lrspkmtv2nrcpq0p8chw4d2tw393ts,8.6,Low,No,Normal behaviour -- no red flags,22,1.8377902091516871,40.43138460133712,7.106751376069729e-05,338880.0576505714
3346,1EUM3tViFe6BJ6Y1VUkGXjpzGZ2xjCan8c,8.6,Low,No,Normal behaviour -- no red flags,23,2.65930323579731,61.16397442333813,9.498515289364916e-05,342932.89373068186
3347,3DjJ57m3h1MGsuBX6eMrKdHZXppfjGaAFh,8.6,Low,No,Normal behaviour -- no red flags,20,1.9364361145034448,38.728722290068895,0.0001165763225057,314857.7747041053
3348,bc1q720setrgy7q2j222sad0z0kplt5r0s9wadqqt3,8.6,Low,No,Normal behaviour -- no red flags,22,2.6044424356037355,57.29773358328218,7.805447183080824e-05,345678.8793862857
3349,14KdtNrmxjvXHjK1vsnFxg2SdvT88HNv88,8.6,Low,No,Normal behaviour -- no red flags,22,1.7975674417998624,39.54648371959697,0.0001177850010842,366571.6667501905
3350,bc1qan6a8zzv0h8zkgeg7a5fj7gxlsd7v5gdata4lm,8.6,Low,No,Normal behaviour -- no red flags,24,1.9032435431943733,45.67784503666497,0.0001161616368804,322207.6672446521
3351,bc1qu356dqss78mtx06jx33le5xh5n7hfvl3pcv4nl,8.6,Low,No,Normal behaviour -- no red flags,22,2.571829014827325,56.58023832620115,7.928703588943121e-05,303912.81189528573
3352,bc1pq0x4ew3l4c2smuvs52vdakd77tjqk6htllfpnd9yvec8qr373stsyrfalv,8.6,Low,No,Normal behaviour -- no red flags,17,1.397535501273392,23.758103521647666,0.0001047109260378,421202.455024125
3353,3GQbwY8QFkHh5sURECKYyksJu4TAgEABCC,8.6,Low,No,Normal behaviour -- no red flags,16,1.8725423215536383,29.960677144858217,6.7854296233898e-05,424833.8178653333
3354,bc1qpny98z9ml3ushnh4czu9agca0xuwp7cnm8xhu6,8.6,Low,No,Normal behaviour -- no red flags,14,1.948570898044773,27.279992572626824,7.437871890622993e-05,467089.4411334616
3355,13m27Vxvo1NCUSAgfKjZTxn36BzP5uKBTo,8.6,Low,No,Normal behaviour -- no red flags,16,2.267191040116237,36.27505664185979,6.633300866749557e-05,452496.8378286666
3356,19q4aN9eHKKfNqk3HW4AYvwCpnuJo9832q,8.6,Low,No,Normal behaviour -- no red flags,17,2.809617231969266,47.76349294347752,0.0001109627410132,428041.10982625
3357,bc1qm2x4udgje95pu4pkt9wztm0j395qzh2gc9tu3w,8.6,Low,No,Normal behaviour -- no red flags,16,1.766617408006646,28.26587852810633,7.164835553189767e-05,502479.3146870667
3358,1criTiq2TdBwZpF5JpupFvbs5TVUaMLBJ,8.6,Low,No,Normal behaviour -- no red flags,16,1.9607056019403744,31.371289631046,7.11945113214729e-05,481005.9767235333
3359,39sYHZjiT6ScJXfKYhkAPXneYSwwoSDZ1x,8.6,Low,No,Normal behaviour -- no red flags,18,2.5835826641130244,46.50448795403444,6.977609856431695e-05,444867.8048097059
3360,bc1qumpejtgyuu2h9u5rh3he7naj7ru6756tt4nte4,8.6,Low,No,Normal behaviour -- no red flags,23,2.096305792335113,48.2150332237076,9.988385099626012e-05,274000.87106522726
3361,bc1p8xf5a9sc4ea3wlp25hhrt7kua9aeu4dhrwzqw6h5d6gkjqlqprkszcuewt,8.5,Low,No,Normal behaviour -- no red flags,21,2.0627351103635245,43.31743731763402,0.0001275377948221,364614.6740888501
3362,bc1q8jqnt8q72n7rs5ctrwr25vfutggrn5z7ckx6fg,8.5,Low,No,Normal behaviour -- no red flags,17,2.291307562835855,38.952228568209534,0.000122337271918,473705.39340525
3363,bc1qrx50xjgvwtq0jl85cpt45rcxsqk769cpcthuke,8.5,Low,No,Normal behaviour -- no red flags,22,2.489812794322271,54.77588147508997,0.0001154420524118,361529.8957173809
3364,bc1q9nvwu9aj5y8tyfrkatwmly5rh4utcvtq40z8du,8.5,Low,No,Normal behaviour -- no red flags,24,2.350498100090716,56.41195440217717,0.0001029314669696,324293.45244569564
3365,38ggqKspZ2Zu46zEgZkfh7wy1p4EFEDM75,8.5,Low,No,Normal behaviour -- no red flags,18,2.236064161925503,40.24915491465905,0.000133383052057,433198.07671864703
3366,bc1qfkyvhpp5pdcudtkpamp96xyyas3k4aecvewk8x,8.5,Low,No,Normal behaviour -- no red flags,19,2.2440910804656005,42.63773052884641,0.000129901180109,368643.01203383337
3367,1Mw5qxqiRQu1he85b596dQka35cwPxW4hF,8.5,Low,No,Normal behaviour -- no red flags,16,2.6833863283823,42.9341812541168,0.000105024836785,485409.21785646665
3368,17SMvHuzcYvq9p9J2FuvMZ9dirrEbRHkiP,8.5,Low,No,Normal behaviour -- no red flags,20,1.5976479632639258,31.952959265278515,0.0001118825845058,380563.9814193159
3369,bc1qtdtjnxh9wa6h4lpkms30qrhk9t9u7a4k5vqayg,8.5,Low,No,Normal behaviour -- no red flags,15,1.986764573472085,29.801468602081272,8.491116243396518e-05,531370.1372704286
3370,33mKgfAS8zxohGxNgo5jG74nR1Ck8a5jXv,8.5,Low,No,Normal behaviour -- no red flags,21,1.7159359537091925,36.03465502789304,0.0001207134488941,366934.0680167
3371,1Pd9cAZpiEqGHE6TMrPbDmf9qbjseoG8bB,8.5,Low,No,Normal behaviour -- no red flags,20,2.3405758794713307,46.81151758942661,8.670023939365923e-05,271637.8512947895
3372,bc1qk6v9r2zczm2g8v53ekg8cra740muku8rjxmw2q,8.5,Low,No,Normal behaviour -- no red flags,24,2.14580361951207,51.49928686828968,0.0001023779222185,299598.09172221745
3373,bc1qvhzr6h387rthjkvegmc2utcyvzjf04pz5444ct,8.5,Low,No,Normal behaviour -- no red flags,17,1.4868094731034869,25.27576104275928,8.416008433976493e-05,463127.15235456254
3374,3PqacJRFQKsCUf992QYmVm2bEWwRXQGuTA,8.5,Low,No,Normal behaviour -- no red flags,23,2.417029601079197,55.59168082482153,9.994766646028714e-05,291002.2914362273
3375,1HmLbMB2GbMn845nv8rWCGq2manRm1pxFu,8.5,Low,No,Normal behaviour -- no red flags,23,2.345241027016673,53.94054362138349,9.931311542047671e-05,286032.6124675
3376,16vqFfpZN8fCmHWdeUmdzBtqExD1fmiDP5,8.5,Low,No,Normal behaviour -- no red flags,16,2.523547350125643,40.37675760201029,8.174352687395403e-05,483969.8957246001
3377,13ak1XcPzZB5MDZ75SiEBsBMJJhdUJVCf9,8.5,Low,No,Normal behaviour -- no red flags,16,2.706355639385608,43.301690230169726,0.0001017494018886,455153.9013288
3378,bc1qvlx85c2j6phxmw5wrs0qqu48wlhdxcaryn9nht,8.4,Low,No,Normal behaviour -- no red flags,17,1.5620872375772723,26.55548303881363,0.0001173640990341,463825.1581442501
3379,3F8xdCB3aEBUnKQ2BJ8waz756fcj2vxyu9,8.4,Low,No,Normal behaviour -- no red flags,22,1.4633915110726683,32.1946132435987,9.114517698934978e-05,331384.47882371425
3380,bc1qarxl9c80mknwg97e7gkdz3kd785c65dcx0efaq,8.4,Low,No,Normal behaviour -- no red flags,25,2.212642634391893,55.31606585979733,0.0001069656815764,314656.06211208337
3381,bc1qpxap9fu6kerymdvsgvklzfjxzrewpnug7x8v87,8.4,Low,No,Normal behaviour -- no red flags,22,1.6749280371378823,36.84841681703342,7.85864149226673e-05,353354.05155109527
3382,37DKMSdwbL1LTpsAhXWXKnpmsmtRVMjnAe,8.4,Low,No,Normal behaviour -- no red flags,22,1.5903613673082282,34.98795008078102,8.11041925846217e-05,328223.6875121905
3383,1ZRWjrYmkGR8x6VMrRZjEgnxvTW9MvyPt,8.4,Low,No,Normal behaviour -- no red flags,18,2.436822227059997,43.86280008707994,6.929599455115929e-05,325933.361909647
3384,bc1qh5xp6j8cqf5rr63vupakx64c55wajgtxjmfj87,8.4,Low,No,Normal behaviour -- no red flags,19,2.2191061896712685,42.1630176037541,6.475188432140712e-05,413595.03538616665
3385,1xMFdqg5uwiQUtp5fiJUQtvfk5ZXwv6UK,8.4,Low,No,Normal behaviour -- no red flags,19,1.4601829503436945,27.743476056530195,0.0001137962276498,423933.5554052778
3386,3BQGGdYATrD8ZzrJ86ZZ6eVyJiLz3w3aZL,8.4,Low,No,Normal behaviour -- no red flags,22,1.9637887563083176,43.20335263878299,7.407789774820518e-05,362845.1500859524
3387,bc1qlp32guzde7x7k6706cgadqku5mcne237wn5mg2,8.4,Low,No,Normal behaviour -- no red flags,13,1.875230006422227,24.37799008348895,9.161709477303672e-05,501854.9543381666
3388,bc1p29z26pul4sknkslpfnr8r5mk9gzcxgnrkfa7xu90u4y0vj22z7ks0fwlp0,8.4,Low,No,Normal behaviour -- no red flags,22,1.777441072520669,39.10370359545472,7.877807960873476e-05,309264.31882
3389,1CEhzD8oiMvQhbSHsCLvtxi69NmBmcoZQz,8.4,Low,No,Normal behaviour -- no red flags,20,1.6029583668723084,32.05916733744617,0.000114924390095,400931.905513
3390,32x6ArB14J3mcMUGRHiLa3vg6EMkUxFXJm,8.4,Low,No,Normal behaviour -- no red flags,16,1.5248393542381826,24.39742966781092,8.356132359212263e-05,476727.1887084667
3391,13C3UEzyuJ8rR4VNFwBpXybSojMopPKTyE,8.4,Low,No,Normal behaviour -- no red flags,18,2.710899637948637,48.79619348307546,9.57842210442252e-05,425168.0842789412
3392,1PoDzBi2v4NRmUnY7k9q8HQegLkvsMPzkT,8.4,Low,No,Normal behaviour -- no red flags,15,1.765832187213053,26.48748280819579,7.521522446273066e-05,485398.5661960715
3393,1FLWiCMJARs5A4pLsy2nMES6BRzjNykt2g,8.4,Low,No,Normal behaviour -- no red flags,22,2.6074426912446103,57.36373920738142,0.0001059434320948,329337.1317321428
3394,3A3onFMNduTLmr9YxSCL1HSMS7KJ57jxiT,8.4,Low,No,Normal behaviour -- no red flags,17,2.0669852285074146,35.13874888462605,0.0001246692164354,460997.85349625
3395,1M4MAmAqjjfei1eH29Uvq5NYqjhY1VXLPx,8.4,Low,No,Normal behaviour -- no red flags,20,2.5667918615172267,51.33583723034453,7.523251517370146e-05,398645.22814021056
3396,3NNJK23UF1qbs8vfyX5qsr7n11ibsaGjTD,8.4,Low,No,Normal behaviour -- no red flags,20,2.48860279936322,49.7720559872644,0.0001149286498906,402766.00111152633
3397,bc1pamgsgqmw3p2c8a83wphrypkun0yjmqt6dtt6rs5pq7uervgh73mqhw8e83,8.3,Low,No,Normal behaviour -- no red flags,23,2.3478392410977,54.00030254524709,8.232120386576696e-05,314412.0961545455
3398,bc1q6cq53qynrjf9td9l9kwtafna9rcl7lhatfkhgv,8.3,Low,No,Normal behaviour -- no red flags,20,1.914751479505425,38.2950295901085,0.0001199596369817,315487.3297288947
3399,bc1qhwpeyr66lpvhs5e5a6aa7fp5gllh5qamak3lmk,8.3,Low,No,Normal behaviour -- no red flags,19,2.2496040683005427,42.74247729771031,0.0001319020399456,370343.2558740556
3400,1E4UqJh9TjcPcBynknjRdBRaD4odriaJN4,8.3,Low,No,Normal behaviour -- no red flags,17,1.9323495208436767,32.84994185434251,7.170223812839064e-05,472044.3504053125
3401,bc1pf9l0d5aj87w7qxac66yxy9xs4rm4saht9z2t9dtwnukpusxx0s2q79ltxc,8.3,Low,No,Normal behaviour -- no red flags,17,2.25363096285158,38.311726368476855,9.093551378057837e-05,295095.802155375
3402,bc1q6rtw8tjrljztseq407dug07hu9h7s8w82vta05,8.3,Low,No,Normal behaviour -- no red flags,23,2.5159373601141364,57.86655928262513,9.040911198138838e-05,321816.8570332273
3403,bc1qh2qz3cx7uef5lhs7t4qdhfcke45gkjnq7fur7y,8.3,Low,No,Normal behaviour -- no red flags,21,1.7075385787169992,35.85831015305698,0.0001204389185342,373149.7189773499
3404,19YquF5RyFTVr9zxzixruHQ6opLyw9Tuzg,8.3,Low,No,Normal behaviour -- no red flags,19,2.8945456659121165,54.99636765233021,8.513807549481466e-05,354105.4954566667
3405,bc1q6ypwhx6wgdndr8yf9ltjy6u84xt7tl8aa4xuq9,8.3,Low,No,Normal behaviour -- no red flags,20,2.714242618689976,54.2848523737995,9.994701224095888e-05,389561.129869579
3406,1E33QS6BHL6of73bKyYqmvP7RSygZhdKWA,8.3,Low,No,Normal behaviour -- no red flags,18,2.0789924331475174,37.42186379665531,0.0001293958370838,433077.4765471765
3407,3BtxnoifxUX4HTMyiM3nEUpWE9u7FEjkmW,8.3,Low,No,Normal behaviour -- no red flags,17,1.9682030539378312,33.45945191694313,6.50844222433499e-05,428012.997784125
3408,bc1plsrdkq58u5dx0zu2n8fxy0jg8ueafzj7uklfya3s5y2lpn84k06qqzc69x,8.3,Low,No,Normal behaviour -- no red flags,15,2.147446514464244,32.21169771696366,0.0001133691438691,543048.3898933571
3409,1GUB2oi5qeaqYQRVVkwSpa96VNhGVvgYrq,8.3,Low,No,Normal behaviour -- no red flags,19,1.4555087533298927,27.65466631326796,7.384853640646738e-05,383716.005686
3410,bc1q4pkgkllszeuvanuh2xrtlas5uu77uh9rwk7luu,8.3,Low,No,Normal behaviour -- no red flags,18,2.818383647089253,50.73090564760656,9.05742896789217e-05,369072.536678
3411,bc1q2qj2ysu90zc09dvkgrhffyt0ghuf8700ajuy8f,8.3,Low,No,Normal behaviour -- no red flags,24,2.1036373667442496,50.48729680186199,9.088525454905876e-05,293709.1929358695
3412,bc1qcnp78eekj02p385jxqtdjfk6s8he3cqk0279a3,8.2,Low,No,Normal behaviour -- no red flags,21,1.851622654915784,38.88407575323146,6.972042660901339e-05,336582.40542
3413,bc1pmx488rfludjkphuzz09e5v0a8t3mcls9endjedk22djadrxdyu0quc92z4,8.2,Low,No,Normal behaviour -- no red flags,19,1.4729633254203662,27.98630318298696,0.0001211747361631,385885.5324005
3414,14YeGan854fcBhCQw4NCYvZepr5B1n11MU,8.2,Low,No,Normal behaviour -- no red flags,19,2.5818915164399256,49.05593881235859,6.721188397507508e-05,364693.5782336111
3415,175saHgEMPieSYzcooLhBuiHeuhbo4tewE,8.2,Low,No,Normal behaviour -- no red flags,16,1.4380781348269802,23.009250157231683,8.44993981949061e-05,423120.2408716667
3416,1Frn8kmQjiaxENe4eXD3fYYuNuhV4ZtNge,8.2,Low,No,Normal behaviour -- no red flags,17,1.4323040170739032,24.349168290256355,0.0001022749053319,432789.8663986875
3417,bc1qu90wm0khhvgeqpcq7zg3l0ne6dq8956j37wuqy,8.2,Low,No,Normal behaviour -- no red flags,15,2.4758787424229016,37.138181136343526,8.655148236607714e-05,496964.4458127143
3418,13qjQYogerB8JyWu685PoUXhrjTMLkGRuL,8.2,Low,No,Normal behaviour -- no red flags,14,1.7254488503488756,24.15628390488426,9.618878629932353e-05,482235.8579565386
3419,33NU887pWRZejVwydmccnGL72mtJhF1wBC,8.2,Low,No,Normal behaviour -- no red flags,17,2.417559388498174,41.09850960446896,0.0001250423547495,449783.751006125
3420,bc1qc8vd40gsjhrzdszky6tg2363zcaqad7e3mny2c,8.2,Low,No,Normal behaviour -- no red flags,17,1.4036831308941995,23.8626132252014,9.930374522278556e-05,431785.6343614375
3421,bc1qhglvml3zaux26tg235lupjvn887ertjzj9l77g,8.2,Low,No,Normal behaviour -- no red flags,15,1.92448292774304,28.867243916145604,0.0001074274072748,541650.5054496429
3422,19RvUEpX5HYxXTQmPkxhJc4bysAcevvneq,8.2,Low,No,Normal behaviour -- no red flags,24,2.273983685731268,54.57560845755043,9.847790077012964e-05,321787.72608369566
3423,bc1q80zjlx96wd9pxqq4azfewm82cm6ca3we6d0v5g,8.2,Low,No,Normal behaviour -- no red flags,23,1.8629231191860889,42.84723174128004,8.205578441923294e-05,319390.8890977727
3424,1N5FNsPxxV8dtzn9apzgdDz2ioFkuZA9S5,8.2,Low,No,Normal behaviour -- no red flags,24,1.9414136541405973,46.59392769937435,9.243729449016389e-05,315791.17249556526
3425,bc1qhzcd3g5hmhstsrrrsvgc5sd6hkqklpnnvp768h,8.2,Low,No,Normal behaviour -- no red flags,17,2.392876640825714,40.67890289403714,7.933385396723905e-05,476773.7183010625
3426,3KbPPt56zfQjopaQGzEBvf8uTDqu9Ns7CG,8.2,Low,No,Normal behaviour -- no red flags,19,2.03440791863601,38.65375045408418,6.811910866229218e-05,417537.2757493889
3427,bc1p7dp6ak0fsgedfejnr36sqvwg2auk63h6w9r9h9jk3ej7aeyw36wq9su5ke,8.1,Low,No,Normal behaviour -- no red flags,15,1.6710964580987198,25.0664468714808,0.0001111667404491,507193.8014931428
3428,bc1q3ph4lgvfjp3mm64re8d4s7ylyv5tq0ayhlcmse,8.1,Low,No,Normal behaviour -- no red flags,20,1.983429345203941,39.66858690407883,7.073532670608357e-05,358773.360831
3429,3Mr1DrrjxWSxw3bYaq97CDND3PZxUm9EvP,8.1,Low,No,Normal behaviour -- no red flags,15,2.177371494911135,32.66057242366703,0.0001050948840899,545281.3588358571
3430,bc1qrn8enxqd9dwvayhq30ek0c9da958g3cjjk0kn0,8.1,Low,No,Normal behaviour -- no red flags,19,1.568271815033077,29.797164485628464,7.850539057397458e-05,342123.37710922223
3431,bc1qqjpqp83dc2tkygyynster7reccsv3vreqgztmv,8.1,Low,No,Normal behaviour -- no red flags,23,1.7127409642587812,39.39304217795197,8.351210236069873e-05,341783.24931572727
3432,14KPS5yDDV55WbQFih9fqCAG1ym36Pb1hv,8.1,Low,No,Normal behaviour -- no red flags,20,2.7094677571795,54.18935514359,9.25746069470262e-05,402221.132315
3433,38fEWZ6UjR1x8reknRvCZceFR6p9GhSWyN,8.1,Low,No,Normal behaviour -- no red flags,19,2.719253640464015,51.66581916881629,9.668589161284004e-05,304554.5172512778
3434,bc1qq8rvxv9gl05cmnjsnfslh3tkm88paw43qjktcm,8.1,Low,No,Normal behaviour -- no red flags,23,2.4727217453321515,56.872600142639484,0.0001032320933882,314274.14672290906
3435,bc1qvcvuve0mg588raxnyj4qss2hza4lw4ens2yzz9,8.1,Low,No,Normal behaviour -- no red flags,23,2.4615066705870747,56.61465342350272,8.32606069072241e-05,336297.5055691818
3436,1FYFY8wqaRmwwnDuDGu9t44qunLdaJMHiG,8.1,Low,No,Normal behaviour -- no red flags,18,2.1691564306874103,39.04481575237338,0.0001270668278329,429096.3299307647
3437,bc1qxcfeu895yt0cudajfzyxtwclgh0vsyalve7dl6,8.1,Low,No,Normal behaviour -- no red flags,22,2.0303048058071016,44.66670572775623,7.47137956953436e-05,358965.9677381428
3438,1EMnx9BaQHFxzY3Eb6JqVag1ukytc9vFvG,8.1,Low,No,Normal behaviour -- no red flags,22,1.6075511369288158,35.36612501243395,7.980350857942298e-05,349029.34315890475
3439,3BoPu8ynA1dFvtN5DtmTaqME3TLEVUpqZa,8.1,Low,No,Normal behaviour -- no red flags,19,1.3886882165884715,26.38507611518096,0.000102628417247,415320.5779841111
3440,1B2xsY362a68NbBpcCJVt5PyYrCavThAmp,8.1,Low,No,Normal behaviour -- no red flags,17,1.4046073094793683,23.878324261149263,9.10944389093132e-05,442817.20943256246
3441,bc1qpgmlw5p8xnjufqt5s4qtxgk6vmn60y67hzz6yg,8.1,Low,No,Normal behaviour -- no red flags,17,2.2996487959514824,39.0940295311752,0.0001255647481447,441130.10064
3442,1GX4kXzNZjbnPvC9HV6SogZh9eaW8oKryD,8.1,Low,No,Normal behaviour -- no red flags,22,2.618434243674631,57.605553360841874,9.722111743865376e-05,305712.1796220952
3443,bc1p36yrg5ye2lsmy2ypdwhsq09k6rr85tm7u2qsuez7vz5x2qf34f4s6a6wrc,8.0,Low,No,Normal behaviour -- no red flags,21,1.7116483912134364,35.944616215482164,8.879876804360614e-05,299811.62786185
3444,38rXTSK9yrYbh467TH14TswcfBWYLdtCi9,8.0,Low,No,Normal behaviour -- no red flags,17,1.5943778272739055,27.104423063656395,0.0001173899894376,453911.6984085
3445,bc1q3swj4lfhh4h6w5sfx29ljfqq6c9e2jysed8hpr,8.0,Low,No,Normal behaviour -- no red flags,15,2.110873901270721,31.663108519060817,7.388426157749207e-05,463151.5382418571
3446,bc1qyly9lychsy2e2zz77hynme4geu83va2xj0yjvm,8.0,Low,No,Normal behaviour -- no red flags,15,1.9101814997295417,28.652722495943124,0.0001115376152158,537355.6774495716
3447,3HyEdbTdmq9WRH49v3W8retVCcYKWNG9xR,8.0,Low,No,Normal behaviour -- no red flags,20,1.773115857671333,35.46231715342666,0.0001159182855463,368042.3191499474
3448,1F8jnwWyiwyGNNS5PLgwaxPRHzdUmeTEcV,8.0,Low,No,Normal behaviour -- no red flags,16,2.643784418268757,42.30055069230012,9.013931082402326e-05,496650.8615707333
3449,3AuXfAdtfD49xmg2TkpBN6AR4bkdQP2rGU,8.0,Low,No,Normal behaviour -- no red flags,23,1.6887817995149768,38.84198138884447,8.611328952046414e-05,341064.82197668176
3450,bc1qwpnhjajcvnkfdzu0a8e4qk9f6659682d6gc2hv,8.0,Low,No,Normal behaviour -- no red flags,21,2.7149695961693405,57.01436151955615,8.832949287266397e-05,363303.96220635006
3451,bc1qwuxzdsnhge5sq0h7m0xer50y0e03lqyzxlhayk,8.0,Low,No,Normal behaviour -- no red flags,17,1.7432026901067947,29.63444573181551,6.724984252473258e-05,401032.969217125
3452,bc1p45r7r0nuahzper9656ytddv6ucprjhr8y6rmmjglq0mv0muqq27s45gzjy,8.0,Low,No,Normal behaviour -- no red flags,16,1.7078075787953912,27.32492126072626,0.0001230048990458,442989.7879938667
3453,3Nw9a8rPLikC7wzo5itsum61SyAeHPE3Fe,8.0,Low,No,Normal behaviour -- no red flags,24,2.3113720969220304,55.472930326128726,8.724978137487373e-05,328045.17066308693
3454,bc1ql95z9t73qvc2y6c6tm6cf5unt7mrdxry8h6rde,8.0,Low,No,Normal behaviour -- no red flags,20,2.7219584724277643,54.43916944855529,7.918410802468317e-05,365763.5077778948
3455,18kyBRDUVSifteTLkGnL4zVHm4ZNGZSSwk,8.0,Low,No,Normal behaviour -- no red flags,16,1.6245210397715568,25.99233663634491,0.0001090864124171,372503.1992798
3456,16VpEuRfmsw1fxqc2mprQYzQuwdktDA5sr,8.0,Low,No,Normal behaviour -- no red flags,24,1.894046522800138,45.45711654720331,8.962795161838023e-05,307929.7348336087
3457,bc1qaxxxjnj959pca9pw5x6hk3qw3uzjc37x2yarfg,8.0,Low,No,Normal behaviour -- no red flags,21,1.7192232406694938,36.10368805405937,7.872562368308925e-05,310486.13553685
3458,bc1qgwrcuu2uc94lhtexn7v89ek49nxl7kuzkuyw7p,8.0,Low,No,Normal behaviour -- no red flags,15,2.2752557585341253,34.12883637801188,0.0001228845030229,465521.6087764286
3459,bc1q9pzxa524f0rf473trw4rw6akeshwpzfvjgce0d,8.0,Low,No,Normal behaviour -- no red flags,19,2.830660154631813,53.78254293800445,0.0001070535556067,359222.0736740555
3460,bc1q6l4xy6ptr3vvyk2r7pegwxfx4cjlmnnx0gl85l,8.0,Low,No,Normal behaviour -- no red flags,22,1.5276771206285866,33.60889665382891,9.850804622718264e-05,367272.2100222381
3461,bc1qnlgd7g3rj32g50zyc9xkfjjzk67cr8lnd8cltu,7.9,Low,No,Normal behaviour -- no red flags,14,2.363803777385569,33.093252883397966,0.0001062266056763,412882.7807443077
3462,bc1qncwpuqhh3skwf76sm9tp5mfw5hkp4mduwr8npm,7.9,Low,No,Normal behaviour -- no red flags,14,2.0255243108087964,28.35734035132315,8.819806246598068e-05,512658.1106956922
3463,bc1q8nfqtxjkumns75pfezrxszj4r4wylrnwdft95c,7.9,Low,No,Normal behaviour -- no red flags,20,1.735485786965015,34.70971573930031,0.0001197732336596,384040.38728536834
3464,bc1p80rp3jyl2fnlmymtfqunzz8cjarsv33z4em54scasaprwvjef0usj9mx2j,7.9,Low,No,Normal behaviour -- no red flags,19,2.2444465589027573,42.6444846191524,6.357422072497482e-05,387903.2274761666
3465,bc1qpwc8g3ffut2v2yrn8mpd2vmqljp6vwfeenfy2u,7.9,Low,No,Normal behaviour -- no red flags,21,1.955279824318096,41.06087631068002,0.000126814463915,344902.16891710006
3466,1JjKQFhMrjkooAokT3j2JbQw46csjvqtRn,7.9,Low,No,Normal behaviour -- no red flags,19,2.683617259396262,50.98872792852898,0.0001097301622709,404737.6262991111
3467,1qiJDduiAonvZpGuptKy6rewWQS6t7SBY,7.9,Low,No,Normal behaviour -- no red flags,22,2.065516142766797,45.44135514086954,0.0001249508747515,347858.0329631905
3468,18w99CWjMWYreFCXN1weNAKP25D4naR1TA,7.9,Low,No,Normal behaviour -- no red flags,20,1.730620967802952,34.61241935605904,7.051308726064192e-05,342282.33792889473
3469,3Etqs7YtfbNmJTuh8FbgWpEbUUvJQBMLCQ,7.9,Low,No,Normal behaviour -- no red flags,16,2.757530713782422,44.12049142051875,9.031555131375704e-05,440178.1799768667
3470,1HCFZWdkrdNKNzGohGhjzn1mmt7GPgZ3pY,7.9,Low,No,Normal behaviour -- no red flags,24,1.7936906390862486,43.048575338069966,9.661954138123348e-05,326345.73664804344
3471,bc1p33l52ejpfzq9mmaez57w0s6ju2nerzddefqp4pw6yhkmtnxdpatqs5c05g,7.9,Low,No,Normal behaviour -- no red flags,21,1.8212275835640976,38.245779254846056,0.0001232616917107,362943.119916
3472,17PCxGKoQSNNhE6KtMXEGMDqDtK7vdvWjW,7.9,Low,No,Normal behaviour -- no red flags,16,2.414350060613779,38.62960096982047,7.620424309946157e-05,466648.36287786666
3473,bc1q3mq93aa8awu6gnj3zsfa3s28nrqfl3lwd77pff,7.9,Low,No,Normal behaviour -- no red flags,15,2.0427974476761466,30.6419617151422,0.0001247817141899,458399.5466249286
3474,3NrfLwSK1DzrDFmaeaGyNaFwN4vxePBXSq,7.9,Low,No,Normal behaviour -- no red flags,17,2.1477480349886537,36.51171659480711,7.429025267667418e-05,467453.1004384376
3475,bc1pn53x6fefp8xx7wk90fz384tx0kn6e3lh2gvgwnhjzw09fmsws8fswrq90v,7.9,Low,No,Normal behaviour -- no red flags,22,2.222417666175041,48.8931886558509,0.0001246282845325,311189.988598619
3476,bc1q2y7sfa3wcs84nss9a6n9d3ztegnxgjq8ault3w,7.9,Low,No,Normal behaviour -- no red flags,22,2.055000177622796,45.21000390770152,7.735402095602385e-05,362299.83372623805
3477,bc1qc4c4j66e39mrpce48fsdqsqcqkasxqkphek45l,7.9,Low,No,Normal behaviour -- no red flags,16,1.599150204618105,25.58640327388968,0.0001032547300592,508818.2696378667
3478,bc1q3sttaucwmpwnpk2tnypzscycerj9jnkud9z8dv,7.9,Low,No,Normal behaviour -- no red flags,16,2.467050538194784,39.47280861111653,8.297554002830258e-05,497195.24739693344
3479,bc1qdp3ysah00vajsl8q8st0rps000su6j3wvp6qmp,7.9,Low,No,Normal behaviour -- no red flags,23,1.713672340552704,39.414463832712194,9.485112914451032e-05,322002.55905095465
3480,367Aqp1YfwZ5QbH17A7ohHpwJpzoxz3cFB,7.9,Low,No,Normal behaviour -- no red flags,22,1.7624489153127791,38.77387613688114,8.099586360733086e-05,307288.470166381
3481,bc1qa406q7y7u8fdk95j3ywx6ejy3lq8jd3zkur899,7.9,Low,No,Normal behaviour -- no red flags,23,1.6567165831838446,38.10448141322843,9.029453351733888e-05,321059.3045414546
3482,173XbS5WrESJd78dAwJ14iqt5acUH1j4fD,7.8,Low,No,Normal behaviour -- no red flags,23,2.011029213403627,46.25367190828342,8.542671520383326e-05,298108.7610174091
3483,19Mx3HwHaJC6yeBDhKk65rm1YCCsNqXKq4,7.8,Low,No,Normal behaviour -- no red flags,20,2.1463438149736014,42.92687629947203,0.0001253815255428,382410.94080284215
3484,1B3PYDXeGd281SBP68hp5e7gTvdsfQ1hA4,7.8,Low,No,Normal behaviour -- no red flags,15,2.352688339772966,35.290325096594486,0.0001089877364452,504645.1850411428
3485,3NRU4hBLvaQC4FBR3K59Rpp49HxLKDPkCL,7.8,Low,No,Normal behaviour -- no red flags,23,2.1436604063263087,49.3041893455051,7.43624005066824e-05,336897.9052226818
3486,38m8Rsh6xQdjiMrP8zTaaqfPJ26Dzg7JJN,7.8,Low,No,Normal behaviour -- no red flags,14,1.820503177788196,25.487044489034737,0.0001055517846566,495908.3938338461
3487,12XZzJirhMfSU81t62qMDFzfXWgCrDudaE,7.8,Low,No,Normal behaviour -- no red flags,15,2.0821698426588435,31.23254763988265,0.0001113625765675,533728.662979
3488,bc1qlcjkkttq9dkx8zd8d0fv4xxcgsfp65pl9nwl2d,7.8,Low,No,Normal behaviour -- no red flags,19,1.8273998023039992,34.72059624377599,8.020313678480317e-05,301324.4494691667
3489,bc1prm986rshm9wqldgan9qp0h7jyxncwjw0zpa2h9a0stu7ehfp4ypsur0vqr,7.8,Low,No,Normal behaviour -- no red flags,17,2.742214366124923,46.61764422412369,0.0001065662827518,439699.651328
3490,bc1plenu3yve08juk4y4kfspr4rfa76g8sjh9t6phmnsx5zw3766m3gsprark9,7.8,Low,No,Normal behaviour -- no red flags,16,2.6792453727792105,42.86792596446737,9.590818692165978e-05,476582.3221116668
3491,16BbmuEFgdzmZU4StrxPCRBrr9qVMUQUeW,7.8,Low,No,Normal behaviour -- no red flags,22,2.578917257072412,56.73617965559306,0.0001103340571913,310538.7004444762
3492,3KiHA7xTcaEHEtcxK1kurahYKnKjxDJkeR,7.8,Low,No,Normal behaviour -- no red flags,25,2.114573375872977,52.86433439682442,8.749810646756409e-05,304355.38043854164
3493,3DkARd8zU5c48npezVCJ3NDcwihLjFW8m4,7.8,Low,No,Normal behaviour -- no red flags,16,1.5680550045906827,25.088880073450923,0.0001150920496686,438384.37987026665
3494,bc1q38nys9wx0mepffpnpnz0s8nrtu4k3sxqnnzkkr,7.8,Low,No,Normal behaviour -- no red flags,22,1.5504006207194323,34.10881365582751,9.77814447658495e-05,368809.0970200476
3495,bc1q0pnec4sp3dv0rngzw2gr3lr2pzc5xnls8vaw3e,7.8,Low,No,Normal behaviour -- no red flags,20,2.12661105877977,42.5322211755954,6.659051316128184e-05,381106.8148583684
3496,1DaVYmw7JGS774UUsSc4LHS7HT6JqP9qHe,7.8,Low,No,Normal behaviour -- no red flags,16,1.5971350061776373,25.5541600988422,0.0001091814469637,461448.0380726
3497,bc1qqrf60npw9d70y7w9axlmh3l8u0g45ljyhc6pyt,7.8,Low,No,Normal behaviour -- no red flags,15,1.8095589369342464,27.14338405401369,7.543651626098466e-05,495265.7477342143
3498,bc1q9x4t9ufeltacjycjl0l4km2psgwh5wmyen2zwt,7.8,Low,No,Normal behaviour -- no red flags,19,2.577172002556852,48.96626804858019,0.0001214084664621,397848.6978559444
3499,bc1qnzgys7fm037mq2uedqrndd3xeuh2ey57mkrjty,7.7,Low,No,Normal behaviour -- no red flags,23,1.9333060554253776,44.46603927478369,0.000110638459412,313659.79606768186
3500,bc1pmefwr7v9lcrakdzphzgl6meuysgq5emvq7m7vxpar5uweajpsxcq069tfa,7.7,Low,No,Normal behaviour -- no red flags,18,1.6976666512132188,30.557999721837938,0.0001247335035557,419877.927536
3501,bc1qyeyqahaty435kjj32wgum46sgh47ndu46lgmqe,7.7,Low,No,Normal behaviour -- no red flags,19,1.90287150007828,36.15455850148732,0.0001272802612859,401822.4125207777
3502,bc1pduaj4x2d558dqjat7aypkg0wugmdxul8rcezu84ymfm8qy7mkc6szfr4fg,7.7,Low,No,Normal behaviour -- no red flags,16,2.4997305679426565,39.9956890870825,0.0001138019376495,483541.8632153334
3503,bc1qcx38zesukza6q6ys0ctgv4225tnfy7pvu0zhdp,7.7,Low,No,Normal behaviour -- no red flags,14,2.0166147064100324,28.23260588974045,8.458005211404811e-05,495165.45960215386
3504,1NvhdxTtRDbvJkZwt2HhKAgVU33unfjdbY,7.7,Low,No,Normal behaviour -- no red flags,16,2.61627415136765,41.86038642188241,9.787044594689136e-05,514930.3592130001
3505,1NkztRn4DrrdzdNAik1Gy1w4DvSFB9tJM2,7.7,Low,No,Normal behaviour -- no red flags,24,1.8398452888230985,44.156286931754366,0.0001072677060592,323480.5951833044
3506,bc1qudgjq2je49tpnz9l08qp4vxn3g8h36082js7tg,7.7,Low,No,Normal behaviour -- no red flags,15,1.7649464111172777,26.47419616675916,9.917760371139585e-05,533057.8367397857
3507,3CBL27zzFUPo9KtcqKqJqCu5TSdGsx1XHk,7.7,Low,No,Normal behaviour -- no red flags,19,1.556583554477548,29.57508753507341,7.204627443422393e-05,376101.7409066667
3508,bc1q33a4n67qf3laxhk9ezks4vzlwptm360avpnr6a,7.7,Low,No,Normal behaviour -- no red flags,21,2.417551490028354,50.76858129059544,0.0001186680913442,386072.71237595007
3509,bc1qc8ag85jy5wvyuakta9csrxvs32pg3z304x5gqq,7.7,Low,No,Normal behaviour -- no red flags,18,2.177948214386136,39.20306785895043,7.274469453242482e-05,449472.185941
3510,bc1qyxyllmezsf7da9ja2934kdexu9vwqlaze24jkp,7.7,Low,No,Normal behaviour -- no red flags,16,1.5269999299476995,24.4319988791632,8.08168552767741e-05,441092.8818886
3511,bc1qv7f9j9ttru0k84r2399fttxm077x5kyr07xgnu,7.7,Low,No,Normal behaviour -- no red flags,21,2.646056538492864,55.56718730835014,0.0001067408725498,376080.4587684
3512,17cQA7ic6PthrFyehsaDcrhJM15bABn51K,7.7,Low,No,Normal behaviour -- no red flags,19,1.601028937708383,30.41954981645928,6.977137681927411e-05,393194.0665219445
3513,bc1q4u6qp8s3utgg56ydg04w7t4cflncy84epef2qn,7.7,Low,No,Normal behaviour -- no red flags,21,1.7389866174866195,36.51871896721901,0.0001161420416655,367230.06889345
3514,1NGR2W8d3r2DqDGgFXXJ5tRuaQGkCc7ini,7.7,Low,No,Normal behaviour -- no red flags,14,1.8374140274908672,25.72379638487214,0.0001042964817276,509214.1307504615
3515,378C5AZHMiACcNFsYMExJtGuSxy3aFjQLR,7.7,Low,No,Normal behaviour -- no red flags,22,1.7001216337650682,37.4026759428315,0.0001105888812668,355645.6002061429
3516,bc1q96gxvnxgdrferq4amnhhwmyzxamqs9fs0ngr9g,7.7,Low,No,Normal behaviour -- no red flags,22,2.1545628801785406,47.40038336392789,0.0001239773308123,307691.8730718096
3517,bc1qfytgy964r9ra4u5ew0cvcvfw6wjgm0mhlxtzs4,7.7,Low,No,Normal behaviour -- no red flags,23,2.2660630181553705,52.11944941757352,8.362252426312634e-05,300354.64242949995
3518,18MdyET68cVUf2ri8K4nSgCjT9DuKD1Tr,7.7,Low,No,Normal behaviour -- no red flags,19,2.769478802085309,52.62009723962088,9.113985758939066e-05,387427.6689735
3519,3QzGhFuCWhjPdhs2dqtEWaA4fhYdX7244t,7.7,Low,No,Normal behaviour -- no red flags,22,1.616715209291314,35.567734604408905,8.617816722135275e-05,365948.455252
3520,bc1qdh855aalw2ergc7w56ywhw27hwdukyp83jyc7j,7.7,Low,No,Normal behaviour -- no red flags,22,2.453816971027816,53.983973362611934,7.11898620463191e-05,352725.44055566663
3521,bc1qak5s5d7c2n05w20lasxe7sn5xt2rm2vurqymga,7.7,Low,No,Normal behaviour -- no red flags,23,1.6442767365534516,37.81836494072939,9.632483039127956e-05,349486.7392264091
3522,3HfzKeF3EHZ7FGo7j9XsraAN69QeEiyHGm,7.6,Low,No,Normal behaviour -- no red flags,21,1.91011417425266,40.11239765930586,6.884663290599906e-05,336845.0201138501
3523,bc1qnw8t96lv0e58gscrx7ekr8ppv5xkvle5zzhcxp,7.6,Low,No,Normal behaviour -- no red flags,15,2.384415713294074,35.76623569941112,0.0001105665083167,500089.1237943571
3524,bc1qrrt85l60u8vlgjfs39rsq3ujquzdetgp2wh7rg,7.6,Low,No,Normal behaviour -- no red flags,23,1.7603195870230863,40.48735050153098,0.0001068778874762,342647.0704532727
3525,bc1qr8gxwg9agrvc6rj2aedgvnhj08fdv22fsjdmxw,7.6,Low,No,Normal behaviour -- no red flags,18,2.7450388463263296,49.410699233873935,9.942513777481478e-05,397422.6439701176
3526,1HQsfcDPP1nnJqWstTzxqiQboFAWNFH4V6,7.6,Low,No,Normal behaviour -- no red flags,24,2.1858354269830262,52.46005024759263,0.0001137439090757,333361.17300773907
3527,bc1qcheqkry066s3jq5mt3ka2ucvnjlchelttdu3rf,7.6,Low,No,Normal behaviour -- no red flags,21,2.589419947600008,54.37781889960015,7.633516184062457e-05,336957.27427545
3528,bc1qh9cv96u6rz5rxhxqs3fsef0ckx7tc30gzka573,7.6,Low,No,Normal behaviour -- no red flags,17,1.98595905527736,33.76130393971511,6.822305460848042e-05,444578.01692581247
3529,bc1qg35dqnc75s4ujg3rnp3mfs8jumkxn83rxga29q,7.6,Low,No,Normal behaviour -- no red flags,24,2.0129536321253263,48.31088717100784,0.0001000503965531,304340.3946058696
3530,bc1p7h7utacftp2hvw0hfj8zy7z76r0p3wxqgqk25xn5mp0ryemwp92sfu0ruc,7.6,Low,No,Normal behaviour -- no red flags,23,1.8945000786355608,43.57350180861789,8.405751317923835e-05,313970.1329133182
3531,3NMFTd85bK2rN6GD3WKJiNLaubFi1e4iNS,7.6,Low,No,Normal behaviour -- no red flags,16,1.5012535072817934,24.02005611650869,8.326925953498876e-05,425248.00412033335
3532,bc1qhjcw0jl6uqgfnrhxks3rz9lvepmncuk55ams9y,7.6,Low,No,Normal behaviour -- no red flags,15,1.5633312291241024,23.449968436861536,9.704801586467768e-05,435349.686874
3533,1D7jz49Hjo9WT5GBAvhhYJgvnGpGe8tFTH,7.6,Low,No,Normal behaviour -- no red flags,19,2.6703955825604213,50.737516068648006,9.522289830565784e-05,421164.4917683889
3534,1yHoMaggKVcZa55HhEfNMKhau4Ay4iAxv,7.6,Low,No,Normal behaviour -- no red flags,16,1.6053444635886664,25.685511417418663,0.000104700417327,471031.9209036
3535,bc1q0h854svp394ckphwa0a7nmxhe8p5caacrxv8q6,7.6,Low,No,Normal behaviour -- no red flags,23,2.4132826451421536,55.50550083826953,0.0001195915179807,335003.361772
3536,19qZ5VX2wfmLC6uuteKDPoQGj5mpBcXWSv,7.6,Low,No,Normal behaviour -- no red flags,16,1.903582222152888,30.457315554446204,7.257530323546074e-05,441096.1529095333
3537,bc1qeycxm3e3emaar6hk32q987zhlsdd0hnul5ks2w,7.6,Low,No,Normal behaviour -- no red flags,14,1.9255034892975085,26.95704885016512,9.817508863331174e-05,521384.9966843846
3538,bc1qklrmuwtf8uy243gp039vpl66nkm49tx2wfk8t0,7.6,Low,No,Normal behaviour -- no red flags,19,2.42744418754846,46.121439563420736,6.694678691109703e-05,402524.7909416668
3539,bc1q9rnvhjvsl7pqqrpd2wdw9382j7msnvkvtdg8m5,7.6,Low,No,Normal behaviour -- no red flags,18,1.9786425750494343,35.61556635088982,0.000124792405631,376092.4883296471
3540,bc1p2h0tzhqd99f7jnhrlqlu4mm3ek5yaqg7eevsq82g66rk2z6q008sc8wwf2,7.6,Low,No,Normal behaviour -- no red flags,22,2.568458485923433,56.50608669031553,7.923672531808677e-05,323850.9098337143
3541,3Gb421BY6vhN9Tbx9RiyBMNEwjbPLyUfcy,7.6,Low,No,Normal behaviour -- no red flags,22,1.650206463233905,36.30454219114591,0.000107491814199,339883.71249771427
3542,3PLZp7dzDLmECxFGRQHhgYBSa3kPHC9yFC,7.6,Low,No,Normal behaviour -- no red flags,15,1.897104032630832,28.45656048946248,0.0001231521227651,464831.53996492847
3543,3MP5fPT4gtG5fr318jZ6jCfxpSNZoXjxE6,7.6,Low,No,Normal behaviour -- no red flags,21,1.4919660053708994,31.331286112788888,9.42301635447974e-05,352901.4521504
3544,bc1qjx8zx8wxnr2xndvdyx46479mmsgry7curpq0qa,7.5,Low,No,Normal behaviour -- no red flags,17,1.6331070250925654,27.76281942657361,0.0001180426580758,449305.497951
3545,bc1qf43mmyxtc33tmydlczu3z5e7vmhw8r7645zkqh,7.5,Low,No,Normal behaviour -- no red flags,16,1.8751217198344807,30.00194751735169,8.172852331304227e-05,352807.3164546
3546,1PgfbNj1wGHEYynjUTfYvydKXjNP3PJi1m,7.5,Low,No,Normal behaviour -- no red flags,14,1.951021669537188,27.314303373520627,8.03075966590121e-05,457990.81619807694
3547,bc1qtq2a9ue74rzjkcn97sk8fd2fre9pgaqyyws0w3,7.5,Low,No,Normal behaviour -- no red flags,15,1.7519358877077853,26.27903831561678,8.250971815315228e-05,476333.5440116428
3548,bc1q9g4s7a46dg0yny9ersrnwzl453tmqtdxa3a42y,7.5,Low,No,Normal behaviour -- no red flags,23,1.905833617312088,43.83417319817803,0.0001166194498927,338834.1527571364
3549,bc1qyz87y2ws2gtgnknj0nmdlkyz7p48fx4mj8ejnv,7.5,Low,No,Normal behaviour -- no red flags,14,2.0612768275777067,28.857875586087896,9.636165059910976e-05,515923.4463680768
3550,1CEiPQ21d1GyAGDcwTCjN1eMQRNsUibxZN,7.5,Low,No,Normal behaviour -- no red flags,23,1.7975392890255546,41.34340364758776,8.271245091262499e-05,352856.1944203182
3551,1NS8Aj35Mz1ySEs9w7bwi1ASsVDyNN4zFv,7.5,Low,No,Normal behaviour -- no red flags,20,1.7749272656681174,35.49854531336235,7.253667194181276e-05,388191.7269287368
3552,1GQ6LuyJ6uMDv1MamqxGrJFhHyLsEjRsV7,7.5,Low,No,Normal behaviour -- no red flags,18,1.7432536802107876,31.37856624379418,7.021152556081036e-05,440482.93825629406
3553,bc1qp3drtyd04scx8ren8xfx2dg4j26g52d2ncwp28,7.5,Low,No,Normal behaviour -- no red flags,19,1.5205081106672953,28.88965410267861,7.541188638825511e-05,400512.818762
3554,3HGZo3yVo9nV62C9ciVc6qw6jwpq8Bo2bF,7.5,Low,No,Normal behaviour -- no red flags,17,2.550588696481228,43.36000784018088,7.48095057843967e-05,454910.767464375
3555,13QKtiHvY9YhtczbGjdNDgrSMGu6tdN7dP,7.5,Low,No,Normal behaviour -- no red flags,17,2.7804035221198555,47.26685987603754,9.696386421630498e-05,392377.7489830625
3556,bc1qrz36xpr0mmtl6jzp2yln5xrzx8l84u0u6j86c3,7.5,Low,No,Normal behaviour -- no red flags,18,2.7655730220301185,49.78031439654213,9.645925789297788e-05,375344.382607
3557,13dfukMWsr3MVTzUEhchJ6oWvFXj7d8Qph,7.5,Low,No,Normal behaviour -- no red flags,15,1.6682233449723358,25.02335017458504,9.813070523568178e-05,500006.6600486429
3558,157wuNQPwme9aUsYtSUa5BWuScs9FVwRUu,7.4,Low,No,Normal behaviour -- no red flags,19,1.535202533770786,29.168848141644933,0.0001128446864889,418679.1859027222
3559,bc1qs35ttu4qfa4k2akw44t6vm6we726atuayzcugq,7.4,Low,No,Normal behaviour -- no red flags,17,2.375711069054301,40.38708817392312,0.0001234002175515,460021.1109849375
3560,bc1q7053m87znryltndra756a82uqf0a4jnxkctfmg,7.4,Low,No,Normal behaviour -- no red flags,19,1.4491649138433125,27.53413336302293,8.062390693809639e-05,401180.236807
3561,1GrSLvr1cqwx8Q5Y6avYEQgmtjheRKdaqt,7.4,Low,No,Normal behaviour -- no red flags,17,1.9716926646688908,33.51877529937114,0.0001288967323623,426658.3850171875
3562,1MKzTxFNWMyXEQm5Mw7yPNZPkqogx5QmTU,7.4,Low,No,Normal behaviour -- no red flags,14,1.7598409901254068,24.637773861755697,9.66006735303825e-05,439819.2103701538
3563,bc1qv7hl5rd0ttswd82funa4aqjhz2gytvt6x3n5cw,7.4,Low,No,Normal behaviour -- no red flags,20,2.47343251701128,49.4686503402256,6.869347530683312e-05,377867.1856669474
3564,bc1qp3ffr89cyzpprf4w52nq08emke7mhe4c6nvyty,7.4,Low,No,Normal behaviour -- no red flags,24,2.228752903587004,53.49006968608809,9.886613533933936e-05,309573.42913313047
3565,32CUvdd1E2gWjUcrUwvGoepBo9Z1AC4EXR,7.4,Low,No,Normal behaviour -- no red flags,24,2.012881830480478,48.30916393153147,8.682646101819116e-05,303723.24667334784
3566,bc1q997y0r7tw8gjlkxu9lsk5y8nls2jqcywjck6tn,7.4,Low,No,Normal behaviour -- no red flags,20,2.6372338245817555,52.74467649163511,7.828498656444071e-05,383182.5179393685
3567,38vdqEHFWYojxbEtr35QBWMVBKcuudE5C6,7.4,Low,No,Normal behaviour -- no red flags,17,1.9900790036853475,33.83134306265091,0.000126116728922,449474.8898663125
3568,39CHuuSHjj42rpSrG7vV6wCsNxiBaWTy1b,7.4,Low,No,Normal behaviour -- no red flags,22,2.0407236952336585,44.89592129514049,0.0001172763116317,311994.9557794286
3569,135KNhXurbQGvjfrsv5ZYN9VF1Ei5ZsVhi,7.4,Low,No,Normal behaviour -- no red flags,25,2.0363679905424688,50.90919976356172,8.890059819066586e-05,315685.6796104167
3570,36XbWxU1Vqtz58xkp8fw5eb7q2QR19nfbm,7.4,Low,No,Normal behaviour -- no red flags,21,1.8148977097236352,38.11285190419634,0.0001230210290419,354322.1472334
3571,17XLmJhoSTTVDSZHVBPJiyMDfB9eSsXbYu,7.4,Low,No,Normal behaviour -- no red flags,24,2.1241304647069503,50.97913115296681,0.000120289248123,330341.6340414783
3572,3CvEVbarPg2PL32Au2DL7cT9ST2vupjtzv,7.4,Low,No,Normal behaviour -- no red flags,16,2.0624268931549627,32.998830290479404,7.541665854718496e-05,499365.43008533336
3573,1KoPoGwvTVe4BYJH89m1UQXXPnJ8z7AafF,7.4,Low,No,Normal behaviour -- no red flags,17,2.485255716905112,42.2493471873869,0.0001162107501828,347401.06505275
3574,15gpf4mfHDRhwqb1aHVAMVipntkCf87MtN,7.4,Low,No,Normal behaviour -- no red flags,21,2.315274047475242,48.62075499698008,0.000108166010748,292100.13539075
3575,15rSobA9Hf1McpHx22p9FFL7ABnWGuTaqQ,7.4,Low,No,Normal behaviour -- no red flags,21,2.5709868363041664,53.99072356238749,7.606486512651285e-05,356702.7375429
3576,186SkzYuY7UpsV3SbKAcMysaAngKxtwbPt,7.4,Low,No,Normal behaviour -- no red flags,21,1.7319797624252398,36.37157501093004,8.311940777292755e-05,307645.1875713
3577,bc1qqdxkkjrszxfhpwv34pfyyv0rjscqgc6mcsp73x,7.4,Low,No,Normal behaviour -- no red flags,19,2.568564345953932,48.80272257312471,0.0001232880174242,375010.4204572222
3578,bc1qpwvmrxcvrvdtru8d4k958u2qrjjrc5ykymyh6c,7.4,Low,No,Normal behaviour -- no red flags,16,1.4746549417632488,23.59447906821198,9.250282580309652e-05,429236.63981626666
3579,bc1q9w79ugnvpm0dngq5admrfwvzsfdtpj3s0fw5cu,7.4,Low,No,Normal behaviour -- no red flags,18,1.7167832954821125,30.902099318678022,6.898274752165819e-05,414063.9166542353
3580,bc1pgjkx79knlsqv2xp3ksdzps8947repad6wrh3p7f4lz0fm8sc9l2srukp76,7.4,Low,No,Normal behaviour -- no red flags,17,1.512515390971929,25.7127616465228,9.081575592227216e-05,467629.16179125
3581,bc1qgrn5u9dpxkxu060fxx2n0e3nvs9087djzk02jv,7.3,Low,No,Normal behaviour -- no red flags,14,2.409082394878277,33.72715352829588,9.676939448565422e-05,438868.5719052308
3582,3KCNS1svJKWSRinvLxCzGpXGN66MK7yAtL,7.3,Low,No,Normal behaviour -- no red flags,15,1.606317206379823,24.094758095697344,9.690404668291688e-05,439042.1259384285
3583,1983hsCg8a7apWED4dTyoYLpjVh7JFHcQs,7.3,Low,No,Normal behaviour -- no red flags,19,2.2711816615731824,43.15245156989047,6.520366012813284e-05,375457.810098
3584,3FCva75sTxeZcDGMP7VnKCBCandUTRMCGP,7.3,Low,No,Normal behaviour -- no red flags,17,1.5236236599352022,25.90160221889844,8.432673529033093e-05,465087.853918
3585,bc1qp87e70udhjfttjdx2gdz7k43jz4vyk5f8e8v53,7.3,Low,No,Normal behaviour -- no red flags,18,2.135251301566127,38.43452342819029,7.085153795633679e-05,425745.83895858825
3586,17UeFnAsd3kgpvQkxgYh2shFzjYsmxzM2n,7.3,Low,No,Normal behaviour -- no red flags,17,1.537251339719535,26.1332727752321,8.11203038506043e-05,455328.8797996875
3587,12WdRN6wnHn7R4ZUTXyQZxbeEF2VpoybJ7,7.3,Low,No,Normal behaviour -- no red flags,18,1.491701386367447,26.850624954614048,0.0001105670863141,447748.33995741175
3588,1HBfPPB17tBngsrUQpsnDrKpr92HJ6TQef,7.3,Low,No,Normal behaviour -- no red flags,16,2.5901104155456527,41.44176664873044,0.0001235021130563,437740.58856886666
3589,3BCZuLCpXmgYuKuMPa7Vphna8ouNafpqBf,7.3,Low,No,Normal behaviour -- no red flags,18,2.697691182706168,48.558441288711016,0.0001057055523436,431075.60890435294
3590,3AMV9KShgYnNVLE2e3ERm6HPckVkYp1R79,7.3,Low,No,Normal behaviour -- no red flags,18,2.732837675531676,49.19107815957017,8.147191925078234e-05,380412.9730762353
3591,3BgLhDammeeswvQC3teLpF3jZvn3tVbhW5,7.3,Low,No,Normal behaviour -- no red flags,14,2.19618696687988,30.74661753631832,9.474982458731784e-05,525347.1051604616
3592,1B27tmhiuSwt56bVBndwMVMiPNjAimaemD,7.3,Low,No,Normal behaviour -- no red flags,19,2.715558281445265,51.595607347460025,8.115224492913463e-05,391197.27452122216
3593,bc1q7lfcp4wdy08347dwdezn5xfy6h08z5h9ta387u,7.3,Low,No,Normal behaviour -- no red flags,17,2.5428960560960547,43.22923295363293,7.001389584866723e-05,452237.0447091875
3594,36QEYeJJ9ejzJgy2Vj4doKnMttkNUrQL31,7.3,Low,No,Normal behaviour -- no red flags,17,1.5323787172205792,26.050438192749844,0.0001006997561408,377128.6282490625
3595,bc1qj3qzu9t4rjp0whvupf3mkrarrksfdr8dsmenn6,7.3,Low,No,Normal behaviour -- no red flags,19,2.077455193798125,39.47164868216438,0.0001257643360465,394117.38825711113
3596,3KZ2Zudm842SPXzBzgQTEzfG1dZZ6GLNaB,7.3,Low,No,Normal behaviour -- no red flags,16,2.3590837994333778,37.74534079093405,7.053972468172843e-05,446192.5341516
3597,33N8N4ZehWETK67xkpnKXAwz5XV8v69fAQ,7.3,Low,No,Normal behaviour -- no red flags,20,2.6137769675065683,52.27553935013137,0.0001114240118635,373484.31048231584
3598,bc1pjggk9v9dh3d6w3xrpumukjehc570zhqnwanwsm7gewx30je4lm0se9artf,7.3,Low,No,Normal behaviour -- no red flags,21,2.504925772842985,52.60344122970269,0.0001171870607067,359876.97707470006
3599,bc1qzs0ewzrg7tc09rrmtxze2cv2keunj5dx7y9r89,7.3,Low,No,Normal behaviour -- no red flags,18,2.6727744799081457,48.10994063834662,8.503592309050536e-05,442725.2669260588
3600,bc1pztcphmycsuk78zf0achmkunxcrluke7n74wyaqfx8hesqgmn0aks3gcx83,7.3,Low,No,Normal behaviour -- no red flags,22,1.832445412531009,40.3137990756822,0.0001177943776176,359006.3916179048
3601,bc1q00su33v2sga39ayv6z4e6ct3hrcgxu48075vhv,7.3,Low,No,Normal behaviour -- no red flags,16,2.637774875876949,42.20439801403119,7.515061662783425e-05,446289.5974634666
3602,1Q1wpDjnMwp53mrVdzCevmJLiiTdWPN9Tn,7.3,Low,No,Normal behaviour -- no red flags,19,2.6338522544704723,50.04319283493897,0.0001121012882607,405359.0319284445
3603,33bY9tBW12bPz8fAqDpq9XbrvxxRs97trG,7.2,Low,No,Normal behaviour -- no red flags,18,2.068769058402159,37.23784305123887,7.239152612257763e-05,445150.69979035296
3604,1CMVEP8kiZJ4HZxKMUsm2ptWx1jTBT9Ubm,7.2,Low,No,Normal behaviour -- no red flags,17,1.6767164028994286,28.504178849290287,8.320013694878939e-05,473481.945829
3605,1DkNEM7BCT3NJjqvKxu2o4h9zUJou7mPZE,7.2,Low,No,Normal behaviour -- no red flags,16,2.429977723887213,38.879643582195406,7.413393916873949e-05,458011.03868006665
3606,bc1qrz8jdt85gxvzxeucjmdk95s9zs5edle0t6yez5,7.2,Low,No,Normal behaviour -- no red flags,21,2.464567681329052,51.755921307910086,0.0001215993492631,371256.8986146
3607,1PaLBhg9JyBubFy6evZbk7iwZLWdvagwio,7.2,Low,No,Normal behaviour -- no red flags,21,2.5164856632608936,52.84619892847877,7.835592872643093e-05,365108.9008967501
3608,bc1q5l9zpemuxdtdknq65edr6ptf4tuq9ee8jwm9x9,7.2,Low,No,Normal behaviour -- no red flags,21,2.1093031823240174,44.29536682880436,7.455762006996598e-05,320735.7502386
3609,1AQ2xtajmzU3McaCoiVqpW9xb82TqyXP3m,7.2,Low,No,Normal behaviour -- no red flags,24,1.955874969534108,46.94099926881859,0.000107604492665,319555.52244939125
3610,3NAtyLSQ3TYsukDoiugiA8sprxCbMxnNML,7.2,Low,No,Normal behaviour -- no red flags,15,2.0011027447720733,30.016541171581096,8.626718733236851e-05,506378.3857430714
3611,1KY827vTJQzZdXBXSk28LyMW3fkEJdqD6Z,7.2,Low,No,Normal behaviour -- no red flags,20,2.0074546493546066,40.14909298709213,6.961311020285768e-05,347079.7603030526
3612,bc1qj9ce6fdx5reglyw9j9eeqllec8g7gc9k0djj0m,7.2,Low,No,Normal behaviour -- no red flags,16,2.294617562256952,36.71388099611122,0.0001182193320235,501893.7773425333
3613,bc1qf3pu3sfhn2xqrxjf9puus2ltmat50ym7qmh4sj,7.2,Low,No,Normal behaviour -- no red flags,15,1.6944569853704234,25.41685478055636,9.570581200724337e-05,525816.5378012144
3614,bc1q32k62dmp7egh7dzalptr6unnkm6nqkvd62cn4f,7.2,Low,No,Normal behaviour -- no red flags,21,1.8948128611655244,39.79107008447601,6.872856302527572e-05,366747.8144009999
3615,1CU6cf4qymvwBFXDq2nY75ZqJZocEMifQ1,7.2,Low,No,Normal behaviour -- no red flags,17,2.69403610340513,45.79861375788721,9.413865917848348e-05,455204.34955231246
3616,3Adc7XLL6gRBSig6hemZvoAFeRyRnsNzq6,7.2,Low,No,Normal behaviour -- no red flags,20,1.9930784310470635,39.86156862094127,0.0001227470733743,395414.9979150001
3617,16Vccf9oCrSX4XhR6JecR4VQ4px1kNtjvM,7.2,Low,No,Normal behaviour -- no red flags,14,2.185158439511404,30.592218153159656,9.065589402210592e-05,504307.2167494616
3618,bc1qjh8n2c0j0tefmh745gnsgc4qs56dxuxecymxzv,7.2,Low,No,Normal behaviour -- no red flags,19,2.07782365200204,39.47864938803876,0.0001242675247771,418346.3352455556
3619,3MK5c41uFcUNWpxK2FY5sjpg1XAkpzCeeY,7.2,Low,No,Normal behaviour -- no red flags,14,2.0148793100648974,28.20831034090856,0.0001089372367113,513481.95907346153
3620,3EsMRuR6kmRMbUAx89wkQ8UQ7Nxf8RU7yV,7.2,Low,No,Normal behaviour -- no red flags,15,1.823201295787384,27.348019436810755,0.0001199954173991,433181.26588928566
3621,bc1qpcj38lf5mztpefdqazhem8rlnjpxyfvygaauck,7.2,Low,No,Normal behaviour -- no red flags,20,1.7135443803481814,34.270887606963626,7.214690997440671e-05,351791.8710401053
3622,bc1qhrnwdd6pvzj5zhapwxa4mrqlgmd36e497a6gle,7.1,Low,No,Normal behaviour -- no red flags,19,1.641872892372269,31.195584955073112,7.398516366399587e-05,419422.2162413889
3623,bc1qkxsy42wm7wedk00cm20rgvru772vu6c293frh6,7.1,Low,No,Normal behaviour -- no red flags,16,2.476871693705552,39.62994709928884,7.158207539028876e-05,433185.3920966666
3624,32622cJvrCU56rLx1CU3MS4JZ7rSDspUVD,7.1,Low,No,Normal behaviour -- no red flags,17,1.5323732977368194,26.05034606152593,0.0001065900201867,454800.249003875
3625,1EyVt5cJ22CSAmAToZXLxYUQ3w3dpsKpVc,7.1,Low,No,Normal behaviour -- no red flags,16,1.7443601174053438,27.9097618784855,0.0001211692958378,496529.6689933333
3626,17sfX8WNFpYa7JLjdRPvsV1bFc5kMKZ54G,7.1,Low,No,Normal behaviour -- no red flags,15,2.0875147232224625,31.312720848336937,9.449482049205454e-05,525129.6002348571
3627,17Jbs2Rz9vy6pcfgcUdN5APPzQgEXQKdVg,7.1,Low,No,Normal behaviour -- no red flags,18,2.0539634043589583,36.97134127846125,0.0001249747561028,401517.1706121177
3628,33TVoxSbDYXFjAm64Zac5K5einfx37yUyX,7.1,Low,No,Normal behaviour -- no red flags,21,1.5506065795894988,32.56273817137947,0.0001063446073046,373882.9639645
3629,bc1qhnkz0ccc9pnmyvkqcsy2x9fhq0vms44jmnlufd,7.1,Low,No,Normal behaviour -- no red flags,19,1.479796701973913,28.116137337504355,0.0001128635171189,409026.9894575556
3630,bc1qupz8xq55st4lx8vge5unlvasxw90gjdes0fkp5,7.1,Low,No,Normal behaviour -- no red flags,17,1.6266457769405998,27.652978207990195,7.655591865206165e-05,455138.7299656875
3631,17L1Kjc1cZcLLndBvdKXc9kHwHDf31z5eM,7.1,Low,No,Normal behaviour -- no red flags,16,2.636952484367637,42.1912397498822,9.850386397156342e-05,461933.1320689333
3632,bc1qrpwyu3l4d66qxfuh4kefzxtshzrqued32ck9ec,7.1,Low,No,Normal behaviour -- no red flags,22,1.5488421652684872,34.07452763590672,8.499271272119858e-05,332162.95032571425
3633,3NxWYPtvHLbRYGYCD4oAaWqnZKdVMP3MV8,7.1,Low,No,Normal behaviour -- no red flags,16,1.9520740499301936,31.23318479888309,8.200001575586954e-05,510132.8982432
3634,12ox9J7LCb9Mr2BTRmyV9KyeNqibUfuya3,7.1,Low,No,Normal behaviour -- no red flags,14,1.962395087595416,27.47353122633582,8.600941205212712e-05,489283.4021946924
3635,3834ENk5e5EK147w4PVs3mHNqNgz4yTFXN,7.1,Low,No,Normal behaviour -- no red flags,20,2.748877352205878,54.97754704411757,0.000103178815055,365966.5763068948
3636,bc1pnpxh5f8ncvn8kljz8v6p3vgdzqezep4ny8trfrwpw4vdued6edaq9arw3c,7.1,Low,No,Normal behaviour -- no red flags,22,1.802883112776776,39.66342848108908,0.0001159642318989,344372.8438143333
3637,bc1pp7njynm289s6g5xnnzly328gd0sv5pvg8r8syufzskqltgqj4arqgjefzu,7.1,Low,No,Normal behaviour -- no red flags,20,1.8837981637867376,37.67596327573475,0.0001223377057341,380945.3378132105
3638,bc1pmvgl759gp3c2s8jtk0rfuxegeg5hz7hftja8lc9k0awg6696wsxq3mkke6,7.1,Low,No,Normal behaviour -- no red flags,25,2.006732076000429,50.16830190001073,8.848795982984297e-05,313848.73415254167
3639,bc1q24h008eaejsppv6h5ndhqaqgejcpt0mx5ulwnk,7.1,Low,No,Normal behaviour -- no red flags,21,1.6230358629039483,34.08375312098292,0.0001156805936721,345397.46980489994
3640,3JRUvBj5fsQ52zYDaCyi4ofq1vFZtQhX4B,7.0,Low,No,Normal behaviour -- no red flags,22,2.4902336794815025,54.78514094859306,0.000119396423523,323839.33394395246
3641,bc1p88mj4qvszaxs37zh9uxxtxe9n95fqp9swftxcqfvh0crd7mje6uq4ffe68,7.0,Low,No,Normal behaviour -- no red flags,16,2.576167810554098,41.21868496886557,7.077497915650385e-05,441344.1013833332
3642,1JzEia9t295fZAMhKJYKu4HhApfbA1jxMa,7.0,Low,No,Normal behaviour -- no red flags,15,1.6643145971714792,24.964718957572188,9.229661527298994e-05,459924.4163375714
3643,1N136xfnewVZ1UjuzddgprEJjhf42CQryc,7.0,Low,No,Normal behaviour -- no red flags,23,1.7968062074905615,41.32654277228291,8.199474337650159e-05,338546.3811703637
3644,1LYKusJfF9d7eY8o2ijmpjcr5V6nJ26oqP,7.0,Low,No,Normal behaviour -- no red flags,18,2.577641750613336,46.39755151104005,0.0001171894579555,431123.2768974706
3645,1EEphXtrgXRPeRXD4XbYHzBPHMYgfPyhWy,7.0,Low,No,Normal behaviour -- no red flags,15,1.804143195001776,27.06214792502664,9.07054806018483e-05,534122.2937737143
3646,19KXtirLRpaNFN7rHg5c58henSn9Xe3ebk,7.0,Low,No,Normal behaviour -- no red flags,17,2.49136965053758,42.35328405913886,0.0001156867279425,332450.2071661875
3647,bc1qtrf7uvzd5qhrqck96alqeufvaukcwqrm0t6k2q,7.0,Low,No,Normal behaviour -- no red flags,17,1.5650554537548405,26.605942713832288,0.0001033095367652,368762.4513139376
3648,13dhnZd13cuRLP7L3cFzwwWxvsTzD6SPDE,7.0,Low,No,Normal behaviour -- no red flags,20,1.5532135760118748,31.064271520237497,9.04393766917136e-05,373150.8609099474
3649,37SN1LK3KfidrxPdKJnbxXuFgtdQnJwKf5,7.0,Low,No,Normal behaviour -- no red flags,23,2.3290163222303804,53.56737541129875,0.000113711806903,333236.71052954544
3650,bc1qsn0668ks59sayqg35dja4je5pcq7k5gjnhexm4,7.0,Low,No,Normal behaviour -- no red flags,20,1.7032623986489288,34.065247972978575,0.0001176181110887,362530.24028610525
3651,1J6rD3F9C8RsfEbKzY2qAEfaKUpHo8QU18,7.0,Low,No,Normal behaviour -- no red flags,23,1.840648348644848,42.3349120188315,8.507768661267953e-05,315812.25806009094
3652,bc1q3s6lgr3tgperwfa5gujl0qgnywcn9k8u23wl45,7.0,Low,No,Normal behaviour -- no red flags,23,2.371213394917844,54.537908083110416,8.017728463241818e-05,351840.04246290907
3653,bc1q75j6dwlw0kkk423etrx4g0888v3jsd9gzry9dk,7.0,Low,No,Normal behaviour -- no red flags,22,2.0281066105619225,44.6183454323623,0.0001169490897632,358244.50767719053
3654,3EMfz5eoLpfCB5dqQu8wQXQB3zFqgKnyFE,7.0,Low,No,Normal behaviour -- no red flags,17,2.498409460592042,42.47296083006472,7.043610984531535e-05,457728.3760165625
3655,bc1qz5q49wsydvjwx653rwzn922sx39y7ahmhxkedk,7.0,Low,No,Normal behaviour -- no red flags,22,2.465856359510496,54.2488399092309,7.388733146019046e-05,345504.9558683333
3656,bc1qglf7ctpf880hqykunxzx89k08wg5phcl2q50mu,7.0,Low,No,Normal behaviour -- no red flags,19,2.0857239635285523,39.628755307042496,6.975326948140088e-05,351297.3152618889
3657,18fa278Ypit7ZHad1GxDaWEbSshbCWiDRg,7.0,Low,No,Normal behaviour -- no red flags,15,2.2586292442909013,33.87943866436352,0.0001192448765343,486324.0145100714
3658,bc1qe7y2r22trmyzxr5j46rlet8sed74u6fj9jha0v,7.0,Low,No,Normal behaviour -- no red flags,21,2.225503386414541,46.735571114705365,7.25085441982616e-05,376442.27941655
3659,bc1qqx3fyk6su20jjg89fv84qa3hgdvsukq756f39g,7.0,Low,No,Normal behaviour -- no red flags,15,2.304299865676014,34.56449798514021,9.760124250550904e-05,522934.64069042855
3660,bc1qs7eteq7yqn237a0qwseejzmjg8pdrltwjhegkv,7.0,Low,No,Normal behaviour -- no red flags,21,2.358113815564649,49.52039012685763,0.0001184985937086,378805.7648813
3661,bc1qyc69h26949tsh8wtjphrmq99xz08q6va4sf44v,7.0,Low,No,Normal behaviour -- no red flags,20,1.7457090255818453,34.91418051163691,0.0001151302363813,398438.4146802631
3662,bc1q0fv9sz9k92ugmefz5cupegdewc6rgunncj9xmt,7.0,Low,No,Normal behaviour -- no red flags,16,2.414713122309762,38.6354099569562,0.0001178328260092,392266.6146656667
3663,1Kaz2A7Fm1Rz4ziWw9w2iP1xnQTP8zf6g5,7.0,Low,No,Normal behaviour -- no red flags,22,1.9264712043135603,42.38236649489833,0.0001198030390524,319239.4417415238
3664,1PriECaPcYXjGuvAXuHgJuLywmgouZAUDR,7.0,Low,No,Normal behaviour -- no red flags,15,1.9660683581788487,29.49102537268274,0.000111710539919,520109.2680223571
3665,bc1qsqp55f3wf2fj3tfwwu9mx955xv32lg6hd7aaa0,7.0,Low,No,Normal behaviour -- no red flags,17,1.4979229775616405,25.464690618547884,9.286631375605724e-05,435285.64990775
3666,1L7gRA5gCMk5hBRPxDN21mjpjR8CFcqirc,7.0,Low,No,Normal behaviour -- no red flags,22,2.013732113270867,44.30210649195907,0.0001114564235136,367994.862985619
3667,bc1qxmq8mmyndqwt42j5xkxmpzjg26eg9694gegp3n,6.9,Low,No,Normal behaviour -- no red flags,18,2.6351317219601595,47.43237099528288,0.000116657546103,409776.1226729412
3668,14fGMVwzpK5KUqko58JVzbToMJftSCAhED,6.9,Low,No,Normal behaviour -- no red flags,19,1.6953597681187056,32.211835594255405,6.708508601386914e-05,383971.72570650006
3669,1BNvsyY4i52me2i9jnWRP7YVkt43MMhCnW,6.9,Low,No,Normal behaviour -- no red flags,18,1.5289102990590389,27.5203853830627,0.0001125913091682,448034.8091533529
3670,143Vh3MWiToDCxmmFnJuH75kUGagk6iSb5,6.9,Low,No,Normal behaviour -- no red flags,16,2.5729796584106257,41.16767453457001,8.772725485969721e-05,485826.8169404
3671,1DQJYQsH5kqycEZVF47HPxd24At9rXyQKF,6.9,Low,No,Normal behaviour -- no red flags,17,1.572326773140908,26.72955514339544,0.0001086445622153,458182.958663375
3672,bc1qd55058f5uh9d849ez6pjf07s6txgyd2w7x4yd7,6.9,Low,No,Normal behaviour -- no red flags,15,2.4478123691866505,36.71718553779976,9.781931917048477e-05,486789.9487860714
3673,bc1pke2nrwqzlax4g2u5n9llegn92q24jj7xqnh8nwjmee6zwx7tygkq8k8nu5,6.9,Low,No,Normal behaviour -- no red flags,16,1.9931632004933373,31.8906112078934,7.962702187100533e-05,496744.5287172
3674,1AwwCZ4MCXFSbWU8rwSdtM2knuCXLKu182,6.9,Low,No,Normal behaviour -- no red flags,17,2.571739370499224,43.7195692984868,0.0001178204406138,455895.3135436875
3675,19KGMvqaXc1PvT5TZNnGocSDzn5bSgsTqP,6.9,Low,No,Normal behaviour -- no red flags,16,2.0144554355258,32.2312869684128,7.366020082572673e-05,479425.7032966667
3676,bc1phnaapgmepx29xsqakfrn6k0xur62m8d9wwu4s20vck2wt9xwmzls52da6p,6.9,Low,No,Normal behaviour -- no red flags,15,2.3948100323162804,35.92215048474421,9.715786608200386e-05,474140.4882463571
3677,36FCm88z2uAJ5b8zLQoPMLm1pBJxyjBApv,6.9,Low,No,Normal behaviour -- no red flags,19,2.6306503715566585,49.98235705957651,8.278943138696185e-05,414153.2581316668
3678,1ByGRkhsqUF5bGLa3p578TJc8tUUN99oHp,6.9,Low,No,Normal behaviour -- no red flags,15,1.6784695395203104,25.177043092804656,9.218869103081434e-05,488598.2349339286
3679,1PBbMU93WzJkwEhFnFbAjagYU2HQn1ZPJy,6.9,Low,No,Normal behaviour -- no red flags,16,1.6624231490954529,26.59877038552725,9.51604116066805e-05,515346.0905527333
3680,bc1qqtzlaf9tmtjfvjxcpj2nt6qhjuzd5zhygyzfg5,6.8,Low,No,Normal behaviour -- no red flags,22,2.467130656576908,54.27687444469196,0.0001135258443669,323310.68559671426
3681,14rykbGPigVBKU1ebs3vy6wLjbdhVxsRAn,6.8,Low,No,Normal behaviour -- no red flags,21,2.515381065064087,52.82300236634583,7.935870189137039e-05,364203.89022675005
3682,1KxZGpJa38CPzbJm4RuHFaUwd35Ldd7tyW,6.8,Low,No,Normal behaviour -- no red flags,18,1.3903849141680216,25.02692845502439,9.957687823285436e-05,410322.4482712353
3683,16G5qhrooxidAd8yrt1jZk6CwcPTgC8gn5,6.8,Low,No,Normal behaviour -- no red flags,16,2.340359032617344,37.44574452187751,0.0001198250603748,382658.9133622666
3684,19MQaHGxRwnSEHTf5yGpTEeFCSa6SmwR1R,6.8,Low,No,Normal behaviour -- no red flags,21,1.6519717389769166,34.69140651851525,8.358238028229452e-05,366958.86605015007
3685,bc1q2y8c097a9t2uqrz7c63ml896a9p0n7ge8du092,6.8,Low,No,Normal behaviour -- no red flags,22,1.6789453880892802,36.936798537964165,8.156766378519647e-05,357838.5999484286
3686,3M4kvrpezWNGSKX7FUJ2YrgSQku2L6phnM,6.8,Low,No,Normal behaviour -- no red flags,22,2.2486965282606985,49.471323621735365,0.0001213780800186,360443.1455708571
3687,3JmjbeKjo5UobH7GEfVKXiEKJZp8aBvJyV,6.8,Low,No,Normal behaviour -- no red flags,15,1.8747326960782045,28.120990441173067,0.0001196632502884,490794.1075553571
3688,bc1qs8a6m73jrmqzjxj8cwveyhqga92dcf9y7ndp5a,6.8,Low,No,Normal behaviour -- no red flags,15,2.034038553458964,30.510578301884447,9.419290611402398e-05,515738.34129064286
3689,1F3CuM5ZFnRZ8CoEyFW5SLY1B1ZP6hz8qo,6.8,Low,No,Normal behaviour -- no red flags,14,2.102492711731448,29.43489796424026,0.0001020814977834,459428.8388632308
3690,bc1qj8jhhrlpvnu0qt933vdvsnnl4aey9jxrd0mn3w,6.8,Low,No,Normal behaviour -- no red flags,17,2.163510687938224,36.779681694949794,7.382722256505927e-05,453547.62205737503
3691,1L8WQfHZzznd7vVYbzZ6Yv5DwnvYLxBZGB,6.8,Low,No,Normal behaviour -- no red flags,22,2.0533115503104096,45.17285410682901,7.800324713944738e-05,352387.5365716667
3692,1Cuiky4NwoVKPrECu373p6sh2gfdvvhMmh,6.8,Low,No,Normal behaviour -- no red flags,24,2.1397581079225536,51.35419459014129,0.0001067369552972,311168.0554774782
3693,bc1qc6m4e4lezvfruy5xkvh785m3k0fgm4fyxkq0ex,6.8,Low,No,Normal behaviour -- no red flags,14,2.1468439511675355,30.05581531634549,9.046813102580998e-05,477068.3277869231
3694,18tR4sLWcFTwV7MFmVCpQLeUnFU9ZNozkK,6.8,Low,No,Normal behaviour -- no red flags,21,1.781411991465782,37.40965182078142,0.0001101530252123,314372.38784805
3695,bc1q7wgsxgreylkp6puajq2vy9lhkh9lk7at6dhggw,6.8,Low,No,Normal behaviour -- no red flags,22,2.0655420105412063,45.44192423190654,0.0001227489703298,348209.8101835238
3696,19jbMdRqf3rYvsVXT172BajriNn5oDxDzA,6.8,Low,No,Normal behaviour -- no red flags,17,2.273683118472573,38.65261301403375,0.0001162013914972,477771.7922495
3697,bc1qf8nssv2z5znfeqv8v7tyynquzgn0ljs4ggmels,6.8,Low,No,Normal behaviour -- no red flags,18,2.6106375859302355,46.99147654674424,8.546285791017457e-05,452017.5191620588
3698,1C1cPuVMg3A1QnLwaEgb5nscY1D57sHVbR,6.8,Low,No,Normal behaviour -- no red flags,16,1.5564191709234343,24.902706734774952,8.878381304298971e-05,480246.5928820667
3699,bc1pgym5pz4cuhsqj4zpz7jhkq35majc3jzkf4wlhrhxrrtzkcuza93sqgkfz7,6.8,Low,No,Normal behaviour -- no red flags,17,1.7457357321213012,29.67750744606212,0.0001229431612049,445799.1161612501
3700,1Bp64wvsFsRMu3ywPDL8KFvuPpLKGCVSZH,6.8,Low,No,Normal behaviour -- no red flags,19,2.565450869401809,48.74356651863436,0.000109122661537,418550.1902172777
3701,bc1qz87lae4lx3f72upr4a7vugpj40mp47tzerwpe2,6.8,Low,No,Normal behaviour -- no red flags,17,1.4913344536665027,25.352685712330548,0.0001040480852327,415196.8630836875
3702,bc1q24e70vwqaxt7w2049rlcms7wus2pz6zlmnas8h,6.8,Low,No,Normal behaviour -- no red flags,22,1.9826392952807887,43.61806449617736,0.0001119148925102,325209.1220488095
3703,bc1qfpp909z0y0v6xy06lt0sgwg28pv6kwpl9jv9c9,6.8,Low,No,Normal behaviour -- no red flags,20,1.8137178819635256,36.27435763927051,0.0001195973172991,407020.8518082632
3704,151Ya6nxvhQMs8o2Vqdk1bYHDxPFFPfn4R,6.7,Low,No,Normal behaviour -- no red flags,23,1.945623981397709,44.749351572147305,0.0001083202526638,325422.8830746818
3705,bc1qd97h7dv7kq5c35clddjrkf5sshreesn6v678pu,6.7,Low,No,Normal behaviour -- no red flags,16,1.693483728297222,27.09573965275555,7.953998141419257e-05,490278.62309073337
3706,bc1pafj309x88ppezdyvxp2e7emlggdkfnw05ge4cwkhzfxmt40qkk4sfj37az,6.7,Low,No,Normal behaviour -- no red flags,19,1.5026003310221037,28.54940628941997,0.0001091234325581,375988.5297756111
3707,19WwoYietdmgtp8oy3Nxj5X9pd2C9yTDwr,6.7,Low,No,Normal behaviour -- no red flags,17,2.169684814527318,36.884641846964406,8.2973648107198e-05,326811.08131625
3708,13UVsHWXVCyLE6m24rX7cW7x7SG7MZ6ctP,6.7,Low,No,Normal behaviour -- no red flags,19,2.3421143457114013,44.50017256851663,0.0001243469784191,417426.8031660556
3709,339QAqgx5s5r9HHntDW2zacyCAKZS7xFkg,6.7,Low,No,Normal behaviour -- no red flags,22,2.578921638631478,56.73627604989252,9.341145830610912e-05,314772.25749766664
3710,bc1qf6ccrjxcyjhkvzq6mcrzy8uddm2z2dvwukttst,6.7,Low,No,Normal behaviour -- no red flags,18,2.6776852523440704,48.19833454219327,8.434604036795133e-05,433775.0418186471
3711,bc1qjmzcnusncpk8s50yy54ryhy687r7j3wqcu0v9f,6.7,Low,No,Normal behaviour -- no red flags,17,2.4022031562737065,40.83745365665301,8.266539053720764e-05,478988.51417018747
3712,bc1qmhctcmut8jx75pl4nr35cjsrfpdwgvxpj994ut,6.7,Low,No,Normal behaviour -- no red flags,20,1.63166666878035,32.633333375607,0.0001129025911467,360468.0819897369
3713,bc1qmyya08505rxp99js6qag74kqkhpalqkx7r4snx,6.7,Low,No,Normal behaviour -- no red flags,19,1.5998127081760318,30.396441455344604,0.0001177476859826,414544.59719822224
3714,bc1pnatkeuw9e3rqzdx88u5vwx3fjeq8rpm0n0uklu8hq23z3s0j5dlspmyy75,6.7,Low,No,Normal behaviour -- no red flags,17,2.434985601147492,41.39475521950737,0.0001256040386409,390686.907578375
3715,bc1qke2gj8nqq60xtg737z369cmhemfdatt2gzkesm,6.7,Low,No,Normal behaviour -- no red flags,19,1.4451077371536605,27.457047005919545,8.536254882813736e-05,413432.6133943333
3716,1FEhaN2ShD6aAruKMUu5PFuwgzhKjyMPq9,6.7,Low,No,Normal behaviour -- no red flags,22,1.884692562415693,41.46323637314524,0.0001075445696061,296160.33751095243
3717,bc1q0452kjmmt0v8vvcqr5qzxk8hqwzjfa6jadapvr,6.7,Low,No,Normal behaviour -- no red flags,19,1.9515287654296745,37.07904654316381,0.0001266390323693,392168.3820518332
3718,bc1qp65w8grv2l34lvnksws55u7v9xm8as3tw3atu6,6.7,Low,No,Normal behaviour -- no red flags,19,1.550045365636189,29.450861947087592,0.0001206195538699,404204.736725
3719,1FfrWXio4QfsyAvfKGm6VTsJZTZ7QrQ8eC,6.7,Low,No,Normal behaviour -- no red flags,19,1.4424220753711765,27.40601943205235,9.53681609378022e-05,361959.80997522216
3720,1H9q1yFYZmtzGaNLhzgz11SYs5VjTCquH3,6.7,Low,No,Normal behaviour -- no red flags,16,2.683023130652437,42.92837009043899,0.0001069009888186,456888.1258827333
3721,3HBgTPChYemUSFdeXW7Ly5mhYdK8v4MWjU,6.6,Low,No,Normal behaviour -- no red flags,21,1.836945921079265,38.57586434266456,7.443918364090395e-05,369368.61447269993
3722,bc1puryn4atj6m06yrm7zuk64h02duh4nxmghrpl9jshjxk6y2vfyqdqzk6yn4,6.6,Low,No,Normal behaviour -- no red flags,21,2.362109694604944,49.60430358670381,0.0001209801150773,373076.1641034001
3723,1EqxHyyzDrwzUzcA1FFNrL4WYBftu9tFVV,6.6,Low,No,Normal behaviour -- no red flags,17,1.5152745393244935,25.7596671685164,9.067883795492172e-05,436598.5903165625
3724,3DJbXuacGHejZ4TfGJLoRQird5jdmWSped,6.6,Low,No,Normal behaviour -- no red flags,20,2.174992495873947,43.49984991747893,0.000123200743946,375720.8972547895
3725,3Ez655b3o5Vxk2jR4iawCVXCCAG13SboLH,6.6,Low,No,Normal behaviour -- no red flags,22,2.5995816688523177,57.19079671475099,0.0001068418785665,352603.52599695243
3726,15vEF22quZz3FqKs8HdeaYGP5HURkPLv4d,6.6,Low,No,Normal behaviour -- no red flags,17,1.511060453744164,25.688027713650783,8.921059066180204e-05,455274.35433593753
3727,1EQx8FDmYBY5RPf42658G2vJQ5fdGwh61P,6.6,Low,No,Normal behaviour -- no red flags,18,1.468120568749104,26.42617023748388,9.255308444993124e-05,361074.80720382347
3728,18JtmFbeZs71CtQFNJg65E2oyFgfDAzXqB,6.6,Low,No,Normal behaviour -- no red flags,22,1.881225665633812,41.38696464394386,0.000119618203173,356485.5200893333
3729,bc1qqzy7vlfagscsxusu3zfa9cg7mwncpa8vgv6sm4,6.6,Low,No,Normal behaviour -- no red flags,21,2.325913929020647,48.84419250943358,0.0001187329738799,367869.9886448
3730,bc1qnlq64e3aahygt0yp8r0ynnl64du6tnn79thuh3,6.6,Low,No,Normal behaviour -- no red flags,17,1.7987875999452634,30.57938919906948,7.642182740875279e-05,359887.5534915
3731,bc1qn3pdkal5pdfx5r6k7jk5l6mhx2zyqg3e33u747,6.6,Low,No,Normal behaviour -- no red flags,22,1.564856454439169,34.42684199766172,9.4647666564722e-05,336109.98576714285
3732,3AEXEzf35mstZFWyPKcCzEkny8csZ95X3g,6.6,Low,No,Normal behaviour -- no red flags,19,2.439887391478622,46.357860438093816,0.0001228553916231,423497.251525
3733,1CkXoz6j2Wox4TeeyLeEJadjuQXWQTTEtC,6.6,Low,No,Normal behaviour -- no red flags,24,1.9874775643119893,47.69946154348774,9.445823435157494e-05,325524.70349243475
3734,1ov7yFw6rua75UzjJEKh8doVVauVmYfGC,6.6,Low,No,Normal behaviour -- no red flags,15,1.8744440578910284,28.116660868365425,8.314438036082052e-05,504090.5804850714
3735,1DMFKR6cMRcrJEJsfsEkqMSQpCPyE43ifg,6.6,Low,No,Normal behaviour -- no red flags,18,1.7055004588641576,30.69900825955484,7.420760219793834e-05,445179.00824252935
3736,bc1p5h4zqs7aqdevz0vnsr2cwp0kessj03hvdh656lm8lddjzxmh3c9qh77j9m,6.6,Low,No,Normal behaviour -- no red flags,19,2.719160819756101,51.66405557536592,9.9689318698749e-05,389043.9911202223
3737,1GhEf2Li5FSbu1FtbALBDER1uZ3AWAcN33,6.6,Low,No,Normal behaviour -- no red flags,16,2.566447555337076,41.06316088539321,9.116603106422022e-05,485461.9111178666
3738,bc1qdsrkmpg39gvqrtv9jwtx0tgxtmhje350wp6wkz,6.6,Low,No,Normal behaviour -- no red flags,17,1.6306628304222817,27.721268117178788,0.000103661526735,464033.249709125
3739,bc1qrd6grtm35p9v4g5gx3yryey7ye8ccrs5d35y9d,6.6,Low,No,Normal behaviour -- no red flags,24,2.256655435597979,54.1597304543515,0.0001089905603301,324018.18970913044
3740,bc1qs39tqfw8ez9ggnvh9ezxk58hksj746jl4zz4ke,6.6,Low,No,Normal behaviour -- no red flags,22,1.622451485866135,35.69393268905497,9.282691595641518e-05,358200.3989049048
3741,1DSvdXdBXUk5hP81JgGcxrjhWHLU8dHSnP,6.6,Low,No,Normal behaviour -- no red flags,22,2.076326511537969,45.67918325383532,0.0001228426226742,336024.3917662857
3742,bc1qrkzvd3xhp6tscfmyrvcy87aenfwr2cfug57xpk,6.5,Low,No,Normal behaviour -- no red flags,18,1.994942854510824,35.908971381194824,7.018808564792091e-05,409783.077033
3743,bc1qjwjnls3cq66cltxnrvxmdzwcpe58k2e3nmj4he,6.5,Low,No,Normal behaviour -- no red flags,20,2.2025751265654376,44.05150253130876,7.386312837446741e-05,336192.35614184215
3744,bc1pmzyy868k6eth4a9qaxp590qdfq6qnqmwuq9tfvwf0pjqta7spndsgjk20k,6.5,Low,No,Normal behaviour -- no red flags,20,2.681666777506686,53.63333555013372,8.512078586263835e-05,363286.09114557895
3745,bc1q8398anhv726f5k9ee9px8kdl8ta57mynpe4aj0,6.5,Low,No,Normal behaviour -- no red flags,21,2.6413366340911386,55.46806931591392,0.000108146915992,354840.04257510003
3746,1PecGUNXrVek2Y8Rf3X8Pc53vyzbwTfuLa,6.5,Low,No,Normal behaviour -- no red flags,18,1.5533629927319077,27.960533869174338,0.0001166269397883,380401.55114941177
3747,bc1qrxgfna6f7hc6f7jfnagyhms2xpr0t0xas00clh,6.5,Low,No,Normal behaviour -- no red flags,21,2.408490209264013,50.57829439454428,0.0001238832234912,357641.75423995
3748,3GiqmbB1a32bjo1VcBBJyce2a4973ur1d1,6.5,Low,No,Normal behaviour -- no red flags,23,1.872688737221366,43.07184095609142,9.035795861178964e-05,302614.19264586363
3749,17ABacHc2rTuhAMHffaK5TdkcLhKJgiWDN,6.5,Low,No,Normal behaviour -- no red flags,24,2.108770350717767,50.61048841722641,9.186109697387376e-05,310452.54925169563
3750,33a2FVegGdCi1VwefxTKiMQasGX8KJ3nCS,6.5,Low,No,Normal behaviour -- no red flags,20,2.216790978123581,44.33581956247161,0.000120776943644,401740.9122914737
3751,3GR2obkjC1onF4tBotqnZEQUzSGr7UXMgy,6.5,Low,No,Normal behaviour -- no red flags,20,1.686002969045012,33.72005938090024,7.57474783469834e-05,396445.32145336847
3752,bc1q2wn535q769an962q3e2hnfuf2t2vkcpx80qhrj,6.5,Low,No,Normal behaviour -- no red flags,16,2.385546571205144,38.16874513928229,0.0001029368934013,477981.024794
3753,bc1q0xuwzpau4h8e5y6fyqrzu3auq7cq2n50hjl4qj,6.5,Low,No,Normal behaviour -- no red flags,24,2.15211222836689,51.650693480805366,9.416487506742704e-05,324622.2763760001
3754,16eaNWQdGJ3H3sK4eeXBbuydKiHRqHvDeZ,6.5,Low,No,Normal behaviour -- no red flags,21,2.6479409165943646,55.60675924848166,0.0001060702327447,333404.4097766
3755,bc1q58ecd708wm925nnscxyn9mhxmkmtgre7ucznpw,6.5,Low,No,Normal behaviour -- no red flags,16,2.373241549555959,37.97186479289535,0.0001065165506729,496171.93269253336
3756,13CAi2SWqYCqk5wuNoLQ48XLH6ZogymVLH,6.5,Low,No,Normal behaviour -- no red flags,18,1.93808422428811,34.88551603718598,0.000125484175898,408651.23494282353
3757,1JCeKrbVqtJd5N3LLpLLoKkX8TYqVyxDQC,6.5,Low,No,Normal behaviour -- no red flags,18,2.693682387321446,48.486282971786025,0.0001063117001262,397853.31980182347
3758,1MjJEZMW7kPZrC2b48qL3amZzK6weS18en,6.5,Low,No,Normal behaviour -- no red flags,21,1.776837409384758,37.31358559707992,7.326833878038819e-05,386976.6070939501
3759,bc1qj6knw3sqhuadl3llw98q3y8h84n6njgn0qpjgh,6.5,Low,No,Normal behaviour -- no red flags,20,1.9411916496971435,38.82383299394287,0.0001143982278221,328756.1928127895
3760,1P18f7r6mwmUEFr9Ru471DJFgwdJxYaP4b,6.4,Low,No,Normal behaviour -- no red flags,18,2.5332033106686347,45.59765959203543,0.0001139796159691,448644.01928647055
3761,1BSN4SrRsmPUogpzxAZAUXFFJH1Dhq1cHz,6.4,Low,No,Normal behaviour -- no red flags,15,2.052890065410465,30.79335098115698,9.098208128126011e-05,510322.35187642864
3762,bc1qema78zrnsx2k9p9cxs0r46tp9tqnn636kyqyfe,6.4,Low,No,Normal behaviour -- no red flags,21,1.7308402789712698,36.34764585839667,0.0001136884559424,351095.33330785006
3763,bc1qg5uaust8gxjvjenh3jg6lejandn9fu3k4a2p8z,6.4,Low,No,Normal behaviour -- no red flags,16,2.2577101002250983,36.12336160360157,0.000116292864228,494307.6251408
3764,14icDQCnywKKcMrd9r41AdfVURi3y3Aq34,6.4,Low,No,Normal behaviour -- no red flags,22,1.5220473653917863,33.4850420386193,8.738018743830867e-05,346048.8340134761
3765,36eAFyYCkoGJypi3b3KwwiPJZ9U8Q4xsH1,6.4,Low,No,Normal behaviour -- no red flags,17,2.0372958532739225,34.634029505656684,7.226638915144939e-05,414432.46485956246
3766,3Nj1cpENcNKJNHoQZvS3bT3twjCjVxbgdX,6.4,Low,No,Normal behaviour -- no red flags,16,1.6592557412462188,26.5480918599395,8.028359692726974e-05,443902.0025508666
3767,1DM68SDcAaxusojTqQGpZFwaFWDsgG2NyZ,6.4,Low,No,Normal behaviour -- no red flags,20,1.7501312506660116,35.002625013320234,8.07609906550139e-05,334095.6242534737
3768,3Env9GAcrHiViSLK8dYT3WKSZBcN2Tvk1P,6.4,Low,No,Normal behaviour -- no red flags,16,1.7010686537390465,27.217098459824744,0.0001077081341821,365587.280619
3769,1PGuwEWeDATiNPK5PF1PpWARv6wiq4sNBf,6.4,Low,No,Normal behaviour -- no red flags,17,2.5880424663573134,43.99672192807433,0.0001046787195569,468357.4761190001
3770,1JHXpCYBAdmPyr1BTggQYVRLTKBarLnRaw,6.4,Low,No,Normal behaviour -- no red flags,24,2.22144783809918,53.3147481143803,0.0001089528225518,323996.8464738261
3771,bc1qf95c5n3pxhk0vp4mn3e6l3u685ekjp9mr6jmvd,6.4,Low,No,Normal behaviour -- no red flags,23,2.070444866545784,47.62023193055302,0.0001209907265677,315570.8592554091
3772,bc1q74vqln4mjvvuf6yaassdpzrvntjz0l8k4y59kw,6.4,Low,No,Normal behaviour -- no red flags,16,2.3671413422751044,37.87426147640167,0.0001102898410791,470562.76052233326
3773,bc1q5cmtq9k2jvyhtgdpy7tk595xeah63d4ewd6yfl,6.4,Low,No,Normal behaviour -- no red flags,15,1.7856115348288977,26.78417302243346,7.72848573018485e-05,446268.2958315
3774,3PgHugYcd94GgFK9TbXqqCLWbw5HHisge6,6.4,Low,No,Normal behaviour -- no red flags,23,1.9365310093133263,44.54021321420651,0.0001061836490721,344959.5295689546
3775,bc1q6qtuuqeyw70ug382rcxkh3lfers7qwer3ttlmr,6.4,Low,No,Normal behaviour -- no red flags,24,2.138233522786756,51.31760454688214,0.0001020321590817,325142.2227179566
3776,1GEhwgXap2qESEX27zXPwRPB12w5iqmhS,6.4,Low,No,Normal behaviour -- no red flags,23,2.4707870911966943,56.82810309752397,0.0001050040370691,343420.2819160454
3777,3EsE3jsWS3x96vbKP1EvH4jka1BqzdbFgP,6.4,Low,No,Normal behaviour -- no red flags,22,1.6851781727704116,37.07391980094906,0.0001043059263368,338433.23251671426
3778,bc1qjkh5l572rd3qll5p98dqeu4mhrx2xv859vm4lf,6.4,Low,No,Normal behaviour -- no red flags,19,1.5329205967808033,29.125491338835264,7.985098603956067e-05,398747.33251355554
3779,bc1qh8njl792hfuvp3kdldn26jjz0syyqjpw4r3dpe,6.4,Low,No,Normal behaviour -- no red flags,20,2.554116989317741,51.08233978635482,8.322641058252069e-05,319122.17545421055
3780,bc1pehvw6hc2s3upgwn4ncckue95rvt7xtydzyefcqqgn3tr36xzcsxsxq5jql,6.4,Low,No,Normal behaviour -- no red flags,16,1.558955905876199,24.943294494019185,0.0001026121245609,450308.45193859993
3781,bc1qxmn053dcfg5683mth0ghtnd04a0n4x8m6x2t5k,6.3,Low,No,Normal behaviour -- no red flags,22,1.697607091928887,37.34735602243551,0.0001016391053642,364933.9266238571
3782,35YyVDs9GU7ZtVXPom2Ar1vV4fJgV3cGVL,6.3,Low,No,Normal behaviour -- no red flags,16,1.9810219206555293,31.696350730488472,0.0001258948725751,446400.3186594667
3783,bc1qe0dlhwnl6k6mycmpc7c5lxucpwkevsn4anxfp8,6.3,Low,No,Normal behaviour -- no red flags,19,2.703595113022485,51.36830714742722,9.195377828952458e-05,395139.1897056667
3784,1BTgWNTcxZSQWV3KnreAwzvDn8AYGRvomJ,6.3,Low,No,Normal behaviour -- no red flags,23,2.332736282606206,53.652934499942745,9.933470821687674e-05,317785.2598413637
3785,bc1qvqws09zzf9hv73wq6qnekk5mdklwyw0xfl7t0z,6.3,Low,No,Normal behaviour -- no red flags,14,2.196256777229758,30.74759488121661,0.0001032804432591,460990.2306396153
3786,1EPu7TCi4nJhUtb5L6zJCWaSGnzBriEE2D,6.3,Low,No,Normal behaviour -- no red flags,19,1.5962401927585634,30.328563662412705,7.798497710709203e-05,409048.1619410556
3787,bc1qekm2h20ghqtyse3s6grzzy2u066n28eklath05,6.3,Low,No,Normal behaviour -- no red flags,19,1.769264260636068,33.61602095208529,6.84664394570121e-05,411165.0715513889
3788,bc1qr6mzefkm8av4r7cumh0wsn8srm3ptueepy6pl9,6.3,Low,No,Normal behaviour -- no red flags,19,1.5350492257210206,29.165935288699394,0.000110553771692,358441.9326503333
3789,bc1quqq73cwpxcxd4jupahy5hlt2ljxay8d8h9372k,6.3,Low,No,Normal behaviour -- no red flags,16,2.178298222076531,34.85277155322449,8.465440740995406e-05,494472.7311150667
3790,19XZwyQYjwpuqj6312SK64NcXdBBvY1Yxq,6.3,Low,No,Normal behaviour -- no red flags,17,2.68338230284938,45.61749914843946,8.188132509945357e-05,425304.5980051875
3791,bc1pkyej2jjug2f5caqdmfygj62c8k7jvhcp0h9evewtspa5j45huftswlq5yg,6.3,Low,No,Normal behaviour -- no red flags,18,2.665252149937804,47.97453869888047,8.421294328697552e-05,418682.4052434706
3792,bc1qyjenv8expz4lq46h6lhnk3qqswzc8gdu02yq33,6.3,Low,No,Normal behaviour -- no red flags,20,1.6662098291398064,33.32419658279613,0.0001110779643738,395707.234701421
3793,3Qqc3JVh9FYuXN5xLPSXKiR1YbCurgnYDh,6.3,Low,No,Normal behaviour -- no red flags,18,2.630328862466045,47.345919524388805,8.390549596795126e-05,443243.015367353
3794,bc1qpu84zf8qyj6y407ektn8tqe6qrpggxhs2544s5,6.3,Low,No,Normal behaviour -- no red flags,24,2.055539123387306,49.33293896129535,9.669912867808528e-05,330832.06984047825
3795,bc1prmhz2yrl60vxu938m8xrdv8mt54jnjz425fwjzhphnsw87xj0ppqjsw2aa,6.3,Low,No,Normal behaviour -- no red flags,20,2.645770755213356,52.91541510426712,9.804639332762428e-05,385383.7921558421
3796,16v4BbRphCZP1JPXJsvvUcBi7pHFvVUVqs,6.3,Low,No,Normal behaviour -- no red flags,22,1.9199293464574845,42.23844562206465,0.0001212385143456,348744.86734700005
3797,19J3ysRcjFGrWC6E2aKuCo7tmFWc2eGaAu,6.3,Low,No,Normal behaviour -- no red flags,21,1.776942789988085,37.31579858974978,0.0001153330503615,344297.7041536
3798,bc1qm0vc8exv8lx0s386ksmesf3n6y8pauqefhxv2e,6.3,Low,No,Normal behaviour -- no red flags,17,2.106950688730841,35.8181617084243,7.724632031191498e-05,446215.2056580001
3799,bc1qvvchacnnj4p5awfz8cdgy387aye2nsge0e9rls,6.3,Low,No,Normal behaviour -- no red flags,20,2.360197374177206,47.20394748354412,7.238250697152463e-05,395957.19795031584
3800,bc1qw6l4jsdsaggdrdc3wrzrf3fkty6kusw8dqj85n,6.3,Low,No,Normal behaviour -- no red flags,22,2.040880397523654,44.899368745520384,0.0001171583511486,340328.6667450952
3801,1M95vdWT3cHJvNc1nQtZSTTzrHLAgqP48f,6.3,Low,No,Normal behaviour -- no red flags,22,2.475029006895063,54.45063815169138,7.891833489806319e-05,328354.819933
3802,1A6832eKbPcfNTrYwuD6y331s2JydiJtZz,6.3,Low,No,Normal behaviour -- no red flags,16,1.55129519454122,24.82072311265952,0.0001021979788717,401962.5852451999
3803,34QNGKvkoW9XxDts4jBHuZjbsQqpCQq4E7,6.3,Low,No,Normal behaviour -- no red flags,16,1.7656969499267343,28.25115119882776,7.095587425401807e-05,446606.8431450667
3804,14WWfWW1HZifkBftLioggabnAz16cMrFpq,6.3,Low,No,Normal behaviour -- no red flags,22,1.7627467843656142,38.78042925604351,8.628718557761814e-05,361604.67241061904
3805,182ZroSUpmxixirEzTtEYxyjJAPPiT8nbN,6.3,Low,No,Normal behaviour -- no red flags,22,2.020983670905347,44.46164075991764,8.253208745950324e-05,360509.85781747615
3806,1BYDCfxCRFFUnEMXy8WBRX2r32RukoQutU,6.2,Low,No,Normal behaviour -- no red flags,23,2.030458812308357,46.700552683092205,8.18832152892039e-05,330740.7787526818
3807,bc1qstudpnp3s68fczfl053luhemah5l3hqlea6pvd,6.2,Low,No,Normal behaviour -- no red flags,18,2.705506566388373,48.69911819499071,0.0001066413245303,374226.3142778824
3808,1LhuGh8KjH72vzX6f6Y7jBMJaTRRQEE2Ev,6.2,Low,No,Normal behaviour -- no red flags,19,2.210106906943368,41.99203123192399,0.0001256531536773,379252.2491505
3809,19XpqpGMKwKhovMG27Tr9puH7uF24GHitt,6.2,Low,No,Normal behaviour -- no red flags,18,2.49880727887241,44.978531019703375,6.946383547316489e-05,422082.3112558235
3810,3ECe5ynDLrRUexRsDR8vU28b4J7341mChU,6.2,Low,No,Normal behaviour -- no red flags,20,2.6855812183105034,53.71162436621007,0.0001090090259602,345239.4323002632
3811,15QZHPMBmUMP8WSTR15viS4hXML6t1LYTJ,6.2,Low,No,Normal behaviour -- no red flags,19,2.765446296040253,52.543479624764814,9.695057131705412e-05,354600.5812417222
3812,3MiuhR7DQGfEJ2wekgLTvKuUN2U6Bc7C41,6.2,Low,No,Normal behaviour -- no red flags,16,2.369251054229152,37.908016867666426,7.699812893462395e-05,452293.7939542666
3813,3N6E2mbpNeuybCcR4rfrsL5r2RWYp4xTQY,6.2,Low,No,Normal behaviour -- no red flags,24,2.114750775319017,50.754018607656405,8.869005471100128e-05,326427.15532704344
3814,bc1qkfcn8kzn8n06jfmua9dfxq5anfl9q6420cpn95,6.2,Low,No,Normal behaviour -- no red flags,18,2.112564102182046,38.02615383927682,7.135365771425543e-05,405610.260096353
3815,1A6UVhDKFmt5hSDvcwwnzR6s9ngcM35oCN,6.2,Low,No,Normal behaviour -- no red flags,15,2.191716933703227,32.87575400554841,0.0001160961796736,532243.0384155
3816,31paem2oBHNZDvUSCbGgQGG6ifjJcsBCUP,6.2,Low,No,Normal behaviour -- no red flags,18,2.513772630338415,45.24790734609147,0.0001167079064053,417851.1121936471
3817,bc1qz6y6vpgtncske2lqyqf2mz2pmadvf2h5nu7mcn,6.2,Low,No,Normal behaviour -- no red flags,20,1.8244705940250383,36.48941188050077,0.0001183946184337,377287.32275757904
3818,bc1q0cujxlfh2265kwx6gqumqv2f0szyz3xrt38l53,6.2,Low,No,Normal behaviour -- no red flags,17,2.5640332412283544,43.58856510088202,0.0001032554785934,470517.79403525
3819,bc1qucdpejwu8yc3ma4rtnvahx479uvwt3f0fh0yxv,6.2,Low,No,Normal behaviour -- no red flags,18,1.551600765041367,27.928813770744608,0.0001052005013924,363885.8860021765
3820,bc1q9q8yvfwt9rtjrl5wc7zvtj8rqht3ggvtqe4050,6.2,Low,No,Normal behaviour -- no red flags,21,2.083643030872205,43.75650364831631,8.04210432610925e-05,366016.74994415
3821,36iYCdcvLcjhBMRBLkHoRz6PFtQsGW48vd,6.2,Low,No,Normal behaviour -- no red flags,23,2.260321164940588,51.98738679363351,0.0001116329808747,316050.08547181817
3822,1GQEfRrHoYnEUFTfyGz7iueYJEfCXzSXZr,6.2,Low,No,Normal behaviour -- no red flags,22,2.1755044570029938,47.86109805406586,7.478379117121648e-05,337335.4896656191
3823,bc1qpdgwfslfe0063m5jtsd2gas7ucr6sys8st04tj,6.2,Low,No,Normal behaviour -- no red flags,15,2.337684684514431,35.065270267716464,0.0001022770064019,361652.425339
3824,bc1qlwuq8lzsv49psjnm37mjwz7fmq9sp6g4t59zjp,6.2,Low,No,Normal behaviour -- no red flags,18,1.651696296728131,29.73053334110636,7.3647020187395e-05,430516.73889711767
3825,1FQjhiBDr4BLjyBsTGzU3zgNwfVvhPaqJZ,6.2,Low,No,Normal behaviour -- no red flags,17,1.6745442674306796,28.46725254632156,7.712944769490258e-05,416463.7876325
3826,1JQa4d2gGVLu3KQaCMqx7ckHZ45ck6AdLx,6.2,Low,No,Normal behaviour -- no red flags,24,2.120420569425542,50.89009366621301,9.506686666271932e-05,336839.03003278264
3827,36iGsrs8Bg3EPd9rBLpvkKoPHyWH1YCu7Q,6.2,Low,No,Normal behaviour -- no red flags,22,2.604475139423269,57.29845306731191,8.915551863425075e-05,352032.6241817619
3828,bc1p8gqd5t8ycny6fu2u4e2kwq5cgc9aal9mavvk2qqva6xzy855s36q6uphrp,6.1,Low,No,Normal behaviour -- no red flags,15,2.01392042430221,30.20880636453315,9.090895439928304e-05,406052.5507137143
3829,bc1q8afgdd5qqs867ucekuj2kzkprvjg5xcfqrjegp,6.1,Low,No,Normal behaviour -- no red flags,22,1.710671434866584,37.634771567064845,0.0001037209475334,360695.1895517144
3830,32fwD14jUfQtNaqQBB1YHnbdeRCdUKJbc1,6.1,Low,No,Normal behaviour -- no red flags,16,2.404529773000353,38.47247636800565,7.640947703824572e-05,404132.3992288
3831,1D3fEHrFoDjrzsyRKhmpoSfbGB6hrz7xAo,6.1,Low,No,Normal behaviour -- no red flags,20,2.157687141461498,43.15374282922998,7.408512768919868e-05,341714.93192778947
3832,3BVqaAoX8DVACcmLxLEDB81ECUYE7nmKvQ,6.1,Low,No,Normal behaviour -- no red flags,21,2.113772524829191,44.38922302141302,7.767465398290364e-05,371277.2584867
3833,bc1qm9gfttzpvc8ugjsu4jam2ksjz3ynpecv79t7z5,6.1,Low,No,Normal behaviour -- no red flags,21,1.593928397695545,33.472496351606445,9.689948296346932e-05,361744.2209217
3834,bc1qt4zvhcg79zwqe4p3kzz58fkxgrt5dp4ldymp69,6.1,Low,No,Normal behaviour -- no red flags,19,2.5700520589395865,48.83098911985215,8.327947429286678e-05,425127.6796301666
3835,3QpgoaijFJ2pNr4N89LqrWUT9EoSWicckj,6.1,Low,No,Normal behaviour -- no red flags,18,1.5482555147810442,27.868599266058794,0.000111559062446,390151.4877639412
3836,bc1pzckzazx44zmmglea06r062d99dedxe6wg59ca6yf2y8ncj6a8khq4cz5ym,6.1,Low,No,Normal behaviour -- no red flags,21,1.7377160305182195,36.49203664088261,0.0001133611346993,337440.94734075
3837,bc1qvrvm4qukqdqfw4rvhy5rs4vfpwakhkk6jsxyg0,6.1,Low,No,Normal behaviour -- no red flags,24,2.06654913208513,49.59717917004313,0.000109107136498,328527.76074917393
3838,bc1qzdd5lnh85v3z6y8v6ptl42nkkyqzfk4ye4acvf,6.1,Low,No,Normal behaviour -- no red flags,17,1.5327978373855042,26.057563235553573,8.583010074085877e-05,418283.05800393753
3839,1LuyBxxEu4on8xwXZ6BaG5e6scPF3NzjMG,6.1,Low,No,Normal behaviour -- no red flags,19,1.5875953075007196,30.164310842513675,8.188798695752388e-05,356714.1770279444
3840,bc1pvqk277u6lghjqugunq4vtm47h6hn257ppq537peqjxqnef9frd8sq5z5t9,6.1,Low,No,Normal behaviour -- no red flags,16,2.336611393514095,37.38578229622552,0.0001045587062931,497171.4456840668
3841,bc1qrzgwg58lyh6cdryvdadv8h2m3nxl34c64vuwv0,6.1,Low,No,Normal behaviour -- no red flags,22,2.577319515447413,56.70102933984308,9.956409854517029e-05,357260.05239299993
3842,bc1qzhzjt8vmlphtn0pzxptrttzle6nfvmswsw25ae,6.1,Low,No,Normal behaviour -- no red flags,20,1.777625980558669,35.55251961117338,0.0001057767063936,310672.1727557895
3843,18wVHC1Ckf3p2QdSpKiY8hfCFpAwahxG9v,6.1,Low,No,Normal behaviour -- no red flags,19,1.896186512922051,36.02754374551897,6.725438277116129e-05,390053.6794835001
3844,bc1q3mrjht238fsmh4hlmuy08e9rktrazzmscej7vj,6.1,Low,No,Normal behaviour -- no red flags,15,1.8611032866693864,27.9165493000408,0.0001062117865556,513267.10899957136
3845,3NuMmoU3Kr7NFpUM95mV84DDXB3PhqcveQ,6.1,Low,No,Normal behaviour -- no red flags,24,2.107810285453323,50.58744685087975,9.621024439132756e-05,322839.0674413913
3846,3JpWnXnSEHs4SkBvf6S82VMLuTiujhjLfP,6.1,Low,No,Normal behaviour -- no red flags,22,2.0937016065047005,46.06143534310341,0.0001211838208675,313645.7400537619
3847,bc1q4z38u9l97u4a7s7gsyl67ayern7fyyelxkf4z6,6.0,Low,No,Normal behaviour -- no red flags,20,1.5906830303466593,31.813660606933187,0.0001013838491258,370414.6068632632
3848,1DUvqfjbsmg9dSrprsSu2Aj9DRZMH8eeWb,6.0,Low,No,Normal behaviour -- no red flags,18,2.560869825152296,46.09565685274132,0.0001187987565448,434991.4540962353
3849,3GMMBMpfC1qk7VMkRydDHerY3PsD8me2ho,6.0,Low,No,Normal behaviour -- no red flags,17,2.518949545006328,42.82214226510757,0.0001088468226484,475814.3046610625
3850,1BNu5gAtE7vf44nJ8PTUEVMZb98XCKyFsJ,6.0,Low,No,Normal behaviour -- no red flags,16,1.6797673448166144,26.87627751706583,9.937414749977436e-05,375236.43883773335
3851,bc1qnackg6d58shcl870wzjnqaf4wd2fjz5fzgrt6c,6.0,Low,No,Normal behaviour -- no red flags,18,2.192383322691174,39.46289980844114,0.0001208643792958,342656.773608
3852,bc1q9z2d0gu2zqhnltynva4xlsfzuddkn9ecl8ta3u,6.0,Low,No,Normal behaviour -- no red flags,17,2.266199520217497,38.52539184369745,0.0001167451634373,461611.2943945625
3853,bc1qh33qg0syseztajj69r40pqvtjyss8ka4jg36q8,6.0,Low,No,Normal behaviour -- no red flags,19,2.2962088256316213,43.627967687000805,6.68794549581249e-05,393511.9635828889
3854,bc1qex655s0t06rc3jrmdgl39xs0trqvu7kdxelg2l,6.0,Low,No,Normal behaviour -- no red flags,23,2.208201420427198,50.788632669825546,0.0001040074221293,302975.3069218182
3855,1DLLbniqzTCgfiLpfmfAnLhk68SNbANUWY,6.0,Low,No,Normal behaviour -- no red flags,23,1.819629278234316,41.85147339938926,0.000110761203813,342634.9954243182
3856,13kRDm8JMg8sf8GWm1MPB65aWRsUgGTVkF,6.0,Low,No,Normal behaviour -- no red flags,24,2.0510141546189087,49.224339710853805,0.0001102572756338,323731.23803091305
3857,bc1qalsunz5n9zt3qqukwj0sfpmhggmyk4f65kjq9y,6.0,Low,No,Normal behaviour -- no red flags,17,1.8785573978257504,31.93547576303776,7.316315029974494e-05,457752.731031
3858,3HD7pePMxGYM8DjotLUigQZfX4kKwRCTyw,6.0,Low,No,Normal behaviour -- no red flags,18,1.676673327177228,30.180119889190102,0.0001182446855139,418781.3041274118
3859,16xvEq6cMCXvGiXyUA8J4bDJZ23AvE1bJy,6.0,Low,No,Normal behaviour -- no red flags,23,2.484015819172064,57.13236384095746,9.843156734708012e-05,341910.3186142727
3860,bc1qktcw57mtx69ck023s9jmd672d00rh9mq49qmpp,6.0,Low,No,Normal behaviour -- no red flags,20,1.7722569493569942,35.445138987139885,7.55870175098656e-05,365555.88365963154
3861,36miNdp6uFNXpM7F36ADBdKeUSaugU3i3Q,6.0,Low,No,Normal behaviour -- no red flags,20,1.996569785800324,39.93139571600648,0.0001197495015728,339415.23780605267
3862,bc1qvjhvh90a0fm5w0fh5xfsjtas8vutxuy63xpc2j,6.0,Low,No,Normal behaviour -- no red flags,17,2.2594484774997547,38.41062411749583,0.0001168948417076,465367.3500270625
3863,bc1qjaqxnpxnp5q5hn92mf4c75k39yrvtp2ewn3azg,6.0,Low,No,Normal behaviour -- no red flags,17,1.652848982775689,28.09843270718671,7.766999939616664e-05,422063.485438375
3864,bc1q48ctf7dlyru7rfzdadsfm7udumzx9tuy65wlm7,5.9,Low,No,Normal behaviour -- no red flags,21,1.7066940991439783,35.840576082023546,0.0001092753389258,362931.9631313
3865,bc1pgvugkd9talh4hw86ft0404cyvg4tpckx8z3q430lqrhgpwhsd7lshk3eha,5.9,Low,No,Normal behaviour -- no red flags,20,1.9017184987750213,38.034369975500425,0.0001208836725091,382780.1991940527
3866,bc1px6xx4dphfgxak5x4mzag2vhuahlsj4jnfn42lzpdkva6djqmrllqln6w73,5.9,Low,No,Normal behaviour -- no red flags,14,2.1601228603905853,30.241720045468192,9.613263870890404e-05,455030.4726030001
3867,3GQcdYhmreE4PnDPScUvpE15PhAa479vgy,5.9,Low,No,Normal behaviour -- no red flags,19,1.5134640163798607,28.75581631121735,8.140442736850966e-05,391080.6153335556
3868,3QrGyTVEQoF4d3nDEWTyZbMWBf9sx4tQUh,5.9,Low,No,Normal behaviour -- no red flags,17,1.73950719500496,29.57162231508432,0.0001164201921806,464060.967158
3869,bc1q6am9ngu9383uda3jpm4mjqx9cna4vtr2e8063k,5.9,Low,No,Normal behaviour -- no red flags,16,2.544398252456706,40.710372039307295,7.811730296722125e-05,455503.3877131333
3870,3KGLNGsE6wJtytLE2RUVrDHACdrzgVurrJ,5.9,Low,No,Normal behaviour -- no red flags,16,2.3819041480947103,38.110466369515365,9.612216079398772e-05,488992.1264666666
3871,3Fst8n5tZ95z51uNWZN1zj9uHgUXgrW5jW,5.9,Low,No,Normal behaviour -- no red flags,22,2.5937711135861483,57.06296449889526,9.852532797004558e-05,339318.02393861907
3872,1ENmuXutMw3CNkcF388xxMgLk6PVosbLGB,5.9,Low,No,Normal behaviour -- no red flags,16,2.570495065695149,41.12792105112239,9.775411792899072e-05,486373.2712656666
3873,125QbbMpRd1DUKbhhhRkocQJbcpjQdBwyG,5.9,Low,No,Normal behaviour -- no red flags,20,1.570511600750415,31.4102320150083,8.90083658996987e-05,356697.6309302631
3874,1Doc4WHXQxkTtpfPKpdU9QZ6G9KZ8djLjr,5.9,Low,No,Normal behaviour -- no red flags,23,2.265831956618885,52.11413500223435,0.0001132001174701,326491.71991200006
3875,1LpdkqGFyvYgjonLf4JcfnTQULrfaFzkaJ,5.9,Low,No,Normal behaviour -- no red flags,22,1.894808138898159,41.6857790557595,0.0001044540707769,298843.6093047619
3876,1PwrspztDQ4TtEX1ikDopYAPRRSr9s7Hp2,5.9,Low,No,Normal behaviour -- no red flags,22,2.0485600383019817,45.0683208426436,8.250298379682577e-05,327255.1732783333
3877,1Lm8P4pW5pFCJzWewY5tYF1vhJFzecAgVZ,5.9,Low,No,Normal behaviour -- no red flags,16,2.20666385695055,35.3066217112088,0.000114969147057,501043.11136006674
3878,bc1pmh78tftg5ejpa26lj6cx3gg3t4cmu5ulksc6kxm7hc8yw9hu8lhse7dwqv,5.9,Low,No,Normal behaviour -- no red flags,18,2.056240843166713,37.01233517700084,0.0001149104701831,338136.2031757059
3879,39DwZ48j9Dm4YNpWxEzUgv23JqFNhkngFW,5.9,Low,No,Normal behaviour -- no red flags,19,1.7735343599158444,33.697152838401045,6.932909405557985e-05,369522.9437185556
3880,3D83CfgQoxSjSkjCKKXpceCTUGJM2Xb4Rn,5.9,Low,No,Normal behaviour -- no red flags,19,1.7041511919811303,32.37887264764148,6.91201833709583e-05,400188.62633488886
3881,bc1qzlypfkader8pupm8hec3ejs7q588k56y6qctjt,5.8,Low,No,Normal behaviour -- no red flags,22,1.6886069228866702,37.149352303506745,9.670289763852262e-05,358157.97784271435
3882,1Cu4PXLR9BJz6oyVjWfd9Q2KwvPzqMCbhP,5.8,Low,No,Normal behaviour -- no red flags,21,1.673391008442155,35.14121117728526,9.519434092376472e-05,369205.40762105
3883,bc1qyu690eamypyjp5pysjnv4h4ezau5zhar62x82g,5.8,Low,No,Normal behaviour -- no red flags,19,1.7727945352222676,33.683096169223084,7.28231945972095e-05,415389.9982025556
3884,39DWNDgLChTzJ82HcLA63ENFxm3fUCPYvj,5.8,Low,No,Normal behaviour -- no red flags,20,2.570630998155787,51.41261996311574,9.85089481132366e-05,311682.2816859473
3885,19fZpzwB5oecWEzjQRkJyvFicXDvsSQUP7,5.8,Low,No,Normal behaviour -- no red flags,20,1.765255605977331,35.30511211954662,7.959957345726798e-05,397598.5647680526
3886,bc1qqrzer3xwxv927jqs2qdp2kqkph60ldkdrxz9n7,5.8,Low,No,Normal behaviour -- no red flags,18,1.4887205568855435,26.79697002393978,9.65873663892279e-05,445906.5960068824
3887,1D3XtrUZaC8AGJyh7L97bWxiUKXgceFWMn,5.8,Low,No,Normal behaviour -- no red flags,19,1.5821338609763016,30.06054335854973,7.596927546684366e-05,392410.384383
3888,1HGdrqMKB7FAN6AZpN7wFpJeSXPqM3b4Lv,5.8,Low,No,Normal behaviour -- no red flags,21,2.0480432193396445,43.00890760613254,0.0001093130342142,305425.91206839995
3889,188MGTjLAeZnXm42UnBhxxdWVoZLR8F4UT,5.8,Low,No,Normal behaviour -- no red flags,21,1.722688020601122,36.176448432623566,7.938186624406311e-05,359134.5839772
3890,3EweuRWNrHnz9hFkWjuFWmQjf5Pb1Bzer5,5.8,Low,No,Normal behaviour -- no red flags,16,1.6338601799203984,26.14176287872637,9.470757267090874e-05,482511.0528336666
3891,1FjNqq2yUgSGBsMH27UthTTT65rnvKzrVG,5.8,Low,No,Normal behaviour -- no red flags,20,1.9291379949384304,38.58275989876861,0.0001134475898316,351078.1993217895
3892,3DEYpQrdpaMm3psvKzK96XdjPrataVFjFu,5.8,Low,No,Normal behaviour -- no red flags,20,2.324672136355768,46.493442727115365,0.0001169764071235,338278.5001785264
3893,1CCt9HFDJHWwj6nauacyFAmQPwMU14n8oU,5.8,Low,No,Normal behaviour -- no red flags,21,2.2817404119832685,47.91654865164864,8.13967063230959e-05,377471.0334064
3894,bc1qk6av6u58srkuzj8fg24p3crhrde72zakfagaky,5.8,Low,No,Normal behaviour -- no red flags,20,1.6038523905544892,32.077047811089784,8.798481497093133e-05,355539.5223152632
3895,bc1ppdynf50xdprdhpu5lgl7xevyszplydz5sdkaaxtjvwn94zwk30hq0c2fhw,5.8,Low,No,Normal behaviour -- no red flags,19,2.2669788856613526,43.0725988275657,0.0001213263393783,429831.8474320556
3896,1BMY8yxxbux1ZC1WLvy5GUfi5DiU7TfXR6,5.8,Low,No,Normal behaviour -- no red flags,17,1.457510016900459,24.7776702873078,9.61132693145296e-05,393801.307601625
3897,bc1q266qf898mukt06vh0vusggclxtu79w72wdhlw4,5.8,Low,No,Normal behaviour -- no red flags,15,2.180553894570549,32.70830841855823,0.0001063259500733,517992.1819255715
3898,1FiAsVKg9ixCasbsVbyfKbQyEfkgExa9i4,5.8,Low,No,Normal behaviour -- no red flags,15,2.098561203279522,31.478418049192825,0.000106544493848,515305.24881442863
3899,bc1qkxqajxdul34vl2g2qhvtm9skr8csc04vmtfw77,5.8,Low,No,Normal behaviour -- no red flags,19,2.636033575197698,50.084637928756266,0.0001106708613677,393524.4800083333
3900,38EWiuXi9FXbYFnBqrGi1NPCA1z6JHpXU4,5.8,Low,No,Normal behaviour -- no red flags,18,2.563309296861731,46.13956734351116,0.0001150844348571,433117.8871585882
3901,bc1qm6twcknpsekr9e332ug5tgd7wrnfsvzxaenqz4,5.7,Low,No,Normal behaviour -- no red flags,20,1.696912110584322,33.93824221168644,0.0001138456103603,340696.68053510535
3902,bc1qy60jhd8z4sasp2tpq574y2netkqsng3fezlwpx,5.7,Low,No,Normal behaviour -- no red flags,21,2.183202077743545,45.84724363261445,8.09776375477178e-05,364048.1001919
3903,1PpLgHB3tji6rCJEfV9Y6aAPpvQ77JJKnL,5.7,Low,No,Normal behaviour -- no red flags,20,2.4988702426280134,49.97740485256027,7.709371029217015e-05,393027.4422794737
3904,1DFAkQ2kUMMzw3Nxd8o1bhLDhQzbyTtALo,5.7,Low,No,Normal behaviour -- no red flags,21,2.53566412364468,53.24894659653828,0.0001076681651649,368959.6240645
3905,15CUZwU1SF6RtukwniTQP3WuyPVobPu2oe,5.7,Low,No,Normal behaviour -- no red flags,17,1.5540631709551789,26.41907390623804,9.692138610730288e-05,451449.85715125
3906,19Y5Hzu1BbspHP1c2MfuNToq3Hkt1kT2XF,5.7,Low,No,Normal behaviour -- no red flags,18,1.8815902334717105,33.868624202490786,0.0001257556323263,426504.2483877647
3907,39GKF1R2Tt7JzQQ9q6f15Bu1PomTG3CmLZ,5.7,Low,No,Normal behaviour -- no red flags,17,2.51648067421232,42.78017146160943,0.0001219255714603,415825.875292375
3908,3FHzi9KSqu73ueLbkWyS4PKJrKoamQ85pw,5.7,Low,No,Normal behaviour -- no red flags,17,2.433151111814748,41.36356890085071,0.0001106283136744,470969.3326235
3909,bc1p9w6el2xexundshj40n94asvtuankkhd5qtv60yf330ycpjeydm7qe7grmd,5.7,Low,No,Normal behaviour -- no red flags,17,2.442047497806421,41.51480746270916,0.0001186195887847,456100.687104
3910,34A7A76SLUBfpWwZme1nopAaTyNDakHFP5,5.7,Low,No,Normal behaviour -- no red flags,18,2.0048977571674675,36.08815962901441,7.052109341026876e-05,405716.0705924118
3911,17JHLHxsj9crRJZT8UbzTFTr5YPNSzmyDa,5.7,Low,No,Normal behaviour -- no red flags,16,2.3206486345647623,37.1303781530362,9.947377633016072e-05,473945.72363520006
3912,bc1q2lqwjfudvau75lsteuzw5tujte8uf4zpzfljtm,5.7,Low,No,Normal behaviour -- no red flags,21,1.9491124558702,40.9313615732742,8.115895431420246e-05,370617.49964275
3913,bc1pllv0htqtt0x8vd3dc3xd0zswcqetxl24lxswzv3vjq7cv09mp8lqsdu56t,5.7,Low,No,Normal behaviour -- no red flags,18,2.593174869493634,46.67714765088541,0.0001097463099601,447120.6039725294
3914,bc1p93k0epp07pq9vwrjn4s9gphasljf0trje8ppmv7xexg7xrv6pmusqezkuy,5.7,Low,No,Normal behaviour -- no red flags,22,2.16460760176614,47.62136723885507,7.994759962011926e-05,365323.705571
3915,bc1q9veeprcqpyvlnmk0pkkretcmadne69l6a6c7eu,5.7,Low,No,Normal behaviour -- no red flags,21,1.974862217954529,41.47210657704511,0.0001194146124659,386943.34053905
3916,1De4jzipqbjeTX9nZJmJ99FCWoVvgUzxM7,5.7,Low,No,Normal behaviour -- no red flags,18,2.3353833004374747,42.03689940787454,6.891460257777618e-05,425677.1353932941
3917,3LigWh4jvmcYcyqHFzgzKUMbXhNXURCt3n,5.7,Low,No,Normal behaviour -- no red flags,17,1.5235901318907594,25.90103224214291,8.800467050050781e-05,417692.3128929375
3918,1Gy1J292Zd1ihdtkq2zdBVU2VvKwPVc6pr,5.7,Low,No,Normal behaviour -- no red flags,18,2.699104065213372,48.5838731738407,9.379083935863894e-05,370060.79947935295
3919,15jUxF2fquEsrbKTNfiyuWwsHoT1fHCJV2,5.7,Low,No,Normal behaviour -- no red flags,16,2.310366360421818,36.965861766749086,7.815101195079e-05,441468.14340073336
3920,bc1q9ttpx0xep6m6tn7l6alzc2zjh7djpsdyz4fs9w,5.7,Low,No,Normal behaviour -- no red flags,20,1.64205460950535,32.841092190107,0.0001094131315231,355702.7543366842
3921,bc1q4dnq5484zjdsgpq8a3l3qfvcktc9wuzpxwn6g8,5.7,Low,No,Normal behaviour -- no red flags,20,1.6454387631687368,32.908775263374736,8.629879361675642e-05,355394.9716956316
3922,bc1q6l72g6c2u3l4e0jk2ltu7kjy89kylesdxffug2,5.7,Low,No,Normal behaviour -- no red flags,20,1.59694230746745,31.938846149349,8.960153526147148e-05,383354.5390643158
3923,bc1qxdmyqkw3ksfyxwtzz42vmrx5hh407e2wymymdm,5.7,Low,No,Normal behaviour -- no red flags,16,2.635168163856456,42.1626906217033,0.0001102975228395,385072.7481446666
3924,bc1ply07s0p54swzqvwamc7zrvzra9tmp3e34mpamauf8zpxyyv2uagq7374dk,5.7,Low,No,Normal behaviour -- no red flags,20,1.8155935074954983,36.31187014990997,7.736802510336513e-05,399266.5664212632
3925,bc1quhpl7c4rlsr7kkt9lajju3mjp7kyss0elq325l,5.6,Low,No,Normal behaviour -- no red flags,22,2.1806667601797685,47.974668723954906,7.865942848737437e-05,352571.3697329047
3926,bc1qaygffmae2kqw8r9pxwchheczjehfpm8f0vn23e,5.6,Low,No,Normal behaviour -- no red flags,17,2.1670567527557787,36.83996479684824,7.904395356997387e-05,439058.9264499375
3927,3QnCguNkEeu9PJ7ek8jtWR4vUcMpLd8PC9,5.6,Low,No,Normal behaviour -- no red flags,21,2.054972390243223,43.15442019510768,7.85130754132893e-05,353814.61357775
3928,bc1q73lzjzmrup907juv2mpkyj9kdtvfhg69gkvz8p,5.6,Low,No,Normal behaviour -- no red flags,18,1.4928074135960965,26.870533444729737,9.031859838951032e-05,424981.4955877648
3929,1Ghn4PtpxfivnkkdyYDssxA4HCEVLZUDn2,5.6,Low,No,Normal behaviour -- no red flags,22,1.863410052839702,40.99502116247344,9.633988082220992e-05,312639.9849899524
3930,bc1q3xagf3lpueqst44pxftyan6jfstu9l5fxu5rf6,5.6,Low,No,Normal behaviour -- no red flags,16,2.622050291511515,41.95280466418424,8.53345061025285e-05,452373.4367018667
3931,3EBnpKfsXgqgbALyaYZUpSWPSmLGXKP3rg,5.6,Low,No,Normal behaviour -- no red flags,22,2.463350448235944,54.19370986119076,7.983036848295391e-05,337855.3644386667
3932,13cA47vWDuQtn1Ziqa8Y7bJXV8WRQreH2M,5.6,Low,No,Normal behaviour -- no red flags,22,2.317531932645439,50.98570251819966,8.29612921707776e-05,363273.1806847619
3933,bc1qk3yr04r8dp8q4ewwef8dh75tzglrcl5nr4h2sx,5.6,Low,No,Normal behaviour -- no red flags,20,2.2674300836862287,45.34860167372457,0.0001159204187818,368254.5805745264
3934,18B4ewnfcZzLe6GMkG7984ycFXQiAPtK74,5.6,Low,No,Normal behaviour -- no red flags,16,1.5830446142052708,25.32871382728433,9.381433571194887e-05,423545.5676341334
3935,1CN14rHZHH6t8tjyQx7984GBSNv33HGD5E,5.6,Low,No,Normal behaviour -- no red flags,21,2.0476399635002145,43.00043923350451,7.365474261939197e-05,348579.2534371499
3936,33FNoJ1T59aw75HfhVqJzZJU5iXch8yXMr,5.6,Low,No,Normal behaviour -- no red flags,21,1.9816614171741955,41.6148897606581,0.0001194865019595,364145.6062195
3937,14qwo5p88CM1ud7aDuxqToaedbRWQ5JvED,5.6,Low,No,Normal behaviour -- no red flags,20,2.596138735418653,51.92277470837306,0.0001123609806121,363987.2148820526
3938,bc1qq9sq5q2fklkcwun5cg2cal5y6qsgj6jl70edus,5.6,Low,No,Normal behaviour -- no red flags,16,2.1780363250779224,34.84858120124676,8.697948671986597e-05,474707.3902551335
3939,333YwkBFXdrfD9b5JkVbVP6qk6mbjuZnvK,5.6,Low,No,Normal behaviour -- no red flags,17,2.43523844046032,41.39905348782544,0.0001213032295421,368580.6754225
3940,bc1qyu7ff9j76k2fjdekulcjx253g9vnuwa7ff9p0f,5.6,Low,No,Normal behaviour -- no red flags,21,2.5107863619224404,52.72651360037125,7.66803309429418e-05,348419.19112284994
3941,bc1qmgkf0326hhf9q6jpus5vkr8lxku4pxvn33wts2,5.6,Low,No,Normal behaviour -- no red flags,22,1.73247900526719,38.11453811587818,0.0001034955089529,326327.37906752387
3942,bc1qclfssndq8qhv2lq4qwx7q580u8zsz92s99nchg,5.6,Low,No,Normal behaviour -- no red flags,22,1.726029843280478,37.97265655217052,0.0001015887332212,329861.64923057146
3943,bc1qp2s4yjvv3xkzt8spt4f8xvh42uuagrhny4rm9r,5.6,Low,No,Normal behaviour -- no red flags,20,1.912961135196523,38.25922270393046,7.614466949222248e-05,403082.02005668427
3944,3B5G3j3jEPCNNkfQc8FPL5XdAPX1xK4J5H,5.6,Low,No,Normal behaviour -- no red flags,23,2.3336212724462366,53.67328926626344,8.594963354904007e-05,337547.37557595456
3945,bc1q6hxtm6wy5k6jr90anhwz4p737nx3lds35u26es,5.6,Low,No,Normal behaviour -- no red flags,16,1.7239614397574443,27.58338303611912,0.0001076134873314,500440.69760766666
3946,1Nyj47EL32BfV8fddyVcfENTVPQoMQwvn5,5.6,Low,No,Normal behaviour -- no red flags,15,1.954825024530075,29.322375367951125,9.246979613984667e-05,501598.19429685705
3947,3FqfFwDSTe6fQKcym5Uq4SjA483D6vdo7r,5.6,Low,No,Normal behaviour -- no red flags,21,1.7366954341854857,36.4706041178952,8.27000898787382e-05,328827.531109
3948,bc1q220htvuslt5pznly7llg6sc3h9up3y00akwvrg,5.6,Low,No,Normal behaviour -- no red flags,18,2.3487814486680776,42.2780660760254,0.0001246670765607,389617.9588462353
3949,bc1q36n2qyz2rk4f4euf6t5xvxs200gfw7wz6vq3aw,5.6,Low,No,Normal behaviour -- no red flags,18,1.683003242466591,30.29405836439864,7.870567931573803e-05,431231.44124047057
3950,1L5bExbbFHc379UUAAibsSyyQvsAzz59T4,5.6,Low,No,Normal behaviour -- no red flags,21,2.2834265516293377,47.951957584216096,7.634674592978902e-05,370612.5460467
3951,3N94nFG2Kk7ri72pvvLowXPqutaS77Tbkz,5.6,Low,No,Normal behaviour -- no red flags,18,2.008122994864559,36.14621390756206,7.310725333235027e-05,401716.7602681765
3952,3PAhhcbSxS9JrTrPXER1yqYm7ThZZdZoAU,5.6,Low,No,Normal behaviour -- no red flags,15,2.3362775320503606,35.04416298075541,9.891864675286133e-05,453513.4714995
3953,3LZWZA3hkj9FYzZ5BwYGXnZGQSk2ftnkpe,5.6,Low,No,Normal behaviour -- no red flags,19,1.5713547990801693,29.85574118252321,0.0001128530437117,389299.1252637222
3954,bc1pum40xsp3fmzvu8qaur3ugssk2wq2aqmk0sv6yht6me5cx0n0w6zq3tnvxl,5.5,Low,No,Normal behaviour -- no red flags,21,2.002647034724533,42.05558772921519,8.251961988239495e-05,368967.02398065
3955,1ApvRydHWmk17puDqpPBoA8X3Co25k3jZP,5.5,Low,No,Normal behaviour -- no red flags,20,2.3979604686788085,47.95920937357617,7.019757407771159e-05,366450.3807888948
3956,3F5ZmDKk9QkXuXeEVeWsayGACNLizAXdEr,5.5,Low,No,Normal behaviour -- no red flags,22,1.9927800598614027,43.84116131695086,0.0001105521502818,327879.9122039048
3957,bc1qprtfsxaplqhwxuu9l8edkyjrhverlmst5hly27,5.5,Low,No,Normal behaviour -- no red flags,18,1.585405469699544,28.537298454591795,8.514935381909401e-05,355358.2756184706
3958,16mUWTw9Qszofw7gAAuqheXuE7qjW4bTp3,5.5,Low,No,Normal behaviour -- no red flags,15,2.5697973502011333,38.546960253017,9.801385039989408e-05,410597.3795044286
3959,12Nx1aEFgLd7tSoDkDK9NwUtPPjtBSYdiq,5.5,Low,No,Normal behaviour -- no red flags,20,2.539801193522268,50.79602387044535,7.311588176930116e-05,373412.9608850527
3960,1N3dXhxFr4aSso4jF8m5X9v66M5KU5hF2b,5.5,Low,No,Normal behaviour -- no red flags,18,1.4960187637832938,26.92833774809929,0.0001006501677236,389519.613343353
3961,bc1p6pq6hqkavtj9pjegss69jc4t6g30cu3lrtttl6y247rl0fj47y0qr2lwry,5.5,Low,No,Normal behaviour -- no red flags,23,1.7428816529125972,40.08627801698974,9.110351615855428e-05,347368.01395204547
3962,bc1qnh6qdmlhygfyex9fneaz209at93n7tpcyc29rm,5.5,Low,No,Normal behaviour -- no red flags,21,2.5545020126294826,53.64454226521914,9.595774596504874e-05,375552.9081813999
3963,3G13yGgTfXDBuRzFMHmWuqN7ZoZzFsEG7z,5.5,Low,No,Normal behaviour -- no red flags,19,2.376307980231489,45.149851624398295,0.0001205399006072,400791.8794306112
3964,35KbFDppLookt2vnYQc8v7x6s1fAwyfZYo,5.5,Low,No,Normal behaviour -- no red flags,17,1.652680540839805,28.095569194276685,0.0001014481602222,463326.4183681875
3965,bc1qpn4n9f5w05cz286j950td3a9ejfhv5ggt9runt,5.5,Low,No,Normal behaviour -- no red flags,17,2.0495973678446826,34.843155253359605,0.0001123153327492,474851.2552376875
3966,bc1qsg8jfxpj0vqr28ydwrfnnqktjmfjfcxjwaeles,5.5,Low,No,Normal behaviour -- no red flags,15,2.2157817933965607,33.23672690094841,8.961805963998545e-05,498200.1393035
3967,1DcKk8khhkbZW9vYdnMhptaxWokSzykqrY,5.5,Low,No,Normal behaviour -- no red flags,21,1.7710949989453109,37.19299497785153,8.308846359719025e-05,376003.20276045
3968,18nN5EcgHoBNxBi7UMeccDLdtLFBSrbvQN,5.4,Low,No,Normal behaviour -- no red flags,16,1.81453998924315,29.0326398278904,0.0001145822045059,487299.8798840668
3969,3B4vfFwKnq1Upbx2L7ujNRgWANGkYmJCuA,5.4,Low,No,Normal behaviour -- no red flags,17,2.550711619071026,43.36209752420744,9.077226881934685e-05,459618.6730671875
3970,bc1qzttvdrmevym3kg5s200fr26hq2s2ds6mrze550,5.4,Low,No,Normal behaviour -- no red flags,21,2.203819402639584,46.28020745543125,0.0001234942816222,355480.81825494993
3971,bc1q2a0ttnchynqmah2rhjd86q3g5gw4l57lke9e7l,5.4,Low,No,Normal behaviour -- no red flags,22,1.7441551679297007,38.371413694453416,0.0001018621693736,359199.1142484286
3972,bc1qcszqyu5kvuahq0d4y3w52tkarxyjkv37rdjx68,5.4,Low,No,Normal behaviour -- no red flags,17,2.29146828091802,38.95496077560634,9.848007875407114e-05,469738.27959112497
3973,bc1qre2kw3ry2kapazt0p9kpm6t90gg6zrluk7xkzy,5.4,Low,No,Normal behaviour -- no red flags,18,2.6148848365971924,47.06792705874946,8.329760121757579e-05,434404.4885837648
3974,1NyGaPbyAkfiRaBTEpmELqDARNGpmzyzJQ,5.4,Low,No,Normal behaviour -- no red flags,23,1.8783988657177275,43.203173911507726,8.803335132849481e-05,317405.3691809091
3975,bc1pxpwsan2u2w0kg5t7vqzhvj9tr2rv5xfza3meghnhu2dsk6fqz47sma8w9d,5.4,Low,No,Normal behaviour -- no red flags,16,2.290190013122224,36.64304020995559,0.0001102786905304,475472.7738844667
3976,37V8CuZAapwKQhRwKy3jLXy26enPASDBmo,5.4,Low,No,Normal behaviour -- no red flags,19,1.445386137930278,27.462336620675284,9.093443316324424e-05,410944.5231146667
3977,17wK1cJPqXXUS5W69GoPWpf7rREY3ejay7,5.4,Low,No,Normal behaviour -- no red flags,21,2.5165570091713407,52.84769719259816,0.0001053454205207,324235.3784197
3978,38jmisJqSNiVbwsDhhnmmCNRPkubnY8Paz,5.4,Low,No,Normal behaviour -- no red flags,23,2.145304242994309,49.3419975888691,8.728498034307237e-05,302215.2323429545
3979,19aRKFFWvow8BcPATqZqJnEfyVTexJYbo6,5.4,Low,No,Normal behaviour -- no red flags,22,2.055624743242471,45.22374435133436,0.0001082303259344,361429.900420762
3980,bc1q48cff58czxk8472eve2scj0vt8j95ckcquqlh9,5.4,Low,No,Normal behaviour -- no red flags,16,1.998503510155678,31.97605616249085,8.1141358013311e-05,392012.39062733325
3981,1JxpfBgyhDEMDq81WZX68AtoLxkjQsTGaq,5.4,Low,No,Normal behaviour -- no red flags,19,2.6569525370812626,50.48209820454399,0.0001092661656299,385830.95291172224
3982,38mXvkLLVNypHKNYxDRCVVeuTS917QpZ5Z,5.4,Low,No,Normal behaviour -- no red flags,21,2.112457752539478,44.36161280332903,0.000113637704733,374505.13126835
3983,13jjtn19vcJHdEBbQyx6wrHeu2NVny7zWf,5.4,Low,No,Normal behaviour -- no red flags,16,2.2085235817704407,35.33637730832705,8.489539653218192e-05,480443.6889233999
3984,1L1yYijLH95U36mnTGg4mfQGUWPtQ3mtPP,5.4,Low,No,Normal behaviour -- no red flags,22,2.0509835732115507,45.12163861065412,8.3279099843121e-05,358517.30365828564
3985,bc1qdry35flq22krdr8ex76gth66l58lf6jwx4s7nl,5.4,Low,No,Normal behaviour -- no red flags,19,1.6013994758834476,30.426590041785506,7.925181940860122e-05,374854.89985844446
3986,bc1qd2j2050828xeu9d89hs79kdu5x29ud2shwasdk,5.4,Low,No,Normal behaviour -- no red flags,22,2.5722441462806938,56.58937121817526,9.77769229345428e-05,329189.64319323807
3987,bc1qtfvu2428sj50edytp8w2c4adl4qnqtjjp4968y,5.4,Low,No,Normal behaviour -- no red flags,17,2.2053826982420675,37.49150587011515,8.198646103869585e-05,453220.91047025
3988,12i57ZBGRFGoZ3bjVPsAYJH4AVTrBvwdp3,5.4,Low,No,Normal behaviour -- no red flags,21,1.7582864316770417,36.92401506521787,7.969888209844067e-05,336883.8842526
3989,3CbDs4s9Eogg43WdbvY5PXukUxwoVRALwx,5.4,Low,No,Normal behaviour -- no red flags,16,2.3139252316022474,37.02280370563596,9.048216643713985e-05,472365.4145644
3990,bc1pc4h2jplqr6urm4z34apylpst0gamazwuea5z3qft3tu2mtw9r6dszva0nq,5.4,Low,No,Normal behaviour -- no red flags,16,1.9087130132698231,30.53940821231717,0.0001202891629512,408668.006757
3991,bc1qvs5470ut0cycyjczdd5zhgvsj6nkth8fsr0g5j,5.4,Low,No,Normal behaviour -- no red flags,15,1.7735630851099615,26.603446276649425,9.550801607957088e-05,508772.1353731429
3992,1MrFD2rx5KnkNnGKst2LCoyrp3dU3CGGUC,5.4,Low,No,Normal behaviour -- no red flags,22,2.567053558058831,56.47517827729428,0.0001020590675646,342453.9899573333
3993,3KbfjNTaqmL4z9SuDqfKbyKxgnpuJfvFEh,5.3,Low,No,Normal behaviour -- no red flags,20,1.6583469864909268,33.16693972981854,9.87115073615896e-05,406709.8575468421
3994,bc1q99m0kkfre7pen3cxer5ew594marpcz24pdzwaa,5.3,Low,No,Normal behaviour -- no red flags,21,2.3735937691993785,49.84546915318695,7.80257643043049e-05,370710.06110235
3995,bc1q9nehts7vcw5cu7fgyt5pqekw2u82xdnc9mjz4m,5.3,Low,No,Normal behaviour -- no red flags,15,1.9567414587564256,29.351121881346387,0.0001026416276435,487189.8714963571
3996,17faaRMLwHJQiX1kdFmxRJoQ3z1zoXrTMc,5.3,Low,No,Normal behaviour -- no red flags,19,1.7742481702894757,33.71071523550004,7.051431745337062e-05,374150.4835748889
3997,3EDg7NVzNRdgEKCv5W84aHuMvNFVV4bSZT,5.3,Low,No,Normal behaviour -- no red flags,17,1.987415483656464,33.78606322215989,0.0001167918863435,469645.00683137495
3998,17ZN7cEgEVYzDipdCsvyA8N1dDgTmQSbEu,5.3,Low,No,Normal behaviour -- no red flags,21,1.8985776294155208,39.87013021772593,0.0001162361531808,375243.8935048
3999,19L1Lh3L1nM5ZmiFDZH6qme4eG1vKmfVLy,5.3,Low,No,Normal behaviour -- no red flags,16,1.886055792749499,30.176892683991984,0.0001160010881231,468930.6468458
4000,3P77iykQvRhvo7y1CR7RGwitL58BLGukde,5.3,Low,No,Normal behaviour -- no red flags,19,1.966565884520375,37.36475180588712,0.0001220543553627,368319.6786216112
4001,1Mvr1WnznpgjqeSSsc35iUGvm8ue41NxFC,5.3,Low,No,Normal behaviour -- no red flags,22,1.7700160638627749,38.940353404981046,9.195333801112468e-05,334236.60465019057
4002,bc1qn63uag65n792vvslvxg7du2xpxt5l2r47nv6tt,5.3,Low,No,Normal behaviour -- no red flags,20,2.281490509975727,45.629810199514544,7.394868221873054e-05,359961.6967882632
4003,bc1qlnl846zlx2ln673k73jlp0gxel8yeyqdl5p27g,5.2,Low,No,Normal behaviour -- no red flags,16,1.727990050652688,27.647840810443007,7.688131979619606e-05,386292.0229802
4004,bc1qk5rwpv5g84zkcsttrc2qhrjt9nrju8hrawz8zq,5.2,Low,No,Normal behaviour -- no red flags,16,1.7164993987248365,27.46399037959738,0.0001108949587959,428290.44312193326
4005,19vJsRruQGNMHCZmJ9LcUQmPDHKFxxurJ8,5.2,Low,No,Normal behaviour -- no red flags,18,2.1997637170288376,39.59574690651908,0.0001187812869602,374454.01510223525
4006,bc1q5xk3xw2pr4rg8kf0mlv6qnks3dd5v42efprs5v,5.2,Low,No,Normal behaviour -- no red flags,20,2.4047093121736167,48.094186243472336,7.202801440776556e-05,363327.069008
4007,bc1quz8d2rhf5y0lge2q9n936urs4ysgttcz45l49u,5.2,Low,No,Normal behaviour -- no red flags,15,2.273178935463108,34.09768403194661,9.070935009940376e-05,489221.6754192143
4008,bc1qjm26udcp6pvy84nmhylftu44k5046lh5cgu2rx,5.2,Low,No,Normal behaviour -- no red flags,20,2.344192480100733,46.88384960201467,8.412024981747113e-05,315024.48761447374
4009,bc1qpxcc72s2v8jpfah6qkrgq7u935pgp3vvdaa9fd,5.2,Low,No,Normal behaviour -- no red flags,20,2.199988586231524,43.99977172463048,0.0001187823884823,375176.19918900006
4010,bc1qlsk6mu4r54jqsls8n5zhdek9dcgmr9lqhe78z6,5.2,Low,No,Normal behaviour -- no red flags,18,2.6447462592558875,47.60543266660598,8.863885274845766e-05,416422.8991854706
4011,3MDmv3jgxUxWjpdPur92yuRMcXPBxg8Lex,5.2,Low,No,Normal behaviour -- no red flags,19,1.864096458888706,35.417832718885414,7.228288823336103e-05,373212.849194
4012,bc1qnquhtdcn83r2uzskz5rfptjhceczmj28gjhgzk,5.2,Low,No,Normal behaviour -- no red flags,17,2.276695379143503,38.70382144543955,8.15957826036835e-05,445130.087658125
4013,38ywQMoy1pLVC9wmLtZR4PrXRrJBa5EGr1,5.2,Low,No,Normal behaviour -- no red flags,22,1.9351469431488868,42.57323274927551,8.149491033680034e-05,341747.73177633336
4014,bc1p88n7q4z5t2jutgx0q2yxcfs4np64skzrvh3fg6t29hr92d67d6asd00p8k,5.2,Low,No,Normal behaviour -- no red flags,16,1.99869553574941,31.97912857199056,0.0001051548169509,513306.8662852
4015,3NgJLJ4zQR474v9K1gq8BkB8LNnumB5qeS,5.2,Low,No,Normal behaviour -- no red flags,19,2.4185766056079534,45.95295550655111,0.0001226563348939,387929.9439533889
4016,bc1qv8gxm8xxqy64nv9ppeq8gwf64uwn60897ydys0,5.2,Low,No,Normal behaviour -- no red flags,21,1.6857701360212585,35.40117285644643,9.03997322376346e-05,384767.27254945
4017,14MnjeEmtnNa96LsCuAF19741TC1Pv3tbp,5.2,Low,No,Normal behaviour -- no red flags,18,1.7001134606510522,30.60204229171893,7.78844744346212e-05,427409.83472141175
4018,18ndHWYv6wDLSjrvcdui9nUgZpBQgdstaz,5.2,Low,No,Normal behaviour -- no red flags,20,1.969071443577021,39.381428871540415,8.111042599977352e-05,358594.02994084207
4019,37ZdMpUoXnoP57egtmHP2xR8tzBHNkLWHu,5.2,Low,No,Normal behaviour -- no red flags,17,2.158220036499237,36.68974062048703,7.519799221122504e-05,422506.65769525
4020,1BLNBjNEENAZ9KRtVyksunsiHxVYNoMjNo,5.2,Low,No,Normal behaviour -- no red flags,17,2.247061571239034,38.20004671106358,9.360524180721262e-05,482343.6862185
4021,1F3K9xC961Ee6JiAfLhvqRB8Tu2JjS41cp,5.2,Low,No,Normal behaviour -- no red flags,20,2.3094273246529524,46.18854649305905,0.0001125387287626,395860.2184577894
4022,bc1phu9rcettqdpr7jk7e5tj4qcx958293m8efxes7gjkfy8dgpv6hfqw30qjh,5.2,Low,No,Normal behaviour -- no red flags,18,1.7291237700461597,31.12422786083087,8.224757012980917e-05,434420.46353211766
4023,bc1qhu8hd0sc0a74tyesmmayf608vwgs83lmzrtvyr,5.2,Low,No,Normal behaviour -- no red flags,17,1.986371897779713,33.76832226225512,0.0001230251772528,436081.8664404375
4024,1HEYyMjTBaFckHURGqNDeU79qCYCA6CMpS,5.2,Low,No,Normal behaviour -- no red flags,16,1.706253275072903,27.300052401166447,0.0001049619762009,460164.66401193326
4025,bc1qxeqexpnltq3jpuvujhqf4r7nv5avdxd6890s9f,5.2,Low,No,Normal behaviour -- no red flags,21,1.994069503128588,41.87545956570034,0.0001140129021096,320879.6877297
4026,1PMzakt5isEs5mMySNEUvcjJxpsXjnYe8P,5.2,Low,No,Normal behaviour -- no red flags,21,1.9649677683634348,41.26432313563213,0.0001163673570889,352935.2875976
4027,bc1qz5lzsu0gwrs42awgsz4kcacs59aqhg27k3tuly,5.2,Low,No,Normal behaviour -- no red flags,15,1.8931219605452283,28.396829408178423,0.0001159027221447,436989.439394
4028,bc1pjc3jmhxrnazw6zwlc2hdqyl8efw29p3amh4uhed9jcqmeuudyrxsaguxs4,5.2,Low,No,Normal behaviour -- no red flags,19,2.6698636100172823,50.727408590328366,9.74241639626659e-05,396904.0581220556
4029,bc1q3dgwvckarh79a4tcyguxnsv6646dn4ztqxlalm,5.2,Low,No,Normal behaviour -- no red flags,23,2.402025664681049,55.24659028766413,9.085329177196333e-05,333675.7989158637
4030,bc1qrweytvztsaaptzcau0jcv0hplvcj46klmvsa06,5.1,Low,No,Normal behaviour -- no red flags,18,1.7153296071547883,30.875932928786195,0.0001213945135224,415652.1848751765
4031,bc1q3v764tarjwspv38ejnexzaeztytjeflhk43rjv,5.1,Low,No,Normal behaviour -- no red flags,17,2.18235408192508,37.10001939272636,0.000123072367717,439469.147620125
4032,bc1pwhalpm0cpw9ynhvaushl43hpuqrcsy4pk95nf98xsrwz6p38ce4sdj5vne,5.1,Low,No,Normal behaviour -- no red flags,22,2.223930308155586,48.926466779422896,0.0001158439257941,357935.60919166665
4033,3QEQnDDMCRsn8WK9LBXa81fJMgVDS8zQZw,5.1,Low,No,Normal behaviour -- no red flags,22,1.9881901039016725,43.74018228583679,0.0001073526638922,351397.948356619
4034,1PFfpWFKnBYaUjGgrS7yGXyC36hnAnNmJn,5.1,Low,No,Normal behaviour -- no red flags,20,2.4578774773240624,49.15754954648125,7.964771146601627e-05,384189.8033817895
4035,bc1qql69tfxjclgtdxxjztvwt9rp0jfnlflkcskg2r,5.1,Low,No,Normal behaviour -- no red flags,20,1.77262042924696,35.4524085849392,9.797645032203716e-05,401440.9904887369
4036,32dqgCvg6TNMKWyMRFbLNujkA9madXeHj3,5.1,Low,No,Normal behaviour -- no red flags,18,2.019027827001038,36.34250088601869,7.240488476722805e-05,392343.2702774706
4037,38NAuJLPzT4suG7q8KhNH2Jnz71MTPU3yP,5.1,Low,No,Normal behaviour -- no red flags,19,1.6720642286776823,31.769220344875965,8.361058039245841e-05,417530.8934715556
4038,3EZcLrPchr9GZRC25hBahbPwyQqNjP5Lad,5.1,Low,No,Normal behaviour -- no red flags,17,2.115819753052066,35.968935801885124,9.603071417700618e-05,479746.2558755624
4039,3J12ePzDRkn8f124kBv3VvKiZVu2r9zMPw,5.1,Low,No,Normal behaviour -- no red flags,20,1.624858508691768,32.49717017383536,9.297812120233262e-05,369769.1239943158
4040,bc1qwcgun09pqyqav6wpq5qk6d9v9tp36qk8af6wdh,5.1,Low,No,Normal behaviour -- no red flags,20,1.962864184228529,39.25728368457058,0.0001132864086899,366628.30416121054
4041,bc1pd90t4qeecm7kvwqmzxzc7n2ansujrrxrx7yekvuldtazq7cq5g7seytjjw,5.1,Low,No,Normal behaviour -- no red flags,18,2.585690541770365,46.54242975186657,7.939639378297825e-05,390091.61807052937
4042,bc1qkzgfnyln6erg43mtgeephkjewdh563x0qnsauh,5.1,Low,No,Normal behaviour -- no red flags,20,2.638670118982492,52.77340237964984,0.0001022985600444,340036.9263092632
4043,bc1pgcwxvta6jazh9wrqduvr6fv4h3mwxzc370a8ul7w7wehze7pl7aqq357uj,5.1,Low,No,Normal behaviour -- no red flags,16,2.203544742391446,35.25671587826314,9.410776445065252e-05,484746.5155170001
4044,bc1q6txsum0u077l4gq3jakvna4wfywes7sjpcvcxl,5.1,Low,No,Normal behaviour -- no red flags,18,1.6461582316729737,29.630848170113524,7.278183286855275e-05,394905.08495723526
4045,bc1q7t0kw86p2unak0828na3p808hjkmmu3lktw2va,5.1,Low,No,Normal behaviour -- no red flags,17,2.00676335295994,34.114977000318966,8.479049470733161e-05,471589.5154385625
4046,1FbnuTdRxuFXp1PDa1HDmokHheocYkb4km,5.1,Low,No,Normal behaviour -- no red flags,21,2.6409776004935472,55.46052961036449,9.888106981795288e-05,344681.1248673
4047,1QHtFPx2eg4b87YPyQYz1LP1wTQS7ryiL2,5.1,Low,No,Normal behaviour -- no red flags,18,2.2652819705252694,40.77507546945485,9.158525119959846e-05,309891.7489838824
4048,14rmmPe5dH8gqqWRsjiQfv5oZxH3MG4Aji,5.1,Low,No,Normal behaviour -- no red flags,20,2.2340981868111207,44.681963736222414,0.0001207554503111,381958.01002684206
4049,1AHAmb5Vu1KUA3CeMyMLwfK8rPky4Ui6D7,5.1,Low,No,Normal behaviour -- no red flags,23,2.0440394206902748,47.01290667587632,0.0001067082105651,324952.02987509087
4050,17tthvi4afdn4oMVtBffycapU4w1fUb2PF,5.0,Low,No,Normal behaviour -- no red flags,18,1.8140107901465423,32.65219422263776,6.942496824141833e-05,383315.6866175294
4051,14BzzEVudCi98FQu1Q7bxSbDkoiQARwc7X,5.0,Low,No,Normal behaviour -- no red flags,16,2.202752999350744,35.2440479896119,0.0001195204807273,446481.6100259333
4052,1CM9MDRidNSWQqjGZ1KKNchBfwrDgaFxJz,5.0,Low,No,Normal behaviour -- no red flags,17,1.59830502254873,27.17118538332841,9.023492455562092e-05,437224.3757065
4053,1HzxbDcozWNzuiYXvvGkdD7iGyM1qyM5pe,5.0,Low,No,Normal behaviour -- no red flags,17,1.7451061260950955,29.666804143616627,0.0001165140360175,442394.75347837503
4054,bc1qquxghf62mmcgtdy3n0v4ayj7hat0hk5jhqp5fj,5.0,Low,No,Normal behaviour -- no red flags,16,2.0044910401981384,32.071856643170214,8.355160539931367e-05,473522.66308613337
4055,1Pz4NVaUShTkStkCSWVHxXEzxm3uKZSirx,5.0,Low,No,Normal behaviour -- no red flags,19,2.199500218722731,41.79050415573189,7.926974118065887e-05,429801.60715822224
4056,bc1qu9e3tkpm298c329wn2a258906y6wwpp02rt0m2,5.0,Low,No,Normal behaviour -- no red flags,23,2.353593370174284,54.132647514008525,8.941432691587367e-05,322618.81925795454
4057,1FFtziayuf5axYpe8rX1Gd3R7wSYamTYJ8,5.0,Low,No,Normal behaviour -- no red flags,22,1.823622310903768,40.11969083988288,9.375032219975008e-05,315002.7121925238
4058,bc1qsujv8yyaafpr5eaz9lmrwx7f5kqsfxlkwz5grm,5.0,Low,No,Normal behaviour -- no red flags,20,2.2796383423735103,45.59276684747021,0.0001145945599001,388392.0548707896
4059,19FYxvagYvcUt2L8qGb8jbRsLAQkmnRM22,5.0,Low,No,Normal behaviour -- no red flags,21,2.5052306507896165,52.609843666581945,0.000113353897805,346250.04112744995
4060,bc1qryxkgw492v0g57jz435jz5vc506qreq6z3m9gw,5.0,Low,No,Normal behaviour -- no red flags,22,1.9634625206305565,43.19617545387224,0.0001034026370908,358265.7885905239
4061,13xmZ5hAVep7VKQwTRQWgr6tC9xtPTobBU,5.0,Low,No,Normal behaviour -- no red flags,17,2.6183190963675664,44.51142463824863,0.0001053887870438,446650.94891425
4062,bc1qhxln9xgwz93vrtmdlrjll5f6ncwaguz7v02lvj,5.0,Low,No,Normal behaviour -- no red flags,16,1.7594692985416605,28.151508776666567,8.45733034433136e-05,475012.8574027334
4063,3B7JLdpCHhcoGTdQgx7DrauVrx7VpdVdZP,5.0,Low,No,Normal behaviour -- no red flags,22,1.9325049761773512,42.51510947590173,0.0001095390660027,352353.384804
4064,38jfsUNf8Qeb7w7jjfQFFPxge9fqRmNnb3,5.0,Low,No,Normal behaviour -- no red flags,21,2.424978925188984,50.92455742896866,0.0001109610445955,369483.2889055
4065,bc1qfktnthasrpfl09mtre4rk9dd5cv9582p6eyvrm,5.0,Low,No,Normal behaviour -- no red flags,19,2.1013048202388824,39.92479158453877,7.718270261759759e-05,428572.1322777778
4066,bc1qfamekeg2y70hfxezdguunnk9x96m6pf4jzj9td,5.0,Low,No,Normal behaviour -- no red flags,22,1.7148073248444604,37.72576114657813,9.200902347387588e-05,333000.4447945238
4067,bc1qh4mu3ysnag7q9re8kltp9qgx9pj9tfgswygw63,5.0,Low,No,Normal behaviour -- no red flags,22,2.180345756075866,47.96760663366905,0.0001105166071058,366452.2446250953
4068,1AVDhDZXSXZbVYLZ9LStzqyB7mVsGDxsEQ,5.0,Low,No,Normal behaviour -- no red flags,16,1.831894946964571,29.31031915143313,8.541246958852817e-05,479561.97714473336
4069,3DNBdWZcmcrRtgH6sVBKarGpUwB1aeTuHK,5.0,Low,No,Normal behaviour -- no red flags,18,1.480213656055834,26.64384580900501,9.403472770649873e-05,389162.3091877648
4070,3FPKoYR2GQz1wbkVJgEw7coPRcRpzX12Qo,5.0,Low,No,Normal behaviour -- no red flags,18,1.6301182914753904,29.34212924655703,0.0001175222969976,430843.25724535296
4071,1NfToseySEWHQ6HNs9FdRyZEmbRbLgSsXv,5.0,Low,No,Normal behaviour -- no red flags,16,1.7813062130666415,28.500899409066268,0.0001139273636261,459843.4505
4072,1Ea2rBGqDdhS3yHv5PJfho5BGYLRx9ztwd,5.0,Low,No,Normal behaviour -- no red flags,20,2.1483558964087823,42.96711792817565,0.000117385399472,389144.7372018421
4073,1A5gSu5jkBUW6FUE5dE6MhZ2THES1KwuuD,5.0,Low,No,Normal behaviour -- no red flags,17,2.458940202379016,41.80198344044327,9.46491964546466e-05,469580.88073168753
4074,bc1q8krndqgmpgqt6da0zsxvwzl6pfhl8x3zal5ah3,5.0,Low,No,Normal behaviour -- no red flags,23,2.028888701629455,46.664440137477456,8.681554025346989e-05,324174.7535683636
4075,15tXHucBrVonAQsYgevGEvbDE3seMMKVyH,5.0,Low,No,Normal behaviour -- no red flags,22,2.340672727859193,51.49480001290223,8.254118071614089e-05,316727.0636211905
4076,1AJbebACGXWLaiw4zoq9YjYFiZH3on61bb,5.0,Low,No,Normal behaviour -- no red flags,17,1.5654940521034155,26.613398885758063,9.228628058915155e-05,440428.09660774993
4077,1JkTCBbAr9k1hQU3dbY9bYimYUxyVSLjBC,5.0,Low,No,Normal behaviour -- no red flags,17,2.3374785723890463,39.73713573061379,7.500113521195326e-05,376621.7625181875
4078,35zMFxmypRpkse6cjCY7tUayh3GzAYN9kV,5.0,Low,No,Normal behaviour -- no red flags,18,1.6369501146164978,29.46510206309696,0.0001125817658225,402225.9449428235
4079,bc1qah86l9h7cmfuzftyldf287lj85ug0ukcenum78,5.0,Low,No,Normal behaviour -- no red flags,23,2.1642261345648355,49.77720109499121,9.044218696546138e-05,310811.1666073182
4080,bc1q6ueafrawve5jvee5ma4tmjkad0rfng5rsml3fy,4.9,Low,No,Normal behaviour -- no red flags,22,2.4884603053436822,54.74612671756101,0.0001048759037959,335764.4001943333
4081,bc1qkemytw6tfwrvt2sj9aka9u3tcpfmz6ny5gedeh,4.9,Low,No,Normal behaviour -- no red flags,20,1.8257812107407585,36.51562421481517,7.415156023226565e-05,382257.028442579
4082,1DoCbWDGpUSZRP3iL1yLRp49MVq8bK6LNR,4.9,Low,No,Normal behaviour -- no red flags,23,1.9743812320033465,45.41076833607696,0.0001036347446417,333170.93790713645
4083,1B8w7jmABRyoJ5Rkbwxuh5Do7RTfZ3drCz,4.9,Low,No,Normal behaviour -- no red flags,19,1.882438639354916,35.76633414774341,7.865185940640746e-05,330207.4560968889
4084,bc1pfleqvpa69a3zjrp2w0269xnfpsvmxhwnwn5s4uhmgayugcf5ytqspggetl,4.9,Low,No,Normal behaviour -- no red flags,21,2.0217250433713603,42.456225910798565,0.0001193616795579,383085.1675015
4085,1KRHXGMRCXhHJusep5WhSH4SwZvmRioX1B,4.9,Low,No,Normal behaviour -- no red flags,16,2.3574236162127127,37.7187778594034,0.0001061579004594,369596.8192135334
4086,14bQg4nbWWbzLkdgZBeYScnuWHXUvjKFGi,4.9,Low,No,Normal behaviour -- no red flags,22,2.154248210569345,47.39346063252558,0.0001157346570406,344382.5971132381
4087,bc1qu8f0kv9vuecdcny5d83dwnhgve0eyhvlt2vmjx,4.9,Low,No,Normal behaviour -- no red flags,22,2.203968737933151,48.48731223452933,0.000114744189654,337992.4468422382
4088,114opLxUeut8MNKwS7Tcy9nLzneKs2R7Wr,4.9,Low,No,Normal behaviour -- no red flags,16,2.248825209988415,35.98120335981464,8.915939258897143e-05,469261.55371406674
4089,1GPztEGDqkx877nekBPVffqJaPbWouogX,4.9,Low,No,Normal behaviour -- no red flags,16,2.643677551604309,42.29884082566895,9.53466108406558e-05,437379.11867853336
4090,1BeaEMAsBkSTMFzgUHPG2jffkct7AFe2ZH,4.9,Low,No,Normal behaviour -- no red flags,18,1.537859433299576,27.681469799392364,9.718245617996076e-05,435304.9367683529
4091,bc1q396ha26ua49aryph90zpzjwq6vqz6uxf6cfzfd,4.9,Low,No,Normal behaviour -- no red flags,22,2.4011281777380487,52.82481991023707,0.0001083399148522,364328.2541124287
4092,1EiNo978Zc7h97X6CAepD5ZX3iyWzESHqV,4.9,Low,No,Normal behaviour -- no red flags,20,1.638864113430555,32.7772822686111,8.836021316752461e-05,391759.3786270527
4093,bc1q6zmanrvr7xrahcp88p34h845tme27yhel7jxrj,4.9,Low,No,Normal behaviour -- no red flags,18,2.372113675621427,42.69804616118569,0.0001232376476248,391891.1721156471
4094,16Ffzsc3YPBzHPzn8Wq8uY1aYt12DnNszS,4.9,Low,No,Normal behaviour -- no red flags,17,1.6200594077753454,27.54100993218087,9.75255157154601e-05,445707.9906826875
4095,bc1qja76huxa4sy3f6pywcp7k2sr4ycw8632d78v8y,4.9,Low,No,Normal behaviour -- no red flags,22,1.9237535540792137,42.3225781897427,0.0001097184915969,329595.9362155715
4096,3G8UAgaZHXrqmbQFWFf1fn8H5gYhKnTEu4,4.9,Low,No,Normal behaviour -- no red flags,20,1.6859039393881314,33.71807878776263,0.000105063297747,343649.1148950527
4097,1FCUP81xJJEQ6PWEB4UgCkfHREcnC6NoLS,4.9,Low,No,Normal behaviour -- no red flags,21,2.084065636443325,43.76537836530982,8.341180704636831e-05,367223.06323845
4098,3MMbDtwD7sarGmdRBAgY8TjHitGex66yV7,4.8,Low,No,Normal behaviour -- no red flags,23,1.8578033210060472,42.72947638313909,0.0001003435839174,332350.48760195455
4099,3DxL9eyc8oCjmcJZPsGZkbv7X85Dt4VRkR,4.8,Low,No,Normal behaviour -- no red flags,15,1.726234500295863,25.893517504437945,9.344917071016576e-05,433442.9316706429
4100,bc1qmjdnvrju5zqntu65wje2n6t98lsd6g32y2mkew,4.8,Low,No,Normal behaviour -- no red flags,16,1.7318088342060445,27.70894134729671,9.680109480771586e-05,477739.0532452
4101,3Ee1XKqW4NiDWBiss2wQT8imf3NkDcJ5EA,4.8,Low,No,Normal behaviour -- no red flags,18,2.353948758117904,42.371077646122274,0.0001224830714329,407565.3243164706
4102,1QDwieRw7v7XnBYefkUBnaTUArBXsQLJcL,4.8,Low,No,Normal behaviour -- no red flags,21,2.210319774281193,46.41671525990506,0.0001199061510624,359599.6588033
4103,1EzacVodLKkz9T7i3a6odZVQSNxWB2St1G,4.8,Low,No,Normal behaviour -- no red flags,20,1.6123094358781895,32.24618871756379,9.02904252779531e-05,351861.2804071579
4104,3CsFG86GdKct2m2adG7UaJHhxFftx4yfm9,4.8,Low,No,Normal behaviour -- no red flags,16,1.885411412692976,30.16658260308762,8.863938837043389e-05,484993.2182808666
4105,1G9CRmBufrtFxtWBWB4et3UtwfmWWfud53,4.8,Low,No,Normal behaviour -- no red flags,23,2.2546449860348083,51.8568346788006,9.426664618080206e-05,306248.3368906364
4106,1LmJ3z6FmFu5W9MFmEmAhvGqgCdZ8XQbiY,4.8,Low,No,Normal behaviour -- no red flags,20,2.523020196484888,50.46040392969775,8.532798116304761e-05,395018.6778060527
4107,bc1qk50jfvdwxsv6hc7vgy3d8m50vcrjhcavltrwsa,4.8,Low,No,Normal behaviour -- no red flags,20,1.815103331631836,36.30206663263671,7.769691749701248e-05,378144.8738027894
4108,bc1q3ras6jvlh8hltmjwpmz9vfhnh0hpx885q3ynmv,4.8,Low,No,Normal behaviour -- no red flags,20,1.807707365727212,36.15414731454423,8.11311945942189e-05,368100.11798663146
4109,bc1q2p9lujh9gfrnp3lzzfna23uv8cmyj97cyywaa9,4.8,Low,No,Normal behaviour -- no red flags,20,2.043947907723314,40.87895815446628,8.009995913636758e-05,402957.6879794211
4110,1F9S1HUUSMnRHavFpuVm3PUjfqpBteSoWA,4.8,Low,No,Normal behaviour -- no red flags,21,1.7505963927016936,36.762524246735566,8.687319435262902e-05,369880.0155835
4111,bc1qtv7a2zgq557dqlx9rja4d0spz60lzznusgc4x3,4.8,Low,No,Normal behaviour -- no red flags,16,2.2773651770851657,36.43784283336265,0.0001021900926233,468775.53496786667
4112,14FMiipxT34RoP77mxcNLYDzNjUen5mFjj,4.8,Low,No,Normal behaviour -- no red flags,20,2.2892286114899862,45.78457222979972,7.35612323893634e-05,388945.5442907368
4113,3ELstEQeH6q75afZbdJsoe1o6nBBWR3znN,4.8,Low,No,Normal behaviour -- no red flags,18,2.49853811920941,44.97368614576938,0.0001114024510396,427614.72117
4114,38XhJZqstMVunxwqmfpXsd8nMRRp8qzsq5,4.8,Low,No,Normal behaviour -- no red flags,18,2.476382904404117,44.5748922792741,0.0001168709054169,427473.8253143529
4115,1EhXcyE9dDLn38qxhpdPBF7svVStH5ohi4,4.8,Low,No,Normal behaviour -- no red flags,18,1.5268449003892637,27.483208207006744,0.0001000121697154,434823.60123170586
4116,1JubdekdU9jsDHvEmLcwLpXdH1JXYb3EKq,4.8,Low,No,Normal behaviour -- no red flags,22,2.1112563353265617,46.44763937718436,0.0001141676407895,336652.17905842856
4117,bc1q8xu3aj7658dgerp3rtacxg8wkwu8t3hdjqcqta,4.8,Low,No,Normal behaviour -- no red flags,19,1.9554322072246824,37.15321193726897,0.0001214564734265,367805.42820555554
4118,3NSrF1nLUCuaYwwu31uLSGz6G4xVnMEyAh,4.8,Low,No,Normal behaviour -- no red flags,16,1.887879355097325,30.2060696815572,9.42013964299476e-05,476223.8584562666
4119,357yDG7dzHgm5ZiBvsmPw4Q7ZxcECzE344,4.8,Low,No,Normal behaviour -- no red flags,17,1.7402093584310434,29.58355909332774,9.171230916705303e-05,478723.952274125
4120,1Lc2hdipeN81J6EZofq8XRQoMifssmTCFS,4.7,Low,No,Normal behaviour -- no red flags,17,2.51378653436904,42.73437108427368,0.0001153053880056,427054.0551299375
4121,1HQjPQ2HCCLnVQruVyXQU8ZxUBr1e3cCEd,4.7,Low,No,Normal behaviour -- no red flags,20,1.9278574963580155,38.55714992716031,8.254262556617826e-05,371267.9839162105
4122,bc1qmhrm9xa778zm47wtp64kawfekymn0r22qn65er,4.7,Low,No,Normal behaviour -- no red flags,15,2.279863252621712,34.19794878932568,0.0001029420884684,459704.8243592142
4123,bc1qjxwz8uc98aswxys7gff2402w27x9y7rraku6d7,4.7,Low,No,Normal behaviour -- no red flags,23,2.342092976846238,53.86813846746349,8.921315491466816e-05,326588.3067139091
4124,bc1pdwkpnn7h9r7k8fnstrwwfde67lqhmepa6sknhvsp7y4q9ntnjtashhngw7,4.7,Low,No,Normal behaviour -- no red flags,16,2.320924452506536,37.134791240104576,0.0001118388689818,442628.39107586665
4125,bc1q67n7n8j4g0znr3v3nexeexuhxm5jlpnusjvqf4,4.7,Low,No,Normal behaviour -- no red flags,20,1.6136175355442333,32.272350710884666,9.314723697098146e-05,399518.9956676842
4126,38ACATkzW8zyxgcrjdnnccfsxFgyaRcyZj,4.7,Low,No,Normal behaviour -- no red flags,21,1.9389764962098888,40.71850642040768,8.377417562153611e-05,376040.84090865
4127,bc1q5wvxe72vjeas6e3mawznghnxqgr79nkuwrqfp2,4.7,Low,No,Normal behaviour -- no red flags,18,1.8615076231657608,33.50713721698371,9.317700786837967e-05,305833.46044605883
4128,1QCRVm9HoorSskcXVmcLqHptBrbDrt5UHi,4.7,Low,No,Normal behaviour -- no red flags,16,2.158807761034697,34.54092417655515,0.0001198784590509,434672.2140456667
4129,bc1qpk572hxenqpckhmyfa6gvgzjd6wz5sp6gg362v,4.7,Low,No,Normal behaviour -- no red flags,18,2.601547432908614,46.82785379235505,8.580586937611002e-05,397699.5312651177
4130,1CedgQ6EtwonWthw8HjREgPUv5dZrGmAgK,4.7,Low,No,Normal behaviour -- no red flags,22,2.529583251699933,55.65083153739854,8.480852425398897e-05,351225.1325773333
4131,bc1qu2t72lstlyxspqt826x4mj42ngvxkex9kvkr9k,4.7,Low,No,Normal behaviour -- no red flags,18,2.5581221742414493,46.04619913634609,8.086501931706407e-05,371319.6973368824
4132,bc1q7zvt9w5d9d2j6dxjzy4vf6s2ummpveqdzndd22,4.7,Low,No,Normal behaviour -- no red flags,16,1.87882732376478,30.061237180236475,9.05911119765576e-05,506188.8041546668
4133,3BKrivocroMaAdQGchx2DiWMSuavh1UPr6,4.7,Low,No,Normal behaviour -- no red flags,16,1.7466821577366411,27.94691452378626,0.0001017763937587,471448.1966128667
4134,bc1pk28znvey76enw005ppxt7ldtxh59lqhvzpw8jg3kkngte8sdch4sjgheak,4.7,Low,No,Normal behaviour -- no red flags,22,2.353752323141556,51.782551109114216,0.0001121093156494,353894.07060019043
4135,1CyraYqdU4QYVP63rdkkAs4F4YafTjHxQT,4.7,Low,No,Normal behaviour -- no red flags,17,2.4661616467709915,41.924747995106856,0.0001144363750775,370212.306068875
4136,bc1q56ma9kd0yd6vh48jkm7ssteqkxdfle38zh27da,4.6,Low,No,Normal behaviour -- no red flags,16,1.794550035699927,28.71280057119884,9.326233938977848e-05,507477.4056660667
4137,bc1ql3cvraptwm58rd43aklmsz3gpretnmdy84728x,4.6,Low,No,Normal behaviour -- no red flags,20,1.782346652036161,35.64693304072322,8.400491588139407e-05,337996.20620294736
4138,bc1p80758vlnuvpmfxlwh0llseurdvd5wkra2tn43e6x80daq0tpp2tqh7ta8h,4.6,Low,No,Normal behaviour -- no red flags,18,2.1806107688875813,39.25099383997647,7.617403382637723e-05,413071.3304291764
4139,bc1q9qcy35f5xnxr5lh5enhm3nk7jxys34zsnkgudd,4.6,Low,No,Normal behaviour -- no red flags,20,2.387810030067306,47.75620060134612,8.392872093745677e-05,399143.8616535263
4140,16MqQUQU6UoYQVbCNE5A5GHoVoVED4Z4d9,4.6,Low,No,Normal behaviour -- no red flags,18,2.3487274695973883,42.27709445275299,7.261429982190859e-05,420207.3128635882
4141,bc1q60x4zurspnlz3clwjfwm7fdv28prgxfmjr5a8p,4.6,Low,No,Normal behaviour -- no red flags,22,2.167373769643173,47.68222293214981,8.388906692935076e-05,361319.34998371423
4142,1EziCBxkjiBJoSdC1sS355ZErB8Nxganeb,4.6,Low,No,Normal behaviour -- no red flags,17,1.7741265248766886,30.160150922903707,7.714676023620311e-05,396915.987640375
4143,bc1pvz7kj0wmaad69l3nujav3txa9x7nh969599qy73e3m3jcj36tftq3yt3d6,4.6,Low,No,Normal behaviour -- no red flags,18,1.625612727912376,29.261029102422768,0.0001117060310658,408010.4423745294
4144,bc1ph2hssnxq7dd94zpuwlr55ha409zyegur64pxkkxlhtvt930l5m8q40ywg7,4.6,Low,No,Normal behaviour -- no red flags,17,2.301326639324575,39.12255286851777,0.0001140228039692,427460.4621599375
4145,bc1q7ullhe02303v7lurtljupwye9tvax4tu895k5h,4.6,Low,No,Normal behaviour -- no red flags,17,1.7634259818287823,29.978241691089305,8.916348620092078e-05,481222.6742174375
4146,3528vxhKBu9ZwySqwKDKXnwZp2k6aFfvny,4.6,Low,No,Normal behaviour -- no red flags,16,1.89730697045654,30.35691152730464,0.0001013286977948,477976.5668324
4147,bc1qcv3a09auy9ex65mvk3q37apu94kp3a4yrg3qr0,4.6,Low,No,Normal behaviour -- no red flags,17,1.769101860725007,30.07473163232512,0.0001153735442561,448465.2173706875
4148,1DHTVZKSujq3XtZn7A2qMdgodYgvSijQnJ,4.6,Low,No,Normal behaviour -- no red flags,18,2.642426532554239,47.5636775859763,9.946330548125614e-05,412639.4240430589
4149,3D2cZhMSErZoNYKur3GHq7DzecpnHf8HcU,4.6,Low,No,Normal behaviour -- no red flags,23,2.1650125298200256,49.795288185860585,8.659856770159081e-05,327963.6657037272
4150,36wfWk3zK85qsx1uk3RqspizXaCfnns8RD,4.6,Low,No,Normal behaviour -- no red flags,18,2.5412423382481792,45.742362088467225,0.0001131112059958,400765.8477731765
4151,3QncDDDBT7H6h3UbJJDLkFq6dCUjNePxfR,4.6,Low,No,Normal behaviour -- no red flags,21,1.7704004907923656,37.17841030663968,9.414750491489224e-05,381240.19322465
4152,1BrD76Sz5C3MdRJ8JXzA6q7NzeUUuvppks,4.6,Low,No,Normal behaviour -- no red flags,23,2.180370007868325,50.148510180971485,0.0001049210607481,317501.8623446364
4153,3GZHUpZpAvJph8ciRSoyupcDaTcgkhjDsr,4.6,Low,No,Normal behaviour -- no red flags,18,2.637698906814616,47.47858032266309,8.795242843250361e-05,412148.6431205294
4154,16Lehsi5qWUpYAxNB99YKgTD89NMryFiXH,4.6,Low,No,Normal behaviour -- no red flags,16,1.9219656732014256,30.75145077122281,0.0001025490302702,488223.2229542
4155,bc1ppk0x02qug2f0fynycxzf0rdm79whm2f0glrlagrr38t7c369p8js7p76gz,4.6,Low,No,Normal behaviour -- no red flags,23,2.1100804534576167,48.53185042952519,9.384757424120818e-05,310292.7427560454
4156,3P4VcwaLrt6UcwJbrwQvNtNegFJUwVxURD,4.6,Low,No,Normal behaviour -- no red flags,18,2.297133305534562,41.348399499622126,8.222726387072105e-05,447078.68707382353
4157,bc1q3jwrcnq367y4yhgum2q4craapfyry2xz8vpady,4.6,Low,No,Normal behaviour -- no red flags,18,1.733197912107721,31.19756241793898,7.729443672058462e-05,407349.5226845883
4158,18ptokswURoT7SYMpxm4rFRRD2dzRZiLGV,4.5,Low,No,Normal behaviour -- no red flags,20,2.23179688673149,44.6359377346298,7.718618472595631e-05,356888.095974
4159,bc1qswrjxgentym43s5efrwpclgg8ma9fpjmpepr4t,4.5,Low,No,Normal behaviour -- no red flags,17,2.262774471457151,38.46716601477157,0.0001194057590914,415496.9006946875
4160,15qRE9PqLCAqLfQy19FUt6Axv2FRvAggPB,4.5,Low,No,Normal behaviour -- no red flags,16,2.503872531133357,40.06196049813372,9.762985283042516e-05,465598.6073289334
4161,bc1qduhpj3mfk870qvx72x96x4psg74d0t3rhqk7v5,4.5,Low,No,Normal behaviour -- no red flags,23,2.052075827842552,47.19774404037868,9.226689760654476e-05,316045.20135299995
4162,bc1p2jdm5d0t7taezyukygsxkfuglvuyeuq0wxurgalxvga73u8uzphshy4jqm,4.5,Low,No,Normal behaviour -- no red flags,20,1.917699544661287,38.35399089322574,8.18292677872785e-05,407279.54727794736
4163,bc1phqrw8jl65hfm6ve4ul9jqrfpxzepy7kqnsutt6hnfsc57dl279lq0s2ycu,4.5,Low,No,Normal behaviour -- no red flags,21,1.783987981421471,37.46374760985089,0.0001068332282013,370617.1424353001
4164,19V1C43a5JBo7HX71U1ar7mgR3Sw3WPDyf,4.5,Low,No,Normal behaviour -- no red flags,21,2.255061036095545,47.35628175800645,0.0001195080911877,354565.01695574995
4165,3FakD1jnimxKrqbzVMPFBg8KU7CbeRNgnD,4.5,Low,No,Normal behaviour -- no red flags,20,1.7113006958243742,34.22601391648748,9.1257969224928e-05,325383.25559578947
4166,1BR1BznZJHMA65reJt8WwD4qpUUtV3u1k,4.5,Low,No,Normal behaviour -- no red flags,16,1.9293238914030784,30.86918226244925,9.786139730636712e-05,487222.4581059333
4167,bc1pdldejh4jwgktmmqs69pypezn7v0rlst5djn3zn9s3xfq38tpnf9s5z524f,4.5,Low,No,Normal behaviour -- no red flags,18,1.943879445238284,34.98983001428911,0.0001207323083617,397446.4536759411
4168,bc1qnskjhqme557crcavtnggr0u8g7f32yap7ctm65,4.5,Low,No,Normal behaviour -- no red flags,16,2.058879211389228,32.94206738222765,9.112624498874948e-05,489030.9723594666
4169,3M1Jbr4qhDK1Ykcj2A8C5AcsAQAc2SavZ8,4.5,Low,No,Normal behaviour -- no red flags,15,2.172674515608156,32.59011773412234,0.0001045459655414,495212.8052070714
4170,1N63edySEg4yBnLSqtTC72QCoxF5d7W6F6,4.5,Low,No,Normal behaviour -- no red flags,21,2.312102796923468,48.55415873539283,0.0001044839331454,313957.0821561
4171,1Cw3pQFHg7Dzc65fsCTmpEZSEHcyVALb2X,4.5,Low,No,Normal behaviour -- no red flags,22,1.922853432042697,42.30277550493935,0.0001095114778893,342202.18197004765
4172,171wzJmjEe1oWk8TnycDxMeGjRxELuxj23,4.5,Low,No,Normal behaviour -- no red flags,23,2.02398647043262,46.55168881995025,0.000106104410936,339858.3586651364
4173,bc1q3z2qa9tcsytvtjxsyv33rfytqsujqzrh7cgm0g,4.5,Low,No,Normal behaviour -- no red flags,22,1.902861935620049,41.86296258364108,0.000105195913042,363061.2362718572
4174,33QsyshvLm1wqXLJDtrf4Dt4nJjNycfMwe,4.5,Low,No,Normal behaviour -- no red flags,22,2.1441972689442994,47.17233991677459,0.0001086960746315,309966.30398266664
4175,bc1q855zxgcn6lw238eyxt0aayl2uudxtxxy49w885,4.5,Low,No,Normal behaviour -- no red flags,17,2.4141060752741805,41.03980327966107,0.0001144020388656,429147.74131731247
4176,bc1pescvyysuq99q9kplxvqhl9d6v8cq0vqeupmvx6u6l6u3m4e85wfqyknekd,4.5,Low,No,Normal behaviour -- no red flags,22,2.1914478221610745,48.21185208754364,0.0001134042323684,357239.22498261905
4177,bc1plqnqd2ptk60l9ca0p6lr2p7t2dd45kh34z7zwyxdwh4x447k88fs6x886h,4.5,Low,No,Normal behaviour -- no red flags,21,2.490900457734477,52.30890961242401,0.000102502128033,367846.96249445
4178,bc1q60fqyek4p9ztxm3vdx3fyufne466g5spxrujw4,4.5,Low,No,Normal behaviour -- no red flags,16,2.4271463787814973,38.83434206050396,9.886993326628968e-05,458807.7988194666
4179,1Nca9Q174yNCaDEHEwM1uShXaxdVbKYw4L,4.5,Low,No,Normal behaviour -- no red flags,16,1.786279473648427,28.58047157837484,0.0001038667247379,485487.8437857333
4180,bc1qxpzq47spwl7qyv0v9kdsxfqnvcefcp6002e6kt,4.5,Low,No,Normal behaviour -- no red flags,20,2.331896795072895,46.6379359014579,7.769432066007974e-05,353597.5846814737
4181,bc1pcwza4rpn3amft0gv4jq6fny853n5ltn4mcetly93nhn4v9grffusguzxh0,4.4,Low,No,Normal behaviour -- no red flags,17,2.16526709491236,36.80954061351011,0.0001131955944237,455795.6920230625
4182,bc1q39fvy3jn0r4t9uakk4jswmypg8jtswkgq363g5,4.4,Low,No,Normal behaviour -- no red flags,23,1.821840351595466,41.90232808669572,9.306482855996612e-05,339497.27300522727
4183,1LgpG5GxMhDaBjYqrwg62AQK4uBSCs51j7,4.4,Low,No,Normal behaviour -- no red flags,17,1.857774239769617,31.58216207608349,7.972714174377167e-05,437808.3180118125
4184,16foVejJWcTzfF1udAsUx37oU2urFP27d5,4.4,Low,No,Normal behaviour -- no red flags,18,2.082072225059554,37.47730005107197,7.317241788284757e-05,383676.36944511766
4185,bc1p6lmx6gg8y44e9zn6m7dmczdpc7lqwl0cfyqvmlxnlq903sptzeks2agg9d,4.4,Low,No,Normal behaviour -- no red flags,19,1.5589399842174685,29.619859700131897,8.370071189073556e-05,389903.20589688886
4186,bc1q8qdskun5k0eg2a2k6g3wu4hl42mk8kcx95n76y,4.4,Low,No,Normal behaviour -- no red flags,21,2.1172109150158827,44.46142921533353,0.0001111191053181,386934.86653375
4187,bc1pa8sfn50qnu3ukkvcl36k2u03zhyjg9yujyf9jsysjmrlpfc9hqrq50guu2,4.4,Low,No,Normal behaviour -- no red flags,21,2.256623708700216,47.389097882704526,0.0001119613008953,361902.7672335
4188,bc1pp573k4zscuh63kk3y5fg9su58j56r7vzzlxgzey77er6zqg4l8ysehm9q0,4.4,Low,No,Normal behaviour -- no red flags,18,1.6791562502539683,30.224812504571435,0.0001153203458855,410212.0964547058
4189,bc1q2kvrsprhkek34gehmrslzae9x5hceaz2md6p7e,4.4,Low,No,Normal behaviour -- no red flags,21,1.831696884889932,38.465634582688566,0.0001056316882669,386852.8038743
4190,1D5w7K8CRMHEESu9WGRepYbVNqKLwXU3p4,4.4,Low,No,Normal behaviour -- no red flags,18,2.655442996485691,47.79797393674245,9.437053239467154e-05,396242.969608706
4191,bc1pcyg2euvqk85ch6yd7d9evr5rvfwwus0wkek2ycdqkfe86tgqaq0s93pt06,4.4,Low,No,Normal behaviour -- no red flags,17,1.7412641134402786,29.60148992848473,0.000104888451621,460003.6248029375
4192,bc1q0yqkhmeyarnn7f7uzmyk46xpuw448uhefszsj0,4.4,Low,No,Normal behaviour -- no red flags,16,1.8264488357918365,29.22318137266938,8.985861660802592e-05,498729.3208304
4193,1PgyFf4VZBTDpmCMKfqJBHvA2GgAcYZ4jL,4.4,Low,No,Normal behaviour -- no red flags,17,2.171749558066628,36.919742487132666,0.0001051340173488,468665.8707346876
4194,1GALRm86Bdo8vmGeuWzFJ21h845wnSPHFu,4.4,Low,No,Normal behaviour -- no red flags,18,2.309185928698618,41.56534671657512,0.0001185294898512,401125.2221262353
4195,bc1qxd0drjfxwvgy0keep70trm74zpwmlm2pxte3fr,4.4,Low,No,Normal behaviour -- no red flags,21,2.3464032649332567,49.27446856359839,0.0001060690606915,370454.69626235
4196,1HQhMoZBhRByEomYraSbSMRCDzGgHEizW7,4.4,Low,No,Normal behaviour -- no red flags,18,2.449092511892967,44.083665214073406,0.0001160084473425,422664.688414647
4197,bc1qa6f7y34ascptfqngfn5885tpjuwgjetkz5uzkh,4.4,Low,No,Normal behaviour -- no red flags,23,2.1389058610524923,49.19483480420732,0.0001074694295386,319427.66466068174
4198,1H5D4gk2GEC4jiQQbYySkqW6maX9hhibTJ,4.4,Low,No,Normal behaviour -- no red flags,16,2.317047772133341,37.072764354133454,8.553339947237519e-05,457116.46597440005
4199,1MuZ9eoEiec1wfA79686y9ZHiYybvF28Ao,4.4,Low,No,Normal behaviour -- no red flags,16,1.854022750042053,29.664364000672848,9.28017939631834e-05,479358.30060660007
4200,1RQbuSvcMaUTP6HdyFCnvWPWbxQycmeid,4.4,Low,No,Normal behaviour -- no red flags,20,1.6900023338997303,33.80004667799461,0.0001021344632975,369111.76236584206
4201,bc1ppvsxgyfe2svpefggwhpywv439wpfsfsgjlq57tjmkcpx432jsylsjttunq,4.4,Low,No,Normal behaviour -- no red flags,16,2.3251361092698204,37.202177748317126,9.367599115603332e-05,465832.3941144
4202,1Bvfhc9K4QJdLgXg2t88DaLW5KnR724PqV,4.4,Low,No,Normal behaviour -- no red flags,21,2.371750398296116,49.80675836421843,0.0001129223871702,356481.19080670003
4203,bc1qgsxqtk8cy9f5psr60eknpwdrmk6hyedffxwehz,4.4,Low,No,Normal behaviour -- no red flags,19,1.951129633856772,37.07146304327867,7.118359161698573e-05,387866.19473088894
4204,32enAeiZ1LV7NW5r5CJBVPGSzTGQGttDA9,4.4,Low,No,Normal behaviour -- no red flags,17,2.1180634516362047,36.00707867781548,0.0001173008638369,423094.75224668754
4205,15bYNCfbZVjTxjvu6rNPyhs4KcXPBtHQj9,4.4,Low,No,Normal behaviour -- no red flags,15,1.8461488544156195,27.69223281623429,9.276603742685072e-05,441248.0470971429
4206,1AjENtqtd9Q66sZpv38kygTJue8JGCBW8k,4.4,Low,No,Normal behaviour -- no red flags,17,1.5528970588672166,26.399250000742683,9.919289041837336e-05,427669.363937125
4207,bc1qgwl70qjty87ey83l7ce89y7rk3lf7hmzph02um,4.4,Low,No,Normal behaviour -- no red flags,22,1.950362084280574,42.90796585417263,9.616228806824256e-05,361250.39019385714
4208,3H6KQNbgtHizf8DUs5KT4uAXpgywHQ2ime,4.4,Low,No,Normal behaviour -- no red flags,18,1.644949841608223,29.609097148948017,9.544222934535302e-05,454785.5952669412
4209,bc1qqzd9zwzde6gkpjqt406394kshuucvqtks97vey,4.4,Low,No,Normal behaviour -- no red flags,17,2.051246434788668,34.87118939140736,8.449910940949342e-05,455079.4507075
4210,bc1q3ktvrkvl00g8drww0dh9fevh7lm9v2emzakg4c,4.4,Low,No,Normal behaviour -- no red flags,20,2.212181947742546,44.24363895485092,0.0001149520293962,381674.51687368425
4211,bc1qgakzu9pez68n3uwsl6857fpy88g0xjtxrkl4j3,4.3,Low,No,Normal behaviour -- no red flags,16,1.7339402863715676,27.74304458194508,8.251046572727567e-05,394150.20165880007
4212,36iFome7Wu6xgrPM7FUmqdz2ZwrqAdtMhz,4.3,Low,No,Normal behaviour -- no red flags,17,1.735093655053474,29.49659213590906,8.80144444574099e-05,369946.459679625
4213,1CR2EcnaiaDGcT2bhF552LznpMBpbkY5cH,4.3,Low,No,Normal behaviour -- no red flags,20,1.9303593026491368,38.60718605298273,0.0001048183737159,397064.9930438947
4214,bc1qshddxy7sqgzt94g4gj0xl63k823ru60ukcc004,4.3,Low,No,Normal behaviour -- no red flags,20,1.858467449021348,37.16934898042696,8.057590386463518e-05,390542.4935785263
4215,199VcdDEFKjFgNapEt2kpfm2WxbVEDCZtM,4.3,Low,No,Normal behaviour -- no red flags,16,1.6901781337768016,27.042850140428826,8.881339383787401e-05,466339.5738463333
4216,bc1p4e63xjr4h7vzwh4d2gyyllsdjwepl8q4s9clu0ntjzfgsd7wygvq2hrc6c,4.3,Low,No,Normal behaviour -- no red flags,21,1.7520115102542666,36.7922417153396,8.731112054153413e-05,376818.10592495
4217,bc1p9ttmv43tmtsj7940j8zapax3lg8gckn0aa3gyethpyz4mz4fre2shjazf8,4.3,Low,No,Normal behaviour -- no red flags,18,1.747783348149178,31.460100266685203,8.189195253585575e-05,440733.26603429415
4218,171QwnG4uN14jYoFxRagTbBGozYCrRKSq,4.3,Low,No,Normal behaviour -- no red flags,23,2.05504120080704,47.26594761856191,0.0001004084115999,323193.3722435455
4219,1E9RkiM9BpzQMv9Gd4hsZvzqNpWAxZSt97,4.3,Low,No,Normal behaviour -- no red flags,18,1.55894515975018,28.06101287550324,8.788359175206968e-05,425166.9487291177
4220,bc1qunccs8d5um5rz3sa2zd9n9nwpg85aq957z8d4n,4.3,Low,No,Normal behaviour -- no red flags,20,2.6230574035991987,52.46114807198397,9.768138917186256e-05,350461.51293610525
4221,32e4PRsgcTbA6JSotL6DtYMkkQ5dqRVbDo,4.3,Low,No,Normal behaviour -- no red flags,18,2.044800971408953,36.80641748536115,8.234681465756637e-05,447354.45862576464
4222,193XAEhrLucKmGrZ5W6BAAxDCDjeiedhxF,4.3,Low,No,Normal behaviour -- no red flags,21,2.0575487636035485,43.20852403567452,8.33462789377399e-05,334978.480988
4223,17rVjL3p7aDsj4KhTkkjuRzzEY2oNuJden,4.3,Low,No,Normal behaviour -- no red flags,18,1.6549135321076838,29.788443577938303,7.756585652744144e-05,398095.6656408824
4224,3GWMCHuxG6aAp18dSXacUyVKKfh4wXh5gt,4.3,Low,No,Normal behaviour -- no red flags,19,2.2671789438281853,43.07639993273552,7.230471789562715e-05,391380.8278767778
4225,3QVCTZmR2gwNDPPwvC7Azyg9n2APhLDKsh,4.3,Low,No,Normal behaviour -- no red flags,16,1.83486607844225,29.357857255076,8.897207895801404e-05,471548.1561684667
4226,bc1q52tg6tg06a3tnpf65nw3fpjc586dj5xn03v9s4,4.3,Low,No,Normal behaviour -- no red flags,19,1.6359322587208815,31.08271291569675,0.0001082474644127,409978.9687538889
4227,3AvvH4gXrqYBfKm11P6yNDNXdVUYzBUt4o,4.2,Low,No,Normal behaviour -- no red flags,16,2.228645776728264,35.65833242765221,7.390085451119869e-05,419320.0041493333
4228,bc1qc5nneyenwrzgg4wy8ktdnpwn7af77stvttrzzu,4.2,Low,No,Normal behaviour -- no red flags,17,1.6793687676848454,28.549269050642373,8.850104118420734e-05,437784.6374955625
4229,bc1qyrsa090zgnm69dqulmvcq83earv0uuyma0ecvu,4.2,Low,No,Normal behaviour -- no red flags,16,1.8533568450857028,29.653709521371244,0.0001148033151079,438142.3872746666
4230,19ytfPqaZ6BTTxDfD52AjAjeHxfemUDESt,4.2,Low,No,Normal behaviour -- no red flags,19,2.0561914300313195,39.06763717059507,8.668076310884448e-05,328738.11517288885
4231,bc1q8rpluxdglmmny4ulud30c8ej3s6rlsgekttuel,4.2,Low,No,Normal behaviour -- no red flags,23,2.226520943311536,51.20998169616533,9.284534191757511e-05,326125.8426596818
4232,37UAsKCLUhCpb552r4QCmuSTfm5eXjhNyr,4.2,Low,No,Normal behaviour -- no red flags,17,1.720548003451784,29.24931605868033,8.657290235551186e-05,411875.9229553751
4233,3N3ftbmYYxHNLFjUGErkdFoAcTtdKQMGdD,4.2,Low,No,Normal behaviour -- no red flags,18,1.6680462937545704,30.02483328758227,0.0001098797439396,396015.7397725294
4234,3Qg9t2khCitjTD1CesjJSoDBKmmVYQoqTV,4.2,Low,No,Normal behaviour -- no red flags,16,2.429877937776875,38.87804700443,8.586401715616698e-05,442051.3257662666
4235,bc1pyj24hgzzdvshtlu4c0x9u3utyx2sp8jhd4fv2g38w77n4z9rtn2q436mum,4.2,Low,No,Normal behaviour -- no red flags,18,2.307380494130694,41.53284889435249,0.0001201756120595,408918.4282298823
4236,38wzJRM5aVCr9xq3qY7rf7KwgSXqvi3X5p,4.2,Low,No,Normal behaviour -- no red flags,16,1.8174408181663235,29.079053090661176,9.267798745841604e-05,481625.2557720667
4237,1Puq5dTsZp659EG1tvYLSwFSMXLXyheptP,4.2,Low,No,Normal behaviour -- no red flags,20,1.8815132988233367,37.630265976466745,9.290936936057964e-05,321534.3028108421
4238,3KLpR82WiG8JX4omJ3ZT5Ngs4NLP859LkS,4.2,Low,No,Normal behaviour -- no red flags,17,2.531656781466937,43.038165284937925,0.0001029123164864,455346.4752799375
4239,1CrvZLEgUhsJx6mQkbax4CEYXZethb6eni,4.2,Low,No,Normal behaviour -- no red flags,20,2.3534110713718674,47.06822142743735,7.517804301506768e-05,374473.78874284215
4240,bc1qhyfhgjncrzp4vmym6qqkmdk64h330hkmt3t9fg,4.1,Low,No,Normal behaviour -- no red flags,21,2.3179505480536235,48.676961509126095,0.000112849581394,349739.78402835
4241,14N4RSsRF5qrCf8kpGAmfkWUA7fLub1Lq6,4.1,Low,No,Normal behaviour -- no red flags,23,2.0316954901778623,46.72899627409083,0.0001044745025621,327203.05939009093
4242,1LysM2zSrYjkXYLmGreBeLB6izqF9oQNsj,4.1,Low,No,Normal behaviour -- no red flags,20,2.431642877204124,48.63285754408248,0.0001108713628232,385597.4408617368
4243,3LYc6JXVdLbZL4c3VTYSVsP61WCJwmEFKb,4.1,Low,No,Normal behaviour -- no red flags,20,1.9419476159414288,38.838952318828575,8.616397782558628e-05,369518.4350056316
4244,1LR5Zq51nvCwt4Crquk4fBWi47YKVcCLoc,4.1,Low,No,Normal behaviour -- no red flags,23,2.008632571345617,46.19854914094919,0.0001004746298711,340906.05810854543
4245,bc1pdkc66y5akr2hn3s9tcn6w7np0c9rh07zl2dvxckfyyaywwngw0ysuwrkh9,4.1,Low,No,Normal behaviour -- no red flags,18,2.242717014055904,40.36890625300627,0.0001111921421751,448864.2628707648
4246,1C5MzjTmrQnockKdM27kLxWTNqSvQsdu89,4.1,Low,No,Normal behaviour -- no red flags,19,1.8392795367878465,34.94631119896908,0.000119777467643,383784.2440272778
4247,1NjhT2oEZJWKxaCoaLmkTKi3nD4iu7UGYR,4.1,Low,No,Normal behaviour -- no red flags,21,2.0205572601799666,42.431702463779295,0.000115809423988,355492.22725475
4248,1P6cL9zjYP7LZKWQXWXbktiM5q1RKKWawq,4.1,Low,No,Normal behaviour -- no red flags,17,2.673970576879274,45.45749980694765,0.0001076230112707,414215.625675
4249,bc1q5n3ja3zagyvve5kclv5pj8yn79pxvfualnc6h2,4.1,Low,No,Normal behaviour -- no red flags,18,1.6732574421145072,30.11863395806113,8.62609475622894e-05,427344.2659586471
4250,bc1p90h2sa64ttfkc7he6q5unfmmsphey7yn9x5wvnmfmk9h3mj06zzswgm52k,4.1,Low,No,Normal behaviour -- no red flags,18,2.4272954361601133,43.69131785088204,7.541990994864446e-05,418014.4364898823
4251,bc1qmjcpfh76gfl08gat5zc8lnz8sfpr0ylpqxljqw,4.1,Low,No,Normal behaviour -- no red flags,22,1.9550916530903248,43.01201636798714,0.0001029043190677,352388.0344483334
4252,16CrSEo9ZkhCHfjsXXU2brziSGAkxBna9k,4.1,Low,No,Normal behaviour -- no red flags,21,2.1669876175150224,45.50673996781547,0.000107856271713,380167.19270725
4253,bc1prnrv2gux8uzt4v6veg290nktsrs6ur56jrfmpzsg0zchgwnzhdls4kmqkz,4.1,Low,No,Normal behaviour -- no red flags,19,1.7421853476004494,33.10152160440854,0.0001123820717272,392924.83357733325
4254,14tnAhE3N6XMyNmxn3SiYNNkkmovQLY5yj,4.1,Low,No,Normal behaviour -- no red flags,19,2.1418515023637235,40.695178544910746,7.561476168577009e-05,411225.4010926666
4255,bc1q0k2cfgjd0xepa5pffu9w6dufvd328xy5svnzyl,4.1,Low,No,Normal behaviour -- no red flags,21,1.7002791957490808,35.7058631107307,0.0001000649350004,354372.60753264994
4256,bc1qjt222jchz5qrm5hm74ltyyz6960wm4s68jp6qy,4.1,Low,No,Normal behaviour -- no red flags,18,2.502314507673342,45.04166113812017,0.0001097878872813,377459.05893723527
4257,bc1qgmdeyvsln6ynlwg83kwjzmgx2c9l2x36wq3y8m,4.0,Low,No,Normal behaviour -- no red flags,17,2.6211957986551884,44.5603285771382,0.0001034239836905,392725.24945075
4258,bc1pnn6zcuk2c5uqz0h72ju8hy8e4we72m7trhycgl7pd6aytw3sfgxq6r05qy,4.0,Low,No,Normal behaviour -- no red flags,18,2.244734276750217,40.40521698150391,0.0001145160118389,405956.0394776471
4259,3FwfGDPgLvcuKRNF8Nr1uGHDBuLvxtGHKg,4.0,Low,No,Normal behaviour -- no red flags,19,2.0850632635989363,39.61620200837979,0.000117374465154,403014.90510505554
4260,bc1pgmp7sa8nmsl5s4x94kpjpnpuv5lm2acmk990j07fgtvuwa4l4qlswjl5p0,4.0,Low,No,Normal behaviour -- no red flags,22,2.412597837841967,53.07715243252327,0.000107704996549,329455.45040519047
4261,12ib4BweaV5EiUhNYvhkZkDBhqXkwvvvdD,4.0,Low,No,Normal behaviour -- no red flags,17,2.673638510539205,45.45185467916649,9.691449145102771e-05,419468.638861
4262,bc1qgh3lpy8hxat7x62l7npzcz3rwzvxdcela6av56,4.0,Low,No,Normal behaviour -- no red flags,19,1.5583333712152416,29.60833405308959,0.0001006533751443,366786.2556602777
4263,bc1qz39ay2yempa8c8896vsk8pdt8zm75ptz3zfmd8,4.0,Low,No,Normal behaviour -- no red flags,17,2.2652053533008902,38.508491006115136,8.531908318580888e-05,451715.3668553125
4264,bc1q3ld909ghkgtz0uzxqfvne059gurefkylzgn00a,4.0,Low,No,Normal behaviour -- no red flags,19,1.9190522037888973,36.461991871989056,8.168678366016315e-05,430145.5106361111
4265,38SXAbzi43GCaTPMafoZD4FY21oXhBKNux,4.0,Low,No,Normal behaviour -- no red flags,23,2.277936407091221,52.392537363098086,0.0001011766373403,346799.27399095456
4266,3DQZjuVuyAAKjztfW7X3U6dykDWmn3fQvT,4.0,Low,No,Normal behaviour -- no red flags,18,1.6492451924510685,29.68641346411923,9.707565962987576e-05,451409.416688353
4267,1FEAxQ8Xj8ZTntGTLznTAJhW7pzVRymibH,4.0,Low,No,Normal behaviour -- no red flags,18,1.6327149768686475,29.38886958363566,9.495905532525489e-05,438876.7726032352
4268,bc1qvn6e75xny8s8cz7h9f5jn5gr28jjmqjfj6336c,4.0,Low,No,Normal behaviour -- no red flags,21,2.095461693645416,44.004695566553735,0.0001201940496285,345155.8326012
4269,3AntKcaTo41bM76gb5CBSFk8BSycs1Kx2m,4.0,Low,No,Normal behaviour -- no red flags,17,1.79537346728511,30.52134894384687,9.11815257271865e-05,467146.062389875
4270,1M8wHbXFeFGBz9ZRDmr9QD9Zs5dGdBNFYn,4.0,Low,No,Normal behaviour -- no red flags,16,2.12782725231303,34.04523603700848,8.572425104682833e-05,377374.9097282
4271,1PS5dFs9srNXmhXgwd7N7ByoxjhGFGNRFx,4.0,Low,No,Normal behaviour -- no red flags,17,1.7615167021777274,29.945783937021364,8.564179483304151e-05,442446.0075644375
4272,bc1qgn3cnthu8ml9f2gzvhdau5qh3736q88w85jmt6,4.0,Low,No,Normal behaviour -- no red flags,19,1.8450611422729395,35.05616170318585,0.0001118338574355,350528.1645444444
4273,bc1qcv0rs9uay05dyed5q52wqx8jgpw52zmhftw6vr,4.0,Low,No,Normal behaviour -- no red flags,22,1.900877661572842,41.81930855460252,9.269914136130384e-05,370035.0270803333
4274,3GV5QBAooxvBkyRq6M3zS4y7nodzW4GxfD,4.0,Low,No,Normal behaviour -- no red flags,16,1.906351922764388,30.501630764230203,8.475880038662309e-05,456625.63828206673
4275,1ABJBYxkMn9SVSUGHJLRG5fM2ZgLei5aZ4,4.0,Low,No,Normal behaviour -- no red flags,21,1.7721217693581843,37.21455715652187,9.754001790406144e-05,335226.6741942001
4276,bc1q05a43jme6cdc440ugtn9zxypcyg58rhxx00axp,4.0,Low,No,Normal behaviour -- no red flags,21,1.8595586117067964,39.05073084584272,9.416922446343314e-05,385046.57860125
4277,19SEBya4VqUnZ9jStKqVrrNWUWYDt3ZNuE,4.0,Low,No,Normal behaviour -- no red flags,23,2.1681122885951125,49.86658263768759,0.0001059076680935,342680.7174774546
4278,bc1qv4x2d9ds6yhf44gzf2acp3pqtu7453ur2y6h0t,4.0,Low,No,Normal behaviour -- no red flags,21,2.0646184157344045,43.3569867304225,8.627064014723657e-05,379149.1013074
4279,1NVn3Cnwf9eno7rYpRSm36RxuHQWR4SuyY,3.9,Low,No,Normal behaviour -- no red flags,16,2.01008894459527,32.16142311352432,0.0001043389082992,473666.4206612
4280,3QfzAnaNH6Ct7H6m93Enw9gsSHBu3R5z6a,3.9,Low,No,Normal behaviour -- no red flags,19,2.3291763437682125,44.25435053159604,7.982753550928678e-05,339886.20368038886
4281,1LCjGwjn5JRZoc4tC6PfHz7JwNN88F9kCA,3.9,Low,No,Normal behaviour -- no red flags,20,2.577545580757257,51.55091161514515,9.33649266393762e-05,379583.1209801053
4282,1LUkK6hTQaZdSKBsquTzG7q49ruqabBCSo,3.9,Low,No,Normal behaviour -- no red flags,21,1.992821531635896,41.8492521643538,0.0001093774930965,374308.41499765
4283,1LePcpWJHzqKr4QbwW7SRuP5FWwm6Vpe7t,3.9,Low,No,Normal behaviour -- no red flags,16,2.3143238442772662,37.02918150843626,8.71010965920792e-05,398409.76776046667
4284,bc1pyuhs0lsvf4n95pg6ycsxexttyjghxxu6wutze0pclnjtz9vfkzcqkenlgz,3.9,Low,No,Normal behaviour -- no red flags,19,1.734238993484417,32.95054087620392,0.0001199103879308,383779.0335081666
4285,1AYrKEBYMhKyPxmUpgitB83PYoPYCykXba,3.9,Low,No,Normal behaviour -- no red flags,16,2.111208849465785,33.77934159145256,9.730415576276808e-05,491457.83733573335
4286,12kDKzuqrDAWVVF5qXdy4wzFux2LWwEy6K,3.9,Low,No,Normal behaviour -- no red flags,19,1.886010951822944,35.83420808463593,0.0001124195485864,418125.87990966666
4287,bc1qztjwjmat3wkn3jnacm8fdwdgskxdzeknqrayjx,3.9,Low,No,Normal behaviour -- no red flags,19,2.550711395843051,48.46351652101797,8.678598414048851e-05,404512.5678576666
4288,bc1qmdrhjwj4u54pffekkue6ytpelm289sw3c8ftfx,3.9,Low,No,Normal behaviour -- no red flags,21,2.183405062080388,45.85150630368815,0.0001084062191749,370562.242601
4289,1xArNmPF7a9iTEErPCRnApTBynPrpbMVq,3.9,Low,No,Normal behaviour -- no red flags,23,2.251006473300536,51.77314888591233,0.0001016105273376,338138.15793659096
4290,1PRFvACGkSpki2EFisBaX5s8hM2xvbpZWe,3.9,Low,No,Normal behaviour -- no red flags,22,1.961149159923808,43.14528151832376,0.0001025851766724,337789.13381
4291,35T1enfdKYXgR88akok69tAx6Y3G1ERqpS,3.9,Low,No,Normal behaviour -- no red flags,17,1.8363221169492248,31.21747598813684,0.0001000583536227,472235.019661125
4292,1BWk2Cm5tabkFoyxLPVEi6UrA7dPHKSEwZ,3.9,Low,No,Normal behaviour -- no red flags,19,1.6351804497961882,31.06842854612757,0.0001082263483379,391137.1618192222
4293,bc1q42kvkcf44h8s2l8tnl0jdcv4kegfg8du6vt0rw,3.9,Low,No,Normal behaviour -- no red flags,16,2.291548338196224,36.66477341113959,8.491604186708456e-05,456971.87701393326
4294,bc1qlqvg8rv9h0ewsx0ky46gpjg2pkl5egftqkvz0u,3.9,Low,No,Normal behaviour -- no red flags,18,2.557089225572452,46.02760606030413,0.0001059313798824,436820.87945435295
4295,1Maw9NYkkMGjoie557gAF2S3HjaqYbAoso,3.9,Low,No,Normal behaviour -- no red flags,22,1.9359850444234192,42.591670977315225,8.657959995237185e-05,331508.4447162857
4296,17juSFQBZkkpxceKfVQ9d4eh2L3W8qnQf,3.9,Low,No,Normal behaviour -- no red flags,20,2.3415182859160346,46.83036571832069,8.583580042730389e-05,406242.9984372632
4297,3KpssiUWZwAAp7h4htMQd93bcj9shBbRY6,3.9,Low,No,Normal behaviour -- no red flags,19,1.6165820434849676,30.715058826214385,0.000105793319417,407946.6774611666
4298,bc1q3xk0d3ks059gxw0gz63js4zd5e32lmswprx4la,3.9,Low,No,Normal behaviour -- no red flags,18,1.6564513846487303,29.816124923677144,9.56224634068898e-05,431788.8907437059
4299,13XAzA7TewpeKZnm6se2TYGQ13janwjrbT,3.9,Low,No,Normal behaviour -- no red flags,17,2.004120698009945,34.07005186616906,0.0001116438344713,389191.25184093753
4300,bc1qga089jgjh08aymz0sunfhyk8ey9aqyf789xfdy,3.9,Low,No,Normal behaviour -- no red flags,21,1.78734868900086,37.53432246901806,9.908496740998276e-05,367966.36007865
4301,12JWsRsFMcrKiw5gdYmvF1efrhxbJMRES1,3.9,Low,No,Normal behaviour -- no red flags,22,2.50481415102978,55.10591132265516,9.8285890948096e-05,336159.43218438094
4302,bc1p7sf4clct923wt7ygcxxh7ksvk94tszm8etvga5zvsqmgak7n6cqsfy2cn4,3.9,Low,No,Normal behaviour -- no red flags,20,2.604222891291595,52.0844578258319,8.870646969353408e-05,374624.0757676316
4303,bc1qww0ntdr637ytpf56tnvkkjzcyduwd94wrc22wx,3.9,Low,No,Normal behaviour -- no red flags,18,1.5933065064711824,28.67951711648128,0.0001009605071057,439115.105398647
4304,1NFWL2kWbdLwNpCdqyduVWAKjbfm5d7SYH,3.9,Low,No,Normal behaviour -- no red flags,16,2.2899895977830886,36.63983356452942,0.0001051967468752,455810.12060133327
4305,bc1q6q3ssur0a6ckjfyc4wkmsgaprghnveyg0jszdp,3.8,Low,No,Normal behaviour -- no red flags,21,2.198951248956225,46.17797622808072,0.000109240937688,383177.8148852
4306,13pGjiNxceQtBxWMpP6Lqs12st9SAzzTrm,3.8,Low,No,Normal behaviour -- no red flags,21,2.295977466701716,48.21552680073604,0.000111689206467,360693.9810004
4307,3PrXbqeuVQSV6PfN5asNJX1YrFFdDNsuFT,3.8,Low,No,Normal behaviour -- no red flags,19,2.315893903559948,44.001984167638994,8.119421933985033e-05,416220.3842739444
4308,3FuUZnD7Mv5MMnrczvWmiiNyp5staFarTh,3.8,Low,No,Normal behaviour -- no red flags,19,1.7633278484799944,33.503229121119894,7.430835407363106e-05,391244.25586455554
4309,bc1q9qrntqe9qyeydw2nwp72kwefkx08ysgz3m0cds,3.8,Low,No,Normal behaviour -- no red flags,19,2.018677853620281,38.35487921878534,8.272318838756256e-05,424942.53167255566
4310,18SSZ3EMpiVCCj2RjpcnZHy6p1qrbEUuBD,3.8,Low,No,Normal behaviour -- no red flags,21,2.3131304641423864,48.57573974699012,8.452766290569227e-05,363639.54582765
4311,bc1qp2hses245a6dqlw2awft88wqe7l956huuxllcs,3.8,Low,No,Normal behaviour -- no red flags,18,1.6413615251306797,29.54450745235223,8.117660567251145e-05,402489.2963745882
4312,1HwHzVPzh1NAu5f5A6NZwqrX7c8evfmKax,3.8,Low,No,Normal behaviour -- no red flags,23,2.307343788264614,53.06890713008612,9.273329991593732e-05,341176.44272686366
4313,1GKWfcgA7dTowWzWybTW6fSGoQJUnpsjHY,3.8,Low,No,Normal behaviour -- no red flags,21,2.004017156606142,42.08436028872898,9.673678648966876e-05,314198.23096335004
4314,3HKJd2Ky3nBmwEkBNWwBRNVUsFVFLNtxdD,3.8,Low,No,Normal behaviour -- no red flags,17,2.3768342336888253,40.40618197271003,0.0001076563191548,454479.5417028751
4315,bc1qc97hmt86mqnap65uxtc9fpt9fgkud8gh56ch89,3.8,Low,No,Normal behaviour -- no red flags,20,1.9420667422822109,38.84133484564422,9.006775724352186e-05,396909.7982947895
4316,bc1qv082y3vmsvkwdd9nujs3a0jkvehl5kkfcxsd5q,3.8,Low,No,Normal behaviour -- no red flags,17,2.18201263369566,37.09421477282621,9.535031053264846e-05,466352.04590125
4317,1PYKw3e2YCgCsr1bGSz2Xp3aBM2ykC7pxb,3.8,Low,No,Normal behaviour -- no red flags,21,1.8229738190977376,38.28245020105249,0.0001085324061713,354567.8562391
4318,3KGCQbQFVg9a9asXn8vHzJiucc7LQke3Ss,3.8,Low,No,Normal behaviour -- no red flags,18,2.080139244447415,37.44250640005348,8.031006588507972e-05,414862.30380770593
4319,1NoGRYLPUfpTnq4mSPNMvtaM4eCye4qPK1,3.8,Low,No,Normal behaviour -- no red flags,19,2.015549504570591,38.29544058684123,0.0001171256974145,398907.9122691666
4320,bc1qd7hrq2wfuw5yzdm5rg3v0hnmf3paqv9mdv89c5,3.8,Low,No,Normal behaviour -- no red flags,19,2.63310151200139,50.02892872802641,8.300752502853776e-05,370987.626335
4321,185b6ywFePh4B8XrnNyQxvb8yEZbJauz3M,3.8,Low,No,Normal behaviour -- no red flags,22,1.913128674222351,42.08883083289172,0.0001085996663034,341246.0138111429
4322,bc1qjdncqdhd3uhnxcdsfjhk7mlwedtww6u0vj2nlf,3.8,Low,No,Normal behaviour -- no red flags,17,2.066282206131977,35.12679750424362,8.287778684444779e-05,431240.44764243753
4323,bc1qt9ph9jedt5dq8wlhz4e3s3jayhy6werrs64ddf,3.8,Low,No,Normal behaviour -- no red flags,18,1.9610472941329629,35.29885129439333,0.0001181779996969,432555.1182191177
4324,18KX3zdjY5Wvc9SpQYLx9FLFHs1pndNr3F,3.8,Low,No,Normal behaviour -- no red flags,20,1.887227299860769,37.74454599721538,8.581708685501349e-05,351223.2034664211
4325,bc1qvcm9cph2fs7tns7hrdkzzvkctadft8r8p85npn,3.8,Low,No,Normal behaviour -- no red flags,16,2.3167815851243083,37.06850536198893,0.0001052953369681,451970.2030724
4326,bc1qlv8eppa5ykn5dh0xgus9uvagqwfzzd8x90djvu,3.8,Low,No,Normal behaviour -- no red flags,16,2.4323490395896363,38.91758463343418,8.825147856700836e-05,437816.8680670667
4327,17TUhq8gSXWx8m9VaSrYxUV62XfZsxyVUV,3.8,Low,No,Normal behaviour -- no red flags,23,2.240318912675801,51.52733499154342,9.227772433855653e-05,328359.04410363635
4328,1BskgUqbG8WicRQUqgongpgnau5ny1xvro,3.8,Low,No,Normal behaviour -- no red flags,22,1.8404357163211496,40.48958575906529,9.369064650441412e-05,348004.0559191429
4329,bc1qaka7y9wa86svthv422ld8vc96fe8mk2s74n4ur,3.8,Low,No,Normal behaviour -- no red flags,21,2.386641878597138,50.11947945053991,9.946549469830485e-05,374235.0956207501
4330,1EJKbmqUB9vuZNgmXbXfa3UDBKAxi1PcV3,3.8,Low,No,Normal behaviour -- no red flags,21,1.7355807312298046,36.4471953558259,0.0001030037288754,332375.96348225
4331,bc1ptgfn0t5cl2c9x5kpj6vy200v0m9e846hlwmzrjastl6g99y0t6tqkkgdw5,3.7,Low,No,Normal behaviour -- no red flags,19,2.096862312027253,39.84038392851781,0.0001214601125692,397133.59886611113
4332,1Kwcd1pRE2fANJ3yBKva3iPFx9mG9qjZa9,3.7,Low,No,Normal behaviour -- no red flags,20,2.4172404835404446,48.34480967080889,9.14776508826824e-05,325306.973597
4333,3BRYc6WPpT741tHuK8wNJvy2XkcDTSwZoR,3.7,Low,No,Normal behaviour -- no red flags,17,2.057447671078432,34.976610408333336,0.0001068939162228,377929.488084
4334,bc1q9amzwtraqa7wu9kpu2sp7f2z20y9nxdduks99l,3.7,Low,No,Normal behaviour -- no red flags,23,2.101670977758668,48.33843248844936,9.263476165444388e-05,319438.35155613645
4335,bc1qs7gqnjndk3u045wz6l0swey98ugcvky494n2tl,3.7,Low,No,Normal behaviour -- no red flags,19,2.147259429152921,40.79792915390551,7.436240995955786e-05,394286.2703930556
4336,1s9SvFb8KgUGH2gEnbw6W4ZYG361HVVGZ,3.7,Low,No,Normal behaviour -- no red flags,23,2.2050479169548245,50.71610208996096,8.747194102091294e-05,339301.0594053182
4337,bc1q6hzn9yqtcwdx7gekrm3q200y5glraz48zgzgpg,3.7,Low,No,Normal behaviour -- no red flags,17,2.517009495987633,42.78916143178976,0.0001027025972925,354788.9204180625
4338,bc1qkfxpkd39dfw9aeyqgvpffwwaa9jdax0wuegpdg,3.7,Low,No,Normal behaviour -- no red flags,21,2.444591812496785,51.33642806243248,0.0001010416607083,365897.6322572
4339,1EpfUz4oyWDevbDk2UwAjZ2batJq9ScbUg,3.7,Low,No,Normal behaviour -- no red flags,19,1.704596968787968,32.38734240697139,8.199508682574503e-05,365999.8323442778
4340,bc1q9rnn4e8f6u5sqxrzhl9wzkjdx9gw3hchq4f96h,3.7,Low,No,Normal behaviour -- no red flags,18,1.680502573194014,30.24904631749225,9.65746490778032e-05,428437.9745239412
4341,bc1qy85jc5gwfpyquupa6h57hghehz22u8gw43r06w,3.7,Low,No,Normal behaviour -- no red flags,16,1.8889303488993687,30.2228855823899,8.372469407622798e-05,451985.1670242667
4342,bc1qynyzm0tmqzxma7t8ed7g0cgq52tyqer7w684au,3.7,Low,No,Normal behaviour -- no red flags,22,1.8064640468302893,39.742209030266366,8.70502388980335e-05,355692.141212
4343,1268JHQJqc4iuX5j7acWHqajW9kzBrh55Q,3.7,Low,No,Normal behaviour -- no red flags,20,2.36176620922729,47.2353241845458,9.9536547888327e-05,404972.2315873684
4344,36oe8eDyKUJroYBCd3Dk3Csrq92WcthCXM,3.7,Low,No,Normal behaviour -- no red flags,21,2.087911796589189,43.84614772837297,0.0001064412265186,373713.0819914
4345,bc1qqk9xtq4tszqcp4a7knt08ylha8ajzh03l7wuq8,3.7,Low,No,Normal behaviour -- no red flags,17,1.812293124011617,30.80898310819749,8.667501465243224e-05,454035.3171396875
4346,38CcVxpQ95WnFMcbc7JCsRScr2yZtbiMTx,3.7,Low,No,Normal behaviour -- no red flags,18,1.7051850962356894,30.69333173224241,9.65646998760138e-05,424892.234670647
4347,bc1qvdy5ggqv8kwgqpkpw79q0w5k4q2aqexwjq0jlc,3.7,Low,No,Normal behaviour -- no red flags,19,2.397971046635848,45.56144988608112,8.60137579244765e-05,422777.8618558889
4348,3PY3sEauz9hD1hY3iibE517sK56vB7u3zR,3.7,Low,No,Normal behaviour -- no red flags,20,2.030663499460712,40.61326998921423,0.0001115255444829,388865.4717456842
4349,39myMzTvxVEXtLMza6je38FmZws5CcD3RN,3.7,Low,No,Normal behaviour -- no red flags,21,1.9734886984928368,41.44326266834957,8.606370187595874e-05,363826.7442495501
4350,bc1pe0mwv8slgksq76hhpu05kjpvcmj8kkadgk68t6fhwcspsl8a247q48jm76,3.7,Low,No,Normal behaviour -- no red flags,17,2.539105371262856,43.16479131146855,8.238053241208518e-05,425448.2420361874
4351,3GLU23J7BqmVtUg6aUaok6zsFvv17EVq56,3.7,Low,No,Normal behaviour -- no red flags,19,2.445632773169344,46.46702269021753,7.217978600114507e-05,358355.9748841666
4352,bc1p0et94rh8fle8zwrwh7me4zcnmfpndwcvp60qz8ewrs3jzry85glssc60z2,3.7,Low,No,Normal behaviour -- no red flags,16,1.973453033362754,31.575248533804064,9.827269471555084e-05,478481.3515206667
4353,3KB8LqRHMuFt5hxu4gVEQepbKxBxTaqu2q,3.7,Low,No,Normal behaviour -- no red flags,18,1.8340657489392709,33.013183480906875,8.042353629940616e-05,365994.9964651765
4354,1BgQENi7SWZLKGkKkhebkUEaKDE2YyDQMm,3.7,Low,No,Normal behaviour -- no red flags,16,2.3648010920213567,37.83681747234171,9.790433858140806e-05,457283.85452313337
4355,1M4nRSBvBCmL2VKgX78TxRKXy7cNTZVunX,3.7,Low,No,Normal behaviour -- no red flags,23,2.2071907947697507,50.76538827970426,9.792040768462084e-05,333934.4244858636
4356,bc1pf9qsd9w4h7aw6ctqn9sycmml2rhccy8cqhd7537shr853gwtnv7ssr6lmz,3.7,Low,No,Normal behaviour -- no red flags,19,2.1540590556853814,40.92712205802224,7.623911448679897e-05,395809.7142347777
4357,bc1p227n65yl7fll4vrznfm2v5ul7t44xk60k9s4sw84nr520gh8qcxqrlcf3y,3.7,Low,No,Normal behaviour -- no red flags,17,1.792673898222004,30.47545626977407,8.372277556324757e-05,429144.2093043751
4358,bc1qm9wap7mh8mv6qudlrh93stxhch8x8w033cfmmg,3.6,Low,No,Normal behaviour -- no red flags,17,2.364170232625896,40.19089395464023,0.0001104593747655,398709.9834284375
4359,3D2FvEB1o718jo11c1j9Tp9xM2LZmtBnXi,3.6,Low,No,Normal behaviour -- no red flags,18,2.069835584710575,37.25704052479035,0.0001174613599569,441676.4189435294
4360,36Y4XJxxfj4qKgzcG7kJABCgezRobtvwvQ,3.6,Low,No,Normal behaviour -- no red flags,23,2.0566186460166618,47.30222885838322,0.0001024273615059,344834.95722690906
4361,bc1pujpnl2hs98zxfl8aw36fevtxazmj7lkx5j7yqe35atthszju7qdqclsd6d,3.6,Low,No,Normal behaviour -- no red flags,19,1.9826494157504468,37.67033889925849,7.376705618329162e-05,394271.57402955554
4362,3MnWhdHwpB3kRGf4G6zchmW7wmNZYTZoBr,3.6,Low,No,Normal behaviour -- no red flags,18,1.687670715789974,30.37807288421953,9.120835736663826e-05,438878.4306536471
4363,bc1qt8ey2fggf9rd6phllj5vf6gezfwx8sagzet228,3.6,Low,No,Normal behaviour -- no red flags,18,2.24065399358472,40.33177188452496,0.0001159933642454,409883.365584
4364,bc1phjx55872273l4zhnszu037h225klakss0pzqdrny2ldpxt5wqq9sd3vk2z,3.6,Low,No,Normal behaviour -- no red flags,21,2.438225088419324,51.2027268568058,9.66379584520797e-05,372528.57421725
4365,34V51QCzFYnwcLnBCs7BHB4FLsRzURRPK8,3.6,Low,No,Normal behaviour -- no red flags,17,1.8203449181007043,30.945863607711978,0.0001164441352732,443680.280973
4366,bc1p9jsvrvhmzdqq0muu74g884pysuhfrfxnun3zpwdnjacvm9gtyycqxgrtdw,3.6,Low,No,Normal behaviour -- no red flags,21,1.7769399693256422,37.31573935583849,8.844383552207207e-05,372774.91890155
4367,1J27AWp37pzCnUn7L4T1y9Mkv2FHd3t9Qj,3.6,Low,No,Normal behaviour -- no red flags,17,2.417256789137583,41.09336541533891,8.259090453541785e-05,363764.302377125
4368,1J2RnHEvRdSc7k2n66XmWPVX2EJXYRW51T,3.6,Low,No,Normal behaviour -- no red flags,19,2.317604608006128,44.03448755211643,0.000113729735844,360869.9966425001
4369,1ASrVo8RuRHq4QDdJbtGowjeBg9oZ8wY5L,3.6,Low,No,Normal behaviour -- no red flags,19,2.231908861440252,42.40626836736479,7.850418463460081e-05,347902.3557715556
4370,3NNuUr34ddxpus7Cj4mxU5sVdBdgr1aGnG,3.6,Low,No,Normal behaviour -- no red flags,19,2.437490278878216,46.3123152986861,0.0001148854309348,354858.21827383334
4371,bc1qkej64cn8nmjlv6uy6adtp2zl66twvyjqhve62n,3.6,Low,No,Normal behaviour -- no red flags,18,2.502228479291781,45.04011262725206,0.0001040435955609,434852.5830758824
4372,1FsTW79Sw7RCaSA5PJp9EmGwAJfdpUGfHU,3.6,Low,No,Normal behaviour -- no red flags,21,2.318732084713936,48.69337377899266,0.0001020719361092,378334.3379056
4373,1HiKErTRiqapfKwTNYQPVyv3rCSgMMtcdo,3.6,Low,No,Normal behaviour -- no red flags,23,2.0599490769194526,47.37882876914741,9.798115818998414e-05,323432.5099655455
4374,bc1qke58trsyt4cv9424gljpw2wvszdh39nmwdfu44,3.6,Low,No,Normal behaviour -- no red flags,21,2.1707835578606463,45.58645471507357,9.99563552308227e-05,325123.84046705
4375,1BwRmjRnYy7FjY3PWnVtm4YYd3vvZ7jyKb,3.6,Low,No,Normal behaviour -- no red flags,17,2.487706020334737,42.29100234569053,9.47449077762109e-05,451497.85306125
4376,bc1qefmz25yw0htfrjnfkmsn4xw6vzwp3wzafwr7a2,3.6,Low,No,Normal behaviour -- no red flags,20,1.942185522450861,38.84371044901722,0.0001052180625728,362396.3387066316
4377,bc1q2gku09pg07cyrdq3jx4xmqhzlp7fzmncuunxx7,3.6,Low,No,Normal behaviour -- no red flags,17,2.075046551113389,35.275791368927614,8.436522379805402e-05,427111.3290552501
4378,1GHyPi4EZFGjTrjAUnj9QQrHFK1uwfxqrs,3.6,Low,No,Normal behaviour -- no red flags,19,2.2498976667115054,42.7480556675186,8.062473889373796e-05,407951.14157583326
4379,1QHPHSN5prz3gHdbi8usrnX7kDu3z8yg7c,3.6,Low,No,Normal behaviour -- no red flags,20,1.7956897147830957,35.91379429566192,0.0001092057821856,354424.2417907368
4380,bc1qj0nnxh33dmvzwq3j6985j3874lgs2qnam9af8q,3.6,Low,No,Normal behaviour -- no red flags,18,2.293626016687577,41.28526830037638,7.582105915181392e-05,366772.3942987647
4381,bc1qw2jrxsml430h3ar8vxdp79p5apuwjdawj0anch,3.6,Low,No,Normal behaviour -- no red flags,19,1.9940646432975384,37.88722822265324,7.864400209194298e-05,407730.2525696111
4382,bc1qvh0q8yvpvc3mza6pw5ek7l5mn0f7saz7cz423a,3.6,Low,No,Normal behaviour -- no red flags,20,2.6019877035671697,52.0397540713434,9.401127924354276e-05,366127.1748075263
4383,1J4XeJQqxQ448YDsj7uLWt53d1Zo7nEiP,3.6,Low,No,Normal behaviour -- no red flags,18,1.7502356059421948,31.504240906959502,8.431583014939978e-05,362550.4032037058
4384,bc1qjmzn2am8hxdrhzwg6afzuqup865ldpljjld9t3,3.5,Low,No,Normal behaviour -- no red flags,22,2.092959314665096,46.0451049226321,8.825911232819183e-05,308066.8125324761
4385,1NTHJH9XwTFHVzGBdAVQrPpPqTgQeWr8jC,3.5,Low,No,Normal behaviour -- no red flags,20,1.925534861987728,38.51069723975456,9.913826697905076e-05,373662.6227877895
4386,bc1q69pmfd4utdtm6jtpfc680xz7l87jugys8e7vwc,3.5,Low,No,Normal behaviour -- no red flags,18,2.5481467794257906,45.86664202966423,0.0001004523861389,438413.6879687058
4387,3PogyciSDyyw2zNGrS4aRtbeMXCqu7cwKM,3.5,Low,No,Normal behaviour -- no red flags,18,1.859956472354423,33.479216502379614,7.786646115237132e-05,441104.2422197058
4388,1Jzkq3PVCQ9LZLW4KKL6hKeHgBZ9Kzk1RE,3.5,Low,No,Normal behaviour -- no red flags,17,1.8496518547657808,31.44408153101828,9.77890003513954e-05,470723.36281675
4389,16TZ8rU4jhPXkghfRNodXCy1PYWGDU4jSJ,3.5,Low,No,Normal behaviour -- no red flags,19,1.7184854420592235,32.65122339912525,7.9686422889217e-05,389299.50283116667
4390,bc1puppa6zfxu060dg3gmu4066fx5v66xk3nselvmq9wwl34srwqtrgsdzty7t,3.5,Low,No,Normal behaviour -- no red flags,19,1.7285000209806185,32.84150039863175,7.987916193830308e-05,391554.28706933325
4391,38G7YRVzEyPh273T1G7D7kx4qAMfjDpQRE,3.5,Low,No,Normal behaviour -- no red flags,18,2.01128695278968,36.20316515021423,8.474865606839587e-05,445427.7089802353
4392,3BWKumSoC2MKJ39PfajBAwJbbNbpvNHTra,3.5,Low,No,Normal behaviour -- no red flags,16,2.146916821947461,34.35066915115937,9.689070265363638e-05,492880.5562967999
4393,329HKHU51efQHJqkZxRYzqb7Qq86ZEy37A,3.5,Low,No,Normal behaviour -- no red flags,18,1.9439916070246888,34.9918489264444,0.0001008709021598,356249.66230252944
4394,bc1qm86gq3xvdnxg6dcsusrn9c6qjymghtznswewv6,3.5,Low,No,Normal behaviour -- no red flags,22,2.430354853126892,53.46780676879161,9.779097088866011e-05,330142.5787046191
4395,bc1pwugvcah3kq3eh6se5j8nqztyu9tdwq483c5fn3gs8ynszf0wu57qlcpy50,3.5,Low,No,Normal behaviour -- no red flags,18,1.687853877158823,30.38136978885881,9.698681479479076e-05,375311.9309158235
4396,bc1pm98g62qpjcl5u6kmfxuvd7w452e7gntmnr58xjazea4u5azn2phqfcxcqn,3.5,Low,No,Normal behaviour -- no red flags,16,1.7995424251945782,28.79267880311325,9.401630110460385e-05,459979.0892546667
4397,bc1qd6mypv34qy65pz34dtzn5dus7eqj2mdhgh7m6y,3.5,Low,No,Normal behaviour -- no red flags,18,2.2141738639870296,39.85512955176653,0.000117958423523,380736.02847235295
4398,bc1pajj6y0ys6rzrddjnaajd0a797x480jezl6w3letdgu7y55m2ufhq2hyx7d,3.5,Low,No,Normal behaviour -- no red flags,18,1.816170362400897,32.69106652321615,7.512283381565503e-05,397524.48385
4399,1JH5v52CuWLHF7PV7W6jUjPDwDH34TZ9qh,3.5,Low,No,Normal behaviour -- no red flags,20,2.22475690358101,44.49513807162021,0.0001047509368668,401042.066404842
4400,bc1pvvhkk4pdrhc9ddckmraq5k488c6rzlnzqg7nyak9726vt740cuzqpatzuc,3.5,Low,No,Normal behaviour -- no red flags,20,1.8221749345190328,36.443498690380665,8.380675086076343e-05,380850.6182554737
4401,bc1qjzyetedzmnxkvq92un07fz56ngrvmz6l94nmzy,3.5,Low,No,Normal behaviour -- no red flags,16,2.043368271459875,32.693892343358,0.0001152799804292,415681.55676253326
4402,1ABJQgH1HZaB8EqmW2gXw888faJACHLuBb,3.5,Low,No,Normal behaviour -- no red flags,20,2.16816270769394,43.36325415387879,9.960796411781452e-05,396040.0032052632
4403,1CEsWSWwiKP2ZpUHNX7Qd8GK9LNWcLE997,3.5,Low,No,Normal behaviour -- no red flags,20,1.945328664881772,38.90657329763543,0.0001049745403852,374450.0513738422
4404,bc1pt3chvct7hzqd3ncy87y0tm6y3puv8gwywms453zf773k39ecuy6srek8uz,3.5,Low,No,Normal behaviour -- no red flags,22,2.248768215699811,49.47290074539584,0.0001068387930899,351002.3472088096
4405,352LJMyqpgdXVSV7kJ1AcHXGxJ5cAVxxr3,3.5,Low,No,Normal behaviour -- no red flags,16,2.16623619801,34.65977916816,0.0001106772706237,433118.3123094
4406,bc1pfhhtzr4qk0r3gszgr74gn5s4la0s2lxxrenh7v5l7whj9eweseusa8rc38,3.5,Low,No,Normal behaviour -- no red flags,19,2.2706014190375305,43.14142696171308,9.95187177874959e-05,329964.1059634445
4407,bc1qpympqahrrwawfkm3gt4swcj4h86ce6cseqj4lv,3.5,Low,No,Normal behaviour -- no red flags,22,1.9342639295574244,42.55380645026334,0.0001024657397817,337454.6586086667
4408,38RGHham9aoXDi2u8nZ3tqDmEimESeR1MH,3.5,Low,No,Normal behaviour -- no red flags,19,2.617362144812337,49.72988075143441,8.898727295652967e-05,379579.5607697778
4409,bc1qz0ctwymf45hd9vdvks72d2dlu3w8npcx5u3c8q,3.5,Low,No,Normal behaviour -- no red flags,19,2.252911235547849,42.80531347540913,0.0001077530049407,426598.1471548333
4410,bc1pknd0gxtfuelqj4ydeepph6dzq35l8t4ygltetswvh7lfcfzaft7quqmaxm,3.5,Low,No,Normal behaviour -- no red flags,19,2.5710361652537523,48.84968713982129,0.0001011078415466,348160.8385043333
4411,1LAFXKxQYq8j71gJXj2R7w8KcHS4m5Ling,3.5,Low,No,Normal behaviour -- no red flags,22,1.834124187132116,40.35073211690654,8.419737108628904e-05,357535.8908924286
4412,1Nqj9Jhogn6MLQUbPNKJrqFDg5cW92ZXpP,3.5,Low,No,Normal behaviour -- no red flags,18,1.562343706503973,28.122186717071514,0.0001002005983642,438207.5233378824
4413,bc1qg2p42ex2lsdqsn472kudl423kdjmt5ktc7gj2a,3.5,Low,No,Normal behaviour -- no red flags,20,1.7884923826649457,35.76984765329891,0.0001066762216388,387215.8341887368
4414,bc1qtgjcqe095t094wee6gh2evcut9em5h4h3f0gjr,3.5,Low,No,Normal behaviour -- no red flags,19,2.5016415831780785,47.53119008038349,9.223152064942004e-05,414899.7426628889
4415,bc1qqlgvw0d03gszktwhprrq640dx2x7c9g8kpjs2u,3.5,Low,No,Normal behaviour -- no red flags,17,1.836288918825556,31.216911620034445,8.466700502359757e-05,446850.32111537503
4416,bc1qgvsq3yk0g4zfps3l703t4y2vcm43knhnc47fu0,3.4,Low,No,Normal behaviour -- no red flags,17,2.0092439465136405,34.15714709073189,9.072763094649724e-05,468380.638841875
4417,bc1qpepardxsfhjjs79mnd3nzglzra95ue8q9vxk55,3.4,Low,No,Normal behaviour -- no red flags,16,2.4422666030166984,39.07626564826717,8.823517803203705e-05,446385.9477214666
4418,3DfDkPc8Pejq9hZcFTPvzCoScKsePjDJ5i,3.4,Low,No,Normal behaviour -- no red flags,21,1.939912511465951,40.73816274078497,8.874079304215065e-05,365666.3472318
4419,1ArsWbrbnCcxEShmR1sabncHu1Mdhg2QpK,3.4,Low,No,Normal behaviour -- no red flags,18,2.192508519402656,39.4651533492478,0.0001134335193656,440857.5056015294
4420,1Hdang63WMqnSx1yn9rRrvp1JRChzAYz97,3.4,Low,No,Normal behaviour -- no red flags,18,2.511897858274759,45.21416144894566,8.895148801034578e-05,424723.10050829407
4421,3EhuSMkPTjG1mW6kzmLfGfunu1Zf9eturb,3.4,Low,No,Normal behaviour -- no red flags,19,2.3594107916408795,44.82880504117671,7.39001700751258e-05,375995.9824955
4422,1HqvsiZGjBNg3Q3JCz8Ws7hmh2QX3kyzDJ,3.4,Low,No,Normal behaviour -- no red flags,23,2.11592859728212,48.66635773748876,0.0001028318680223,345373.36840781814
4423,bc1qz2m8456tt205slv43qrm2x6e0f8elzl70rs2m4,3.4,Low,No,Normal behaviour -- no red flags,17,1.9467791702562047,33.09524589435549,0.0001116990758732,398033.46419525
4424,bc1qu6dd2n26npt7ymwtjn92kmld657fqchsy2wwr8,3.4,Low,No,Normal behaviour -- no red flags,19,2.2742203357759068,43.21018637974223,7.393567032946597e-05,382986.4132100556
4425,1HKNSpGf4AuqXiLvRSgtX3V4DV27JRj1KQ,3.4,Low,No,Normal behaviour -- no red flags,20,1.862947157302784,37.25894314605567,9.62309474433118e-05,342477.73629015795
4426,bc1qy98hf2d09vwhw6zlluqjxd7fvghvyckhucs095,3.4,Low,No,Normal behaviour -- no red flags,17,2.450377988949888,41.6564258121481,8.495266978247712e-05,447139.0276179375
4427,19u5Mbf7DRQqeMZ2RianGUZQD2zyWVFK89,3.4,Low,No,Normal behaviour -- no red flags,17,1.7263429420801342,29.34783001536228,9.265091333845444e-05,442152.25919
4428,1PvyaMPcTovzVZevFF5qyd2cLNzHAwiyu7,3.4,Low,No,Normal behaviour -- no red flags,20,2.3122335441046373,46.24467088209275,0.000100679970733,330270.15306694736
4429,bc1pc2qvfhqjyh03vmu57glk8m49dzdqfpv2w05p7c9y9gxnf2gpz4esghjumh,3.4,Low,No,Normal behaviour -- no red flags,16,2.123164981740089,33.97063970784142,0.0001093695981477,460615.2368971333
4430,bc1pfm8zvaavlnx3tcgs5kpj8nqt22wfuqut7zuv02ct73rpa0wcrdnq3p68tl,3.4,Low,No,Normal behaviour -- no red flags,20,2.5749998481914576,51.49999696382915,9.189601151393708e-05,368645.3125836316
4431,bc1qtr6xj2jk7twah878zrcevrt0xh78hgkzhh5ncj,3.4,Low,No,Normal behaviour -- no red flags,16,2.4839400929463884,39.74304148714221,0.0001031994030928,445204.4972800667
4432,1K5Xc3QgQmDCUG4ScpQHhVzehbodePgivH,3.4,Low,No,Normal behaviour -- no red flags,16,2.0648854381485697,33.03816701037712,0.0001029468309102,377363.4505071333
4433,bc1qjujmec0vlhfveyqzadahkermwyy048zzq4cuq6,3.4,Low,No,Normal behaviour -- no red flags,22,2.3889940578291866,52.55786927224211,8.490110312193225e-05,353585.51451676193
4434,1AqNoMuofy5pdR7z9NVJWN4H4Br4pZK21B,3.4,Low,No,Normal behaviour -- no red flags,21,2.075967654770556,43.59532075018168,8.34083847444052e-05,348001.5359862
4435,bc1q8f9fsfnaazkrhuu0udqqyzex3ut9t089qvnyd8,3.4,Low,No,Normal behaviour -- no red flags,22,2.525151545222178,55.55333399488792,9.506277190151656e-05,348606.30412138096
4436,bc1qg6aq57kf0vsg6fyz5dxvndcgh2vn8eh9fqdppc,3.4,Low,No,Normal behaviour -- no red flags,18,2.449819334271858,44.09674801689344,9.135529865038466e-05,449355.249763
4437,bc1pkx2sgwxw6svmpmx3xjdrx302qvslrak952vvkwr0cn5q73prjedqney4qa,3.4,Low,No,Normal behaviour -- no red flags,20,1.942021510247644,38.84043020495288,9.98040311043604e-05,376633.7266277368
4438,12ie17YjcoBZsG21cxRUKT9b2CUm3bPrha,3.3,Low,No,Normal behaviour -- no red flags,18,2.000879374878614,36.01582874781505,8.358061685708758e-05,436821.7799787059
4439,bc1qqdterpdakneqlqfdl5rw400t7kd2n4g3n8zh49,3.3,Low,No,Normal behaviour -- no red flags,19,1.7168021262911966,32.619240399532735,0.0001108940722059,409771.2436107223
4440,1BjG8FTqYncZabmjpot2j2xqQCsxs6xGWw,3.3,Low,No,Normal behaviour -- no red flags,22,2.064886640171208,45.427506083766566,8.784828522241699e-05,324397.63092461904
4441,bc1qqp90ew879r22qf4d2686cultxps8uldrnwkhyh,3.3,Low,No,Normal behaviour -- no red flags,21,1.8732664301445163,39.33859503303484,0.0001014424596098,329460.14385785
4442,bc1pfu4w507lwv9mm6zve24e4y0t4aa2h4zhwue7ku4gxvpe98sv7qgqvu0s7p,3.3,Low,No,Normal behaviour -- no red flags,20,1.839171322821479,36.78342645642958,0.0001057935571734,373324.7447161053
4443,bc1q2dka30l4mpvh2jwr82lgmvdsgm35yv95a3ar96,3.3,Low,No,Normal behaviour -- no red flags,18,1.7617384514914245,31.71129212684564,0.0001174425054217,430011.3529533529
4444,bc1q3j0endswnlumatpxdax6jkjxujvvhzjhfe5tpd,3.3,Low,No,Normal behaviour -- no red flags,18,1.748204035948057,31.467672647065022,8.24512809796709e-05,382412.9087038824
4445,1M8ehaeu71ofhxxkcsgH23LqEwHengj3Ws,3.3,Low,No,Normal behaviour -- no red flags,21,2.3724406201666723,49.82125302350012,0.0001031767352317,373758.8199741
4446,1AZc8RhRj5hLBCgh9MPottWnZUxFGTmknR,3.3,Low,No,Normal behaviour -- no red flags,17,1.762746781969967,29.96669529348944,9.444205189394036e-05,458446.518066875
4447,bc1q2tcwsw2hhakyyc396j7sqhlk0nqr7vq9d7n2w3,3.3,Low,No,Normal behaviour -- no red flags,17,2.41898662662722,41.12277265266274,0.0001060437392396,368432.079934875
4448,3JpkambptVrArV4dcnjJByoLGnrVTZdBtZ,3.3,Low,No,Normal behaviour -- no red flags,20,1.7201970853281003,34.40394170656201,9.079793961944154e-05,389850.9346697369
4449,bc1qj8k52je9cckqh0sx940uauvwvlxmkyvjegha4f,3.3,Low,No,Normal behaviour -- no red flags,20,1.9093076832873923,38.18615366574785,0.0001058200905066,402921.6995792631
4450,15ob364KzPcQgfY7Rtub1EbXDh2f2Ay1wb,3.3,Low,No,Normal behaviour -- no red flags,21,1.8267748810065687,38.36227250113796,0.0001023294866359,363211.6857286
4451,bc1qp3wfyupwu3f6gw3nfr2f0vdtskz6y0xwj6zurv,3.3,Low,No,Normal behaviour -- no red flags,23,2.118806899135894,48.73255868012556,9.631223868152749e-05,352765.55910159094
4452,bc1qekjragtgvx6rt0dz4etvxs9ezd06puxn6h0303,3.3,Low,No,Normal behaviour -- no red flags,22,2.0953103796780703,46.09682835291755,9.625858708680173e-05,364385.75163685705
4453,bc1pqjkzw8qe6k2v7pphtf9wd74ymww6twz79g8de8eaqn88jkn329dq5ltehz,3.3,Low,No,Normal behaviour -- no red flags,19,2.158699360795655,41.01528785511745,0.0001081585420861,341261.98366516666
4454,bc1p7cmjexs6t4cmrrr2mkc8zdq4r5cer0fvllsdws8w62arx29vgy2qackhk3,3.3,Low,No,Normal behaviour -- no red flags,19,2.2465059554140523,42.68361315286699,0.0001137968961487,375340.5790733889
4455,3Do3MvTdAmH4ExCtBjgPdmpiSYxoEtTQtc,3.2,Low,No,Normal behaviour -- no red flags,19,2.1585621585203416,41.01268101188649,0.0001131467256578,410211.8273290555
4456,bc1q3yerlmfs059fpgxetsdn8yvrn2zmdmeah029nf,3.2,Low,No,Normal behaviour -- no red flags,22,2.206907763332496,48.5519707933149,8.42000862024304e-05,333537.9122190953
4457,bc1qnshztug3grlx2z0m2ktmtuykx72ktj5ellwet0,3.2,Low,No,Normal behaviour -- no red flags,20,1.7812493810961687,35.624987621923374,0.0001012731413684,393752.5297463159
4458,bc1qwcsxveyqldtxlaqcsu3zq6kemfcxdphtyvh3ck,3.2,Low,No,Normal behaviour -- no red flags,20,1.897200232509837,37.94400465019674,8.414114138513562e-05,394679.66483942105
4459,bc1qnupqge3mxep6z7mlhph9nsklng4a2t8z8a0var,3.2,Low,No,Normal behaviour -- no red flags,19,1.9728257596613137,37.48368943356496,7.972314338082895e-05,401323.3954477222
4460,1AKgh8jNLwddHt5UzJXozJbYn1eP8D5Dbm,3.2,Low,No,Normal behaviour -- no red flags,22,2.4569925783661666,54.053836724055664,9.068070814711756e-05,343670.7336266191
4461,3FjkU6HYzSkhuHJjjAKpinPTcV9u4uQnaW,3.2,Low,No,Normal behaviour -- no red flags,20,2.049391998376593,40.98783996753186,8.291818348183084e-05,386711.90395157895
4462,1JpLeGLXEvmKkNziRBkvnT5Nj4srrAnYET,3.2,Low,No,Normal behaviour -- no red flags,17,2.4344799432968367,41.38615903604622,7.87431503270412e-05,389137.6704593125
4463,1Ddzqzc3WE6FD7YMsMpdqcvcHTzmjy7TCf,3.2,Low,No,Normal behaviour -- no red flags,18,2.241206319974377,40.341713759538784,7.717607792074151e-05,384504.2236863529
4464,1HXz1AzGMpKPebNDLPnXqTavsdnn6CagaE,3.2,Low,No,Normal behaviour -- no red flags,21,2.049323369785268,43.03579076549063,0.0001081291564315,338219.73852635
4465,bc1qu4arsnu9mya3eaxlvup6mfnuax2fkje8r54jwx,3.2,Low,No,Normal behaviour -- no red flags,17,2.1203073148224414,36.0452243519815,8.779787637092444e-05,435690.2998390625
4466,1LsTWk2paT6ZWwx1SLTXEVSNayQeVRc5cD,3.2,Low,No,Normal behaviour -- no red flags,18,1.989417273122507,35.80951091620513,8.24870717927991e-05,381308.3632162353
4467,bc1q3ywkms7pjv6tnu43kn9rwx3v2xxs0qd0lvzskx,3.2,Low,No,Normal behaviour -- no red flags,18,1.98793200203296,35.78277603659327,0.000110290520967,389375.3680591765
4468,1YPWhzRqigN2MEEH5ZA9quViS1by9SVsf,3.1,Low,No,Normal behaviour -- no red flags,20,1.8966888615709887,37.93377723141979,9.165873902337794e-05,396027.37342542113
4469,bc1q7x0r8g7zku09y2mwypumd7rkxyu82exh9ex4qs,3.1,Low,No,Normal behaviour -- no red flags,19,2.041080996807308,38.78053893933885,0.0001110318254486,366789.9426883333
4470,bc1qe9af0gr66anj9xcfhqkg45dmmjtny3qxxkmt78,3.1,Low,No,Normal behaviour -- no red flags,16,2.1567242864770337,34.50758858363254,9.562400326012208e-05,380005.7885811333
4471,38QNJq22ZE26rzmR92SArVfsjF93rXBKYx,3.1,Low,No,Normal behaviour -- no red flags,19,1.975018347091477,37.52534859473806,0.0001049314112262,338645.69403388887
4472,13bDG3qsd7Vc4WMc47KnPvWm1eR4vjRMa7,3.1,Low,No,Normal behaviour -- no red flags,23,2.077557614149456,47.78382512543749,9.69271259470874e-05,341408.7726404545
4473,3B9GXgVw3sHFgTUGHFNpCxfrVBWbofJoUk,3.1,Low,No,Normal behaviour -- no red flags,23,2.092933364213187,48.1374673769033,9.682814569559384e-05,350193.52697849995
4474,bc1qlkvxxndrmh5kwrcxxr5k9kk8c9ma9xqf3l2756,3.1,Low,No,Normal behaviour -- no red flags,17,1.674359762699594,28.464115965893097,9.78719281781308e-05,415219.756912375
4475,bc1qtppanhmw9g5k9u0xxlt5g8mylak2jas2xgla8c,3.1,Low,No,Normal behaviour -- no red flags,18,2.1281684468651263,38.30703204357227,0.0001126766919989,436187.2228126471
4476,1M1avLkssumDRGS7X4LhYUoU3xD2g1Tcgt,3.1,Low,No,Normal behaviour -- no red flags,22,2.022602396808451,44.49725272978592,8.788492954239605e-05,353265.0584438096
4477,33jH5kdWwupByYreUTCBD2J4B3mGYggrVN,3.1,Low,No,Normal behaviour -- no red flags,18,2.064145763005868,37.15462373410562,0.0001153107046404,409533.2253188235
4478,bc1ql9fqfrkhqvelqpgqa3k55wlmz4pkklvjp0tc0w,3.1,Low,No,Normal behaviour -- no red flags,20,2.1768071459576728,43.536142919153455,8.793834244994215e-05,401516.6759530527
4479,bc1qdmwjm6nvqwqrx9p0vxl8tqj6sxq6gcngwvf465,3.1,Low,No,Normal behaviour -- no red flags,18,1.630057521916563,29.34103539449813,9.762572914693067e-05,399779.0430567648
4480,bc1pw05znfgc6me06yrawvnps7nr2x2xm4hn596gtwnwghpwr9wl4ugqpm35yx,3.1,Low,No,Normal behaviour -- no red flags,16,2.3645928135672127,37.83348501707541,9.7555764413868e-05,422063.4528531334
4481,1s1VnVNuCGg92bvJqgefyR7uK5vDzWhum,3.1,Low,No,Normal behaviour -- no red flags,20,2.10909384987312,42.1818769974624,0.000112404155309,386343.25238721055
4482,1DrwPN3WSbTpX24bs1f6S81cVkP7gtpMtq,3.1,Low,No,Normal behaviour -- no red flags,18,1.9333715485734,34.8006878743212,0.0001162940632762,436445.6999644118
4483,bc1q5f8vksd358x6xsd8ssqlumhzvxswzk8h0nj7yt,3.0,Low,No,Normal behaviour -- no red flags,21,2.126106439832504,44.64823523648259,0.0001021120234542,375325.6976363
4484,bc1qxjzfvg7tpatl56edpd3p5vvhm0gzfd5l6lke24,3.0,Low,No,Normal behaviour -- no red flags,16,2.0309908554581964,32.49585368733114,0.0001082495136442,394556.2348114
4485,bc1qvfmv7s22zhgdv6u30vg0sytfy6e3qjwgwjqq7g,3.0,Low,No,Normal behaviour -- no red flags,21,2.1182533169724813,44.48331965642211,9.676613752414904e-05,377499.98425375
4486,17JrYxQNdkcjwcP6te4UTdJZFcHftFgVZt,3.0,Low,No,Normal behaviour -- no red flags,19,2.1805322045911284,41.43011188723144,0.0001181399934395,411958.9828075556
4487,bc1qhxsv6h7hl2nxl4f5v7vyxgcy4l35n6y25cyfcj,3.0,Low,No,Normal behaviour -- no red flags,22,2.090649361968588,45.99428596330894,9.52240618573812e-05,316500.3520358571
4488,bc1php8qf2g46emnckjda7myyjz3mx6y9rq0alj6setyrrpzhz6auy9qzx2ey9,3.0,Low,No,Normal behaviour -- no red flags,22,2.1042873390987755,46.29432146017306,0.0001052381156325,349749.7583680476
4489,3K3HRbnD79Csh6hK2QBhc3UwnnewdiR5rE,3.0,Low,No,Normal behaviour -- no red flags,19,2.038042032754964,38.72279862234432,0.0001159473036373,383025.3315016667
4490,1EJqGTRYP4uRVNbPaY1Vmn75yFJH9ZHzKt,3.0,Low,No,Normal behaviour -- no red flags,17,2.105844304764448,35.7993531809956,0.0001028792393179,449363.391226375
4491,bc1qzhx73stcnfw3thtyz9wtwywdye23jag43g2qg8,3.0,Low,No,Normal behaviour -- no red flags,20,1.8538755140127503,37.07751028025501,9.88434558849931e-05,371993.2405667368
4492,3GDyS4PQoC6eJ7WJD9McDMoP7EYgqnTTk1,3.0,Low,No,Normal behaviour -- no red flags,20,1.9553869538258737,39.10773907651748,0.0001014885450347,373332.4369715789
4493,19G2UufgzaZPhPkJYc45mMBL41SJXJt9EQ,3.0,Low,No,Normal behaviour -- no red flags,19,1.881686187494736,35.752037562399984,7.836709642307146e-05,408591.5190456667
4494,12sVvw8sF9sUyRGGBjzV77vp6e5KJUKegB,3.0,Low,No,Normal behaviour -- no red flags,21,2.095042743327368,43.99589760987473,9.574048013611522e-05,384498.80632355
4495,1JUPJCC2H6x2UJySAVwAtYe2wrxhNu133x,3.0,Low,No,Normal behaviour -- no red flags,18,2.446260654017627,44.032691772317285,8.374096105140393e-05,434426.8071305883
4496,bc1qwv97v7ncv0mjdxj9k5ecf7kh54hwuac8kln02n,3.0,Low,No,Normal behaviour -- no red flags,21,1.9491521957696176,40.93219611116197,9.125408664725826e-05,367206.45996985
4497,bc1qz84qmf453lca84tfdyws6zxluhrcykyv3ynxwa,3.0,Low,No,Normal behaviour -- no red flags,18,1.9108049453030056,34.394489015454106,7.933402585501162e-05,429150.1642127059
4498,bc1q2n4w5l3lk5v3p6x608eums4utawnls3sgdapkf,3.0,Low,No,Normal behaviour -- no red flags,17,1.7440765278142696,29.649300972842585,0.0001074448110757,424539.72050768754
4499,bc1qjm00d56y7pm4g09afyqdctxf77j0m768uwpf2k,3.0,Low,No,Normal behaviour -- no red flags,20,1.8098170166388825,36.196340332777645,9.952670188195288e-05,393159.0035107368
4500,1JcaToQYbmN5cAxvVweebPV1Hu28tRx8f6,3.0,Low,No,Normal behaviour -- no red flags,20,1.997055467527042,39.94110935054084,9.109871638655048e-05,336131.28166400007
4501,3F5NGHgoJzYu6ckZ18PWSwnCBYm2nMo7ZK,3.0,Low,No,Normal behaviour -- no red flags,19,1.8364801372204969,34.89312260718944,9.417666776179637e-05,335252.0374050556
4502,bc1qw0nyv9skw2hp4kudkyttqkewquh6qdq3wngwlp,3.0,Low,No,Normal behaviour -- no red flags,18,2.276455370816332,40.976196674693966,7.794759120534311e-05,382846.4534671765
4503,bc1q37j8tgnajj9mg9qew5ef6xpxrx750f4w8mw9n3,3.0,Low,No,Normal behaviour -- no red flags,17,2.0749069631973898,35.27341837435563,0.0001028858485753,378458.912045125
4504,bc1qa023zl8pze9gnjkfmp5wn69azlf5t9cxgj8ptz,3.0,Low,No,Normal behaviour -- no red flags,16,1.9895761981015248,31.8332191696244,9.923589992962722e-05,464884.6903081999
4505,bc1qar538rsenarygtvdvzsh2jhfwdqww9zdjw5sw5,3.0,Low,No,Normal behaviour -- no red flags,19,2.434281148906912,46.25134182923132,8.156113966978666e-05,401439.68313733325
4506,1B9tPY6PMJthTpzYrGpgFXKoyBEykQvWRS,3.0,Low,No,Normal behaviour -- no red flags,18,2.478090604316817,44.60563087770271,8.174227995854448e-05,412333.1560322941
4507,12S8nEifemD87TNF17rM8UgxQ5uNKvtPDU,3.0,Low,No,Normal behaviour -- no red flags,22,1.8281886670233265,40.22015067451319,9.225701359462298e-05,344463.3257864762
4508,bc1qq0kwgh70mg7fwjp99sgkjuehl8d3qs523x0yfw,3.0,Low,No,Normal behaviour -- no red flags,22,2.285701964417583,50.28544321718683,9.890627763789694e-05,359735.80178738094
4509,1J8oVj59q46SyHDimd2w8XeNJoyBnkroVd,3.0,Low,No,Normal behaviour -- no red flags,20,2.2289144758317327,44.578289516634655,0.0001019470501082,404679.3243301578
4510,bc1quqnjkqpp4ccw2dsh3fmuul8mm08f97dvawjprh,3.0,Low,No,Normal behaviour -- no red flags,20,2.415792903742356,48.31585807484712,0.0001043939986066,382706.275508579
4511,bc1p2ec7ylzg4tnejradx0ztr88lr7tkhlw0kaerg5gk60z9k8ke4c7qge7sm6,3.0,Low,No,Normal behaviour -- no red flags,20,2.0993883500871235,41.98776700174247,0.0001113762637432,363441.4289018421
4512,15siRXnG5BEAegMtYYLCLxYFGc6rD2ZxMC,3.0,Low,No,Normal behaviour -- no red flags,17,2.4561928129694315,41.75527782048034,9.71157449154602e-05,453084.466274
4513,1txDspnZArF31LCCiq8JYjba6MmBjG3FN,3.0,Low,No,Normal behaviour -- no red flags,18,2.196846366173241,39.543234591118335,8.537395848272469e-05,377663.09573341184
4514,19dy1MBVXZ4tYh24R4mBir3DgNE3v7iCHd,2.9,Low,No,Normal behaviour -- no red flags,17,1.8279088786495985,31.07445093704317,0.0001049491194675,458633.63068831246
4515,3C8gwcCZKddzfxAttErCKxZ2vUA8aSg1Yi,2.9,Low,No,Normal behaviour -- no red flags,19,1.967986658935993,37.39174651978387,7.853570539864904e-05,364894.7940213333
4516,1BgB82WWYvzFWBFBUNMRas49bzUtynM5fp,2.9,Low,No,Normal behaviour -- no red flags,15,2.2269591984293227,33.40438797643984,9.955603985011416e-05,456557.05874078575
4517,bc1qt54pxtmdc2ghzhjdzua40j96mufxppumtlmhrm,2.9,Low,No,Normal behaviour -- no red flags,20,2.384313480790006,47.68626961580012,9.965536121093698e-05,386511.86594142095
4518,bc1qmx6nd3z63z27df36fzvmn0agl9ecjkng4akahz,2.9,Low,No,Normal behaviour -- no red flags,20,1.8896243345812227,37.79248669162445,9.894287685713752e-05,376994.7444210526
4519,1Pito9oH9sAqthWajNGKhEQo3oUBVQJp3z,2.9,Low,No,Normal behaviour -- no red flags,16,2.076505443620235,33.22408709792376,0.0001050591128889,394693.0051008
4520,3DuHYksoH9QJ95pkpDt6RrcFjXovBfh1ny,2.9,Low,No,Normal behaviour -- no red flags,16,1.9088940826516887,30.542305322427023,0.0001088975380978,449540.4842572
4521,bc1pukvfqc0g5m269ytnn48yyqn4dhy4qjhqh8j8s8nk4ufmfr0hqk0schxznp,2.9,Low,No,Normal behaviour -- no red flags,18,1.89670788795464,34.140741983183524,8.007257260848977e-05,420917.4825878236
4522,18PyqDEj17yLW5aVLdo1qzEAvnLoetaat8,2.9,Low,No,Normal behaviour -- no red flags,17,2.078623252160537,35.33659528672913,0.0001012862067667,452219.9054564375
4523,358DTMhKniHRQeNnhMDKoKDAzS8HiyqDES,2.9,Low,No,Normal behaviour -- no red flags,21,2.3571600299769546,49.500360629516045,0.0001084184636656,345578.55242585
4524,3H3sPsx8PGN8JFm6vjC84VWcZX74BuLhd1,2.9,Low,No,Normal behaviour -- no red flags,20,2.3638356796001228,47.27671359200246,9.26702228356672e-05,397929.4809131053
4525,bc1qscaam87cr53rtf2xf2mwuryhtcne06t64r5pcs,2.9,Low,No,Normal behaviour -- no red flags,18,2.534633765547049,45.623407779846886,8.563522324523792e-05,410419.496714353
4526,13mUt1ThQzqCUoNofjkUFqLgcjCtdHKoUn,2.9,Low,No,Normal behaviour -- no red flags,21,1.8119403763294657,38.05074790291878,0.0001025939482244,353593.7256777001
4527,18k1UzLeSkqbawJN9Aoy9DizucnVt58af3,2.9,Low,No,Normal behaviour -- no red flags,18,2.515442506258476,45.27796511265255,9.625011503061253e-05,376169.3627978236
4528,38rdYMnbfYD5s73ddK8xj8bTGpEvBhVQvB,2.9,Low,No,Normal behaviour -- no red flags,20,2.163211568279376,43.26423136558751,0.0001026671280209,328948.2631064737
4529,1KyEeqgT6ZH7vQFfRC2kaadGK7qtqa1Lrq,2.9,Low,No,Normal behaviour -- no red flags,21,1.818175367543412,38.18168271841164,9.531044501878492e-05,359048.5843275
4530,bc1qwumkpm3ms0f50q6k8tl85vf0npg7f9wg5nz7vd,2.9,Low,No,Normal behaviour -- no red flags,19,1.8521909109630144,35.19162730829727,0.0001158754190974,412002.12238472217
4531,1NjXkoRc7YRdmVGUU97FV1GVoJreg34CFc,2.9,Low,No,Normal behaviour -- no red flags,17,1.7135699092858927,29.130688457860177,9.704430481888856e-05,421184.4836259375
4532,bc1q72rqgqxz26mzyuarxqkft45ua99xrdrxe8eare,2.9,Low,No,Normal behaviour -- no red flags,19,2.0076331262373124,38.14502939850894,9.824544590479865e-05,332336.6012969445
4533,bc1q3nxeu7krjwvc63kn2cf87ldrukvp7kdx8sjn2m,2.9,Low,No,Normal behaviour -- no red flags,21,2.045463395659372,42.95473130884682,0.0001065226307217,352150.08874265
4534,bc1prj0uz9vt7assfdzk3z0xza84td7qnl8chcawkx2kmmr2zx2l784sewsg4z,2.9,Low,No,Normal behaviour -- no red flags,19,2.233849733733537,42.4431449409372,0.0001070251139573,420710.3055706667
4535,bc1qm5p7ah52j99tlkepj0a46d653jvs9n5qgh7y6f,2.9,Low,No,Normal behaviour -- no red flags,18,1.7815084674446124,32.067152414003026,0.0001151635890784,394500.68229476473
4536,1CtUrehpjUbDEAnssPh4aoLQZswgiMZVY9,2.9,Low,No,Normal behaviour -- no red flags,18,1.9398582097238173,34.91744777502872,8.423670604338485e-05,437684.9177127058
4537,bc1q7x0mg6p9z495jz9yhr79gdnn8zts0zvrz5ejjz,2.8,Low,No,Normal behaviour -- no red flags,20,2.1313953938313253,42.6279078766265,0.0001106803612992,376200.732295579
4538,bc1q86pr20a4lp98l4qx32lwyn35s5vfd90rafzg7n,2.8,Low,No,Normal behaviour -- no red flags,19,1.638280183391748,31.12732348444321,0.0001012335042416,395932.2520406111
4539,bc1qal6feu6d8d4w7c0ndg4ue23r937dmfgt9adzjt,2.8,Low,No,Normal behaviour -- no red flags,20,2.4093720511360592,48.18744102272118,0.0001087760503113,361420.6879898948
4540,3NsBuw55x3UWPGXhPurcusEqhCG68fiYiF,2.8,Low,No,Normal behaviour -- no red flags,17,2.18743843073678,37.18645332252526,8.806567263419288e-05,444007.649928
4541,1NyvjHYKLuyeE1cN4J6bRks9i4fC4X1pQ3,2.8,Low,No,Normal behaviour -- no red flags,19,2.3744047122049583,45.11368953189421,7.929752876390454e-05,385570.2890582222
4542,1HbVQbbPGw8pZn5RxacQQEgspEGF6SCgBu,2.8,Low,No,Normal behaviour -- no red flags,18,2.1153575902738613,38.0764366249295,8.977521817504043e-05,443661.6228588824
4543,3HHpmXK1ubARkKpQ7NRcZvF4DtAFkT5wBZ,2.8,Low,No,Normal behaviour -- no red flags,18,2.4499321593393057,44.0987788681075,9.719061931017336e-05,443458.036475
4544,1PzB7pVkvdXxc23y2w3VKr291SCuiLhB7a,2.8,Low,No,Normal behaviour -- no red flags,19,1.7554039682471057,33.352675396695005,0.0001048367260266,379343.4807600556
4545,1EwoZ1fqAQoQRbXP2CBnjUBTNJpfLto6Xk,2.8,Low,No,Normal behaviour -- no red flags,20,1.7986917070212194,35.97383414042439,9.853652264884188e-05,380031.5082356842
4546,bc1pzafmsz8dc35acgs3m93rfva7luvf8kl5tef4cvqkf7lxkneafqpqc4006k,2.8,Low,No,Normal behaviour -- no red flags,19,2.0257206422321694,38.48869220241122,0.0001049615466798,425925.0729196111
4547,17XZRUXzPLeokCrivCGYne5ScSBBM1pJBF,2.8,Low,No,Normal behaviour -- no red flags,18,1.7529800350382478,31.55364063068846,9.421065576841366e-05,440890.1926320588
4548,bc1qp5vc26jxy6annz58l5gdl49w3djwsafyge470p,2.8,Low,No,Normal behaviour -- no red flags,20,2.4877081628463067,49.75416325692613,9.734708647314124e-05,345632.1844707896
4549,bc1qr3fk77z7s5xarjfkr462nxans49jfd7r7kea7f,2.8,Low,No,Normal behaviour -- no red flags,18,1.986488833208688,35.756798997756384,0.000103682339091,390002.8094407647
4550,bc1qpnkddslveau6ten5a3u06ls854659njtdcjj2q,2.8,Low,No,Normal behaviour -- no red flags,17,2.039692223811953,34.67476780480321,9.051371427180692e-05,448994.275683
4551,17zMmAkmxLRAJs2Sn3CooYchXFNu9VhCut,2.8,Low,No,Normal behaviour -- no red flags,19,2.0425267197115686,38.80800767451981,9.613577282002518e-05,418199.057643
4552,bc1pjdu9dlucg6ek8w5veyus4al5h0pktdanjr74z0rv9e50swvjkxgq26ehly,2.8,Low,No,Normal behaviour -- no red flags,19,2.208236047991537,41.9564849118392,0.0001139731078798,395577.2327323889
4553,37TpcUdAjQtoTxzf8xLyEfe5CB8pcorGsZ,2.8,Low,No,Normal behaviour -- no red flags,20,2.0296203872909206,40.59240774581841,9.281328802125394e-05,341508.86815952626
4554,bc1qnp68eah4fwrjt6vuypvtsg4324p2d67639endz,2.8,Low,No,Normal behaviour -- no red flags,17,1.7972291074352456,30.55289482639917,9.670490039967576e-05,400297.45894300006
4555,bc1qvnalsxk4tyck85ws5mzvnk7s6wfzygxmxulz2z,2.8,Low,No,Normal behaviour -- no red flags,19,2.4223977672903123,46.02555757851594,8.300507122524507e-05,397126.8064775
4556,bc1qmgl03g7uhghcg5pd295kp6p7d20fk63njfwdn9,2.8,Low,No,Normal behaviour -- no red flags,21,2.4416793089271343,51.27526548746982,8.73305548356704e-05,334043.6766268
4557,1EzkTKUsuyjqXJP8v7TKooGha6Z1i5iozc,2.8,Low,No,Normal behaviour -- no red flags,20,1.704644838879021,34.09289677758042,9.36732199327812e-05,386825.0396216842
4558,192NtjkK7eRmE63ywhZhBBiPDWPBoe7ihi,2.8,Low,No,Normal behaviour -- no red flags,17,1.9395543365033148,32.97242372055635,8.513630770290162e-05,457495.95858425
4559,33cSvZg7Ty5U1iwVZeRk8kL349Yx5uEP8E,2.8,Low,No,Normal behaviour -- no red flags,20,2.033323740473715,40.6664748094743,9.532247089987154e-05,401995.679289
4560,3KX4fzXsghRVb37Rxxe7mvwoJpm5VZiVNR,2.8,Low,No,Normal behaviour -- no red flags,18,2.504512378479016,45.08122281262229,9.406453412483692e-05,407661.30260041176
4561,18s9XsPZU5xsvwmHGUYqLofF5CSp7MVwjs,2.8,Low,No,Normal behaviour -- no red flags,16,1.9568055361844288,31.30888857895086,8.397388428406358e-05,451675.5977776667
4562,169sk7KLG6mpbmmuWDGgQTj9ap8VDdrpik,2.7,Low,No,Normal behaviour -- no red flags,22,2.09941238041042,46.18707236902924,9.535043491214682e-05,360018.207538
4563,17gWVuwTYfS7wEdrUpmUNyhbECqGBTtNQZ,2.7,Low,No,Normal behaviour -- no red flags,20,1.902478264236277,38.04956528472554,0.0001071330714248,384067.3664532105
4564,bc1phdfxz4x7jmq8wdj8mveqtcay2yu2vftfalcv6e0eh0xagmn3zv3qvzrf43,2.7,Low,No,Normal behaviour -- no red flags,20,2.198235642848896,43.96471285697792,9.568844925579436e-05,400484.3422633684
4565,1H8ZoFaPEyrjTc5hKy62Gi3NWUEcepaooZ,2.7,Low,No,Normal behaviour -- no red flags,19,2.138944614881378,40.63994768274618,8.95660065049926e-05,417283.5210132223
4566,34D5rfAUgbLKtt4FFN2GtBDZyYWptGnkKN,2.7,Low,No,Normal behaviour -- no red flags,19,2.0347103547018546,38.65949673933524,8.337503920616552e-05,401115.396911
4567,1FYRCVHwXTWGRxFwZjFNN3WKhh8ja5U6Yh,2.7,Low,No,Normal behaviour -- no red flags,20,2.0319414164028915,40.63882832805783,0.0001081178238463,376084.6507410526
4568,bc1pxelkmlqkv66j2ppd3hj32ac6z5cva7szmkkee3znyfk9pa7872vstwjt8v,2.7,Low,No,Normal behaviour -- no red flags,18,2.324697473916824,41.844554530502826,0.0001089495859631,444597.0612427059
4569,bc1pleyv8dajaek2zqfdev6zx5qn5eupzvt5eg52jr5f7y2tfgza77xqgkltkg,2.7,Low,No,Normal behaviour -- no red flags,20,1.992499661869364,39.84999323738728,8.68063473094735e-05,359704.5153960526
4570,bc1qkfwmjjmqumh7kt9c6rca6nulkzl4zru4xf2h89,2.7,Low,No,Normal behaviour -- no red flags,19,1.8773902996521097,35.67041569339008,0.0001006290683411,420379.9453330556
4571,bc1q05pqv0lafg6pnv89s3rvs8pa3lmsvwfqfd72yw,2.7,Low,No,Normal behaviour -- no red flags,18,1.5696309664585142,28.253357396253254,0.0001014428397732,412386.36655552936
4572,1A5XQ9VPGJQAvh9sDXdK8CCBnMFHjZUfDK,2.7,Low,No,Normal behaviour -- no red flags,19,1.840171117388956,34.96325123039016,0.0001102586346062,399555.4743195
4573,3FNzxSRGCiN4N1xb194dKjzLaKnVa7sNyx,2.7,Low,No,Normal behaviour -- no red flags,21,2.008364799494467,42.175660789383805,9.012416890510264e-05,367766.1049184
4574,15rZCYZb64Q72wxWGnHb9yb7NgiRqwZqJK,2.7,Low,No,Normal behaviour -- no red flags,19,1.938885873597433,36.83883159835123,7.614337428001526e-05,405439.0604942778
4575,13E4B69dFg9TaJFLCtXHsbgBEMse1hy1KQ,2.7,Low,No,Normal behaviour -- no red flags,21,2.0460730709535904,42.9675344900254,0.0001000261834375,337603.28145370004
4576,1G1RfRdLpfUrmr7khFedupZ9inQrjvR9yU,2.7,Low,No,Normal behaviour -- no red flags,18,1.924932119353581,34.648778148364464,8.822663151717248e-05,445257.9773986471
4577,34LYSjGq3w9sRnTjYSYqZYa6xy7vZfdoRU,2.6,Low,No,Normal behaviour -- no red flags,19,2.025663987519803,38.48761576287626,0.0001078117755695,346086.7622122222
4578,3Bg9USBk4KCCPrEucxGY5W5X1GYZv4rYXb,2.6,Low,No,Normal behaviour -- no red flags,16,1.746861502659325,27.9497840425492,0.0001014884341866,446405.0477648667
4579,18woCXnQhcoYjw7wNDuPyHQTH5cgkihZBk,2.6,Low,No,Normal behaviour -- no red flags,19,2.569133154983624,48.81352994468886,9.09729503985377e-05,391218.3066678889
4580,bc1q6m3paz3h5znfjqmftdp02u4zy4m7tay7gekn5y,2.6,Low,No,Normal behaviour -- no red flags,16,2.075161906977093,33.202590511633495,9.24696018258972e-05,453406.25786053337
4581,35jrXkBTFRg56NcJncLvEXx21qERi5WRtx,2.6,Low,No,Normal behaviour -- no red flags,18,2.2462768510193536,40.43298331834836,0.0001073168648761,438934.4185437647
4582,bc1qgc4v6tcwu83c05fzy3zpfd39wryvnytttk8nuj,2.6,Low,No,Normal behaviour -- no red flags,19,2.527172703543932,48.01628136733469,9.749184331952064e-05,401022.7030750556
4583,37AQmwXo5a9WtjwLrK4No4AcwoNe1QDuDY,2.6,Low,No,Normal behaviour -- no red flags,20,2.4265398887551064,48.53079777510213,0.0001032616028986,371373.3766226842
4584,bc1qkt7x05zsg9t2u9rx3pfueh729anxkvn38fjet7,2.6,Low,No,Normal behaviour -- no red flags,20,2.2226975470264816,44.45395094052963,0.0001094372789098,360932.2735168421
4585,16w6eLQTbBcrtZxP46fScnDeHmwJ5EWABK,2.6,Low,No,Normal behaviour -- no red flags,21,2.407365394771067,50.554673290192405,0.0001051927623744,356950.7468022
4586,bc1pqkq26ye758742crxex7c6hd7m8newp4xezjn0hhz95harvmsvdlqqlzjvq,2.6,Low,No,Normal behaviour -- no red flags,19,2.50625762310946,47.61889483907973,7.589237399229817e-05,370536.73016677774
4587,1BrjcCzdcDb6B4yLMFqHvvKbrAUp8xEXLj,2.6,Low,No,Normal behaviour -- no red flags,17,2.5229811331452168,42.89067926346869,8.556397614513696e-05,419741.0883375625
4588,bc1qdvdf3hsgvs867s9vt7u4y3rdda3czezje7563s,2.6,Low,No,Normal behaviour -- no red flags,20,1.997414353180192,39.94828706360384,8.550286458629399e-05,393899.037896421
4589,bc1qwmczzp9uhshcuecz05ejxaghqtwvvlwkn22w04,2.6,Low,No,Normal behaviour -- no red flags,18,1.841326913834309,33.143884449017555,0.0001062148073598,454131.6444418824
4590,bc1qz6zn9suvclurn3sgkmmm8h3l2rft605lsswawc,2.6,Low,No,Normal behaviour -- no red flags,18,2.168759666147805,39.03767399066049,0.0001095767492922,430385.9963484706
4591,bc1q5hh7uy2m58wsw6y4cdwmwjsvcgafwkhvwtlk7v,2.6,Low,No,Normal behaviour -- no red flags,21,2.268620088896041,47.64102186681687,9.418794063960692e-05,370913.831723
4592,16QSicUL4PWUnMCAyxWgqTTmDfk6Ac94wN,2.6,Low,No,Normal behaviour -- no red flags,19,1.9088550746833013,36.26824641898273,9.3460697389314e-05,335917.96297650004
4593,bc1p5nukuaja2uz4qdeqzyy6wexyr7wfuq4x2vafz3qfmrhs45s4x57s6hfqru,2.6,Low,No,Normal behaviour -- no red flags,20,2.407374334069238,48.14748668138476,9.78656426134232e-05,371525.1111714737
4594,17xfm18rYBJHY4v3BrdjUMX2UUYgBGZyM3,2.5,Low,No,Normal behaviour -- no red flags,19,2.183617855805548,41.48873926030541,0.0001153356825147,392593.4681269445
4595,12ahbqvKXnqJTWLuyEnqY5Y1xaWWDXsdUX,2.5,Low,No,Normal behaviour -- no red flags,16,2.2003992224091147,35.206387558545835,9.52735030320302e-05,437323.1208999332
4596,1L2K7Ts5pD3JqeT8Qup92Nq6Tz1xH4ARag,2.5,Low,No,Normal behaviour -- no red flags,17,1.9370074192276567,32.92912612687017,8.405689892581898e-05,451718.831744875
4597,bc1qgklxjzatszlz8w30wg0jacag4n38rupf8dd9wj,2.5,Low,No,Normal behaviour -- no red flags,19,2.299024005944924,43.68145611295356,8.30046724017505e-05,398268.79746188887
4598,36oqe6mzsZxY1dzRx5BUrwRxAp7zHZXUDL,2.5,Low,No,Normal behaviour -- no red flags,17,2.0357422590212555,34.60761840336134,0.0001067703869189,440982.1598671875
4599,1ANnaZnZzkiDmgmTa9A7m2Nr9ZxrnN6PV1,2.5,Low,No,Normal behaviour -- no red flags,19,1.717007378217934,32.623140186140745,0.0001045991349711,359129.9952746111
4600,1PJXycpcFitnMkQh9U1EabsuzDRAzm2TQD,2.5,Low,No,Normal behaviour -- no red flags,17,2.373263605416056,40.34548129207295,0.0001088062404759,434561.887851375
4601,3Kv4PrkoSaHwAKQHqHg1h3gqKcMmFKyn8u,2.5,Low,No,Normal behaviour -- no red flags,18,2.376743759727762,42.78138767509972,8.761633107979336e-05,432848.6905780588
4602,bc1q6kgrtwsmpx9eccgz6ksej45juy2dsgl5z6t0gq,2.5,Low,No,Normal behaviour -- no red flags,20,2.007786093579448,40.15572187158896,0.0001057706891189,374401.3069634737
4603,1AJbfLuwW7X2T14c3bpVYRUKEoFpHeNDqU,2.5,Low,No,Normal behaviour -- no red flags,20,2.2914458848831347,45.828917697662696,0.0001083118383003,349365.0969462105
4604,bc1qhva3gzy6aaxdlw2ax6ca4e32lh2v4flvttmhyk,2.5,Low,No,Normal behaviour -- no red flags,17,2.1928067763325707,37.277715197653706,8.677227590902356e-05,402404.3817675
4605,bc1pqygknl8rjelrkj0u4rkhkes74gxq0dkwc4ysfj2grsmkmtjfwvzqxn9fkg,2.5,Low,No,Normal behaviour -- no red flags,20,1.8428932109886325,36.85786421977265,0.0001033915109545,381547.6118418948
4606,18Cz13FgmRkHEudAP6PADbQFwEFeUxTofq,2.5,Low,No,Normal behaviour -- no red flags,19,1.677681847004086,31.875955093077632,9.758432934823856e-05,389551.0190226666
4607,1GsrrhztViSbxNnwMDM9bZxyYSWmRWdcEK,2.5,Low,No,Normal behaviour -- no red flags,19,2.4351378791668843,46.267619704170805,9.29553496761247e-05,420860.3143743889
4608,bc1q0gegllrdcukh77cjz4p68z6l5ywdvdtekm26gz,2.5,Low,No,Normal behaviour -- no red flags,17,2.546597123335618,43.2921510967055,9.01053209009516e-05,374171.5319493751
4609,1DHGD42otN4PcGuh9j6xB2YQ6mZWoquCyh,2.5,Low,No,Normal behaviour -- no red flags,17,1.794946493070218,30.514090382193707,8.887834386961454e-05,383720.26813775
4610,bc1qd9dhhkzh22277g4trj4dpflfhg66m9phk8hzkz,2.5,Low,No,Normal behaviour -- no red flags,21,2.064823023192182,43.36128348703583,0.0001005973316051,355741.0699045
4611,bc1qjjlc95jnph3yq89qzk7hmqct2j3p3wwyx7ye5m,2.5,Low,No,Normal behaviour -- no red flags,16,1.9575949778390551,31.32151964542488,9.046908043496604e-05,432357.7932524668
4612,bc1qfegntxn58ne002f72hpjkajs47mnqzwnajh5fp,2.4,Low,No,Normal behaviour -- no red flags,18,2.538768364979937,45.69783056963888,9.508111335917144e-05,398163.342562
4613,13WpWCbdjWM7LcJsjB4SMsg2FJdMyaSSKw,2.4,Low,No,Normal behaviour -- no red flags,18,1.7512990211488042,31.52338238067848,8.655243683818548e-05,395055.86325382354
4614,bc1qyjwje8n68t0nwvva5l6g7xqr4ka8g2plfq729k,2.4,Low,No,Normal behaviour -- no red flags,18,2.42681449492498,43.68266090864964,0.000108368905593,376526.1635238823
4615,3BZVZxMpie7gAzZjTfuCr1LrcBXKXVtMRq,2.4,Low,No,Normal behaviour -- no red flags,20,1.8337700305907028,36.675400611814055,9.69293506952833e-05,357730.7721073158
4616,bc1qfx0csg80zwvshk6j7khqfxel863jscdhfz73mt,2.4,Low,No,Normal behaviour -- no red flags,17,2.445042329083889,41.56571959442611,9.520358457287892e-05,443350.33593187504
4617,bc1pk64x376qxsh7fevdlkeku2ka4va9qd9z2yjayayxjke3r64ueu4ss5ur3w,2.4,Low,No,Normal behaviour -- no red flags,21,2.217624541545047,46.57011537244598,0.0001093532303827,351519.23088365
4618,3FzrFq88X2HijsECVMZcUDqtxc2UobD71Y,2.4,Low,No,Normal behaviour -- no red flags,19,1.84704407740822,35.09383747075618,0.0001108362473275,393804.9248896112
4619,bc1qnj764eh0gfdr5xqpum3gs38ve6f67p7exwjmx4,2.4,Low,No,Normal behaviour -- no red flags,19,2.044469823609888,38.844926648587865,0.0001035131123269,369095.7356636667
4620,1Kyh6XYbdnWr8CTScLonweWNEhtbcootS3,2.4,Low,No,Normal behaviour -- no red flags,18,2.01936168475287,36.34851032555166,0.0001103854165935,432694.5769943529
4621,3BZvBEHvRrjE2GmGcTPodiSegdtw5oSaFH,2.4,Low,No,Normal behaviour -- no red flags,22,2.346641435241508,51.62611157531318,0.0001001221207453,346722.32553023816
4622,bc1q3myds8j3mlqnjg2jt5zajmgm2sf9snmeazl4ut,2.4,Low,No,Normal behaviour -- no red flags,22,2.199412518419197,48.38707540522233,0.0001011184268555,346660.4779659524
4623,bc1qfep0cdryyfkkdfmhv7rk22pvzfpf6s62vjzsvz,2.4,Low,No,Normal behaviour -- no red flags,21,2.1166572044968697,44.449801294434266,0.0001020478509172,356928.9432540001
4624,1FofsGKd5YRFeKYNMatcBA5Gj2jpTUTGVh,2.4,Low,No,Normal behaviour -- no red flags,15,2.216637634222935,33.249564513344026,0.0001008584915729,434634.9782552142
4625,bc1qld0jr492486nd87dyp85jtdvgupy36c93xtug0,2.4,Low,No,Normal behaviour -- no red flags,20,2.146178206154745,42.923564123094906,8.934253879318948e-05,375060.9296161052
4626,bc1qpw6xshum3ksskq7ruxlq08tgne2slfzw82xzvw,2.4,Low,No,Normal behaviour -- no red flags,17,2.1895304544698218,37.22201772598697,8.356856578110943e-05,407537.5102117501
4627,1Mu6P7wwPR6K9mkJxDrKiYxy8Uy8WzgbMh,2.4,Low,No,Normal behaviour -- no red flags,20,2.16742593554638,43.3485187109276,9.581481581440656e-05,375993.3602042631
4628,bc1qdvkrrfnrnzkgl4cdyk6lxt8n06z3kj5hltj764,2.4,Low,No,Normal behaviour -- no red flags,19,1.7183748669630277,32.64912247229753,9.11215714975014e-05,345747.58591966674
4629,1kQ62U8UUXqvMj8z51Vo46skJwyWUqk9M,2.4,Low,No,Normal behaviour -- no red flags,18,2.140807732685138,38.53453918833248,9.276583446981344e-05,349813.69496329414
4630,336FV5uDB9VtCVikfYg4ers2kAMxdHSRyR,2.4,Low,No,Normal behaviour -- no red flags,20,2.0032593673144072,40.06518734628815,9.722869772471238e-05,398726.9136215264
4631,bc1q7vppzv4y25kj9xxe9m343dgdwkp3lzjx84jycf,2.4,Low,No,Normal behaviour -- no red flags,18,2.119498194591443,38.150967502645976,9.046183497510872e-05,430850.98370676464
4632,bc1plu34xmhaka26fxvys38g2a66th06qsudtkjty3n7sh3858fkes2qsxd57u,2.4,Low,No,Normal behaviour -- no red flags,19,1.850770939145552,35.164647843765486,8.160885976503318e-05,365923.5192660556
4633,bc1qy8xrt5lshda6kzcgagfxmjdzv48gcmt2jvzc8j,2.4,Low,No,Normal behaviour -- no red flags,19,2.048005708806553,38.91210846732451,8.787045951685143e-05,407160.05519172223
4634,bc1qvazsf9ghjtljwwy7wu56w750aumn028scp4f3l,2.4,Low,No,Normal behaviour -- no red flags,21,2.033235190314958,42.69793899661411,8.723416963007641e-05,363312.0604762
4635,3NvZFgdAVD4SiCVULDE3gqU39AKE16VUeF,2.4,Low,No,Normal behaviour -- no red flags,17,2.3581172551708454,40.08799333790437,0.0001087491917722,383850.2819940625
4636,32dyyMbLKoDs5RqF2mg4uFzYoGUZzYnzXo,2.4,Low,No,Normal behaviour -- no red flags,17,2.4106506753235304,40.98106148050002,8.307167656683236e-05,418644.6426705
4637,bc1qg8epdldatxx379q42gea9cnc6mr5vs672a2vv4,2.3,Low,No,Normal behaviour -- no red flags,20,2.4892075565794323,49.78415113158864,9.333665167981133e-05,358945.2884098948
4638,1LtRJ4DMPPpHAZeSHiBRpUPwWkvJc5kfLc,2.3,Low,No,Normal behaviour -- no red flags,21,2.407209941261422,50.55140876648986,9.530885338614852e-05,362735.5596609
4639,3PMMHocBy4mY3bDJsJmgESjxrVsXPiaHoM,2.3,Low,No,Normal behaviour -- no red flags,20,2.1381066397845485,42.76213279569097,0.0001079975071821,380135.1705732105
4640,bc1q6z52053k56gjecepmgfhz9yrhnqqv7ecar0m7v,2.3,Low,No,Normal behaviour -- no red flags,21,1.94741222175142,40.89565665677981,9.372204846609852e-05,347766.42191045
4641,bc1qzw0lelfy7zh8llt2z8nlguethvf0lhgnuu8tcz,2.3,Low,No,Normal behaviour -- no red flags,20,2.241505154827342,44.83010309654684,9.254015129128366e-05,343964.55402236845
4642,bc1qr4smzzlxfwa7eugat6edmur7dej56zt0gwl8fp,2.3,Low,No,Normal behaviour -- no red flags,20,2.006497403871456,40.12994807742911,9.565156530360672e-05,349679.3926615789
4643,bc1qj5q6r3lsxkwfryvxseu3x0a77fte0dkdaurvqa,2.3,Low,No,Normal behaviour -- no red flags,17,1.7726867344400064,30.13567448548011,0.0001058938998845,420923.0961509376
4644,3HmMeNBc3tT5pxU2zZ4JerUz3ALnvBnVn1,2.3,Low,No,Normal behaviour -- no red flags,22,2.2414570069582265,49.312054153080986,9.46757460513503e-05,337862.65133419045
4645,1JTf2RapfHnDB3fpwZfeyxWncNxYMts215,2.3,Low,No,Normal behaviour -- no red flags,19,1.982847080742272,37.67409453410316,9.064356833487232e-05,417880.0287812778
4646,bc1qgut2rcdhnztlctg99y5yqtnl7fmcyz5urmftyc,2.3,Low,No,Normal behaviour -- no red flags,20,2.0350440197049062,40.70088039409813,8.96743346296306e-05,374586.5311677368
4647,1DDDZsaWwmgAW9KofLeKXByVtnu3CLMdYK,2.3,Low,No,Normal behaviour -- no red flags,22,2.3148751820115057,50.92725400425312,9.076249117392984e-05,332200.8765165714
4648,1MupoK9nJ8cvoTBwsdzhyNrcgxGjnFTQAH,2.3,Low,No,Normal behaviour -- no red flags,20,1.8384135747623964,36.76827149524793,9.05381865359538e-05,384607.08998284215
4649,bc1qncyglfq4vwk8zw7t504axsqw5tecdgzux6r6df,2.3,Low,No,Normal behaviour -- no red flags,18,2.127780324026208,38.30004583247174,8.289931419130323e-05,380826.6047909412
4650,bc1qrdyulavc4a6hs5cr6nrvyrrlkyulpuqu360u8p,2.3,Low,No,Normal behaviour -- no red flags,22,2.1317974669703874,46.899544273348525,9.576521405742466e-05,350364.5240099047
4651,3KPX1vbpS9mRyEGURXPccJKgWMvMhzNjwf,2.3,Low,No,Normal behaviour -- no red flags,18,2.455776222834971,44.20397201102948,8.89649570022063e-05,432382.07680300006
4652,3Pii9JtvVtyz6TVsqS4A69fJzNuhqQuVuU,2.3,Low,No,Normal behaviour -- no red flags,20,2.324548381176207,46.49096762352414,8.437096378466448e-05,348617.757314
4653,38TnY7qNpaY89QcirLo6i1pJVEQvkeH2Nf,2.2,Low,No,Normal behaviour -- no red flags,21,2.0295421626194963,42.62038541500942,0.0001056786401053,353382.2593173
4654,1GC3RcAvURvYv3sjMbqZBnZfkz4ywYznjS,2.2,Low,No,Normal behaviour -- no red flags,18,2.434820563857757,43.826770149439625,0.0001075975673002,423762.0397895294
4655,bc1qntj4zd6r2mxjnntp8j4zeqhc59pmfvvgdz8mve,2.2,Low,No,Normal behaviour -- no red flags,17,2.042775319804678,34.727180436679525,0.0001065680535523,442814.4146344375
4656,bc1q38az694jgnhyylz4vvexxdlnfpgnyu54geks94,2.2,Low,No,Normal behaviour -- no red flags,18,2.017313873852272,36.31164972934089,9.482431554262369e-05,354942.396211
4657,3CCWv4XPcZ5UNm4y1pyYFi8uurdiYdpTW2,2.2,Low,No,Normal behaviour -- no red flags,17,2.1895287509578703,37.22198876628379,9.673712739396736e-05,448814.318388375
4658,bc1qcmle77k8tnykmcggye9wc43hk2rnfsjl5w0m8f,2.2,Low,No,Normal behaviour -- no red flags,21,2.292979191057721,48.15256301221216,0.0001029173937826,359261.02061060007
4659,18dC8yGhkNZAKEnSu7tNGeZN2xHUkVAXh8,2.2,Low,No,Normal behaviour -- no red flags,18,1.9403357346657744,34.92604322398394,8.39573181511174e-05,383267.91537823534
4660,bc1qr4dftn8aafpylu9w7wlrhsykms3czwl2dawuzz,2.2,Low,No,Normal behaviour -- no red flags,17,2.029982261389588,34.50969844362299,8.950434047781044e-05,448461.7597894375
4661,3PydjzZ8itmVpKuVNTGX3j677j9VxPxMXZ,2.2,Low,No,Normal behaviour -- no red flags,17,1.83899121502216,31.26285065537672,0.0001005350826559,457595.59754018753
4662,3EP8Xhq5LsQnDLSPcfmTJKAEwTyq669Uyy,2.2,Low,No,Normal behaviour -- no red flags,19,1.9541108515546253,37.12810617953789,8.514381482744053e-05,356335.8889139445
4663,33DsaHs9NB8gavPmNn8NXMVgTHhEDsqkbT,2.2,Low,No,Normal behaviour -- no red flags,18,2.250762974892444,40.51373354806399,8.362263932069948e-05,405537.8644271765
4664,bc1q7h834fdvk4ypw2l2lzvl82enq2wk8u3zj6xl8m,2.2,Low,No,Normal behaviour -- no red flags,18,2.193708166473266,39.48674699651878,9.025149927316704e-05,395667.5838488824
4665,bc1qehfvgsvcnahcrrnyrg5kq93r0hpupq0s3swfq4,2.2,Low,No,Normal behaviour -- no red flags,19,2.152582979853072,40.89907661720837,8.97533259527463e-05,421005.17510822223
4666,1Cc3RWAq1QknqC4UqSvcCuS8EM29drq3ux,2.2,Low,No,Normal behaviour -- no red flags,19,2.502351094167299,47.544670789178674,0.0001073593078642,367624.79243249993
4667,bc1qt5ztzg8k6r0p4fzwdk38895kyvadauy7kxwfqp,2.2,Low,No,Normal behaviour -- no red flags,20,2.3470495387171644,46.94099077434328,8.731332745179958e-05,373276.52699473687
4668,bc1pe6m49teh298mzr06aufcgqkfv06nchc6d3ws7jsxcu98tft6jcqsa7mnye,2.2,Low,No,Normal behaviour -- no red flags,19,2.3108483018609056,43.906117735357206,8.743605925350664e-05,417276.9429618333
4669,bc1q6zhamt7gqagge3x9dyd4t6nzaz3xv2x5fgrt54,2.1,Low,No,Normal behaviour -- no red flags,19,1.7287597588098322,32.846435417386814,0.0001047370194453,406582.8316592223
4670,1Jyjk1EGCrdvCgesMc1F6kyjEsnAYg9j9i,2.1,Low,No,Normal behaviour -- no red flags,18,1.983750076842988,35.707501383173785,9.992116375041708e-05,442990.28236970585
4671,bc1qlru68qr86ys0mcs7q0ds2jzcr9f24uqwry0cg9,2.1,Low,No,Normal behaviour -- no red flags,19,1.881978883218312,35.75759878114793,8.550633829136625e-05,413138.57282100007
4672,1M7MmM49uM8iPnMQtrpg3WewHRr3BWqTud,2.1,Low,No,Normal behaviour -- no red flags,17,2.3379270418241025,39.74475971100974,0.0001048042991524,444875.42496162496
4673,1HhRwsfTvP7Pr2SCTcummaB1g1eugGdocp,2.1,Low,No,Normal behaviour -- no red flags,18,2.1176577796080527,38.11784003294495,0.0001096697533561,389101.12083441176
4674,bc1q0453smfy2wxvu3u9ypl5d4z0g6qgw7n7h93t9s,2.1,Low,No,Normal behaviour -- no red flags,21,2.3296331459237747,48.92229606439927,9.970934393006552e-05,351207.4974066
4675,bc1qcqt7hkm49gqf0pt3qnpge470d4w4v5fxw97nnt,2.1,Low,No,Normal behaviour -- no red flags,20,2.1913245644477,43.826491288954,9.570806215943552e-05,374340.1296425263
4676,1L3PKamegDuBkLx5J2Bk8vrDjMoARudfCE,2.1,Low,No,Normal behaviour -- no red flags,18,2.5334765317967816,45.60257757234207,8.36701855359509e-05,393324.8414824706
4677,bc1p7dur3ysuv9a4pnqa6cddvvp37xqma7jpeulsg2qrx2xamnkerchsgmnevx,2.1,Low,No,Normal behaviour -- no red flags,17,2.523078940469387,42.892341987979584,9.616462841780416e-05,403679.3830679376
4678,14Dq72BasDgh2YwSG5ZVTpzMYyGQoXoycQ,2.1,Low,No,Normal behaviour -- no red flags,18,2.481382961883847,44.664893313909246,8.353737093975611e-05,388655.2071417648
4679,bc1qpm6s4ecx4fd567eutttmgpsjgp2xngxppvccs3,2.1,Low,No,Normal behaviour -- no red flags,20,2.0070369079645456,40.14073815929091,9.56711534167338e-05,392784.9989533158
4680,1Fs7iTabAAZen25UcWZ6eEKNd3P8kJ2aSA,2.1,Low,No,Normal behaviour -- no red flags,21,2.127384672373824,44.6750781198503,8.817666430131614e-05,329485.39915455005
4681,bc1qupxc0w6qnw3fjkmwlv9jjw0w3ec6jkcrm75mnk,2.1,Low,No,Normal behaviour -- no red flags,16,2.1737108006076933,34.77937280972309,0.0001014653585203,412606.8314628667
4682,36d5SnaYmo5VpWm9StKEhUxQXbAvmKfdGM,2.1,Low,No,Normal behaviour -- no red flags,19,1.9400549985718751,36.86104497286563,8.167435993001501e-05,356874.81029538886
4683,bc1qcaw2spxf4tekj54zztslaj4kpxqk33lp9q6gfg,2.1,Low,No,Normal behaviour -- no red flags,16,2.10066945889914,33.61071134238624,0.0001086990674792,416343.7509836666
4684,bc1pulhdlyt40998gt59e36jry5wmpetaxa454lqx6m33pnu5ejt2ptqqrqtc7,2.1,Low,No,Normal behaviour -- no red flags,18,2.192433836236804,39.46380905226246,9.070877778066152e-05,419274.5067377647
4685,3PdnZPg9LNawQ2xAdSvRPzFed6CAWEyJjB,2.1,Low,No,Normal behaviour -- no red flags,17,2.096679500907628,35.64355151542968,9.93583713414308e-05,440205.4445885625
4686,1Lhk529X7kdHcBNG6tLMDiUMDPRbs8dBi2,2.1,Low,No,Normal behaviour -- no red flags,21,2.38338500706288,50.05108514832047,9.729974844020878e-05,340574.59864255006
4687,bc1q3hzp0lt2k5pxsgcadjcrtzs0pwez9e40muuz5z,2.1,Low,No,Normal behaviour -- no red flags,21,2.3797294830824023,49.97431914473045,0.000100347759165,346909.6594711
4688,bc1qg6702fsdxmt0jl6awyc79x6k5ylegm4ckufmkf,2.1,Low,No,Normal behaviour -- no red flags,19,1.9000258420341296,36.10049099864846,8.233934582158315e-05,410073.02271366667
4689,bc1qt9kcu539p924guglt9wp8z7kr60n9uvrp53gk0,2.1,Low,No,Normal behaviour -- no red flags,18,2.1012694379891617,37.822849883804906,8.639899505088547e-05,399556.28204841184
4690,3MhJx4pfPMQvwcCmZ6MxQoBcrdVER3R5wd,2.1,Low,No,Normal behaviour -- no red flags,17,1.941758323524396,33.00989149991473,8.715130088189358e-05,433805.551863125
4691,1MU1geLoKtXYFcQbUj3yJStkWNAuTfSwcB,2.1,Low,No,Normal behaviour -- no red flags,16,2.076678011981717,33.226848191707475,0.0001061966743131,436226.0004871999
4692,15HCsQCF6hqMu4g6XUxHbrz9XgU9dYUoGd,2.0,Low,No,Normal behaviour -- no red flags,18,1.920236355792787,34.564254404270166,0.00011201335176,439563.0642589412
4693,13c1Rgvmn8kK8vCbaq6HK3QtXYqyyrqNHB,2.0,Low,No,Normal behaviour -- no red flags,18,1.797650491788363,32.35770885219053,0.0001147170022845,422921.99072470586
4694,34z7cQEAy9N3CYqn4VhnVutdqRc6tfXa8C,2.0,Low,No,Normal behaviour -- no red flags,20,2.2957899145772496,45.915798291545,9.589915122679636e-05,377836.9453418947
4695,bc1pn77tm6z8fk3sp2kpwwmdfdaprrhq9apgwgs3s23pppx0jswz7t3qgeehag,2.0,Low,No,Normal behaviour -- no red flags,20,2.349145885779257,46.98291771558515,8.98697143770823e-05,371758.31054057897
4696,1ERF6vbQ6Wb9bGtxCbqCfV4z58GUw1v3xw,2.0,Low,No,Normal behaviour -- no red flags,18,2.028780103216389,36.51804185789501,0.0001060910178461,382257.7518702941
4697,bc1q8sdare03l3szhv8k0f0pp8y3wfx59ehx06m9nc,2.0,Low,No,Normal behaviour -- no red flags,21,2.344328410992292,49.23089663083814,0.0001021447957459,343081.7612233
4698,36Jxmhcs5btMv9ZaySCwL8oYtbjbsZh3Zs,2.0,Low,No,Normal behaviour -- no red flags,19,1.8364256690461551,34.89208771187695,9.216718622961444e-05,343492.5176580555
4699,bc1qffeguxlxtk9qfwrl24rnaqds84drkfa9wpap20,2.0,Low,No,Normal behaviour -- no red flags,18,1.8051897869565547,32.49341616521799,0.0001057546828405,453332.36301252944
4700,1LJRz6s2HgE4r9kTLn7a3b4ihQbnSSdTuL,2.0,Low,No,Normal behaviour -- no red flags,20,2.2982887780322634,45.96577556064527,9.0782930899796e-05,374508.7548992632
4701,39QcJuPJNxbtKDkBTAZpQuQphigUpWqZmP,2.0,Low,No,Normal behaviour -- no red flags,18,1.9382182813471576,34.88792906424884,9.539526989520104e-05,443429.2160672941
4702,bc1qk5prm27t7a98lplaq0c7uhegqtukmr79v3c8my,2.0,Low,No,Normal behaviour -- no red flags,22,2.2893934271797174,50.366655397953785,9.738601266274929e-05,333559.7570614762
4703,bc1q346geksvgk34vy6lwdtj6dn6y2tt4l3l0kgl49,2.0,Low,No,Normal behaviour -- no red flags,19,2.08563686267322,39.62710039079117,9.32315115166811e-05,412507.2813022777
4704,3NQpFj5ubmmn9EFrazimF4eRUijfCwxLSm,2.0,Low,No,Normal behaviour -- no red flags,20,2.3674543918414823,47.349087836829646,0.0001073199822034,362605.9375691053
4705,bc1qcru8y3zsyyyhqfz7k43wv7nld4ht2qp48dw3zy,2.0,Low,No,Normal behaviour -- no red flags,21,2.0103151110765616,42.2166173326078,9.176531542895996e-05,358257.30714229995
4706,3EqYY5vyF83Jy8rwmgGnoRStC7n7caRiuK,2.0,Low,No,Normal behaviour -- no red flags,19,2.202588723414383,41.84918574487328,0.0001099371201318,351934.6287665556
4707,1Lm2XkKe9YbJakoqGJAxnzzbjk62BeGGxo,2.0,Low,No,Normal behaviour -- no red flags,19,1.9200742957110075,36.48141161850914,8.89713798010977e-05,421327.8789311666
4708,36aFT4FnUNMXECgSwD7ubswWpYmq7SVzZy,2.0,Low,No,Normal behaviour -- no red flags,19,2.2049109929354778,41.89330886577408,9.134347406544576e-05,333552.5220766111
4709,36xu6PVSU8wv6NTqogo1HokM4nBZttnuim,2.0,Low,No,Normal behaviour -- no red flags,18,1.879786921111511,33.8361645800072,8.036239876948057e-05,409913.57940794114
4710,bc1q5md6qjrrf0tm6dvgfg49unj0fdr3tsefzuxf2q,2.0,Low,No,Normal behaviour -- no red flags,21,2.438098558168145,51.20006972153104,9.36344796159756e-05,351971.7805899499
4711,1Km7pTS6EujFsrzhPasg1KN42pTFJEW9zC,2.0,Low,No,Normal behaviour -- no red flags,22,2.2183747860777854,48.80424529371128,9.56667093308144e-05,345783.39520800003
4712,1Kq5E2xF1BRVjvvKtdLtNbunT213xSgUa2,2.0,Low,No,Normal behaviour -- no red flags,21,2.101377858721118,44.12893503314348,9.454785091850416e-05,330695.0509912
4713,bc1qa9wwx53jrj2ez0vus4qmt9ek8fe7gw3euqrel5,2.0,Low,No,Normal behaviour -- no red flags,18,2.019246049676813,36.34642889418264,0.0001054527953062,424598.0527664118
4714,bc1paewxxtr2dkmuh7n7z3q9thddrwcfkanz5uxkt85ksrja8swvqanslhtu3p,2.0,Low,No,Normal behaviour -- no red flags,18,2.3543005200414577,42.37740936074624,0.0001006655844014,396578.6263672941
4715,bc1ppd9cev3xg5spuz4mfaea0pnzzpp0jpkxujjk4wwwa0a56utsch0s4chwxk,2.0,Low,No,Normal behaviour -- no red flags,20,2.204605793087413,44.09211586174827,0.0001008404594574,385823.7334446842
4716,39DYxo5pNwNkFLMWmuLUuqN3VGyAgAykoF,2.0,Low,No,Normal behaviour -- no red flags,20,2.048961191647005,40.97922383294011,9.868496138124702e-05,363471.6915615263
4717,bc1q49rqvpc22llgpanc00sm6vk7x5m729y52wqe2e,2.0,Low,No,Normal behaviour -- no red flags,18,1.925511390973816,34.659205037528686,0.0001097154571439,426933.2028421177
4718,35nBWhgWooPDoohCq2GBStLkyK5mptsW3G,1.9,Low,No,Normal behaviour -- no red flags,21,2.2168015946569293,46.55283348779551,9.35801138397151e-05,335477.430429
4719,14ZR45TUwtWp9WhwKPs7MwoWYDGiXST4z6,1.9,Low,No,Normal behaviour -- no red flags,19,1.989143985600509,37.79373572640968,8.975765348600838e-05,411500.1619872223
4720,1Pd18LoEtWRxgrqm3jyE8qUW23xjzWzizV,1.9,Low,No,Normal behaviour -- no red flags,19,2.06646244431756,39.26278644203363,8.524690787102332e-05,393534.1536025
4721,1FzK1dDu9oHUMvaVBqwKyKgVXSfdMqpSKn,1.9,Low,No,Normal behaviour -- no red flags,17,2.267196314554844,38.54233734743235,0.0001049988227013,408484.608631375
4722,16TXwWFhpuAZsjQjZkMqeW7fLNjB8jT9Cj,1.9,Low,No,Normal behaviour -- no red flags,17,2.2648999577935847,38.503299282490936,9.294014931428244e-05,405439.6426018125
4723,bc1qlkfazdnlt70g4k20z2xtf9gyh08khejp6hrcj0,1.9,Low,No,Normal behaviour -- no red flags,17,2.119954240198061,36.03922208336704,8.88440521478599e-05,404844.489439375
4724,bc1pv9d7yctexyr9nla6dj0qypz5a40efhzwhzuvd5wt2sd8fcs7v9dsqw9drc,1.9,Low,No,Normal behaviour -- no red flags,18,2.014928263712376,36.26870874682277,9.57389491505156e-05,435416.1734337059
4725,1KxWCPcTvBiT2uvjJbjq7KRhboD5w39ncW,1.9,Low,No,Normal behaviour -- no red flags,16,2.0594817486304806,32.95170797808769,9.729315308377392e-05,454620.4773542667
4726,bc1q9rr0v0hqlkvpxfpste2smlslf5w5hlv8e8awzd,1.9,Low,No,Normal behaviour -- no red flags,18,2.538754993386595,45.69758988095871,9.399896691274731e-05,393283.6271792353
4727,14oBBrgNrToxwbS6nFSE89BqJcSWZzf2rS,1.9,Low,No,Normal behaviour -- no red flags,18,1.952357411219752,35.14243340195553,8.856906815240708e-05,437780.4421329412
4728,1H2iafuFva3dGKYWqPMbk2Uw17HdYrHQR5,1.9,Low,No,Normal behaviour -- no red flags,18,2.327896513686916,41.90213724636449,0.0001006129266735,438817.2852004706
4729,bc1qw4g4lk3jhukdyje5p025chxsm9tqzzt50e0uht,1.9,Low,No,Normal behaviour -- no red flags,19,1.727690495294962,32.82611941060428,9.509588035261762e-05,409014.8944542778
4730,1LiXSQyDN6GBJr4PC6i8Ubd7J5ppqskf81,1.9,Low,No,Normal behaviour -- no red flags,17,2.296892390993981,39.04717064689768,9.97630576664445e-05,421720.7787548125
4731,bc1qr7xcq0cr3ptxs54h38cxrngqgw2gtmq6y3xtyv,1.9,Low,No,Normal behaviour -- no red flags,20,2.278689666621471,45.57379333242942,9.07355620985505e-05,354545.9249752631
4732,13byWBiw5t6owGZeTjb9FPKuQaaCNykTZr,1.9,Low,No,Normal behaviour -- no red flags,19,2.4912649787663144,47.33403459655997,9.408992161820258e-05,342086.7450928334
4733,18inUm3ScCxy4UFdrkNz5qGhPhkhbqSKj4,1.9,Low,No,Normal behaviour -- no red flags,17,2.115341514524736,35.960805746920514,0.0001047019436889,421977.233558125
4734,3FQLos1cbpnFmZh4BSywKpPhQ8y9fp4tif,1.8,Low,No,Normal behaviour -- no red flags,19,2.2645263362564703,43.02600038887294,8.476717973311909e-05,352043.5283843889
4735,1KyHRHDVevioQ5bPWX1hUKCDq7Qp1kYGw7,1.8,Low,No,Normal behaviour -- no red flags,21,2.1144533841631103,44.40352106742532,9.031760920934733e-05,340926.73945305
4736,1NCmMk77QBvNJFgnPngpvshxsiDefK762W,1.8,Low,No,Normal behaviour -- no red flags,18,2.1921906329774266,39.45943139359368,9.7381962764881e-05,429239.9868915295
4737,bc1pn0r60n2vgwuarjenr80lglf98slv025p3pqt0kkh7pa3gmvwjt7s8p954l,1.8,Low,No,Normal behaviour -- no red flags,18,2.462286933865004,44.32116480957008,8.341198783653792e-05,402730.965668647
4738,345GX2QgS3Ju5cccpEU1bEb67BeGciL7oY,1.8,Low,No,Normal behaviour -- no red flags,16,2.1308622993444355,34.09379678951097,9.1598890528127e-05,449202.1961828667
4739,bc1q2dgd24dtygyxa0jg8nmttukafrdt7exvvncu54,1.8,Low,No,Normal behaviour -- no red flags,17,2.13089596624679,36.22523142619543,9.47433528632466e-05,419976.20000331255
4740,bc1q3ug3vxuds7009zugmp0dw3x8vda50r79426xkp,1.8,Low,No,Normal behaviour -- no red flags,19,2.230896121948159,42.38702631701502,0.0001041919356987,416016.8462599444
4741,bc1pam5l3muynk7jj69jxq4g48fpq50d3xzfs0wy57wnyg0645cqymfsj7vv5s,1.8,Low,No,Normal behaviour -- no red flags,19,1.9511190290778937,37.07126155247998,0.0001059799432196,396164.2140748889
4742,bc1qgjvhtylu0ytzxnzz72tjvw4lm4j6gtdemka0wy,1.8,Low,No,Normal behaviour -- no red flags,20,2.021557671736098,40.43115343472196,9.983355749057954e-05,366740.3439868421
4743,1KCABnetZRHx9Lv49P4GrBKvWP5N9JacXX,1.8,Low,No,Normal behaviour -- no red flags,17,2.507384620489348,42.625538548318914,9.208687611360596e-05,396842.4796718125
4744,bc1q078d3z27vynvcvw95cltdnnyenhfklf7n6pj3z,1.8,Low,No,Normal behaviour -- no red flags,18,2.197424908204349,39.55364834767828,9.374224668263288e-05,411925.1833158235
4745,bc1qnnve9trezkrzje4cuuu4xfesq9mwk7jkwptqjg,1.8,Low,No,Normal behaviour -- no red flags,19,1.7753033970353085,33.73076454367086,0.0001072501723721,386148.8428151666
4746,1NMEoLiy6VMbskNSV3u2PwmdW2X48jySSg,1.8,Low,No,Normal behaviour -- no red flags,19,2.039604248344151,38.75248071853887,9.252659791872908e-05,367791.1444293333
4747,bc1q4y4p4x557mgpeta3mlh8uqzjjrdwql50znlc4z,1.8,Low,No,Normal behaviour -- no red flags,20,2.3424246571315983,46.848493142631966,9.142140682544238e-05,377967.8345971052
4748,bc1qaa4jmd5shwmd2nt494kuaedkgtsnfz6dla067r,1.8,Low,No,Normal behaviour -- no red flags,17,2.250052049756916,38.25088484586757,9.761722165404296e-05,379486.3970979375
4749,1FXLDx3smZZuSBg3kDxYiafGfDC6TVauYk,1.8,Low,No,Normal behaviour -- no red flags,18,1.827390880112671,32.89303584202808,0.0001121444742053,435990.4196317647
4750,1s9f24d7spokyLwX83z88vqNC2kybGHus,1.8,Low,No,Normal behaviour -- no red flags,19,2.3531489119231743,44.70982932654031,0.0001081467236913,371227.9908176667
4751,3NDw2hCK46S9iVtGp6PEpV7Mc1ui4vBAV2,1.8,Low,No,Normal behaviour -- no red flags,16,2.0260780434668035,32.41724869546886,0.000102786449084,426957.4578403333
4752,3QmZ5csgoTodAbD7jzavKbVuMkDzYk3UsD,1.7,Low,No,Normal behaviour -- no red flags,18,2.019822113130929,36.35679803635672,9.033483234783862e-05,410642.26400217647
4753,32hZNoBLvwLkHzDkrRY5vj5dz5Wsh3Wd5P,1.7,Low,No,Normal behaviour -- no red flags,21,2.464235264577764,51.74894055613304,9.59820135455595e-05,345290.25553604995
4754,1VNugCnCmQmQxgkmvbzePvNsvjJXCiqcv,1.7,Low,No,Normal behaviour -- no red flags,21,2.2693550916115006,47.65645692384152,0.0001041034670365,352539.17193245
4755,bc1q2rljgzejgwkt5hrsa0zx7zqy9pkvf7xmms33fe,1.7,Low,No,Normal behaviour -- no red flags,17,2.3835058648484337,40.51959970242337,8.330566986690742e-05,390630.85620893753
4756,36g4uWp9bF12d5AWZPBHzZfQqvWKBtKVbT,1.7,Low,No,Normal behaviour -- no red flags,18,1.84702487793406,33.24644780281308,0.0001099853529064,390133.4093183529
4757,1CixuCsjzUdhZVXNcrJqG8CAGtRFpwJa1z,1.7,Low,No,Normal behaviour -- no red flags,20,2.357032576452681,47.14065152905362,9.434385768167566e-05,347231.05179636844
4758,bc1qx6fhpt4f7stxkgc9ujggstrp0nrt2cscwrw4qz,1.6,Low,No,Normal behaviour -- no red flags,17,1.882519633678272,32.00283377253062,0.0001037916884596,397617.5386863125
4759,1Hd9h2Mf7wNdXL9fK3mv839ziQJn6oEA7K,1.6,Low,No,Normal behaviour -- no red flags,17,2.424829732579119,41.22210545384503,9.42595421202688e-05,414898.89092731255
4760,bc1q3092a9mtv4ejgyn9ajezugatatzy9rn2rpder6,1.6,Low,No,Normal behaviour -- no red flags,18,2.4187652277304226,43.537774099147605,9.760861676380148e-05,421565.6487464118
4761,3JLfAkJy7XrndiLvoPEU52XDWvh4bZpcaX,1.6,Low,No,Normal behaviour -- no red flags,19,1.8083060802434985,34.35781552462647,0.0001074043858473,366914.5102791668
4762,1LWffp8uehxBaH3qqEC39uAkGavzkgyTuA,1.6,Low,No,Normal behaviour -- no red flags,18,1.784201006288581,32.11561811319446,0.0001105554862747,405694.3546144706
4763,bc1quhcn59yjtw2wgz78wr8gruj0625rpzrr2p9chc,1.6,Low,No,Normal behaviour -- no red flags,19,2.07248221353098,39.37716205708862,9.792610594288546e-05,378823.9972688334
4764,1Ej4D1FVjNCHupcmWEmsRWRFd6edWcyGZb,1.6,Low,No,Normal behaviour -- no red flags,18,2.022991168604786,36.41384103488615,8.900805121649823e-05,413508.34910252935
4765,1Cy9H7hFstpYTA5Urey4MpjF4odW36q2WA,1.6,Low,No,Normal behaviour -- no red flags,18,2.475621133672312,44.561180406101606,0.0001041228652815,415152.8233688824
4766,34TJbE5cW4mbDxxgxswFLCapQpPEXVt4v2,1.6,Low,No,Normal behaviour -- no red flags,19,2.0681679917590183,39.29519184342135,8.42951645547886e-05,382834.6549811111
4767,bc1qpc66k762k7x9shjkzfcdpr4d0nx9r9nudqxfny,1.6,Low,No,Normal behaviour -- no red flags,19,2.239960475442811,42.55924903341341,0.0001107003670307,381484.0579082222
4768,bc1q68gue9ftejawfvpk83gwxadacskeddvvycqskg,1.6,Low,No,Normal behaviour -- no red flags,19,2.424450692259068,46.0645631529223,0.0001073421446808,388635.7844884445
4769,1A97bb1fFY5wcPeMKNJBGHEAymA97amm3b,1.6,Low,No,Normal behaviour -- no red flags,19,2.0929485471093723,39.76602239507808,0.0001084622181832,362992.4390988888
4770,bc1pfr07eeskjewqdp6svjlk68mv7gchj9a0p8gjjkl77nzhgzfuy0eq6t5hjx,1.6,Low,No,Normal behaviour -- no red flags,17,2.022603553068171,34.38426040215891,0.0001036896436792,415137.1856555
4771,1F53Es8ufBnUS23rTMX2YFZqujsnKYRcdr,1.6,Low,No,Normal behaviour -- no red flags,21,2.021671634130108,42.45510431673227,0.000102411146355,357829.2979126
4772,39qqiSCBBVxefeQbFyXzqsy2xeNREfX3Fw,1.6,Low,No,Normal behaviour -- no red flags,19,2.296116862458712,43.62622038671552,0.0001000667040119,396225.1800137222
4773,1C4XerZjg2vRMiQwPDuAv346cUQEpD22o9,1.6,Low,No,Normal behaviour -- no red flags,18,2.324231660747292,41.836169893451256,8.469322002591383e-05,396669.4385995293
4774,1HJ4GbUnuBeHazYxwsPBCT3rh6Ut1nFn4Q,1.6,Low,No,Normal behaviour -- no red flags,22,2.287059092067802,50.315300025491645,9.833383835105994e-05,344849.5402639048
4775,1D2gF4kAxVZLNazGE4tUqV7HDb2MHuMALp,1.6,Low,No,Normal behaviour -- no red flags,17,1.8729305796940223,31.83981985479838,0.0001079994262246,448777.8801176875
4776,bc1pqg8qh26cj7zw7hu2n7nlmqf43lw2p9rwnnfwgawjemuhhwju5azsnch9mj,1.5,Low,No,Normal behaviour -- no red flags,18,2.065812721002603,37.18462897804686,0.0001079233198789,388295.8269116471
4777,bc1qzdwldsvwjjhlrdcjzqdtwk5fex8njjp7r0djds,1.5,Low,No,Normal behaviour -- no red flags,17,1.8237812221239136,31.004280776106533,9.731809976108023e-05,434263.3824626874
4778,1NkYdmxt4mnDgJPEi6yoGiikgtrQwffY8t,1.5,Low,No,Normal behaviour -- no red flags,19,2.362403672124059,44.885669770357126,0.0001009547146503,387631.2082504445
4779,bc1q8umlns2xn0xvd95g3qw370lqmc4gnckzlw7jxc,1.5,Low,No,Normal behaviour -- no red flags,18,2.4349031978563587,43.82825756141445,8.605068283830127e-05,381680.5720500588
4780,1KNWiyFcbm383FfjfcZhBecnbDv31pQTjx,1.5,Low,No,Normal behaviour -- no red flags,17,2.3954002640472694,40.72180448880358,9.240104086614688e-05,423192.1909248125
4781,bc1psdka0f0d9mya4vmdhtr0v7d39y0gafv9mp8fhx2avjp2ee9e860s2gf3xm,1.5,Low,No,Normal behaviour -- no red flags,18,2.025660709439081,36.46189276990346,0.0001040808063906,409114.1826920589
4782,1KnCmYVVtnq9icdH1XBEDDqYxF9z56MANM,1.5,Low,No,Normal behaviour -- no red flags,20,2.004224301462376,40.08448602924751,0.0001016267585602,361605.3591788421
4783,18TBtJPT5Yz7aaAUUFWDLR69GEMdYAX6i2,1.5,Low,No,Normal behaviour -- no red flags,17,1.8882643598051496,32.10049411668754,9.065396977021015e-05,443333.6481645625
4784,bc1qsqf2j6vz72duvrg33z5ugst2xl3rwl2dfyxvhg,1.5,Low,No,Normal behaviour -- no red flags,18,2.478667276300767,44.6160109734138,0.0001071300884605,381629.0275992352
4785,bc1qvgyma84cz6zkku9m7v5hk4stlc2yzjn7scj0rq,1.5,Low,No,Normal behaviour -- no red flags,19,1.906379102161757,36.22120294107339,0.000110933415517,390728.47396383336
4786,38Hv9Rc78n3k9Nm8teLbD7ruuqQoonLCnL,1.5,Low,No,Normal behaviour -- no red flags,19,1.9070589416359147,36.23411989108238,0.0001104240477611,388405.78588316665
4787,1N5KRgvD3PstZC3dSCGZFjWob8ZiUuzyX5,1.5,Low,No,Normal behaviour -- no red flags,17,1.920310488254776,32.645278300331185,9.297592124646774e-05,441600.18754537497
4788,3Fn7Fy8uQaaL3dfN4z4MmMAZUtyZySDGHa,1.5,Low,No,Normal behaviour -- no red flags,18,2.389192602997916,43.00546685396248,9.397083558574404e-05,416876.24507288233
4789,1AbSjybiAQfuX1BrWyxP7AagXxisDR2CH7,1.5,Low,No,Normal behaviour -- no red flags,20,1.9938066811031068,39.876133622062135,0.0001009661934059,383138.96760436846
4790,1EikCaUqtmQNyJHF8ix5kUctmChyYFbXpy,1.5,Low,No,Normal behaviour -- no red flags,20,2.053519494906848,41.07038989813696,0.0001033449656758,382370.98569631577
4791,bc1qjftfcjq4t7gn4p08dz7hy5ysttv6l3zclmtsq7,1.5,Low,No,Normal behaviour -- no red flags,18,2.118700442983408,38.13660797370134,9.939062613390168e-05,415053.8419428824
4792,bc1pzann96jmx4hakqprs6ukjq955hncmxt22pnjdpp2rld406lnseusmcj4lw,1.5,Low,No,Normal behaviour -- no red flags,17,1.9188088864282,32.6197510692794,9.147929948302042e-05,438432.205811125
4793,1H9JvGnEpvcmqCoToWWJPU8KHRgyNbwjCg,1.5,Low,No,Normal behaviour -- no red flags,19,2.1188198515195884,40.25757717887218,9.627263462405948e-05,401931.2696330555
4794,1QGAN1FzMuc1a8ifDGCnQpLpsPU9Hzitkm,1.4,Low,No,Normal behaviour -- no red flags,17,1.8698762919121137,31.787896962505933,9.49737137046802e-05,389596.87927012495
4795,bc1q3kwgj8tk2g8p7y9gunkyxlxtyymj52uwvff0gt,1.4,Low,No,Normal behaviour -- no red flags,18,2.3869664669628974,42.96539640533215,9.286036194727904e-05,399969.2907760588
4796,32JgXcvRyhSqbPDG1S1LwuFkfcwewHHjbb,1.4,Low,No,Normal behaviour -- no red flags,17,2.174655208409741,36.9691385429656,0.0001003414979035,440636.119428375
4797,bc1qzgr0mj4xecms8ane7h44hjmvdsuf3p4rwftr0m,1.4,Low,No,Normal behaviour -- no red flags,18,2.103343418464036,37.86018153235265,9.350018524044653e-05,414113.63924129406
4798,3LWsSBkgJY2B2TCXN43t6Yf4QpgXjyRU6A,1.4,Low,No,Normal behaviour -- no red flags,18,2.0330393131207294,36.594707636173126,9.21441474675289e-05,426431.6568964706
4799,bc1qve3p36kg39qjvc3pjxjrrde6jgcrw5qy9vvttm,1.4,Low,No,Normal behaviour -- no red flags,18,2.0596480997041766,37.07366579467518,9.77446776358853e-05,406194.8763677059
4800,1FBW1vfCs6aJD6pq46UjHE9E43HmKnEQTp,1.4,Low,No,Normal behaviour -- no red flags,18,1.883283870366933,33.899109666604794,9.288234404253775e-05,358539.269482
4801,1PKjir2aUjvKrVbMyzWZWMsK4aLSYuhAj3,1.4,Low,No,Normal behaviour -- no red flags,20,2.2946786843028595,45.89357368605719,8.904564793947104e-05,348616.2669782632
4802,bc1qwstq87jr2s09hhhz5v7w7ekzz47wrhsga9x762,1.4,Low,No,Normal behaviour -- no red flags,17,1.8706092577629505,31.80035738197016,0.0001042130872795,449309.8591125
4803,1cMvNX5GmC36mmTpvoJ6L4Fn25BnMJ7Ah,1.3,Low,No,Normal behaviour -- no red flags,20,2.082949236494461,41.658984729889234,8.804523198153918e-05,383666.373793
4804,3N5ToWLCxgQWQyNH6JRhkcWM4fP8AfKnxp,1.3,Low,No,Normal behaviour -- no red flags,19,2.4566139865050194,46.67566574359537,0.0001012135441656,377975.9057386667
4805,bc1qczdqfmjdqh9azxug86synjxm5kxeutgxldsq3t,1.2,Low,No,Normal behaviour -- no red flags,19,2.001569286286811,38.02981643944941,9.658060552154094e-05,411371.6598378333
4806,1Dnxjg1B12evb2MpVzmfzWnNzYc44JEdUf,1.2,Low,No,Normal behaviour -- no red flags,17,2.195549872148609,37.32434782652636,0.0001009128246203,384820.890295875
4807,bc1pdtny9xk02xkalcxh33wcxlqpwcl5ngwufjm2e5hhe5rand5ashpqmytpkt,1.2,Low,No,Normal behaviour -- no red flags,20,2.0956158975671744,41.91231795134349,9.155983247743624e-05,379598.884771
4808,bc1q5v2vwtccwd0d635e365zrjv5fjuzmrcscj6z2y,1.2,Low,No,Normal behaviour -- no red flags,17,1.8603762763995189,31.62639669879182,0.0001096394497375,440278.54085862497
4809,bc1qyhwg80vzzmeteg8ut8vw0vtas6vhjv220ezukl,1.2,Low,No,Normal behaviour -- no red flags,17,1.9295177428301449,32.801801628112464,9.615633966851678e-05,412336.4744905625
4810,15w5xZFjbDhUzJTqpbof4oLHWePCSBGR4Q,1.2,Low,No,Normal behaviour -- no red flags,18,1.7810368608856832,32.0586634959423,9.68065533645263e-05,415204.74390594114
4811,bc1q4yrqwwpy9qjzu8l29ajj6gcfjytxemxd09kepa,1.2,Low,No,Normal behaviour -- no red flags,19,1.7139684517498572,32.56540058324729,9.891918702897436e-05,384844.7891415556
4812,39dxm7AZaCEE16whk5zfczXuQiRc7ZwCoj,1.2,Low,No,Normal behaviour -- no red flags,19,1.7167167607918266,32.617618455044706,0.000101178123401,386288.8460095
4813,bc1q30ml6wrfqc59dvrar4euh7xvnq6ypaq0ddufl2,1.2,Low,No,Normal behaviour -- no red flags,19,2.306397334490476,43.82154935531905,0.0001025723253654,371963.2174625
4814,3GQ6SnYVzC16b6FyXWPCNFasHscxJtZWty,1.2,Low,No,Normal behaviour -- no red flags,20,2.361039896186297,47.22079792372594,8.99568239208651e-05,348837.1786246842
4815,122VyLn3EbK76XPEB8CHNqw4TPmU9yrRw9,1.2,Low,No,Normal behaviour -- no red flags,21,2.21440379202832,46.50247963259473,8.88411668928205e-05,351316.21852455
4816,1GWoAeVvmmi4pgqNxPStdwGwBa1iRpWBcF,1.2,Low,No,Normal behaviour -- no red flags,17,1.902199417780445,32.33739010226758,0.0001021455026938,384158.898266875
4817,bc1pdw66gxp52lpwyhsjkwmuengsgv6z5xserp49qsxa7g33cgzpzlzqupszmd,1.1,Low,No,Normal behaviour -- no red flags,17,2.2346641766105884,37.98929100238,9.922231305599244e-05,432882.1067103125
4818,bc1qdxfrg8espqh36he486mztmkucd6s9kx6cr2tmq,1.1,Low,No,Normal behaviour -- no red flags,19,1.861906589906947,35.376225208231986,9.403210700466711e-05,372237.00500733336
4819,bc1qkgjfvrc7eka7l888eprvarekqg54a8uap46tfk,1.1,Low,No,Normal behaviour -- no red flags,17,2.445503789542227,41.57356442221786,9.96441126109245e-05,388800.3475880625
4820,bc1p44rfv304np6mct9zzyrcjt0yamap55lm8l43p6e49hnm68xka2vs275v4r,1.1,Low,No,Normal behaviour -- no red flags,19,2.309665547235164,43.88364539746811,9.33507409352454e-05,396073.2909406667
4821,1BR9ifgAiXXvWCh3DYk4Xt5c38hZNsexqe,1.0,Low,No,Normal behaviour -- no red flags,19,1.8415496612760287,34.989443564244546,9.7760445444322e-05,394201.49931305554
4822,34SyNVEBNwwtDCLbNp5MKeaNADHh96f65Z,1.0,Low,No,Normal behaviour -- no red flags,18,2.398482498386151,43.17268497095072,9.283648859454688e-05,389254.4046145882
4823,1JfUfSSz7J5og9smbkRg7QcPt7PC29u3aE,1.0,Low,No,Normal behaviour -- no red flags,18,2.357238448703997,42.43029207667195,8.896052375312186e-05,368058.8053045295
4824,3GqY8tRmuFEDYgHqGBSwE9ZXNLBvRUTAcq,1.0,Low,No,Normal behaviour -- no red flags,18,2.293259730618064,41.27867515112515,8.529277668990462e-05,391820.2252355294
4825,bc1pyxgjwscd2zry5ztnh2fjgjznhqdychh893ndtf703qufq7m0xftscmgrhv,1.0,Low,No,Normal behaviour -- no red flags,18,2.127411852732481,38.29341334918465,9.325510748514368e-05,387762.5469058235
4826,35uXJV691Bg2KUm9x4nzahGUToxzvz99mJ,1.0,Low,No,Normal behaviour -- no red flags,17,2.013931424361679,34.236834214148544,9.86626963956216e-05,431131.565257625
4827,12eYinf96apEwRXuS4hRew8WWqx6A6FGs3,1.0,Low,No,Normal behaviour -- no red flags,18,2.29698279446519,41.34569030037342,9.236305108672896e-05,397899.4782222353
4828,bc1plg2wlfsan8e390rxffnnnkel0eqwgkmc6zej8vgqhswxppy30acs97862g,0.9,Low,No,Normal behaviour -- no red flags,19,1.92477611196962,36.57074612742278,0.0001002958667384,377942.0336707222
4829,bc1qnye5q7wkztvuxa5nttcp8ea74yt24vqhz4qn6y,0.9,Low,No,Normal behaviour -- no red flags,18,2.2891430415247447,41.204574747445406,9.827038348729608e-05,384520.88950623525
4830,33eSCQXYqTHPH7kAs88d3vaez8C7wBAKU9,0.9,Low,No,Normal behaviour -- no red flags,18,1.8088628631389017,32.55953153650023,9.033347834156012e-05,434374.1449957059
4831,35rvcuKjmaV33FmCLg5bkKfmnjUnwcBXia,0.8,Low,No,Normal behaviour -- no red flags,19,2.132243125776038,40.51261938974472,9.96888072140429e-05,390183.1364573889
4832,3HEhP3n1e2CBV7KgXNUheuZopSxHjyAXqD,0.8,Low,No,Normal behaviour -- no red flags,18,1.802460652144244,32.44429173859639,9.65750245182947e-05,390241.4634600589
4833,1C3eja53PhJmpYtgpPXfiKooB9YcKMXjw5,0.8,Low,No,Normal behaviour -- no red flags,19,1.904919958321354,36.19347920810573,9.962465684802762e-05,404062.8210532778
4834,bc1ppgehn2jfhrr56g6e7zj2ltw2zkkw93azhr0948l6g6dmv3t5ynysdz354u,0.8,Low,No,Normal behaviour -- no red flags,19,2.3336089502544213,44.33857005483401,0.0001042535816359,383785.9402615555
4835,bc1q3cn2rfda45ak6jwwxvnwnv9xa5zag5cgk86lwg,0.8,Low,No,Normal behaviour -- no red flags,19,1.882435379950264,35.76627221905502,9.37152379091129e-05,377840.3626313333
4836,bc1qjfuxxtm9fw7vg5pcvda56zjakqvccf80jvzq5m,0.7,Low,No,Normal behaviour -- no red flags,18,2.32520628598948,41.85371314781064,9.11302046932106e-05,414178.2999010589
4837,1LrbSQXdCRXq4NiUBrygsBrKPcbEa2uuMK,0.7,Low,No,Normal behaviour -- no red flags,18,1.870574631805108,33.67034337249195,9.856451254332338e-05,417919.9628808235
4838,bc1qu08t9vl3xq796mq7kk26hwxe0hak7ftnh9zu3h,0.6,Low,No,Normal behaviour -- no red flags,19,1.805436719529334,34.303297671057344,0.0001021270889741,397769.6070915
4839,3AYKRZknXiw3h4jhFNcioQtAWDxY216a1K,0.6,Low,No,Normal behaviour -- no red flags,17,1.909656527540437,32.46416096818743,0.0001004087855351,447361.2427415
4840,bc1qs08ae388udx9qs6sk2v8huw8q4e4u0l0jrvrvj,0.6,Low,No,Normal behaviour -- no red flags,18,1.862313340876081,33.52164013576946,0.0001021784897725,432320.3147856471
4841,bc1pyj44y2ez9lyft3pwwtsj9d8834xyffpwfpssz6ssqjul6atyrdeqqr03w0,0.6,Low,No,Normal behaviour -- no red flags,18,1.886732084662886,33.96117752393195,0.0001091600723757,426545.403184
4842,341A4KABh3dSbVa7rVVy41FUwN9YEnUKKG,0.6,Low,No,Normal behaviour -- no red flags,19,2.3848158159626407,45.31150050329017,9.271558929902814e-05,392476.4488713334
4843,3NC4W8bEBa4mELL1xSLrMeqgtJokrVAUYM,0.5,Low,No,Normal behaviour -- no red flags,19,2.171578350221811,41.2599886542144,9.467294096024226e-05,376935.880835
4844,bc1q8j53j2flzma49n6kcqn2d7uxfzqqqqlanl6wec,0.5,Low,No,Normal behaviour -- no red flags,19,2.204322252480087,41.88212279712165,0.0001018269516996,413799.7480333333
4845,17xfZMCLEtyu7S5RDenvs43wVHi2XTCMLz,0.4,Low,No,Normal behaviour -- no red flags,18,1.8008495235138042,32.41529142324848,9.448021620066152e-05,393088.1831567059
4846,1Jh6oC2smpjXAJW8BDfBiy9SzLdLb6QHwr,0.4,Low,No,Normal behaviour -- no red flags,18,1.808135177294721,32.54643319130498,9.93754658868856e-05,417731.5219872353
4847,bc1qadgsppr8q29u3ck2qlnwzs3q6y556myt6pv899,0.4,Low,No,Normal behaviour -- no red flags,19,2.185679187263743,41.52790455801112,9.223017924637812e-05,377527.9555101111
4848,33u4SrXToXzMo9Rpwc8SwuqDryYQwcMX6k,0.4,Low,No,Normal behaviour -- no red flags,19,2.3993201666495527,45.5870831663415,9.137936617937256e-05,379200.3902533333
4849,1FnfbanZawBux7CZk9XnHsfa1LjS2BDiW1,0.3,Low,No,Normal behaviour -- no red flags,18,1.9053940484891976,34.29709287280556,0.0001000046917802,409639.7377915882
4850,1GvJzQj6YjBMs5BwpuFCBqeR9FBrVSirzD,0.3,Low,No,Normal behaviour -- no red flags,19,2.2354695806901765,42.47392203311336,9.718553075339405e-05,406008.07847638894
4851,3DV7Y1ndSMGrihxAUbEhbxm8VxTyAwy7g7,0.2,Low,No,Normal behaviour -- no red flags,18,1.856223262557693,33.412018726038475,9.381109992593471e-05,412751.1188278236
4852,1JeRYTuXgorkCY8Rw2FTzs4RxMfY7eiyyr,0.2,Low,No,Normal behaviour -- no red flags,19,1.9592137973445247,37.22506214954598,9.1144011286349e-05,383544.5395485556
4853,bc1qy2r9fc55jq2c8p96j7vg7daclcgvuksvw6z543,0.2,Low,No,Normal behaviour -- no red flags,19,2.107916568389518,40.05041479940084,0.000101673439453,386883.7490076111
4854,bc1qz09h8ec4x9uecr848rfelp89dpxq2t7e55j6dw,0.0,Low,No,Normal behaviour -- no red flags,19,1.8123631222999963,34.43489932369993,8.907740308932472e-05,384283.1962198333
