wallet,cluster_id,cluster_size,suspicion_score,is_anomaly,cluster_risk_score,cluster_anomaly_count
112vhWKHoS4F5zrwRuUtPh8jEmsEgD2fUW,210,2,77.84,Yes,77.97,2
1ByyghPY6H9v4Qmkn5QRCYqgCBH3sE9LR4,210,2,78.11,Yes,77.97,2
bc1qemraxdz8zs8ytljhtg3nc2j7z87dxfwu2jaa90,284,3,56.46,Yes,68.29,3
bc1p058fhvug6x5jn2khy7dllzu5akc2p68vp4706c2q7u34a4kx575spuegy0,284,3,70.78,Yes,68.29,3
bc1pp97q38t8wf9sqgussxq4agj3qku2yfuek0nuzjkq53xy0lny8maqshrnre,284,3,77.63,Yes,68.29,3
125muDXjxQ2djE4wFM6gz8NLyjikAgLfGs,246,15,87.76,Yes,64.37,8
154NMojWTHTYc12aKqjy9BDixkATQMb4wu,246,15,94.73,Yes,64.37,8
3ACdJnAjyv4SRgJEbCxNTqK9hnC8yfx53j,246,15,35.17,No,64.37,8
127YDyyydje7eUPc1soMzwmAUdYUDDkHtN,246,15,96.15,Yes,64.37,8
1CjfPwwF32WDqb9G9Yo4cLDdZkdphWETXV,246,15,41.74,No,64.37,8
31wXvyQiJcSKrodskLHCVZbc1h7xNYYFnV,246,15,90.9,Yes,64.37,8
3Fjc8WCXzKXPG9qKiuQntZ7erFbZkdfGSV,246,15,32.01,No,64.37,8
bc1q50vyftultcuwfq20qfnwsnwdpklssvvde2f456,246,15,89.61,Yes,64.37,8
bc1q7k20uaz3s6zyyv5uy3q6wys23p78dp2ju6zt6w,246,15,50.84,No,64.37,8
bc1qvde998534t4pqwk89pxwyz6j8gmn29xwmaetzh,246,15,86.0,Yes,64.37,8
bc1qfpdlq9f4krnaa6uxu9849x5l3m9xh35pjcaqk0,246,15,31.33,No,64.37,8
bc1q0cntnywtua7k3zjtvc8frv99mkhh906tq5w3wk,246,15,84.02,Yes,64.37,8
39QWA2DcguRzGhWBpTjNrwcH9BALny8vbZ,246,15,29.16,No,64.37,8
13xHn718RabTSLgm6yqLBax2WaNq9U45Yv,246,15,80.27,Yes,64.37,8
18eEPgGYCCbSoZRmYy6mEp3411iRXxuE1b,246,15,35.91,No,64.37,8
33H84B5LmnerfAASjYmo9NHGV7D3Jx3XxM,250,23,88.28,Yes,63.5,12
bc1qww3hsfq8gtyjp7f8dfgsnft77d6xpatqsawuu8,250,23,96.84,Yes,63.5,12
bc1ph668ylps8588pwc555zpyp3nj539j72e22mj3sqk2swnry0psuystj6tzn,250,23,26.0,No,63.5,12
bc1qmj7gmryj6evpnwuuz28azlzeppudelp43gu3km,250,23,96.04,Yes,63.5,12
bc1qyqps0j6yytzjm49dgcqvya6gplgwk2umyglvkf,250,23,27.2,No,63.5,12
1BJSQsvwi8cs9pBmmZGs9GsP9BFP6KTxNs,250,23,96.08,Yes,63.5,12
1JbXXgzkH5YrjG7nFZxUdrj7SGRREtqaE5,250,23,30.4,No,63.5,12
bc1qstp0ylj0ysa9m77ly77cagveelg7fhywmzxc7w,250,23,94.73,Yes,63.5,12
3Aba4e6UFp89p42DHajLoD8CFV7p2XUeGx,250,23,35.89,No,63.5,12
bc1p5gkq44ptlm3qh3swwt2fqa2hwkcf8ry0vj09pns6dyl8pmtxxypqu9av4y,250,23,91.04,Yes,63.5,12
1BDECSRMxddL91y2XabmVqBijY2P5WisWB,250,23,26.35,No,63.5,12
bc1qr742m20l3n97z3gfwzzuyx6hxzh2rclgcja9hl,250,23,91.84,Yes,63.5,12
bc1qr738c9fm4nqtv8uhyls95lmkfjtsrxh62cljxn,250,23,34.87,No,63.5,12
bc1q85m3lh2jmm7yw0mp8hsvk7s2yesq22y7x5eqen,250,23,90.38,Yes,63.5,12
1DHHGRCWkKfvYXsbFdCGeHR2AgmbT9ti7m,250,23,31.88,No,63.5,12
3FmK2pVT9x7jWEdVpc2GtcJ9SeZHMbMcki,250,23,90.54,Yes,63.5,12
1JTkrXCXJBwhgGFxjxHt3AkUQCQvAseyRL,250,23,50.17,No,63.5,12
1B5s6D9dw6hByUhZ54suktnLgH6iKcyehn,250,23,84.63,Yes,63.5,12
bc1q7748sa7nrnmt9q2rgawm9ph4z3y6w45acrqm08,250,23,36.22,No,63.5,12
1KYFpFr4DviFrHatRN1RYRzbx2CPB6c4UW,250,23,86.71,Yes,63.5,12
bc1qqmtj3tmhgt7npt8f62p3azc6f6ea4mltx0fp9v,250,23,41.53,No,63.5,12
bc1qkcn98hqlkafshdrdc6sdcucjmjf3xn3g9errsn,250,23,80.55,Yes,63.5,12
1GbSTtZSLw74Dni9LyVmKrVoY7z8TXY87z,250,23,32.31,No,63.5,12
bc1qeaw8gt7g4h3cgwgwhm7673jdzupjr6lqcdtenf,275,6,61.39,Yes,62.92,4
1F2Jx2j77qrWC72e4khYrdaAhgWnUQohqq,275,6,72.11,Yes,62.92,4
14k8Qn8Cu65RW1VWkNTc5Q6f9kax6mHNs6,275,6,69.7,Yes,62.92,4
1PoGHezaKEjQ1wuCwvZGTKQ6mTQoobQjFk,275,6,65.01,Yes,62.92,4
bc1qew5uj20pyaqqypmg5n6djrl47sfqtxtjf4jlcd,275,6,54.01,No,62.92,4
bc1q5uely3q9zuf39tdn032fnf7gsj4efldylw6wdq,275,6,55.31,No,62.92,4
3FFhVtCfcRa7agKwHC6x7rLoLzLv8h5P7d,187,5,75.59,Yes,61.87,4
14n5CMwYgnWY9mVFthvTCP7RRiypyhxQ25,187,5,65.47,Yes,61.87,4
bc1qhvqw5gsqqg72ju8pnxqdz5h0k6s8mx0akhnswn,187,5,59.92,Yes,61.87,4
1PKYBsrRdrTXyJwa1d79Xg5g7eiksQAncX,187,5,66.43,Yes,61.87,4
bc1q75hrmvwk472qqfx7lxdj3hx2udznschu63umte,187,5,41.94,No,61.87,4
1HRvqRvxJtm9gmcfDdrFbV4wUsbr2zg2gA,295,3,71.57,Yes,61.39,2
bc1paj8mehymupwvp654t8j9nhq9av9mfpgqn8fxk5fvkeyezj0r0dzsy9s6na,295,3,65.88,Yes,61.39,2
1MY3gFheeEXAT3f9rccmP9sXwoxvX2Evji,295,3,46.73,No,61.39,2
bc1pf6llflkfuhlrf37qw98uuvgex8d2g92t04x6rf52940ywv3kuxfq5rrukp,240,13,89.65,Yes,61.05,7
bc1qpceyfulk87hthm3feleepqnr2p2crq63amrjxq,240,13,92.22,Yes,61.05,7
1CT76zpNmgPhgyZJYuoqa5K1ZSTS9bsPte,240,13,40.05,No,61.05,7
1LeEQSgR2EoHypRMKJ7RkZHj8rijSjvjAi,240,13,86.97,Yes,61.05,7
38wBCzzha7cz9bya8EpuJpHmjGJ5g1K1rN,240,13,35.79,No,61.05,7
3Pps4U3DAKDuXV75BJqzsEEL3PwwL1cgam,240,13,84.71,Yes,61.05,7
bc1p4pjraahfnt44yq983fu2pla34u63sgdmhrj33n6d8jply6j99t4sqgnyxe,240,13,32.42,No,61.05,7
36dmvHQd5oQexhCCLjHQrmBtMMb1giT7Qg,240,13,83.69,Yes,61.05,7
3H25EHwRmKoyqDrJwmJ5Am6FgT23Qj5geG,240,13,29.75,No,61.05,7
1NUjFySEF29tZsVY6Bn631EgC7owcwwHfk,240,13,80.2,Yes,61.05,7
bc1p3qykuntr0tcpl6zgzf7zv8yg2z850y4c8v5jfq2pwmppl06vzlhqgv7e2l,240,13,30.18,No,61.05,7
172kT9LWTzPso9NMoDAjPfqn7z5Qd3NyiQ,240,13,79.66,Yes,61.05,7
3KqAak4VrSoxf7aXoiNxxwwBc1L8D81TWV,240,13,28.32,No,61.05,7
1GCKXtdKHAkfvNQRr6JUS5aw5X2gT1UWvc,32,2,60.09,Yes,60.14,2
bc1qr29avcmwezj9ndhfjltva93mvh4n2mggnzj2mn,32,2,60.2,Yes,60.14,2
bc1pegeyvrvxuetektmcxvrepny9a28qxcthcv2hsnqr7akxec2g93qseh67pf,243,27,90.8,Yes,59.78,14
bc1qm96vntchhz0704d5x5sdev8y8zqfu7zf668wnl,243,27,93.71,Yes,59.78,14
1BuciwgaQGeEc5YiSW9ipUB8DBHtLJAxPw,243,27,46.74,No,59.78,14
1N39hpTRmApyD9aVxDUh8ofoZqgSS4apnG,243,27,92.71,Yes,59.78,14
bc1p4fjnhv5n4gdhn04hpd4lzz95uzr6007t8hlqk2mtrj36wyxfzcwqvuf74g,243,27,32.23,No,59.78,14
1AhZq3UDRPUFZmKRCJeJtkK4SpCqny1fE6,243,27,92.85,Yes,59.78,14
bc1qtflu0d00ec650jgdvn9c9ea2ntn9ffk06yh3sq,243,27,33.12,No,59.78,14
bc1qc2xkvmeu960ng3prkqdg2pv6h50pmg5cpzge6d,243,27,92.19,Yes,59.78,14
bc1qkh8qcy275pnwcjhg530r6dp72sqr8scs66r5fy,243,27,29.62,No,59.78,14
1ALjnVNjajzezZa2qeL1ir8XfZ5KQpVDgi,243,27,86.72,Yes,59.78,14
bc1qnshj2ctpl3873r8jg60andldp3sdwurevuzp0v,243,27,32.0,No,59.78,14
1NCZ4F1pK1GxMCTueCWdFmq7a2jfdQEoTq,243,27,85.09,Yes,59.78,14
14K13AH1n1PvFCxBySBvj28NjuLpWbFZKs,243,27,37.34,No,59.78,14
16Q65e7UrC3HKmupo3vJr1dWuqjsD8N9Fw,243,27,82.67,Yes,59.78,14
bc1p0g8vj6wx6x5vt66dy85cmaa8twz46yqxr33n3ajum5rpa9k52c3swcra25,243,27,41.68,No,59.78,14
3A2mHHXA9roRKeQaZCEXzSxf98iHDBPXZN,243,27,81.7,Yes,59.78,14
bc1qqcta5hcptvx8tlsfxkwc0ayet5yqsw743lzzks,243,27,36.73,No,59.78,14
31jA8mH2kvfcKjamoXGqgDDPyin8Er1cZJ,243,27,77.8,Yes,59.78,14
1BNv9aK9FDcRKzYr7qPr32265Tw5g5KRRD,243,27,28.83,No,59.78,14
3JTLuRpk4aMc31bQxmmNppxDwehd8GMWeq,243,27,74.94,Yes,59.78,14
bc1pk2nlgmgxqzwsc9w7rlwk0p2ftp5thm63r33spa6xva7vnwztdn5suh6enc,243,27,31.56,No,59.78,14
3PgTdZnyW5AvgwmQaFp4no1PtLquzSimLT,243,27,74.03,Yes,59.78,14
129hevVCAfCewgvmYAGtMQ8ebNsgYRgVic,243,27,26.74,No,59.78,14
17o8Ue6iqoNrmyrYUzLuzMC28niRpM41M4,243,27,71.24,Yes,59.78,14
bc1qahsyq8dxptxreed3vwv0pxtfmkyuyqd73ahyqc,243,27,29.58,No,59.78,14
bc1perg88p364qfr6uj3rswtfre8mney2v207tzkvpf5y9edlwlmrmlstpwu7r,243,27,76.96,Yes,59.78,14
33QR8Nk1LFUKfU5kYjPTnTpBrPedbksguZ,243,27,34.54,No,59.78,14
14WyrcjaPmeoEK9AVqB2hbqaY5bQS6JipA,288,3,73.36,Yes,56.98,2
bc1qcwsnmejd5w0sxu46rypr6vppmfazquwjnsqc3x,288,3,58.17,Yes,56.98,2
13wjkxptWjLCEHUHuP1atPaKP24CPbZwQZ,288,3,39.41,No,56.98,2
1Q634NpmPZjGWrPB1TdJ2cVkzVGEvf5Vwy,271,6,36.56,No,56.64,4
1GR1BHrzM4bRGBDhbGerzKg7uG2kPXiaCf,271,6,58.48,Yes,56.64,4
bc1q548v2y3f7xpp98kx0p8p30u9g33un7jxchen9e,271,6,66.98,Yes,56.64,4
bc1qwl9j6w5g7sxzcgsxguhp8pm2nkq7ctfuhl29q3,271,6,73.67,Yes,56.64,4
bc1q3e5ffvkvkmpjemzmgcstvhhgusjjdvevhj7386,271,6,55.51,Yes,56.64,4
16vFR9wm8r4a4DwATZEKG9fkiM1SkHsQhc,271,6,48.67,No,56.64,4
17BxTaJFStLFxFqptwGAhqcBgqv2YnuY9g,194,5,43.43,No,53.34,2
bc1q8jufqp9yn57ucud2c60wcuue55xxamkpap7wav,194,5,46.02,No,53.34,2
1AmqS6HtRMYTVTx3RpbkzVuqnCMEio5PtF,194,5,41.93,No,53.34,2
bc1q8vlnf7n3kkn3h6z0jnepemhhaqtus4us9ff53m,194,5,63.51,Yes,53.34,2
bc1qp2g0y2kkjladp2e50vtp8pay38lrh6gagqkvr6,194,5,71.83,Yes,53.34,2
39jHCnFM89tPaLWNrkWZUJskBDEM7bR6mM,251,19,73.81,Yes,53.31,11
33YD7x5d3DfTs8cZkn5ZCKpiQZkVDYoTZs,251,19,72.04,Yes,53.31,11
1BwsD8V6fTySetoVKW9Mi2mdMkYuuDJUtr,251,19,28.96,No,53.31,11
1DQSBALoaashsHKxxb5XRgHi8WfW4ykqhM,251,19,64.08,Yes,53.31,11
bc1qnrw4gkprurned3g6cnrw3ntr7dp62je9wn9p4y,251,19,29.75,No,53.31,11
37UQEZhyatx8n5npNhccAv2fhaDtaNoj8p,251,19,64.38,Yes,53.31,11
14KAZnEAw4SpxK2JyAySEKUQi8yTaMZWah,251,19,30.75,No,53.31,11
1QDawm2rSg8bGaJiFihMpEQDQhvZLhkw9H,251,19,64.7,Yes,53.31,11
bc1qmz6fqtvht4n873aqwly8yjsshaujuk6y4nmz9v,251,19,34.19,No,53.31,11
bc1q78q70pgwkttpr0vh8a3gurf44pcdm3mspxg2l6,251,19,65.76,Yes,53.31,11
bc1qx9yeephhl4ludvxvtjq23uhchn76amxk44fyu6,251,19,34.63,No,53.31,11
bc1qy3v7jg0x8h2q5xzy6estrjjwrg7yarcyapfhjw,251,19,68.12,Yes,53.31,11
17ef4UvuKWKRbewbqA7tQbB1phLttkM6xw,251,19,33.04,No,53.31,11
bc1qfq5ug52kwc6gfmhm29lkp4np4vht5eral20e4c,251,19,60.59,Yes,53.31,11
15P69xWc9eGjEhofw6QrnWzJqZHdbxHHLA,251,19,43.69,No,53.31,11
bc1pvslcewfsc3euf46twwsva6q5wtkgy2j5dpq7mh2ptrq5uk500hgqysmzw5,251,19,64.87,Yes,53.31,11
3EoMXtD9om1brumqLVQVDZfw3tVC17N25c,251,19,38.16,No,53.31,11
1HGY6A4RGPUapffmxxPYftvDc8mwYXxLVc,251,19,82.76,Yes,53.31,11
bc1p6mh3hrgdjary6rakxww9ugz4hfq3nufttcta5umf0mdqvfzctrsscayxhh,251,19,58.66,Yes,53.31,11
1KUybV8pNRoimaMMd3ZSqWCXLjcGf91ZS5,299,5,30.62,No,52.02,2
bc1pw7akqaquelcjztggj80407x260ffnrapfptrcp972sxxynfk50psuncs0f,299,5,68.88,Yes,52.02,2
bc1qlk257fdptvzqzet3s8cy3vfe2yjrlgj7u8726v,299,5,76.59,Yes,52.02,2
bc1qqrakm7x674p2sz9tsma5xxs0dayuhft682nw04,299,5,54.07,No,52.02,2
3NRfktcK4y3xZKHkpY9b2m6TxKXibiknAc,299,5,29.93,No,52.02,2
bc1pfwemnjeve2jks2f8p9dgw44syle56h0z5evvdnvllp0wwn5s0cxqhr6ank,267,3,66.09,Yes,50.61,1
bc1qtxurp2n9ct4ps0per92fwsffmq50z2rlvksye2,267,3,55.26,No,50.61,1
1LenGVRi88W3jMfw2XJYQYUBNy2gHVdv4v,267,3,30.47,No,50.61,1
1HLVrSUPcKHEBsj5thWb4tUrXKEv8SfTpy,14,5,38.79,No,49.85,2
bc1pvq8e4cy2zqcgakcnld4khuf770eudzqmvglzlgdmjqu0j75djclq47u9kw,14,5,63.66,Yes,49.85,2
3Qn7bQAUPAbVufHgLQbwqXNtUEL8E6q1Q5,14,5,60.32,Yes,49.85,2
13Fp3Fitw6PWv8K2ds7DMmkctdBg1aneqv,14,5,47.67,No,49.85,2
13sZdnAVvhdepMMttWjViRjdSL4E2xPCMd,14,5,38.79,No,49.85,2
bc1pxlvpt409f4kayfclj0wdxuxdru2qu4pjxukrmz7m524akxtrn9uqdah4m4,296,3,41.32,No,49.43,0
bc1pf73w25gev0qef6dzq7py0h7sdchd6zv2m3twn70dqx88cju8gugsv8pxsu,296,3,54.04,No,49.43,0
1GZtni4VxVAgpgXruKksxUL6jXcsMsvUHJ,296,3,52.94,No,49.43,0
1M54dkFuekuTqGsqVnGNBDtzPbpgXYABcN,248,31,74.33,Yes,49.42,15
bc1q2uq0g5vtxvetn77ptwj9auqqtr4qwdzc6agscc,248,31,67.9,Yes,49.42,15
bc1pgfxjsy4z2uu3r7cdw2d4fuu7lp96y6raatnsknhw0n524q0dhcfqxtft4p,248,31,30.32,No,49.42,15
bc1qdq0nxlfnhduay9s80py9xte9mrucreryc884z3,248,31,65.24,Yes,49.42,15
1Nz1gtkxeiZPDSQe3VQ2hvh3Gmr5Q8Urze,248,31,44.18,No,49.42,15
1DGPkGzZAfafase8qmd3QHKbJXBxi7sg9L,248,31,71.64,Yes,49.42,15
163AMUSM9UXnBd6DfhkZWoSEoAKAo5M8Wy,248,31,38.33,No,49.42,15
3GHqR23dF5yo15CZhogcVFP5P48CgWAX1Y,248,31,64.7,Yes,49.42,15
bc1qva3xr56lzflgmx2t0csnqu3ux8rntnn029mxul,248,31,37.59,No,49.42,15
3Ln4jrxnvD6YTAveBukko5oNVy9R5xpYFh,248,31,61.96,Yes,49.42,15
3DFS8rAVoUAr4CjgazGgjsCdHz983W3uh1,248,31,26.92,No,49.42,15
bc1qmpg0rqw7mzygf4xzrekcufjc79zxsjncgwdvn6,248,31,61.45,Yes,49.42,15
bc1qgke8cgsu2x69gjqk5wltd7pu777jpgzcueuqyj,248,31,28.36,No,49.42,15
1DWnDXsGF2NoPdZvs66EAmSmUYfMT1V21m,248,31,60.95,Yes,49.42,15
18GZ9eGSEaFxg8b7LrbA3fzCsRAEy9ZtaB,248,31,28.04,No,49.42,15
bc1q4ttwr5f220vtcgglacz4g7kxm9u2ah86jc64l3,248,31,60.67,Yes,49.42,15
18Y3Jm96E119yQqq7Vz8xTYY3s1umw3gKn,248,31,38.04,No,49.42,15
bc1qpkcx0uqpetdf3peqws7awde6vv9we0gjrdxcxg,248,31,58.88,Yes,49.42,15
12yGn6rjroGyUSVGn5MwHb9LpWchWaodoa,248,31,29.46,No,49.42,15
bc1qvscf824vq43jk93z2a0hur4fa8z36pptm2k6rn,248,31,56.69,Yes,49.42,15
38B9PrPCuSH7Hv9YgFBt3qqNBDQ2kSTfYW,248,31,28.79,No,49.42,15
38rhX1bYiM49atX6x1MZ3fsR58dJ8r21U1,248,31,56.26,Yes,49.42,15
bc1q30xxt655dgg7yhzlfw7vdqg3sn00vezw8uk0cl,248,31,29.11,No,49.42,15
1NaaiXxdaY1kCMP396aGxy9fGwmsF9V2Xn,248,31,53.29,No,49.42,15
16BVMSRo1fw7sbjaYizGKmZdz8Sa6Zimzn,248,31,38.5,No,49.42,15
bc1q354hgzdsc8zg47e0jd7gdt7xevnx2p5styn24g,248,31,48.07,No,49.42,15
3H31rfQfcjwPYkDA25qCBq5HdsWPQ5C1Py,248,31,26.99,No,49.42,15
38Y4HCAqbTZi952y8MaWqCL2WHyRXxdLka,248,31,68.47,Yes,49.42,15
bc1qtyph7f07zjdz26fzwemdw6rjjw5qsyun5ddtj4,248,31,32.34,No,49.42,15
bc1qpkaru20j93eya79g9v799guxhyhw5atg260q2l,248,31,77.68,Yes,49.42,15
bc1pk45qfkh4q865hjy065rwzk72jax95kcyamlcg99j5z83exrukgts5h8zys,248,31,66.95,Yes,49.42,15
1PHN65gEAnJVrubmaSFGazbZSd6RVMuTHa,7,5,31.08,No,49.33,2
1CWNfTxJCsH6eDMysN1aSuA1qsZSyQcaks,7,5,59.93,Yes,49.33,2
33dBjmD1nSeLXnggFNG3xLzAGPtHxn8owM,7,5,65.76,Yes,49.33,2
bc1qs4xzcavkwu7fxrxdn4fktc7mxz5aqymle44pxx,7,5,51.86,No,49.33,2
bc1qlyssgs2tt9mdnlmtfep0s5cpsv90tcn493xhhk,7,5,38.01,No,49.33,2
1EhEcuHyiCyMLhTrMhPFA4XDz7nbM5TB4i,249,37,79.05,Yes,49.24,16
bc1qwvk4ehu6m8qyhz2p77tvsvmuey9jnw9l2zxh9q,249,37,69.47,Yes,49.24,16
18pkBf3SxZvU8x7vNRmBWiYZ5f4VK4xspu,249,37,36.95,No,49.24,16
12qSc8XzxjWuzziWsgUtZfusNuKTxycHVx,249,37,71.34,Yes,49.24,16
bc1q7vmh8qqy8r9lctak7t86lkv4fqr68n3uk7cgau,249,37,47.88,No,49.24,16
bc1qwj2ad0jxkvpyn484qt46xgn6h5cv4e472t2l00,249,37,70.09,Yes,49.24,16
bc1pry6exqu3x8d6au33qqv0d733x0x24s8p6dv2e2vpy23wg2m6zw5q6avtyn,249,37,28.03,No,49.24,16
bc1qctspn3hvvgtuqaszunkgkyznfgta25pak98tl5,249,37,73.52,Yes,49.24,16
1KmKbJnHY1VJoAZh5RoauZokaAexi1gLn6,249,37,38.33,No,49.24,16
bc1qmnm50h9464af6zdk8zjy2u7x8rfqk3w9xl5j7k,249,37,71.57,Yes,49.24,16
174iHbcyEC4P9EaARukRh5tw3Eq9AjD9Ds,249,37,34.89,No,49.24,16
1FiWKP1FXY7pgq4zNYanSZcNNXqnz1RBHL,249,37,70.54,Yes,49.24,16
3CBK9kmXayuJnzLkUXSa9Qtqe6JY1DeXTX,249,37,29.6,No,49.24,16
bc1qr03ajump7cx7e62r7jv4mg90ne3cetgft3xn27,249,37,68.06,Yes,49.24,16
14QAuVtkAMWVpCpa15X7wRktiSxBptTkVT,249,37,38.78,No,49.24,16
1LRC1NbzyZhAFMdV9vQkBaL8D8pE2E16Zz,249,37,64.39,Yes,49.24,16
1KfMng65fASERWFan38GfwamQXDJYCo4vL,249,37,29.13,No,49.24,16
bc1qsdpfr6jnexctuf5j8ufcn54afqp2mq3pfkdnx4,249,37,60.08,Yes,49.24,16
3H13r4MuH7Dyj7rTCNTUZBaeuki3xAhFDF,249,37,32.08,No,49.24,16
bc1q6t7wwlssj2k7khm22m0kvxpwrvuv6kegezkdjx,249,37,56.81,Yes,49.24,16
18jJN9ticwUNEgkH8jczMoLB14BVnqkF1q,249,37,28.66,No,49.24,16
1DgcEEUVJ7nWPaTPPWLjjcUo7o5ambZMVZ,249,37,55.86,Yes,49.24,16
13P4Sak9gQRc1FVZFvqrh3GstnDcRKFFZH,249,37,28.79,No,49.24,16
3KBBAqDori6yBPPwPRQ6wxfWEu5wTEsZqF,249,37,67.43,Yes,49.24,16
bc1qf4gn60tzx9dqmmkv9w575qsj6gezh3nkjktlpu,249,37,28.83,No,49.24,16
bc1pgjs4ynt7aqyjlf0sxq3hkdrgltmj44uf8zdzdeayv932thu0ys9q0dh47s,249,37,61.49,Yes,49.24,16
bc1p5kddzr3p94yf5u6z0qg97u3cv2ghec9zjm3n6sljgscrtar05tdqa5yxa7,249,37,57.11,Yes,49.24,16
bc1qv7jsfgu2t0c296n8vr4l3w6xlar0tg68986rc5,249,37,53.02,No,49.24,16
1DEk58tJ6X9dHgMbE7P3Ei5KzimoRTyKPe,249,37,34.36,No,49.24,16
bc1ph2t6pavupcvute7uzpwqupv42gqpjkrk7qh0seh9d3q8qk67mgls8hdmtq,249,37,51.71,No,49.24,16
3HKPvbnRVkJATLSnBuhAyLYgtunDn3LKLN,249,37,31.4,No,49.24,16
1N1LGfRzimkizGBdRjs5NTLKFP5dRbnJx1,249,37,56.14,Yes,49.24,16
bc1qqq2tp3cyhj9dmzlyutufsrakr3xkuk0mvfdguj,249,37,37.96,No,49.24,16
bc1qza98ctgw9c3arwmd7dh85s7cfam5kaarmxxgum,249,37,50.4,No,49.24,16
3AnFC1ee8jsJ8c1RYt7kDB1GMuQudhV3Fg,249,37,31.05,No,49.24,16
bc1q34353zys3pjjz54uw6g3lh9drrfngdleqswggj,249,37,48.42,No,49.24,16
bc1qxx2gzqjc9jgg5l57t4l5kt5nr873q2yymvmvax,249,37,28.48,No,49.24,16
bc1qzjjgr05dx2hm5tznx7tykj6t68cp5kyp283868,264,6,27.29,No,49.13,2
1KdXhJYX2CZqvh9StK3STJ7wBoXvdnJac,264,6,47.23,No,49.13,2
3D5vdZmdMPVBkVWxF5dF9s19yt6EJ1GVAW,264,6,68.24,Yes,49.13,2
3DxPwZ2rn5w6iTdMcw9k4wPcFKFLmgkhYp,264,6,79.67,Yes,49.13,2
bc1qpmfw74ygghg79w62rf3hjcj278fvvnj9mtyakd,264,6,45.93,No,49.13,2
3NezBpyjGKUgEKFyALceV5A5rCopzYb1ys,264,6,26.4,No,49.13,2
36QMDovWKnkow8UTabhFoRCbQBuT9QNUyi,268,6,33.53,No,49.07,2
1EMTb1F5dZEbe39ojuGYQ6zfKCVa3WSxjB,268,6,52.15,No,49.07,2
bc1qpsqt0wesu8zw9jmackncuzwr5p0da5ksyswr5s,268,6,47.19,No,49.07,2
1HidxNuGQs1uSaXiNUt8fKonKXtW8wVifi,268,6,47.8,No,49.07,2
1CwDKKugiNz5cXLfwZmG22UgjMeNUTg6pp,268,6,56.96,Yes,49.07,2
129Q9zE8MLvcsGH5mK96MVB81awCHAS3kg,268,6,56.8,Yes,49.07,2
1N98VKk7z4DXn449VGeTksSYWfJEUw7VPj,242,37,78.97,Yes,48.46,15
1PGKX2cTWnka9rLoSj56eKA75yvKa3jRFi,242,37,68.51,Yes,48.46,15
bc1qml0r42kjge0n9df5w873cjmqjprmhwp7w3fnnp,242,37,41.78,No,48.46,15
3HBXrXZfAg1rsho3ng545h2EAMTdMKEhn7,242,37,70.23,Yes,48.46,15
1K8cqr4acR9thF8NqdQDiKxgu3VywX4ctd,242,37,28.44,No,48.46,15
bc1q6eyx2laz5qwvg9lw8w7gz2kq9jkaphs6gzpznf,242,37,73.2,Yes,48.46,15
32tsYm5redfYKeVk8dPGheie2eG4pxQj7K,242,37,27.49,No,48.46,15
bc1qgv75wgqdkxzsasxmy7lkvtnq367yn8088nsxlj,242,37,69.28,Yes,48.46,15
3JnNaHbyndrMmDr6mLu3QEf86etj46rVvk,242,37,61.84,Yes,48.46,15
1PAZBAAsKKHSFHZ259WArvFZqP24xBQfi4,242,37,64.38,Yes,48.46,15
bc1qax6mzukpgajk73pt7fe60lplcrzl9tgl32y3xu,242,37,27.66,No,48.46,15
bc1qx6gnswv23enlk8arc8gujyg5gwkg2x3tpvxk4l,242,37,58.88,Yes,48.46,15
bc1qv8jp70dqcg4gh0xyvj9qu4v4mldrh2xqg22pxl,242,37,27.69,No,48.46,15
bc1qpfhw7ln3sx5qmrvl9j6yvznlc8rzla29wnmvnc,242,37,61.18,Yes,48.46,15
1JYLqMaH8Be9wu6JjG1xLiNzpVTEgpnFfi,242,37,29.41,No,48.46,15
bc1q24kqpjuyshfygcuutmqhtph4ufl9s6ku5qtljx,242,37,59.99,Yes,48.46,15
34tuyk31Fv6igr4RUJ2VzEpaMy98cfAeGj,242,37,39.53,No,48.46,15
16mymBoWuRtusjAS7hsJCpGe7wfHGnyMBZ,242,37,58.04,Yes,48.46,15
bc1qq8fjlatpdmklr5zdll8p43y5p9kgm8zk3m46lv,242,37,26.78,No,48.46,15
bc1pss450fcqd7vpsewq9z4h7ttf66atz3arugjd93rjve4jl6h4xgeqqet8ze,242,37,57.16,Yes,48.46,15
1NMbfeb5NoaeAAg316LoRzSZuahqxPkMtJ,242,37,33.85,No,48.46,15
3GoJK57oApJL5EzNKs6trzVqQLzVwuYw2F,242,37,52.23,No,48.46,15
bc1q70wnq3ge7fw8s6uvymd3rdjx9dqgaqpw3lns7e,242,37,39.81,No,48.46,15
1NuX3p9j8tPepzPny4tAHpzRgdFEzu9LpA,242,37,52.61,No,48.46,15
15CYqyqHArYcAS9MB2gNv6WthKWZswmBni,242,37,36.16,No,48.46,15
32DxCBeAfXPBP2c5HoVYvtwXXdbA8ruvzw,242,37,49.11,No,48.46,15
bc1qhrl6e9492eyqfy5nyu4yz6tpwtqurvt3ywjnys,242,37,28.21,No,48.46,15
1MBMMVvSbD5fGRDBUjRAqATLKY3EoQs55P,242,37,49.82,No,48.46,15
36TWTtfhatfmaym7744KFREsf2ZmQagJ9i,242,37,30.02,No,48.46,15
19FRVtKjbMzGK1HpA7zSXi2AgYGRcwn1ru,242,37,47.96,No,48.46,15
bc1qdjrk6sykjgrhdvw8rjz9vkq507x422u3x40y9n,242,37,31.15,No,48.46,15
bc1qgm5ylmyltmmephz4nnvtpf80f7yhr0lfswtswu,242,37,69.3,Yes,48.46,15
34RRioraoXEX9nkQ7KAUAVBnPekSPPbqGf,242,37,29.33,No,48.46,15
1HE2AQig6uZwmTNvNL329aTvmSowDib9NX,242,37,69.3,Yes,48.46,15
bc1pe3zx4l9f5zuw99uznqvyjeg8e3zy2rjucswt2gp05kq8mr5nwudq7j7ghn,242,37,72.68,Yes,48.46,15
bc1qyq7e8ja6gfqe2hecmvqg0pfyj9y84kke7hmp26,242,37,43.08,No,48.46,15
1ATNw178oj9rMqa9Xh8RC8TYQ2Wz69tN9u,242,37,28.1,No,48.46,15
3LU5A3AsQA2C6CegKLz2oWjSWUsc1ictCZ,255,7,38.14,No,47.55,1
bc1q3smm60u0fu4c04zjclk3jp8ndg5hrlwkuewd3z,255,7,46.46,No,47.55,1
bc1qav5357zdy3mxdmxeck2syjl3s27ydcu2a4vh7g,255,7,43.46,No,47.55,1
bc1qt6nk5790ejsf0hm2th4qqwda2jjejwr3sdxkh9,255,7,54.03,No,47.55,1
bc1qxdmr0jneeuemffpucd3atw309q3cardpuf2dap,255,7,66.79,Yes,47.55,1
bc1p573y5p4dfvnkefev495h27xaasw7uq9kx3hntc2893uzcmr8p26s0fy27f,255,7,54.88,No,47.55,1
bc1q27xqd7d05mrtf5eag4auhjhkqpxjpr7tvfqvep,255,7,29.09,No,47.55,1
16KGfeyt2RRxcpRVHDXvMTAT8vs9GvZDyc,189,5,38.67,No,46.98,2
bc1p6yzg4zhyptjawpjwaxwhmla9pgx7upl6rls3jm5237stt6qldd2qyv7acc,189,5,42.63,No,46.98,2
bc1qzmcfcnhgsprruwgfzsy52da52mpg6rjhhr278a,189,5,56.54,Yes,46.98,2
154eoGVmSEG5maR5YyLBD7HhWLZniVndue,189,5,59.36,Yes,46.98,2
1F78tFZfkqdqGqVwwmQWbb2PyyjKCNjhrp,189,5,37.71,No,46.98,2
bc1q5j5fl23asr8eawve882ev30tartuv4fg9qsgf9,269,6,31.2,No,46.83,1
bc1q4k3s044r2wdkk4a5g0l8gpg5qh6faz9m2xnfxx,269,6,51.49,No,46.83,1
1Pp2hhHRiXSZPvroJZt3m6pyDcpkHCsJMz,269,6,53.84,No,46.83,1
bc1q4w57adwjgajtpd586nx2m6gj6wf0n7ag6hnmj0,269,6,57.38,Yes,46.83,1
3HAucapL2Q8GFT37XWJcgccapp9raPTqKv,269,6,51.95,No,46.83,1
bc1qhwfr24p7fhf7nu4ex0l7autm03mrrc5tah6ygz,269,6,35.1,No,46.83,1
1HvEFZQq9uyLzBZLqw5h47oxRHhKnnWWeo,190,5,36.31,No,46.63,1
13EvUt6PMv2RDwbRanDD1UwvPggE3CH1cq,190,5,44.97,No,46.63,1
bc1p9x5mmjmxsckhq8vzuqtlrrp9c7vzr9qes2nq229kwvvj7qeg3ekse84ucn,190,5,50.22,No,46.63,1
bc1ppqr2ws2c49qcwt97ue5kj3we62fp60g2y5zr9d5tex54ahpx85yqy7n0fg,190,5,56.9,Yes,46.63,1
bc1qwyfu24xkpxet3ukds5syt9nemp607hrd7wvhjm,190,5,44.76,No,46.63,1
112FnDXE3uyXKqhts1XU7F8JicngVsVREq,203,2,46.4,No,46.54,0
bc1pluxalk5zzj9k03ljrw9c26u3zg3vdtg4uwu97r37lej8z4nn2jzs6qzg4f,212,2,46.4,No,46.54,0
1BrbKCQ3NidPT7BzXvb6g2fNTAqMa2556U,203,2,46.69,No,46.54,0
1MqUBrxbBR3tdKkFUBUnZGoWrDJ7xZkH83,212,2,46.69,No,46.54,0
163SVNz5cSp57EtYNwxhMeA4HFuqGf1GxR,270,6,31.73,No,45.74,1
1DWAB1yNBUPR4DeV8sqSgZFSHHeUKWtRkF,270,6,54.09,No,45.74,1
38R39NT4t2pTU5nMHpeMUeBLhpu2sqSXj7,270,6,60.16,Yes,45.74,1
3BLKj8KcHdzom1KN4uYzeojY9nXwWFBfcS,270,6,52.04,No,45.74,1
1KfkdR9MpqqrVzbBuMPHmRfR2Y21UEpbx1,270,6,46.7,No,45.74,1
bc1qk8y9svry92f0fqmrg200vmhs0qa2lvw4pshkk3,270,6,29.71,No,45.74,1
1558RYVCRybzxhcpbCPuVtqcKd222X78BK,252,7,28.28,No,45.6,2
bc1q2a46q2z0fvvkw97fwnuctzvkueurj95qkna3ju,252,7,43.07,No,45.6,2
1BVmnKpr7SBMtvuNERgEB9nHqXXgHSmfWi,252,7,39.86,No,45.6,2
31naScfzmecnQp8fcrb3B6d9t8EgbRtWPC,252,7,47.19,No,45.6,2
19vUN3Usqnjs6z8GHSPUYbsZP3zHy7E63e,252,7,60.93,Yes,45.6,2
bc1qwl45qvwdxfxmka6g6pelghcjf87vma0chmvjae,252,7,56.59,Yes,45.6,2
bc1pu9amreda0322c86utr2ctz7g76gd6d6s0pv8x594gwu7gr5t0cqsnae5vl,252,7,43.27,No,45.6,2
bc1q77wa7tvw94x2s36v2f6w23a4jdrg64hmpqv56g,183,5,44.38,No,45.6,0
33heg19DiLBrhNfVBkzvqGBMTHZhY8H6Wt,183,5,45.92,No,45.6,0
1LjSJ3XwJe7EsGRGcDP49nekStvvQAaybq,183,5,44.35,No,45.6,0
bc1pj5s23gqy0y0chgnn7vdpzj0kq2l887m7lzxlwudm49sa9xpy9wyq49nce7,183,5,49.06,No,45.6,0
bc1q6jlzz0nwz6nn879cl9tv3dnh87y4f7y660zk3f,183,5,44.3,No,45.6,0
bc1qq4sn4mjdfg4tzamuny58r7c0zrnqqy32uv0cp4,272,6,38.79,No,45.59,1
3K41ZAAuMD4eiHvpvKMiVupZxZopKTq7zc,272,6,63.28,Yes,45.59,1
1M7YS84Qg5rnU9q1cE9qxdp9ELhxoDCh3u,272,6,46.9,No,45.59,1
bc1q39nl0w4kf0vflqrv9xmxrk63eu8dmq8awqsrk2,272,6,48.29,No,45.59,1
bc1qzsvtevun80s89glkyhkxlnq4zhtu9ql8qwnq7t,272,6,46.55,No,45.59,1
bc1qg64gcsdnglznmalp93d4drtepy2mle6grj3s79,272,6,29.71,No,45.59,1
bc1qxg7ct9msf42ejesauqt9yemj5cswjczk3f8uzj,199,5,35.68,No,45.48,0
bc1qf80daftaenx2k636p33lzs8yrr20d0l8mf3ucw,199,5,43.95,No,45.48,0
bc1qazannplj6jkk9scdpuxp8qt42hh3fnfumh583v,199,5,42.24,No,45.48,0
bc1qm2mpuq5qqvsvs9pxdn0y7qh8neqycf262gzy9z,199,5,54.07,No,45.48,0
181wJD3BF3eqJfHEKSYghDCWKdVKFbFdf8,199,5,51.48,No,45.48,0
1EjuqGHCT8C8UhvzrZ2TBndxDX78g8sSv9,291,3,42.07,No,45.44,0
bc1pjex6jt7c8vay2ayeqxd87n24g3tkzej34mz7q9fqg4yvan2yqd7sjdyf4h,291,3,51.8,No,45.44,0
14ZtDNKUyQ6jV3DdwfLgXkyNAeL35Bqst7,291,3,42.44,No,45.44,0
3JSZLFEBAL9ByUaq42dWhCiubpS62x1XkK,293,3,36.13,No,44.91,0
bc1pf78a6q85upy6add75vsctm0ausvxh90q2rycz89zanewxa582ukqzrq07l,293,3,44.43,No,44.91,0
bc1qxzsks08zst8x6n7x4g268gps9au08xtmheevtf,293,3,54.18,No,44.91,0
bc1qr53r7qeaew8huzy667u0nej96erzvzd5qc7h6k,66,5,43.43,No,44.85,0
1HMJpkxbpfqtFEdNQGwYGMaPWcZFPVMYoY,66,5,41.82,No,44.85,0
1G5bEShaEFPwej2tw7ZKHZSdNW5du9F4kL,66,5,53.03,No,44.85,0
3HLMjHtCXoa4EXZkngVFZrNDCdQLeXP3ZK,66,5,48.86,No,44.85,0
1EickKhfNnswReWQrceiAW1GNfn8a1NPrH,66,5,37.1,No,44.85,0
bc1qzkg09aletvzt3t83smer93h82s9mcm94g84tvk,289,3,49.55,No,44.74,0
1NytS3hgczwGJwp7RVLVeVrKY5EvdqmNjo,289,3,47.25,No,44.74,0
bc1q7mmhxu5t5ljhgnhq7hw7y4wnpg7glz3ptyaxsr,289,3,37.41,No,44.74,0
bc1qawuupddvqfa5rettduemernlqauzruaxl623yc,259,7,48.42,No,44.71,0
bc1qng3gt9a2ajk5ce8h3e8tqufxzyfv7k4lvwpzfa,259,7,46.03,No,44.71,0
bc1q8l94dt958jf435kymtpeess0rjm9tm5rctaz6d,259,7,49.62,No,44.71,0
13o7xUWsNf3vV5EfJvGCqsjy9pmjWWG8rT,259,7,53.13,No,44.71,0
bc1q4fhps32p74s2lnycu90fnqx9swma0q725k2h60,259,7,45.31,No,44.71,0
bc1qjw7ey95ccyteguw7cqzjmj6p7dwdpt50jpjxue,259,7,43.03,No,44.71,0
3QRP1NAuCV1hVEddqhEbMo9acfJ9jq5CzK,259,7,27.46,No,44.71,0
3GhGm7CJhbieUP7wkrzgJLCeHY4kZAPY8p,153,2,43.99,No,44.04,0
bc1qrx82w9665ew8wr2wdwc0jj3t0jjg6qs9lmgnk2,153,2,44.09,No,44.04,0
bc1q3ue4yhqca95704mavejr9xwlvtqaryrwsw4p0l,286,3,35.59,No,43.87,0
bc1qn3dnh2qyltvl525ce5uvj9pml36nay6ku2mh92,286,3,49.24,No,43.87,0
bc1qsec8f8fztljprr55cmyasdmh0mfa6s239me3lj,286,3,46.79,No,43.87,0
bc1qq255ghc4t6r64wnuhvfgwd3lrpf80qzca4vmys,297,2,43.54,No,43.68,0
174RgoNjkUFuH4jJF7YkWzk8AwihuWp574,297,2,43.82,No,43.68,0
1F9CHC3HfCMCMJFyyNUXQtaFHubWrjHr6u,67,5,36.17,No,43.63,0
1L5Qdbwqhvok7heGJ8huUUyXfYM1yXPCY1,67,5,45.84,No,43.63,0
1EGErUscoKnHpxuomanafmGTbmE1XEZgAk,67,5,46.39,No,43.63,0
3Pdx5gN3CDyYVoKDTCEVGC628cjLVvHS72,67,5,51.5,No,43.63,0
bc1q2st2e9wfp89t2uypghw5frewhjrxdu4jmf4pt6,67,5,38.27,No,43.63,0
bc1qmhfxp8vk72n9hmkpkn5wsdsffep6j4fcn2x9nd,256,7,26.48,No,43.59,0
389donNsw9JEgQehMRpwpct98sxrpxJDWN,256,7,44.6,No,43.59,0
1LQyMFqzmVxqv7ssG8TW8XWP534CqD6Tv2,256,7,48.42,No,43.59,0
13n2kssaDYtzQNHZXsCeMovADKTJxUxbfC,256,7,51.28,No,43.59,0
1FCe2aTaQkVuU36CVQajmYFXk34TQQ8Dsr,256,7,42.73,No,43.59,0
bc1qv6xvrkxga2we6u92y2fyagxk2twyjzxd2fgpyn,256,7,45.22,No,43.59,0
bc1qhfxup2yz6ldlfdprqq2fh7ka94hpdzqzl8n0hz,256,7,46.43,No,43.59,0
bc1qptsafn3p042x46ya29vf32nx9ccyg0n27fmk4d,185,5,35.16,No,43.39,0
3QMfkPCrhxqs5f5ST5Uyk1fSA5WLDF1mZC,185,5,42.85,No,43.39,0
3ARKR8b3viDW9Vba1buCgCv7ndJKFntoRY,185,5,45.84,No,43.39,0
bc1q08sy0fjls7ct9n48wht9rff0smx6yyp9xq0x4k,185,5,54.23,No,43.39,0
15Lq6vowaiZcUjrAa2yzbpbQKNMREfekKj,185,5,38.86,No,43.39,0
1JJb466YoANiHPTFt9ff2zRiLvLiSsqsVu,253,7,36.34,No,43.16,0
bc1qscuahmpy0jwxl3vkp675g8g52zadcpl5lz6mtk,253,7,50.29,No,43.16,0
bc1prpkmnlnzeq98v4yd70uym9nqc5hn0spmxhvd8m29q98tu0ngwdlqcmtlpk,253,7,42.74,No,43.16,0
bc1qvqetntuwm40epyc5qss2f76p7e0477mld0pnr0,253,7,46.06,No,43.16,0
3D1ibJVZei9RU7B3LJgkdiARXiBREFg5HY,253,7,41.28,No,43.16,0
1Nv6RxYEHmEywhjw3pZi63JogRc1AuL8Hr,253,7,38.97,No,43.16,0
13fyhSD8Hbq2hjj1T5n24UnLqL97JQFVtR,253,7,46.43,No,43.16,0
bc1qjwxlrkcqhujhc44x8arn4ffvxkx9lqxegmy5k2,1,5,29.4,No,43.06,1
12qGN1fP8aXxNVFwXPYp5mWfyxbMhgMMeh,1,5,49.94,No,43.06,1
3BA7XJVKCatcZjmRmkFZ12dJ7mD6w5Pg5z,1,5,57.26,Yes,43.06,1
36qxiBtBiJbTnTFNeBz2iQqPRfRBVSrrMH,1,5,48.63,No,43.06,1
3LnXBmt4QsNCAdPP6L8A9YNUposbf6FF3a,1,5,30.09,No,43.06,1
1AjGg9YdASeAKKX4aS2L29hA8zH6BWZoMG,129,5,29.16,No,42.97,0
1PUA8jQw7XNv2ZHW2WE63xqNyWBEPhQ44p,129,5,48.13,No,42.97,0
bc1qke6r8rqm20l9edlekr2lxf80fx3jdek76echmg,129,5,51.14,No,42.97,0
19z5QnvFvkZRe3WEJAvCgE3F6MMdAADeAd,129,5,49.23,No,42.97,0
bc1qyeur0lv8ydvdm0293lnwzjdcdaeqxwvyvw4xnh,129,5,37.18,No,42.97,0
13hejLavzsDrFp9TRyPnNEXicwEc21HggD,273,6,30.96,No,42.7,0
bc1q8gsduzxhyf7mhdlvu64eqqqns8gtfr6kxm04n2,273,6,52.26,No,42.7,0
bc1qkq4gsh0mxqwe6tdnl4xxrukkdlzz82rhtdcfwm,273,6,47.6,No,42.7,0
1826STvPbgxJ9uLSDySXp2sfWcdXUgjgu8,273,6,49.47,No,42.7,0
3DiSSVUR8fw8Sw41eWXxa8qNZxRUS9NxdR,273,6,45.14,No,42.7,0
bc1qa47pwhhykju5wv30g7rk5546jmxcg00xsm2dte,273,6,30.77,No,42.7,0
3GCQbBXbFnwJqreB7MsesSzFsdd44coBQt,292,3,39.4,No,42.41,0
bc1q0yqr4t6d8x2p707ac6kvr8rxr4nwrse59nxf9x,292,3,49.34,No,42.41,0
bc1qfmkc9zsyvzd55yqz2nvdmxehprmjjfusvrd9hn,292,3,38.48,No,42.41,0
bc1qj0egl2rxcasmeyxw953c5mqw77ddq535780ja0,260,7,45.08,No,42.33,0
bc1q6wslc20xnjk6n05mhsm9d2mc9k04jkpl3kgdd8,260,7,43.74,No,42.33,0
bc1pwpthan90hgvdjgn0lj5xg422yms8ajtjp9fmkqcd3dxxqa8mu7hqrszf2e,260,7,39.52,No,42.33,0
bc1q6nzd3k23qk5zaa0ucft8ze4n3uzm4qs90n5347,260,7,42.57,No,42.33,0
16QHtuhH6JEFvLo72ECGW5mtbUVwGQ6JqK,260,7,43.26,No,42.33,0
bc1qx0z72a6c4ffrtwkjffy2s9ue83s9thr3rznm5y,260,7,39.52,No,42.33,0
bc1pac2x67dlm8rnfnq84jv8jry27k70hk64qulkjsj0hnzkv3kelzwqju43n6,260,7,42.64,No,42.33,0
1LP9FZ2cqsNwifkNR5ZCZCFoNfap2srsNh,72,2,42.17,No,42.3,0
1EDiJSfKqTPvjkHJMQ5WPzT9gMKEb5iV8q,72,2,42.44,No,42.3,0
3LTWtk6qgnHtXXaTGdz7KjZYikHNDx2xd8,10,5,32.42,No,42.29,0
bc1qqh07zhfv8l8t3xd76959jye6h5tp2xh4fkmv6y,10,5,50.97,No,42.29,0
36Q87HKhKGan9QwKWpyoFTaQYMjfL747eD,10,5,51.25,No,42.29,0
1KaA5EYUWoH9b4RgYGjQhxvRgBo75ToG1P,10,5,47.05,No,42.29,0
1ATCtwWJswmxdUrYwTcS8UTtaYUmSu82U6,10,5,29.75,No,42.29,0
35BaPvWuDm2eG1hhWj6rMq9m3VPYa1CP9F,287,3,45.09,No,42.28,0
3R1W1ViM8Jd7Q6Cocnu42256TdFGxoYUti,287,3,45.74,No,42.28,0
3BjcZYG2EXhLiGGPSuTQ7nQq3sL5CRUbWu,287,3,36.01,No,42.28,0
3QJ8As7sHY23VeXHG5Vce4kQbxfo7ex16d,16,5,29.7,No,42.18,0
17KpY8Xb79TAr7xN3idzr2htjVLsUKLxnj,16,5,47.14,No,42.18,0
bc1p4l43z0gds3x5cvljvu5sm004mw7r2p366epfddfwrhpqwjq2hmns0hpaem,16,5,52.08,No,42.18,0
14Dys8DYvdEnRPStPAi7pGRzVXVvfssLXe,16,5,46.97,No,42.18,0
323WfbovMzueZDHpYnkruAQQkUkezfJzZP,16,5,35.01,No,42.18,0
1MZfLMJuYmmSbPp3jAHQkcy7cJAJfZ8Kru,274,6,29.97,No,42.0,0
1GdqVrxa4inX6J6pWE1CWSSwUsz8jc9Lw9,274,6,52.15,No,42.0,0
bc1qqpc0247unkwyl2uj2sp265vf560u2ys6szuazs,274,6,45.83,No,42.0,0
39Q4HpWCnvdiRcvFYTLSXsHeK85SVsFW2M,274,6,49.18,No,42.0,0
bc1qr5pwvhtkk7q95h477a36uzzf24salsn34a6z74,274,6,43.9,No,42.0,0
bc1psqumrdlqax5ka3g098tlyx2yazavhan0lt7lttgadzkqqjxsr8xq3d4gp2,274,6,30.96,No,42.0,0
bc1ql62wadmwxzarwdv8psktz7asyqelktvm8t923s,201,2,41.85,No,41.96,0
bc1qde8z936gztc94ake0as544tr2t9rmmcnyn35fg,201,2,42.06,No,41.96,0
18wfSG8D2kTXuPb6UaK3FzkmwLRMWQgK5j,9,5,30.56,No,41.66,0
bc1qghtkxlu8z8vesnw2e4a2jhsyx2w29h7kg7kn8y,9,5,48.75,No,41.66,0
bc1p07rcmszwhw5dr3r3fdkwphpzn7lm5jy4ardtjzuhavv3h8ftr5sq276a40,9,5,50.25,No,41.66,0
1EKy1M2KQDt2fQ5zCx8HUpWWyGgoCyrQ87,9,5,47.75,No,41.66,0
bc1qgxvnj29w2x4mx977xxrf2v47h8s4609ql27p3t,9,5,30.98,No,41.66,0
bc1qm28vrthz695jclk6eters8cj4vj2pvh52dja8f,285,3,34.83,No,41.04,0
331a2kw3t42Zmtxy7HRktT2YW12hrxxp6q,285,3,45.64,No,41.04,0
3LEepbcvygCouSm3fBsF1KFnu32AmEvdf7,285,3,42.64,No,41.04,0
bc1q8vxq63s50r8v44gdwxey4rg6xdhfmhy9ys0gpv,235,20,57.56,Yes,40.97,3
bc1qa95mtrrsrd9ufdq8vrsl2qr48mqsg06kz0guw4,235,20,44.41,No,40.97,3
1FJ5E6jLmdxkCZqi9qS3JmqtPRYkc3uzkn,235,20,49.36,No,40.97,3
1AnYENDaSs4xDQvPnUgvLvoF99VxwxVLy6,235,20,66.97,Yes,40.97,3
bc1qp55uypxl48lk3r3fk8vjjmah3k2n63ua3qcxt8,235,20,27.9,No,40.97,3
17MBooSPWAAJS1QFBXCFWG3E96Mk3XD6L9,235,20,32.14,No,40.97,3
bc1qhta3tldeauxzpq77jc4s8xtrylxvt3932556ef,235,20,35.59,No,40.97,3
bc1q6ffuw3q2utu2h5y463afls56l3ztv45p96rcjt,235,20,29.16,No,40.97,3
18ikRtwV22SfN9mMsfbug7X4FQcakQYRtm,235,20,39.06,No,40.97,3
3LaecQ9CUoSFvvWjgVzRh25fMTU1hSB1Pc,235,20,42.7,No,40.97,3
1La9sBhKTLnmBdbn38vUdgdCtRFQ5wDGhP,235,20,26.62,No,40.97,3
1ATWyHzKvg94N21GQnoxtQJ8yT3ZcdJhmG,235,20,30.31,No,40.97,3
bc1q8d5seekqwgp75l0dk924dzww49fmfdgywh2f7p,235,20,36.53,No,40.97,3
1KLX7id88FJN6PhTieeTUdJSEJgpcb2JPG,235,20,33.73,No,40.97,3
bc1prwxp4kfw6h4d5evwhcy07qprmh68j3zg34wl47s3uvvvvcqudruse49cwy,235,20,30.22,No,40.97,3
bc1qnxarx97emuuv3cy4lz3sdg0tczd9gq62grasrp,235,20,27.05,No,40.97,3
187Ae6Pbpi93Vn2tHXLY6sQ1y8az7uqhX8,235,20,55.1,No,40.97,3
bc1qpezmkqrhnvwex3v9hpytk3u60k8vs9eeknwedx,235,20,38.4,No,40.97,3
bc1p896jy8kglrz7p2y3cnj6z9fs06z028vcwruhuh82e92d9nlddlgqwuljh0,235,20,31.98,No,40.97,3
1GpfidoYwB2f9iiHRBiWrYeiVQV5Xasrja,235,20,84.59,Yes,40.97,3
bc1qv5qknwupnxss4wvdjs2np0ffaslyycdpdh8afq,245,29,58.47,Yes,40.57,1
bc1q4yt6ghslgdz48shpce6jqz62rd8efe3qt0tdtm,245,29,54.4,No,40.57,1
bc1qvselqg2syt3mz7vutyk92s5sptyyxywlke9793,245,29,31.93,No,40.57,1
bc1q940nc4d5h9am5qh47cy7nzfu2ezcq3agx2efnh,245,29,53.56,No,40.57,1
3HzM8yYe12gDwWweGSJ7hTUtbnuVY9f9jH,245,29,48.51,No,40.57,1
3CchgBVfi1gfa1d2SZcViYs88w85Ndvjzb,245,29,54.12,No,40.57,1
bc1qz9w9cu7yypfhk4yfks9l4jedrtr5lre35au2kk,245,29,31.02,No,40.57,1
3FNTKWHhEf25n7qTmbeG1UgBFXcNKqePZ8,245,29,50.82,No,40.57,1
bc1ppx7rfa948vjx44997atv6pmvwfxqxmlajlackdljq0pjkysswhqqm8h5gs,245,29,33.83,No,40.57,1
1KRpnyAxUHZoG9W21yM7WAg96AVP9RR3w5,245,29,48.52,No,40.57,1
1Jifop4camUm2Sr29VTDKi7b7hqrJuDiSp,245,29,28.36,No,40.57,1
31msZVdZbxVfDFJW5wpoeG5WeKnnvswC3V,245,29,46.51,No,40.57,1
bc1qh8jpay8cnssna8zkpglwqswpslyagzztldemar,245,29,27.56,No,40.57,1
1NCFM8bjNvVSTrcUy4oXaYKdLhzz5xWrrS,245,29,55.26,No,40.57,1
323mJCEaNejoTxXPJauEw7KUipYyWLPTN8,245,29,33.95,No,40.57,1
12KcUykzWS3XzdRfYQbDAu6PXJUJiYqWLp,245,29,45.44,No,40.57,1
bc1q8h3j0z9w8pxptepp7xdprs3j9d6tmhfcf20fm7,245,29,45.46,No,40.57,1
1PsxvRwto7VXJrDbDd35An8moSqdj3qARN,245,29,43.26,No,40.57,1
bc1phv6s2u88zrjzyjucwtjs7et0tttrnqg7deymnej4f4n9k9t4wjcqgwn3xr,245,29,29.37,No,40.57,1
1LmcRaJ4fezKxBWRe3fmbQ6hBPEzZ7k7Yv,245,29,40.19,No,40.57,1
3NAy1D9sCFNpCi89kjmNkEqGf8LDvm7Qh3,245,29,28.52,No,40.57,1
bc1qmmu4lcm72zdy2fmvr0e7fcq9guu49656ccjx2s,245,29,40.6,No,40.57,1
3Bibva4TBZUrSHy6Rphon4Vm7jcNQcYgGm,245,29,30.32,No,40.57,1
1ApoW5Zz3HuFKmrJM6AdsKPnQNKbVmCaZ1,245,29,39.58,No,40.57,1
3PgbSqmfzvnsEAb7TqaKrQy2hgtWoK1Kss,245,29,28.51,No,40.57,1
18kaauGFfo32okGjhoDJyuXLxxh3vEXFyF,245,29,38.57,No,40.57,1
18Sv1wi1dAkZ8HkkXWbvWRsUmgEC2Wrmzk,245,29,39.19,No,40.57,1
bc1quq6nhmgf9q9wdu2yukkkulrfgshmxjrnddk8z2,245,29,39.05,No,40.57,1
bc1q9n6se2xxdxws0rc9zdltpfphpgxz796g89450r,245,29,31.73,No,40.57,1
bc1qc584xhs3udfx5c6vtjtu2jwa0zzqqmqu34wzg0,294,3,40.37,No,40.21,0
3ADzjSuukSAPBRM9ZY3hocVWWzyD7rDpkH,294,3,43.25,No,40.21,0
bc1qvdpun0tdvq9dlrz5ecg7r67qdza8q45f80aec8,294,3,37.01,No,40.21,0
bc1q59xh0zege36qlwg4kl4le4ut7hs7573cuswdks,258,7,27.68,No,39.94,0
bc1qzaugs909lqgtd4jw7zy8dvh3tg8tq8a7h8jzum,258,7,46.46,No,39.94,0
bc1qhyann0qz7w3l8wa7mdwcjyf2vwwx3ghj2ddw3w,258,7,42.94,No,39.94,0
38TiN5hw3xaDe89xa9RKiEL4fQ4W4uGGRW,258,7,48.89,No,39.94,0
bc1qzdn0ze9slrh5hxgneffsxgfwntcmz0se4qcukc,258,7,45.01,No,39.94,0
bc1pcn4n29s0hvxmqnjnaysrfl8jz3ss6udw2l9tnwyt470h770dyvuqkhsjek,258,7,40.31,No,39.94,0
3HznGmSd1NnjFiATDnFhBwURoCJhcBDi4K,258,7,28.31,No,39.94,0
1CKUbKAcepF6Fb2xVFp7C7AEzHW4AVCEZ4,261,7,28.03,No,39.84,0
1AqUvKca83GsViRSPbpESdakjYBRsUqYXd,261,7,44.15,No,39.84,0
1HfRpbavqs76DpSdrrHcHZVJrM2jDMXsbr,261,7,42.74,No,39.84,0
bc1q2x9kav7n226u69c3t4rj5dt6nyhxrvmweww3cx,261,7,43.94,No,39.84,0
3N5629G38qJ17QiMEuhV5keMXTbVVZC5D4,261,7,45.74,No,39.84,0
17ptaHSLVMTqfpzb8JSrhwevLGye4cUyxV,261,7,47.15,No,39.84,0
bc1qh3aqfjr37jec77pkpz90dytgk5zy827zqg4056,261,7,27.12,No,39.84,0
bc1pq842d2c8s7gzmwtycqf72xydhz9wrdkf9mqc92sm2ccjwv8x39pqrdm9ke,244,35,38.04,No,39.81,0
35EQgtkviSXD86i7FNjCx73uPP1cqJLjaE,244,35,44.24,No,39.81,0
35LbbytK5rV7JHNW2RNQiYpwzSdFkf7DiG,244,35,28.84,No,39.81,0
bc1qkq3nqes440p4z0q25eny3yf3t27nyjtrrd4uwc,244,35,47.29,No,39.81,0
bc1qs8835ykt7yujluep2p2mesykqdx66fld3czacm,244,35,38.69,No,39.81,0
bc1qd5l8096c3nvcgjuhcxwrstslg5a828zx9qewng,244,35,38.97,No,39.81,0
bc1qchfjfzwmf8fngghahnc0ch5380lj26kzg7rpsu,244,35,34.95,No,39.81,0
bc1ql2y43uhkt7pwwqjhc0fws6782ywcsnhrfmlr7z,244,35,49.82,No,39.81,0
bc1psyrk35pzh2lagwf8rtggd9ksqw2vnv4ervkcq202jgh7xgaf5kesr88yfp,244,35,45.75,No,39.81,0
1My8qWmcsuwFDjLVTzhFgUjoXiJmTmfLiW,244,35,38.94,No,39.81,0
3P3jNYS139Jeq9TT9E2rpG9ggtnsVXDCZS,244,35,34.17,No,39.81,0
19z6MD7xVqCBq5RZpDC3XJgxxcANoxfCZB,244,35,42.47,No,39.81,0
bc1qjpq2rq32mvuupwrsapk3t5w7fcf00vjke2lwmx,244,35,31.31,No,39.81,0
bc1q9kh6vlz6gwj7lvjz0ls7sxpmryj04t2wtfcwlh,244,35,47.18,No,39.81,0
1EJARC6aBVNXr734Nn8LudGFix9Uy7UJfg,244,35,48.52,No,39.81,0
bc1pn3sm0398f2zdd0l3eynevd8vr3w500nmxmsp7flme378gyp6nndq25853d,244,35,39.52,No,39.81,0
13bqQADJd1jxWw6D5mCEWsDbmHbZqfb2VV,244,35,31.14,No,39.81,0
bc1q90e664m5rf3r9z28gjm7p266m4vna6y4xpyk5e,244,35,49.2,No,39.81,0
bc1q2mcd9yqs50zpgu0hq5ylegmrrcv2fgq8jxwgxc,244,35,39.28,No,39.81,0
bc1qpurtqg8tx6ssfzdl358ca7ejn7y3rh8hdkzhtn,244,35,38.2,No,39.81,0
176eZ9otk4nhj4wi4FNEfj87Kty2yGzxZV,244,35,41.38,No,39.81,0
bc1qvjrv3ay5wqh8qyp7tu8pkhaqn5fvkcaegcexsv,244,35,48.04,No,39.81,0
bc1qc6nr3egd0wuqzlnayzmth8j9nym4hw3n3py84x,244,35,35.82,No,39.81,0
bc1qrzt0eqyw9a6h4700vzh4dgk7qyjcf469jn7mzf,244,35,45.5,No,39.81,0
1Q69o7VTb5yz5VAhV5L4o8JdaDPtgoLpa,244,35,39.98,No,39.81,0
bc1qugsmk2qkhpsup2hxkegahl52zm2s6acsygq3vg,244,35,41.2,No,39.81,0
bc1q8u6zhumzdlegjcdrh9t2vzvfympvz293wj99c8,244,35,31.73,No,39.81,0
3K4cyNTToK1vxFsaMKa1Cwof4HczY8Kq3Y,244,35,37.96,No,39.81,0
16vNmsLazZSnUWN2taaBuqLZAotkwXBpWp,244,35,32.67,No,39.81,0
bc1pq2jhhg69j88yexepryc5v2sqx408xhm46kfttusuec2jdm7kvt6qyezldh,244,35,36.62,No,39.81,0
34NGa6CBGwDEuCPaTHQDnZQcoDWQ4VA4kf,244,35,30.01,No,39.81,0
1FbJEaQo62cTj6pBnWGRz2Cj4RL5pz2nT1,244,35,42.57,No,39.81,0
1JRGSgPMku6Fz8rHdVfQqqpHcmvsY5Q8ph,244,35,31.89,No,39.81,0
1BBDioeksjyem9kqi1radi3XBcUE8uGBvZ,244,35,46.66,No,39.81,0
bc1pjt7cm8h9lj32llr9knxz0fuc507d2rmdcp6422cynfhlt2kz5w9qjw6any,244,35,44.64,No,39.81,0
bc1qt2uchhn2gsvl72flsvv5jhc4nttwz5jsgrsflj,263,7,34.3,No,39.71,0
1CdYE1YEZByieHjfqAfdskm6JmAXQ4gueb,263,7,48.31,No,39.71,0
bc1pq6tljq4enygph92tdpgcsgvdsq30wpladaqscpy7us5m46dazmxq3rws2a,263,7,39.28,No,39.71,0
bc1pj22y3587mym8vejydf7np9q3decj7pafhtls76adalxsd5jzr8uq7dgdrp,263,7,42.92,No,39.71,0
bc1q8r6d0nd5juaz5tawrd0l5vtwy0dp28e5grtj4m,263,7,46.05,No,39.71,0
bc1quxexxqhhddh7dy7f59mrrzmayjudzvznkwugs5,263,7,40.15,No,39.71,0
1Q5hJfqu9Vt5muNFPwquRHuAKZskjUJy9E,263,7,26.93,No,39.71,0
1B43H7atMNsTNYWafNbRrPz4EbkUq77UEs,257,7,33.23,No,39.7,0
19RG3H5q91drc51Zasy6gnaVrQwdiSCQ75,257,7,50.59,No,39.7,0
17GQM9wPZhhyNr1KSBita6FBvdmyQ534qe,257,7,40.46,No,39.7,0
3FmKgzXefyiZjMXWF5AQBggAWHzrDMmJcg,257,7,42.51,No,39.7,0
bc1qh9hjfucpt06ufm8kr9a8tzl0ysxywrc3f4a952,257,7,43.33,No,39.7,0
18GPhxDPmKogXHyKhuQVdVMTbJ3EcAkr6i,257,7,38.48,No,39.7,0
bc1qdphdtfccdnaum0845whh2h96wh5jtcd620rkz8,257,7,29.31,No,39.7,0
3PkkeoZyfJwbj9aFzAqcHEmKNaZjvRPn4m,88,2,39.35,No,39.59,0
bc1pfaf2xx0v3ecv6ajzv9hvvufvyct0prk8688rqa4halvqntzw8tqsl6dy00,88,2,39.83,No,39.59,0
bc1qlczhaw22nlaxpdcf6zsaqwdywez0jn5m4f6jpt,237,24,27.52,No,39.56,4
bc1qlwd7he8rm6apr6cr3wpcql7sd7nrf27c9uqt55,237,24,32.44,No,39.56,4
bc1q3qpr45eftw9ctne6qj2u7zszcap629r4439mxq,237,24,29.61,No,39.56,4
3AoynyBA7inrEeTzm9QzdXFYYVQFNdcvVw,237,24,29.39,No,39.56,4
3MpvKJmHqAZPe1PL6xAkXgH4smwV3n8e7p,237,24,41.16,No,39.56,4
bc1ql330rqvv794xvwt23msdrkxz464kfd6m8v77zj,237,24,30.05,No,39.56,4
bc1q2r6mrgcajavzq7cj9r0gfkmyp7s2jx5cycc273,237,24,56.0,Yes,39.56,4
bc1qlteg288j9dmdaf5h8nvwlyanj0l52fen2n934a,237,24,74.0,Yes,39.56,4
3F7ZUujFZSu1ge5GuhU4Xs2Kp1BATrqsAA,237,24,29.12,No,39.56,4
3J8ZfvMJBgo2XiXrqVyEkEevQxnh5JYFrJ,237,24,28.85,No,39.56,4
bc1q5dahn0wxf9urkjgwt2cn8z32tlxxfu8rxtlllg,237,24,28.67,No,39.56,4
bc1qwjum5dy6484rk2ktu8kwhfhhg44u752hp3wxjl,237,24,33.08,No,39.56,4
13R3AHsvjhLnW3jmj6CjwpcAfxtJMfXqJF,237,24,45.7,No,39.56,4
35xhMi6fRJcp5En3Saf7ZMUUhLmiBdoP44,237,24,62.91,Yes,39.56,4
37yhPqja4XmNVhPXCVa2gMzBc55aV6znPe,237,24,29.52,No,39.56,4
bc1qgppr54tuxrkva8p05cgjsmaktkq42p05x7aqem,237,24,30.11,No,39.56,4
bc1qskpm79zrftqyq4glsxwekhvtcadhrf2wm7ja0s,237,24,31.3,No,39.56,4
bc1qry0revtwtwcpskew83eq85awe4e4rhwu049zmm,237,24,39.6,No,39.56,4
35u8eif8uA3xzVhHctrane5M53FYU5JuFb,237,24,29.86,No,39.56,4
bc1pgnfew2fc76jm2t7cwyudmdlf6fjd3vh9qej5qajup936upkqknwsxlrpwp,237,24,38.56,No,39.56,4
bc1q9sd4t0plvcqljnm9h7s33606p6f7zwh2c6yz3y,237,24,31.36,No,39.56,4
1LXgTUdUEC91p1b4y61GexSCasASQBnzxR,237,24,47.02,No,39.56,4
3CAtdfuzyWi4GHVwuHEcFMQu5xmV39Maoa,237,24,35.55,No,39.56,4
3QGRNMp5c8KTQKyv173RoqCGfyX5X7wHdu,237,24,88.07,Yes,39.56,4
bc1qs56cxvu8lsa68ktcqctqyvu6trhk3lsu09purz,283,3,36.31,No,39.44,0
1DjqNyC8LiK96uc4gATu3rQoCHUDdtAg3b,283,3,45.2,No,39.44,0
bc1qujf40czlg537xp60hxlj97vlgfegnqeacap9wr,283,3,36.81,No,39.44,0
1L5GJJetbYBKyXWWkCJYDKdtcfYwcbuK8w,234,59,37.39,No,39.27,7
bc1pmfdrvpue28g0p0eql0pypsj3yr3p9upx9j88rh4hl4fer8e5zvyq9emzkt,234,59,36.79,No,39.27,7
bc1pm5p9wyyj7zamqq6skcyjyvhut7dc2v6c0zkvv6lyy9ytgpxme9csx7kh85,234,59,32.1,No,39.27,7
3CCS72cuYbpibx1DBCAdGoS1NyCAQMyGft,234,59,30.29,No,39.27,7
bc1qvhyuv0az5xgfmcf0qtqq2agzcg4p29cn3y7dxw,234,59,26.77,No,39.27,7
3Bj1ESAg9RyLD8Mna5meM3j2W72qSQx6rN,234,59,39.31,No,39.27,7
bc1qe4gy8lwd08c8hw2lz8zz5735cv7e99u40jxlq0,234,59,30.67,No,39.27,7
bc1q7yllkmel7fwr4qcq338dflv4vs84xlgtlg3kg4,234,59,28.2,No,39.27,7
3ATav4kkaqWTwLn45DHvJ3MWcx2UjGabLB,234,59,37.64,No,39.27,7
191Ed9zQZzYHoC5vHF9Kpg9iq9FK1m7bFQ,234,59,29.94,No,39.27,7
1FDr9H29CmjkfNYanfd6YrK8txGZtz7RLE,234,59,46.78,No,39.27,7
17oNWzQm7b5J6N445RXBdfVmYyLhjLcVLx,234,59,59.48,Yes,39.27,7
36kSTVMvzq7Dk7c6CBiJq3wSYXUby4uYkF,234,59,46.99,No,39.27,7
15snrAMNsCRXu9xsHL3KbvE5xMkVqXQuB4,234,59,31.93,No,39.27,7
1GQcHQUxzDBT3NwtWxHxQrNYg8zCene98g,234,59,28.51,No,39.27,7
1FaK373x7LHoYuiz9ecSrraALCNwTQwzhy,234,59,44.29,No,39.27,7
35fTHKUhZstBmriFk73dmZiCkh1AnE66ah,234,59,59.76,Yes,39.27,7
1HqFbxnx9gZBHEUnhuKv3bj1NvU6ufajtF,234,59,28.33,No,39.27,7
bc1q8ryrz429sph0ljlg63a0mdzgr524yc06ueekze,234,59,42.03,No,39.27,7
1JV7x8raCAWK2k1zUJwhupjSfs1MxHkQLj,234,59,34.65,No,39.27,7
15YR1pjmhUKBgGzkzmtL3t4Eao3WgqBH3y,234,59,72.16,Yes,39.27,7
bc1pp7sn6yj2gyxlvxay7xg6pmhyr2463kwcl0mf2j0mwzgn676rpa3s7lh20d,234,59,43.57,No,39.27,7
1PPffRDueMU479tJ8MNEL3yH7Ym4DRapN2,234,59,32.68,No,39.27,7
bc1p4ut7ux8gykqfmdmvmsex7x9ggkfjzavyzclzx4247mte6955829qtc2aka,234,59,34.22,No,39.27,7
1HQQrvg3sinnQMKVBSTcpUbiLDK4dbtyHc,234,59,29.42,No,39.27,7
3CkHme4HMxh1vQu1TsuDjzkWFYkrhiWzL3,234,59,26.2,No,39.27,7
1JfZXuJ8NMUL14fB1MdYMYB5nHsdJj7hLr,234,59,27.67,No,39.27,7
bc1qdg5lvmrf7jlv74q7v4dpkjtctz6nun6x2xcv2u,234,59,41.73,No,39.27,7
bc1qdqlvmdxjtxpnfcw35njfuywh23fqsxa37yg3e3,234,59,43.67,No,39.27,7
bc1qae8rjzw3jqxv4a3tvhxxw00dnwyvu085gykszj,234,59,42.77,No,39.27,7
35G6hBvMT4y4FrxFYxPzzHgsz6wu8ZF2tN,234,59,40.08,No,39.27,7
3CvaiQr46ovincUJip8Dwhvkj6N2UKXVGo,234,59,28.83,No,39.27,7
bc1q00kjet8830whh432dyucelw77e2ux9s5zsx28q,234,59,61.33,Yes,39.27,7
1MfjSQG73FsDBo9e8uoaFznAe8wL2zNQup,234,59,34.01,No,39.27,7
14SbPabBBhrqCpm4vjcozw8JFD2LPcVEdL,234,59,36.27,No,39.27,7
16ajMyn7Ab8qFMoeFZfefyu3rcAy5Uebq8,234,59,44.15,No,39.27,7
bc1pn9dd2xzsyx2yjpk4vkuk5u7neazz8xlqdp9z5k6mnc5ps76ew6csl9pevy,234,59,43.47,No,39.27,7
bc1quw5a4rvaaqkjk0xjezda76fqwvx9j2jl97vv6m,234,59,39.74,No,39.27,7
bc1pcgdtefg3ccfp2mqq9t0cvwlvyzf5cwrx0jc9dd755tjnkyammrpqdxx3k3,234,59,33.73,No,39.27,7
bc1qhrejfkclcd9qq7us98nyduk90rm5aa82n5hac5,234,59,51.58,No,39.27,7
1Hti8S3VWwupkbv4X7XXTSx3CgdSSoQNg3,234,59,38.69,No,39.27,7
157xqZVFnqkiqNh5unobFg6mqN7dAKBag2,234,59,33.63,No,39.27,7
3QZvg9dJCJ3nCuE1KrWd3gP1PxMtpRAq2G,234,59,31.19,No,39.27,7
14VTEBeaEo9kD4pbDjbPsdMqPgWFRAgtWF,234,59,29.34,No,39.27,7
bc1qzc8j03nqzp83eel9zl88g2v6tsamkv35rxmvng,234,59,29.83,No,39.27,7
bc1q4h46gerrlvpkp2ntjmu9dg2uu2cxj65thk9ahw,234,59,30.57,No,39.27,7
bc1pt5yz2knugruhekhzge7rjue37dra6u3mx7yggq3zua2nfeslsq0sm902sn,234,59,37.25,No,39.27,7
3MeaqrwzsywnXHsnqhBzoWMvAyz7rdyPhR,234,59,26.9,No,39.27,7
3NZAgkDoCbcsMsT4FCaJKrMfqcAsXM2WkD,234,59,28.1,No,39.27,7
3MfX2HV2P43d6V31q7CcBSkrfHPWQwA4pP,234,59,29.96,No,39.27,7
bc1q84rzxgr7e9npkhht5pgcf6whejx0mztjzmmvfn,234,59,39.79,No,39.27,7
1Ed9qND2g1QDaHfm3bQSu3QwNFGx2ZUzMX,234,59,26.6,No,39.27,7
bc1q983r2rgzvvkzkd3mag77c29mghppnzykkjrwfa,234,59,32.53,No,39.27,7
bc1qrtpeq2dhrqm8kg8rujattweakzwcvrl8uu9plk,234,59,33.89,No,39.27,7
1DPNChk8gm6dPbHbBwZhwR3Umbv9ifWh4Q,234,59,41.77,No,39.27,7
bc1p7yx0ter2usz7f9tlagu7jp8yjj3ee5egljskxfc93kzxf90n0f7qr280eg,234,59,56.41,Yes,39.27,7
bc1qshkna0cjperznvd2pwkvf64dc2ytyhkykal7ul,234,59,30.66,No,39.27,7
bc1qs60l5aq9dn9kj5f9rq88lg3ltwp0wykj7lcz9z,234,59,80.81,Yes,39.27,7
1CLGfLVNJvPivTSnh4HJ12AQkvJwv34Sue,234,59,100.0,Yes,39.27,7
1P6jnUmKxhNdRo81P7XTdXHeGfYW3XUutL,239,51,39.53,No,39.13,7
3LUSbT935V8ZGJZU4y1zA95J1WQgVwtgGM,239,51,26.51,No,39.13,7
1DvHmtq9Q2uFEQvkv7c3WNSq66kKZPjZi6,239,51,26.46,No,39.13,7
bc1q8kfufzvjyn2gzrwfeatz2s0cjd0p6ayhmtjc8v,239,51,50.94,No,39.13,7
1BgN2bTKMZExY77PTA79d69SRgbuZS3JGG,239,51,31.38,No,39.13,7
bc1q60glhyls65ya6ltyzxxgvx3dpar9vwt546yz7p,239,51,30.11,No,39.13,7
bc1pw2vyz62rc09ws4nmppac4rkxh92zwfn5zwacs40m8atlsan77wxqnqrvef,239,51,44.87,No,39.13,7
15yJDSDFDdcfQhhqH8kFosyUzZk8CG8agA,239,51,26.13,No,39.13,7
bc1ph9vq2qez2qcgwjx9etl9fv7a9muraumefucpywfqmwqx0nj5cmysrtx0nl,239,51,66.23,Yes,39.13,7
bc1qzps9q2cvnuq8hlufnk9jc39f7sxg42k2572sx6,239,51,32.6,No,39.13,7
15kJv8TTiDbcDum5mqC8J8tGzhc8imCL7C,239,51,33.36,No,39.13,7
183g8Jd4wfxUZMoUeLwLuQiZDzqPZVch6R,239,51,35.63,No,39.13,7
1935ZqKUNxpqjYWoLjVrEVmp5Bx3qyow66,239,51,62.73,Yes,39.13,7
17bbrc1qz8TQrsUQda5z5hvWJDcyQdPN2F,239,51,27.71,No,39.13,7
17qB4uGHCz54DZBqBBuSY35cckUDRJoPwc,239,51,30.86,No,39.13,7
bc1qzpy97p56lu3f7ejp4q0fj0cqcnmm7suqmrk8hk,239,51,45.4,No,39.13,7
181NjXNMEcVNZjeNvgtkxgTKjHPhCFvsDM,239,51,31.34,No,39.13,7
1ACqmEJAz7ZBQeMR6jjrXuPpP6Qcjk7nw9,239,51,27.52,No,39.13,7
3PH4FnqDrQkuFfT7mRur3Qvb7FL7iXhYeC,239,51,29.93,No,39.13,7
bc1qu7qr2vfzx9ln4y5e05n92lxsz9p3k68tyu5duw,239,51,40.04,No,39.13,7
3JtsVCSmNgS4iYgiLMYEi1VUf4jmAQ8Xui,239,51,29.11,No,39.13,7
1EsgGXFYAt9WXTMYSko7FqJSS3CFvFNFCX,239,51,28.03,No,39.13,7
bc1pqdkjpfu6pwwj92yjthucxnqjh8v5ypuy0n9y2aacy4q84zmf595sh4wuvs,239,51,28.39,No,39.13,7
38cRni6ARC5suYXH9Z9FGzvD65GQghLocp,239,51,30.23,No,39.13,7
3JnHeHiFFqEJdbgy6jsWXdZeMYUpNAMxkq,239,51,35.32,No,39.13,7
bc1q4wgalejn57g6d6lfyz69wyshe3e05kyqyvzye7,239,51,27.66,No,39.13,7
bc1qas3mwkura2z68ff530syd75mnxy0wqp3h7ctd3,239,51,37.51,No,39.13,7
bc1qsd2dgzp52hddkzllgmc05pqzrqsfmf9v4h2hfn,239,51,27.52,No,39.13,7
bc1pss6rvatjevvlqm3mmw3097k38yxf7k9tewgfuwze3up4n7k70ceqlz069h,239,51,52.53,No,39.13,7
12Nw2cQnZPtdeqKQ2AuVMV2qPLGazYCa6r,239,51,49.47,No,39.13,7
3Qwewt8srvXYu7PtA5NoWJKdiYjD71sCzQ,239,51,27.96,No,39.13,7
16KD5aGTX7Hu764W9YeE9GaA8LdvtvBGuR,239,51,33.06,No,39.13,7
1M261k8WkftfToqn1o4g6EYLTuASd2XdiY,239,51,40.88,No,39.13,7
1D2QyuNFdKUYNjozKm3uVabBzxt8LsVcBC,239,51,59.65,Yes,39.13,7
bc1q9e9k3uk7es35kfnt5esjxgq7amvpvtu003gnql,239,51,27.72,No,39.13,7
18DebUUHmEWccQSdG5hFfubwgTRyE41EEQ,239,51,30.58,No,39.13,7
1Dnft5ywowkyqa3zAFaqdAtRhYSBrzRjVu,239,51,56.85,Yes,39.13,7
bc1qgmy3aw307cdywv78rd6jdvpus5u8jm3malkmr2,239,51,39.6,No,39.13,7
bc1p7dyxa2vdg208706j4j350hdlfsvk6wphnupcv0jx0t4k2w8404mqw00lht,239,51,37.2,No,39.13,7
1MEqvHhuYsFeeG5TQVLEXAM2Z8dUHqHnos,239,51,34.41,No,39.13,7
338M72EvpZNuCU6siPp7iwYwW7kPpm4ypk,239,51,30.54,No,39.13,7
1HhL9pFFeavMCYnFtyQBk4o2AoU7SfraPy,239,51,56.29,Yes,39.13,7
3EAACjvb45owsmkjP6G8bXqH1Xo5HhbLaJ,239,51,44.48,No,39.13,7
32S2p3A2mHL1Q8KD4UygX5orcreu9u4QzJ,239,51,36.99,No,39.13,7
bc1plkml2pkylnf7wpl24d7ma64syllkggljrfj3e4hk85gaah6kczhq3sfup8,239,51,33.44,No,39.13,7
bc1py20mk4d5ekerjx6k4uaz8x4tas22yjtt0n5zxp5a02jvlg8ety0qv4ksnk,239,51,31.83,No,39.13,7
1FthMmMG8i3CadScqZXe3pWs34KwQLDrP,239,51,36.88,No,39.13,7
bc1qmsgr0kv3lk8q9f8t0uw4esnwdp0cqdyulq00ux,239,51,45.5,No,39.13,7
13KotcSQyU4D9aPgQMb314pPn3HFouZ4zV,239,51,27.76,No,39.13,7
bc1qjatt2xdfdak7ysgj32szuxw7ml4ewf7n4wnmkd,239,51,80.28,Yes,39.13,7
bc1qmfrmma84yyjyv4j5kjyw0kyssyu0rpkrqe8w74,239,51,98.92,Yes,39.13,7
bc1pnyytk46unkm6e83epglnmzqdrjljm209gll52jh6hjq050a4dt6sdq9qh6,262,7,28.52,No,39.11,0
39G84t1cMmvTcdsXs2ejbnFM4aBA42xPiA,262,7,43.42,No,39.11,0
bc1qzt8pczjr2z93lxxgkv6rn0eu7yfe04uu32uzzc,262,7,40.17,No,39.11,0
bc1q3hce87m3fwsmt8ddmk6vkr97f09x9hna3q080k,262,7,45.78,No,39.11,0
3DQsEnmvYfa45ytcyF87yaFBFrYZiiV32N,262,7,48.64,No,39.11,0
bc1qytqw06cxvamkq2n2lgnwgrxtl8v00sgrryjjhj,262,7,40.24,No,39.11,0
bc1q669yvkkw87dd8ymgvkeum0gccwjuexdc5nqf8h,262,7,27.02,No,39.11,0
1DfexLmQwiovyWEiUDH1Xvest7GvtfQQsy,290,3,35.16,No,39.08,0
1B1DPCrEZo3E9dncR2tyrcYGc6Zn8RhSaw,290,3,43.2,No,39.08,0
bc1qlxn4e3322r83yf54adp5pft6qgtuuwmmwtk9p7,290,3,38.88,No,39.08,0
3PExFcQxcSV54bDSsAqsCKQhNYtjonsNqW,254,7,31.51,No,38.85,0
1KrU9jzP7VaK5YrKkYr7FDYVkKhAgevtY,254,7,42.7,No,38.85,0
bc1qrjx2gcfpc5ulxr4gkhpczctdu7r7vsz45d5svx,254,7,40.1,No,38.85,0
1LeZBTM94oGon2FWJ3VS4rMUkNzm9xxg2y,254,7,41.88,No,38.85,0
16MtwsDtizyptQSm5y4bVbQPAH8mZ8yfFm,254,7,41.28,No,38.85,0
bc1q64zgvps6ee4fwumcn330y0zd077dqdnkff3rwd,254,7,38.16,No,38.85,0
bc1qnuvzun5vtc7l3u83tfcenxvcc8ezg3g0wtdh4h,254,7,36.34,No,38.85,0
18EVravRv4XJgyMzytb1Tbsz5MswF8vi7t,80,2,38.18,No,38.42,0
bc1qjwez8pgpt33egzp2ppq0gsstags9qka9t0xyd4,80,2,38.66,No,38.42,0
1A6iFSDvpQ5Vic1GY9zytwW21hN1qKBQPe,247,17,35.56,No,38.33,0
bc1q8f8rate4ulpekm8q656peryne2lclst3ryfl3y,247,17,42.75,No,38.33,0
1Cp9afxHaMzVR9CWvNxDKhTKaMSVsxe2eq,247,17,30.49,No,38.33,0
3BEBiWvvCm12A5rxqkxzrGnQtHid8GjBhW,247,17,41.96,No,38.33,0
12sKoXQGkAB36wpwzn1ZtGSXMs6W9eeosh,247,17,48.2,No,38.33,0
bc1p67wpaun9vsrz92v68qv58d4hu8xfhx70st87fr6z86wqcg3d4amql24zpd,247,17,43.34,No,38.33,0
bc1qvye7dqgsldx24mxqud36a48kwtam7sfr3qqm4r,247,17,30.16,No,38.33,0
bc1ptdce9fz7uquwuk9e652esp4schsr5s6naxetd9lf978aakg5c0yqvaqc2p,247,17,40.61,No,38.33,0
32AEbkJtyvhzDENq13M75sGi1gEjfd3jWU,247,17,37.05,No,38.33,0
3EKmS8QG7HoVPkRKAvvaukZV7jmU7LyprF,247,17,40.97,No,38.33,0
bc1pmyq27ejrl6en8tsugtuf58g0ne4383j5guxa6z3npenlga8lv8ks35swvm,247,17,29.57,No,38.33,0
bc1qz2czesajeuc377xfv72wxscj0xygaaz6x5ucnw,247,17,39.64,No,38.33,0
bc1qvg8uelyxmxg7wsg0x686kp2kn876ncp92xntlu,247,17,39.2,No,38.33,0
bc1p8jlrdg8mn0kae3m3cmjfjsv8xxfgkxztp2qfy4pkl9effvsda5rq59qftm,247,17,42.5,No,38.33,0
1HhpEsrbk95uP1Xhnx9DBJQGAcLTEq77s4,247,17,49.97,No,38.33,0
1JEMX1gXsXm7fJ2uLCDzk5hibMwZmDQXDP,247,17,29.55,No,38.33,0
bc1q8uaq4356a7n4xwhgt4v27v3ryhg0wzahah0c6q,247,17,30.16,No,38.33,0
35qkbx9tMb3qUwFWdS6FTYTfhNE9AmKXYg,238,37,33.84,No,37.48,5
39CPczjHJM4fQLCd8cpunYQBeupezcDCn3,238,37,26.86,No,37.48,5
1KAdmeVs23V2DYXL4em2oayoY4mEMicwtd,238,37,60.62,Yes,37.48,5
bc1qvquz0ql9crhglkygnpz8k8gpku4xce2wah294y,238,37,27.5,No,37.48,5
3CKRMp3z8hKGRxTASq9gGfBTbMJshG9WhE,238,37,30.55,No,37.48,5
156TJZGtd1zENdMCd1aDTDeMXhjsFkv24L,238,37,63.12,Yes,37.48,5
bc1qg4j2sqzd9n2cqgpkqfzfur7vgy2jz47748pdqr,238,37,42.38,No,37.48,5
1MNr5effwnUSNphUCFnNZJMjuh3EuViMro,238,37,36.94,No,37.48,5
3PvGWND3fkQ3Joj4Rb2UJmXhRRLtxWDBa6,238,37,32.51,No,37.48,5
3KEqARJU6jbuJoLRh1e6yQP2fJ2dHagXvP,238,37,31.19,No,37.48,5
3KtRrJKkG8Jm3QuKmePFvB961yKrvhShVM,238,37,27.47,No,37.48,5
321z45QgWiJK3hi7Xs8kPoXmFY3jNjmaAD,238,37,31.4,No,37.48,5
1Kw8Kd6sDEe1o2SpnGsJ1T1kpcqAjBtTLh,238,37,56.67,Yes,37.48,5
bc1quskkjngcmcn9tc3fx60znxyglk8dyy88ht9ej6,238,37,31.17,No,37.48,5
3DsaVM7PPsg8oe9UtJKaAwp2F5iJS9825D,238,37,28.35,No,37.48,5
bc1q3vyt4vj4wf2tzm8t5tt4ljxmgkm989x6j3hm47,238,37,43.69,No,37.48,5
3K9t4hpW52QbG15uGGKrEsZzYoVRt8Qd5L,238,37,30.65,No,37.48,5
1KHpUoABgWVgs8sGjzUZuEWWJRcwj8juDR,238,37,42.26,No,37.48,5
bc1qyr3yr08ky84zp7tuwdt9s2upfgfxundxlwwt34,238,37,30.62,No,37.48,5
3PXmirydGmi3RXXrVsDdoSpTqixnV4a4Uj,238,37,31.65,No,37.48,5
1FBwhsgYPEcKU1wcyHEcAghDQMDQFcFPAv,238,37,31.74,No,37.48,5
bc1qfxae654lnvv248q2nygdpa94crd42arjqwnphw,238,37,46.46,No,37.48,5
bc1qv8kfjr3s9na7eaydlcupns97p0pd0stqxcekkd,238,37,32.26,No,37.48,5
14WQ8hT42N7VkUyRE1TBrWrUnNdwqVJ6V6,238,37,36.81,No,37.48,5
1ALZquhvub8dFLPTK2upBq8QyG9YC2oNfR,238,37,26.77,No,37.48,5
1EWnyTDag19yNTJ9QKaXsW3qH9ZchQdahK,238,37,31.66,No,37.48,5
bc1qpmjgrqkxzlz57tnq72myhtuu90yhkppj0yuky8,238,37,31.83,No,37.48,5
bc1q6w299n278rxzhu6ew6652l0szq5cw0vhs70u9z,238,37,37.42,No,37.48,5
bc1pvkptu5js2rzy3pl65ykmad3sn09tn2ewjvkncdj7f45m5n2jh35qgr5598,238,37,43.03,No,37.48,5
32ySngxdWpgXw5XLpGqtN7SVSUm8o6yhHJ,238,37,30.58,No,37.48,5
bc1q8r0nd3vz5ez4a8zuy8dsw2h37m4eapdq0pe6kf,238,37,30.82,No,37.48,5
32ALiG4aZX7ToXwC5Y5dW2xi394C5tm1M9,238,37,29.39,No,37.48,5
bc1ppsauq8mnjm6uxjm66j823rnj89v26mgn8heeed0u6ffsmpyvwfsqzzh9sh,238,37,29.44,No,37.48,5
bc1qgq2m84e28v5d8l7rxwd26txw385j4vfag8casj,238,37,29.4,No,37.48,5
bc1qn5f57462lpvmvypjmuztf9tkrv5yak945zeuav,238,37,29.44,No,37.48,5
1FAJcQft7P9jE88kbhZuVujjcZttaTP83k,238,37,61.97,Yes,37.48,5
31k5Sdr7LPCKdMFQpGX8ShzBcc2zZPeJV8,238,37,88.43,Yes,37.48,5
1MrBcJyU5Q2kZRdYSHupHbyfDekg3ZwbhK,75,2,37.24,No,37.48,0
bc1pypfm4lnuh0fgyfecknwn7uehr7nwwgtj0w6z20vqz9pjr6ne9m3qdwzq2r,75,2,37.71,No,37.48,0
bc1qckta3apgfpz0wte5s9am0huj7ln6adqnrsepf7,236,39,28.83,No,37.32,4
39vgwxFqca7gzUtScpQg5znCNEaLaYUKYN,236,39,27.19,No,37.32,4
1GzrMNYDH7FqXpWMatwEuLXg2bgjGoHiab,236,39,30.15,No,37.32,4
3AuHYx19uLLLqvMp9DfF9GTAUZzs4ZJEPn,236,39,29.94,No,37.32,4
15xDXjpddhKnWHo5ZEBrZrrx61PoCVR3Kg,236,39,53.34,No,37.32,4
bc1q94n8kq8wfz5w9p0nz0xsdd7uwn5xyu34nqdvnc,236,39,42.9,No,37.32,4
bc1qasyy2fsfmwyy0nglt67mne9gv65r32x4khyyn0,236,39,30.58,No,37.32,4
bc1q6pcnqn3jnvep4jhznh2qxdfpfhnzh97nvfjskm,236,39,39.6,No,37.32,4
1CseR8tezUTrHYhsquxSSbHVdEVfcHmSkb,236,39,30.96,No,37.32,4
12WxNRqoJtuz5Pyf3Ge5Kq7vy47g9o6FpK,236,39,30.83,No,37.32,4
19P9PweM4tVoMpsp1LMH4i8Y1snQEnaFkE,236,39,65.78,Yes,37.32,4
bc1pqzm98pgnqztx88s7aas40cl2wmm04m9yhnrqg4hg2pv422anyk9s0ned35,236,39,58.48,Yes,37.32,4
bc1q70gm6eczt8ahjw3spf92wu34spwqafss5s9jwl,236,39,54.89,No,37.32,4
15jWr3Nea8mQfCHugEDu6GhxQzY7tPtsbo,236,39,32.74,No,37.32,4
1GYepHZN2q1RFQC7nBnoyrnuV5gXs8HyNM,236,39,29.25,No,37.32,4
1PqHZuCHBnckneUDhoQMJvheo8CXvxNg4o,236,39,33.52,No,37.32,4
bc1qn48dr55jedhejmfrygf0wl798dsvt7rena4h8d,236,39,38.98,No,37.32,4
bc1qzlm7zajkvrufl4vhknp93c33a8tcvfmxg47t9f,236,39,29.73,No,37.32,4
1JE5oSof96gYXgP53VjWQKBhkWmws47L21,236,39,30.01,No,37.32,4
3J9z1nwXfKFMJqds25KpUBGEJwNchp548a,236,39,27.88,No,37.32,4
14CvTz1vWbg9k4dqcigrsKQy8x6Ewqoky3,236,39,29.43,No,37.32,4
1FNgkG925xJFJxW6qGWyxqKumRm9oacrUe,236,39,30.08,No,37.32,4
1JPyeKHZQ6YRBiaCuX66QNvd41By9Jg6px,236,39,49.69,No,37.32,4
bc1qjtszfrzu6fr5ql3ccd83ht7ud38rgrmszzk7w7,236,39,27.51,No,37.32,4
bc1qza9re36jygpfr5pv4dpmen7xzedph0jfyea6sf,236,39,34.77,No,37.32,4
38J7g1WkEupUBXPkWYFTJMfYzUYoBnLhBr,236,39,46.25,No,37.32,4
3AV1X84Sujap1VXi96h1QXnXxUsaQ1LaqX,236,39,37.97,No,37.32,4
1LmZJHopQ2iWXK349idWDniK5ntNjsT4Zs,236,39,31.74,No,37.32,4
1NMGb43fZfHxCTWDy3SHu7ecoCRo6YbAM,236,39,26.97,No,37.32,4
1DsHJL5JXLEFWucLZtGDNSP9qcseQTG1rF,236,39,37.12,No,37.32,4
bc1qhe38z234ahes7n0w7gxj3f5rw7k2e3u3340kz7,236,39,29.24,No,37.32,4
1JzLCysNyGCsxRewhDfJ3DgtvS4bWEzP3W,236,39,28.23,No,37.32,4
bc1q830kphk5a86pncwn3gsv2fmgvxfr9kcz6zpu3v,236,39,39.6,No,37.32,4
bc1qx54ylmzrfdrl6d0n8x5twcumwfz7yuuhg36m82,236,39,29.7,No,37.32,4
bc1q2m4gzp7n985e6epx8hfg8cckvm9c3xu49qd67s,236,39,27.99,No,37.32,4
bc1qxsgu0lp04w98fcscnjwekm7yrazzk2myg37g5d,236,39,29.52,No,37.32,4
36YKMtAsjtnpRqq6iwPX64ud3oxHVYNvRc,236,39,28.28,No,37.32,4
bc1qgaa88vdlsdwlp6c2r9ncml2r9lh0crfgrj7gnj,236,39,59.8,Yes,37.32,4
bc1pwmdqhd4gsn6pqwyrtn8ywjxhwj3zre5gvshf8m4ycr9uvgfnmlgsq4pzpk,236,39,85.86,Yes,37.32,4
bc1qz48vjts8th4ygvec037gw8g4kg32xmcljp4jhe,265,3,38.04,No,37.01,0
3B4jAzL26vhQYz7NMBKixf28w21T7CT3Wj,265,3,43.39,No,37.01,0
bc1qs2a3ldjyxlus79fk7l3cf430sqpj2wap5clm4w,265,3,29.61,No,37.01,0
3CxqVkfKiYSGR6vSahvuQ7zgUG3Bhe3Fci,90,2,36.31,No,36.59,0
14vJfutu2AakdPBcYJbzrinb3VUskn7mmQ,90,2,36.87,No,36.59,0
bc1qeu9jrld3mfsdrh3px6vw0fhf56c8jwjezl8v4l,241,21,55.04,No,36.57,0
13PcgwJsxgC26Rt2rUE2YExnnQAhZf2Max,241,21,41.4,No,36.57,0
bc1p05q9v43l4s43naklx06e0hat7yec5lsfmkg7zrghg5yftcg9eh2qe4070y,241,21,48.78,No,36.57,0
132weL6bESTRQW2ANKrc2W9HtfsuadGJ2h,241,21,36.63,No,36.57,0
3GsZyxMqn1QgY6V4jb5AWdWJu1naUiLUzN,241,21,29.04,No,36.57,0
394Fdun5t6GnBTNAgNq5aovzW52JznA7pR,241,21,41.19,No,36.57,0
39hd5rXfaB5C3pM4tdbSYux6Yc3JWGeuYN,241,21,34.59,No,36.57,0
32z2iET6ZsiEh5rdyxdFf6HJZcSxUxKfRE,241,21,36.9,No,36.57,0
3AS4NurAGrBH4JG1KB6DoojxfCYBy21csf,241,21,35.82,No,36.57,0
bc1qcgap3c3w6gtn0v95h39smjwxrl7eh9urplc5k5,241,21,38.49,No,36.57,0
1LFGMWKsWajRDxut9XGwYY43co1nPQLT14,241,21,31.07,No,36.57,0
bc1qgjyv4dp33yzezkx8nhdw6hajgea5wfcas4v08l,241,21,42.01,No,36.57,0
33Tx1246GTqXPChBDEUgnZkEstZbCAMZ7v,241,21,33.69,No,36.57,0
bc1q7zev0f0qjqup4n8uf640673fvy0ngy2sddqzwp,241,21,37.53,No,36.57,0
bc1p9d70aaeedzhhy36ys5pndv30gdn6x643u2g7cuuqwds0j0a8kwkszh74vq,241,21,31.26,No,36.57,0
38re9bpnSULMQ3YAkEGwQUsDJedWHVbmV4,241,21,37.57,No,36.57,0
3Qbx8P1dDP7Yt3PckTJnugEnnk5bv7x1sY,241,21,30.68,No,36.57,0
bc1q4yruvjkhy4rwyzu4wysd08r08euxz8z3kz5u8v,241,21,35.98,No,36.57,0
bc1p05hlmz4xt8vc3gaqrhefjr7l8e6s496qhua4rjsdpzfjzwr4hz4sgvgpmd,241,21,31.19,No,36.57,0
19NY2Q7VKk5cbw5yipgrECLyAv2TLirtZL,241,21,28.81,No,36.57,0
bc1pjtac6tdyty0rerdep7j26kr6vdurwwl5c086hxhmhqn3cvlzgnrq3expam,241,21,30.31,No,36.57,0
bc1qvvsnynkn68u97lxazvc6wmpz3zmj072y2cdsl0,266,3,36.81,No,36.51,0
38n7PxRxQr7BCzmfGsCx5AVk2nK35JNzGM,266,3,43.39,No,36.51,0
bc1qds2vmkqfpcz6vt5d0639tmmrsvs4jhr05eqq39,266,3,29.34,No,36.51,0
1P3ytb53MveqoJBhzgwiNGCaorZwBSDxRy,211,2,36.14,No,36.42,0
bc1qua5mml4sdqngdw50vg4fd436635pzsu7hu9qgk,211,2,36.7,No,36.42,0
13fpBiP82vKQDLJvroong6mz2E3ZfyUHrE,94,2,36.17,No,36.4,0
3FehYDSLMy7b3gCkdTHyNHjkuNdxWojUoT,94,2,36.64,No,36.4,0
bc1pr8z9m3mx3k7pc83lrz9qf65nem7xdlenmm65rycpy9aa8qef8zfssrvlm0,208,2,35.79,No,36.02,0
bc1q5h5c7hc3xx9t8r6y66l4rth0qny9rhknnjqh2n,208,2,36.26,No,36.02,0
3NJZ59hcRzpGypyCAoYwCPszUPaMze1bZi,152,2,35.7,No,35.7,0
bc1qyj66rtxz8jvq2mm4rdprwe5v0ev2q0cg65trlx,152,2,35.7,No,35.7,0
bc1qr2hpnc3k8ttpdwelxkxrjsavlp324a6xu4w2qk,220,2,35.36,No,35.68,0
1MKxFRiQsCcpA1opA1LHQT3JfA2wi9yazj,220,2,36.01,No,35.68,0
bc1qgrxz7ygz2emz6dz0me5cvlrs96mq4p7vd250pz,82,2,35.39,No,35.67,0
3KBfoUPKM8RMFwdsNXN4pYUWDSpumLsiP2,82,2,35.95,No,35.67,0
1C5Vb9kAN4MER8n6MysyEM7hptuj39KgSj,19,2,33.08,No,33.08,0
bc1q8q5tdgkfc7eu6d7kelk6ygz02kyp5558emd3lj,19,2,33.08,No,33.08,0
bc1pns88a7lwf0kep89zllq9g9mk7f7up6tut4wh0csfau67d2jzqucqahc3hf,156,2,32.67,No,32.67,0
3LHLgtYtyW3ieDUVSggPPnEPfxWyea9WQ5,156,2,32.67,No,32.67,0
1NFtNZ95GwSvnKWKT4nMoZXChSQi8BP4Ws,148,2,32.42,No,32.42,0
bc1q53nwct5vanc9m84hts2y97hgrgatu9lgq34qv6,148,2,32.42,No,32.42,0
bc1pphkcnpwnkuaayupq9q95l4qcegdrm6nwk9f0mssjtmt2muxnlr6qce8hkw,24,2,29.97,No,29.97,0
bc1q9gawu406xn8c8s0v0w4gw7xv4sm3nn2z4umtrf,24,2,29.97,No,29.97,0
1H6SdtPmpH5Vg7hoXcTzpePPK5oH3DzfHe,30,2,29.35,No,29.35,0
bc1qkuxzxm9wz7u79watpk79ledzrah0vc7hruj8s0,30,2,29.35,No,29.35,0
bc1q3mrjht238fsmh4hlmuy08e9rktrazzmscej7vj,0,14,6.07,No,25.16,0
bc1qc8vd40gsjhrzdszky6tg2363zcaqad7e3mny2c,0,14,8.17,No,25.16,0
1wyzVYtnPbKnGW9eY46Esxxe1ne9pJNwq,0,14,36.98,No,25.16,0
bc1qwxwj6xkzlhy06uftg33a3n9r56ph08f5hce8vu,0,14,13.87,No,25.16,0
1FYRCVHwXTWGRxFwZjFNN3WKhh8ja5U6Yh,0,14,2.7,No,25.16,0
1KUH4JWCDFUggT2XTbuGx6ducZa9tjSeWq,0,14,55.15,No,25.16,0
bc1queew0tjcdykfkv8903v5qgnl8kscsq9fc29402,0,14,35.54,No,25.16,0
bc1qdxk8aapegfy4fl6k2vjafs5l94lytedv3xhf72,0,14,9.71,No,25.16,0
1PnbEgPLCzhd4GmcU8pZsX3srG4MtqEyQZ,0,14,25.32,No,25.16,0
1Ls8RATySWUCdNcZY9XFmMPoKgHQ5at8LL,0,14,31.96,No,25.16,0
3QLZsUcqiU2DVmgXxZii4AVmTwEcfsSkJ7,0,14,15.61,No,25.16,0
1PAx1wmGprWbQVu9uS6YQeVa4M55tnW8ER,0,14,51.96,No,25.16,0
bc1qaedqku7k0n5apmtxdh3a3q4jqmg7nc3yc2n02j,0,14,31.13,No,25.16,0
bc1q6y0hvczupypq0degysfwdcvwdccyjunqfynzs9,0,14,28.12,No,25.16,0
bc1q05a43jme6cdc440ugtn9zxypcyg58rhxx00axp,57,16,3.95,No,23.4,1
1N8WRqt6BGcm28CPmXY3VMeh2RjCUm2aZ3,57,16,53.96,No,23.4,1
bc1qrx70ucvv066mvd8mat82hyu78vwyqv03vpxpax,57,16,14.45,No,23.4,1
bc1qgwmwg679p32jgs2v2tczvnz79zh209rdndm35u,57,16,15.43,No,23.4,1
bc1qak5s5d7c2n05w20lasxe7sn5xt2rm2vurqymga,57,16,7.66,No,23.4,1
1Egs5Q1rKMhHfxUKPf6Ud1rvfxyxcdJs6M,57,16,23.97,No,23.4,1
19shw6Td2N8wwAbVU3bxWeWbqBWntcTtbX,57,16,24.07,No,23.4,1
bc1q7ydx5gx6le4lkajd35h4ed8773j6wu6k6kk47t,57,16,18.13,No,23.4,1
bc1p8q9zffjhxaqacfesl66raullxn8rfgs28gumtgxs8p24g8quckjs7pngkq,57,16,57.34,Yes,23.4,1
1CBE3v9U11vCbQxQijHeG6YtyneUtQ6tbQ,57,16,42.74,No,23.4,1
bc1qnqlaegnhw9syzm0rvplfydhh8jmwxpluclsnyy,57,16,14.27,No,23.4,1
15iYrnjKVphiMUacmXcGuQB1iUrAa3UTBD,57,16,31.84,No,23.4,1
1FAYNydpHvbB4RzDti8vfgvAZEzV64en3H,57,16,18.26,No,23.4,1
358uceVD7CbSZmi4NYADLrSByv67WmVgdJ,57,16,15.14,No,23.4,1
3PZmFKP4tqbqAYkJyWdgmPT9Ue9BRZezUS,57,16,14.67,No,23.4,1
1bZ3bea2SbGUMRLSwSnGJkkWvxKnC3QsC,57,16,18.48,No,23.4,1
3EftjpJ8dA28uEhr3o8iwp8BzoYcHbQtzC,213,12,9.11,No,22.94,1
bc1qmxxufml0mpvu0euz8lt8tq5379gu83w88sw0cp,213,12,21.1,No,22.94,1
38kNdgAqVxBsTNxQrUUguWgRSD9Qbat4nf,213,12,13.38,No,22.94,1
3E1E7KoWgSxBTiDB32z1SF3WwEPijsknbR,213,12,20.59,No,22.94,1
3BZVZxMpie7gAzZjTfuCr1LrcBXKXVtMRq,213,12,2.44,No,22.94,1
16y6b1Wd7Z5hiqBbEZXsDU8odybZbAxFUk,213,12,9.12,No,22.94,1
346BiJAD1WLf1vvebCaFFF17PDpmQVakrV,213,12,44.67,No,22.94,1
1FEQj2nD8rZQaKjzuV3Mk5zJCpwLFcwDxh,213,12,33.78,No,22.94,1
bc1qdag3l8f85tta4rd0dwemvv509hcculr75mx4j7,213,12,10.76,No,22.94,1
1Mo5DsqeP7djPsUrUXibbpg7uAyQijJ4KV,213,12,31.01,No,22.94,1
bc1qmwtzthyk8l3hfjvhtzgzm6pgky8mz3q7f239xp,213,12,62.13,Yes,22.94,1
1HxvBRC1Mh2Zo64VENNeWdzijmpSBeYPZu,213,12,17.22,No,22.94,1
1Mu6P7wwPR6K9mkJxDrKiYxy8Uy8WzgbMh,186,20,2.37,No,22.86,1
17ovnfWuLwwb18RGGNY7Su7tKX9hVw6Kpp,186,20,9.14,No,22.86,1
1D3XtrUZaC8AGJyh7L97bWxiUKXgceFWMn,186,20,5.79,No,22.86,1
1J3seTqHWYhuPmcmsw5qPxF8SmFda7epGq,186,20,34.83,No,22.86,1
bc1qs9urflr9cgsg45epcmv0lllcxhq046gf3vnf4t,186,20,20.42,No,22.86,1
bc1qynm3a4hxemdqeh2qkghy9q8g6q39d6phnrln8t,186,20,34.34,No,22.86,1
bc1q2tg8a4v8thdvzdzzqmv2et3cmcpc5r6tqd9pw9,186,20,17.54,No,22.86,1
1G3U8fShMsTAszELhpY4J3FobKXWTwtMc6,186,20,39.08,No,22.86,1
1CEsWSWwiKP2ZpUHNX7Qd8GK9LNWcLE997,186,20,3.5,No,22.86,1
3Nj1cpENcNKJNHoQZvS3bT3twjCjVxbgdX,186,20,6.42,No,22.86,1
bc1pmk70q40x05x43xfpyxffa9vcc4hmn9hy8n87wfjlyjk4qpmccz6shrc2df,186,20,32.96,No,22.86,1
1BHsvPX8pqhA6J61aaLgxwKtnJjupAgGJE,186,20,27.05,No,22.86,1
1GgEf6vuQNxdoFm8psdWRCmXLrpZoQPpmf,186,20,17.81,No,22.86,1
1JHdE43prbMdCBDnQdWvRdA6K16o7bGpMB,186,20,30.84,No,22.86,1
3Pp1jmQiCNHVnBvpeTFuVj2zsJ9RuyFkx8,186,20,34.79,No,22.86,1
bc1p80rp3jyl2fnlmymtfqunzz8cjarsv33z4em54scasaprwvjef0usj9mx2j,186,20,7.92,No,22.86,1
bc1qfz2z292qytnzfplu5s7wusygzcac5mc0zwa35s,186,20,34.07,No,22.86,1
17PCxGKoQSNNhE6KtMXEGMDqDtK7vdvWjW,186,20,7.9,No,22.86,1
33pKsg4DPi6DqtVNm6cg7mDJpnZ9p6WTCu,186,20,68.82,Yes,22.86,1
1CKk8Hvt1kjVksdfdDmKcbXqho8TEa4fhL,186,20,21.7,No,22.86,1
1DJZqor8es4rp98QgLEEe6gEisnq9ttvih,188,13,28.29,No,22.21,0
bc1q0g2e9w2jqjkwpmrwr24sq5e6lzdz9ql2k7y34m,188,13,14.07,No,22.21,0
3F2wM21Eo2e3gvQFM5p2NZVrH3EWs42qNf,188,13,32.34,No,22.21,0
3QE734MndhFonR7qVSdXu3GAJCwfoYkT8N,188,13,13.56,No,22.21,0
bc1qr4smzzlxfwa7eugat6edmur7dej56zt0gwl8fp,188,13,2.33,No,22.21,0
bc1qx83aggsmpgxtgx04nawyhvcfnrlguhj3lnwgv2,188,13,27.54,No,22.21,0
1L3nfaQLQ4SuQ8DRSmUUjGa3CvBRiPLk1,188,13,31.67,No,22.21,0
bc1qzpg73qjmcj7a6345eewqjp0y26wgdkpedmm8sy,188,13,37.69,No,22.21,0
3HPdqFBWRLM5Bacoc48QBTVST53a514X9R,188,13,20.96,No,22.21,0
35zMFxmypRpkse6cjCY7tUayh3GzAYN9kV,188,13,4.95,No,22.21,0
1K17CrrxDozm7ZYDDEjMaq9pdyKvH8JcjY,188,13,36.79,No,22.21,0
14R8sumTwqr28cM8g4jYTt2R2SAh1cTBqH,188,13,31.33,No,22.21,0
1PaLBhg9JyBubFy6evZbk7iwZLWdvagwio,188,13,7.23,No,22.21,0
bc1qx44nhspqd7ffxm54vug3jfj59hgt6wwtf2jhvm,227,11,33.42,No,22.1,1
bc1qxneq4pppv7s2m2qseu9ual0l3qyf8a2cl5y4uk,227,11,41.86,No,22.1,1
1KBdHYRkeDdVdexavEBUwUjwXNvbbh1AY7,227,11,64.02,Yes,22.1,1
1criTiq2TdBwZpF5JpupFvbs5TVUaMLBJ,227,11,8.56,No,22.1,1
bc1qvfy8hdymzszqntwfpsrc04nsd3jtj9sln9d047,227,11,8.8,No,22.1,1
17N1ZZGjRNU43zVJtRsSpeakQrMHohPGdp,227,11,8.95,No,22.1,1
13m27Vxvo1NCUSAgfKjZTxn36BzP5uKBTo,227,11,8.58,No,22.1,1
1FDWZ4qq4oDkkSUMVzChPHGKhq3gnQET2R,227,11,28.27,No,22.1,1
bc1q6qtuuqeyw70ug382rcxkh3lfers7qwer3ttlmr,227,11,6.39,No,22.1,1
3QpdLzzZRs1NJJVFxkKoY8TLaqwtyRtpPX,227,11,11.8,No,22.1,1
13j6BJc39zqTv527tgydmq3rDwkaFhp4Rt,227,11,22.47,No,22.1,1
1B2xsY362a68NbBpcCJVt5PyYrCavThAmp,196,16,8.08,No,21.94,2
bc1q7hxh5tcsnz4k65yddcskkez0rzaln0sfungwuj,196,16,10.96,No,21.94,2
375My18G64BbqRhPbYA8wMDLu1fDRbfRxs,196,16,16.95,No,21.94,2
1EFdKFY5nXdQapqDiuH5Uj27ePN9n15AJf,196,16,8.66,No,21.94,2
bc1pl9d2aa3629ldn93v7d9e4s3y84eaq5qx7uqaxpvh7lyqc2q2thqqxvqsd9,196,16,11.83,No,21.94,2
bc1qa5djqzl2sfegfyf93sncvmh5g7ems60vkgxz0z,196,16,10.84,No,21.94,2
bc1qchcz8lw3jgg9vn7j5h5yt2l8m0x2323p54e4ac,196,16,32.98,No,21.94,2
1NdPefBfhTKvsHmoPTLtncNqMXhxe5e4iD,196,16,50.46,No,21.94,2
bc1qz84qmf453lca84tfdyws6zxluhrcykyv3ynxwa,196,16,2.99,No,21.94,2
bc1q77n2ts3xa5y6gue6u4rx9gd2g7t2mjyen96ty7,196,16,12.09,No,21.94,2
16TCzhEEuPPH6BXX7WxcUKrL31abNr23pa,196,16,57.74,Yes,21.94,2
bc1qv7f9j9ttru0k84r2399fttxm077x5kyr07xgnu,196,16,7.7,No,21.94,2
bc1pmtvjdjmeznd82pcr7m294r2d0836wmeqjw5jz7vauh2823xhyh8sau8sx5,196,16,56.94,Yes,21.94,2
186SkzYuY7UpsV3SbKAcMysaAngKxtwbPt,196,16,7.37,No,21.94,2
35DMicnYmwHdC97mgFBuxetVW9HpsU61mW,196,16,38.73,No,21.94,2
bc1q9y7f0rzws8wr329he22udn28k033euekp2gdjz,196,16,16.73,No,21.94,2
bc1peejkk44anp95aqkfs4hhs4x070amyksyykv9wmalnkwqey23n29sxeh95h,138,13,33.43,No,21.45,1
3F6TZ3x649LiquxZv7Vp7XkBsGbVRZv7QX,138,13,13.74,No,21.45,1
bc1prfp9ddhd2lfyrva80sqv5xfce30g5xvcjmeyqeu40un96vllpxws2a9szv,138,13,14.31,No,21.45,1
bc1qgxvd48t6hnf3utuvzwnwz8t7rf4t2gt49p6sea,138,13,25.75,No,21.45,1
3Eikd6YibFCQjw6U4a6PqhcNbUtM62EW9z,138,13,68.71,Yes,21.45,1
bc1ptxzwz7pugw8ax7zkx5ccprdjld94yvhav90l45e37huus65mxe0q3k6emq,138,13,38.7,No,21.45,1
35MM9ZBcKb7u6yBKC4wpCgH87dpw1MG18s,138,13,23.83,No,21.45,1
1L3PKamegDuBkLx5J2Bk8vrDjMoARudfCE,138,13,2.12,No,21.45,1
bc1q8398anhv726f5k9ee9px8kdl8ta57mynpe4aj0,138,13,6.54,No,21.45,1
38fEWZ6UjR1x8reknRvCZceFR6p9GhSWyN,138,13,8.1,No,21.45,1
1KByfFRF1nsrK9fKC8WWZHZDXKx6kDaY7N,138,13,8.96,No,21.45,1
bc1qqduu6n5cxmtejphus3kdva4dstwnzavgjlugdy,138,13,32.64,No,21.45,1
1Lm2XkKe9YbJakoqGJAxnzzbjk62BeGGxo,138,13,2.01,No,21.45,1
3Lod9RgBVGUp1fc6dJmqwH3xkw1cwnbQoa,77,17,38.16,No,21.44,0
15ZCwpGfpJvaKeFLTve9YUVRr1CH9WvXuY,77,17,11.98,No,21.44,0
bc1q05nm8rqhulpe42pmxjcju44jam88f3wt6dq8sw,77,17,54.65,No,21.44,0
11jYGVUJWJUahoXQ9deiEYH8R9G7nqRtU,77,17,9.1,No,21.44,0
bc1qu5uts8fys2pg4wvc7kk98f92e9822v4hre0v29,77,17,29.47,No,21.44,0
3MzfqQVgxQEPmwHc8DpZqWTa771pMw7Unk,77,17,14.44,No,21.44,0
38L5t43kEVoCz3tQ6sZtYL1FRLceNHnftV,77,17,45.8,No,21.44,0
1FgBZ1zi14aS1Knjp2GLtCALPXXRnQtPyR,77,17,39.46,No,21.44,0
bc1py8gwmyu6t0epzryhsa0hz68statmymvqac6htja86tjuuusx3lrsp6hyl2,77,17,25.3,No,21.44,0
3NvZFgdAVD4SiCVULDE3gqU39AKE16VUeF,77,17,2.35,No,21.44,0
3FQCmMh6PzhVRUbL3Bp3DgvwGcdFgcjfPD,77,17,17.84,No,21.44,0
bc1pc2qvfhqjyh03vmu57glk8m49dzdqfpv2w05p7c9y9gxnf2gpz4esghjumh,77,17,3.37,No,21.44,0
bc1qn7sdwxyvkq0kkp3fe5lw2wv3qhf3gtpjr3cpp0,77,17,24.01,No,21.44,0
112ernrHzQsX4mrf7pj56KCHbX9Zdiq4TG,77,17,25.25,No,21.44,0
14rykbGPigVBKU1ebs3vy6wLjbdhVxsRAn,77,17,6.85,No,21.44,0
bc1pfu4w507lwv9mm6zve24e4y0t4aa2h4zhwue7ku4gxvpe98sv7qgqvu0s7p,77,17,3.33,No,21.44,0
bc1q9sq5w9t2mmrceyty49ynf26588zenr780x0nyy,77,17,13.2,No,21.44,0
3KDk9zAZD8ZEF2jNDxhrerVBtSSvyzKWhV,81,24,18.01,No,21.39,1
1EzacVodLKkz9T7i3a6odZVQSNxWB2St1G,81,24,4.82,No,21.39,1
bc1q4yf0k4jucafydpw0mdkxph4dnhvn48udxnhegs,81,24,35.25,No,21.39,1
1GSmCheM4GPmNdmQmCtmwjm5TyKB8VnTb2,81,24,52.49,No,21.39,1
bc1qn98lvvkkq6ljkgsncgxgturrtclz2qu9qwm7ed,81,24,9.67,No,21.39,1
1AFCD4Q82TTE8nYcVLUQvKfvkVvBsbj1VE,81,24,34.52,No,21.39,1
1JxWWgAvmVMijGdjuYFdPXvVvthjzz8P5h,81,24,18.14,No,21.39,1
12zn5RGtDkfZQEQvJLHH9o7jfr6dsDBnZv,81,24,42.59,No,21.39,1
bc1pgmp7sa8nmsl5s4x94kpjpnpuv5lm2acmk990j07fgtvuwa4l4qlswjl5p0,81,24,4.04,No,21.39,1
bc1qr6py9yr2mql4c2p9pkc7h65kj8neljlmgjk6a9,81,24,31.9,No,21.39,1
bc1qdg7rgkne9lx8ezmkemynmazjaapy5zf5pxjmhz,81,24,24.42,No,21.39,1
3KFY8WPDA7mC55qkwTwjd8F9dZUWo1S5he,81,24,38.69,No,21.39,1
1P8FBaFHMQoTQB7MfmpMoxH4516Ck9ganW,81,24,18.69,No,21.39,1
bc1qdry35flq22krdr8ex76gth66l58lf6jwx4s7nl,81,24,5.39,No,21.39,1
bc1qsn0668ks59sayqg35dja4je5pcq7k5gjnhexm4,81,24,6.99,No,21.39,1
1DrgRguoEaUMGdTa4ejQRuB1nw8rHR8gUg,81,24,22.05,No,21.39,1
bc1q3swj4lfhh4h6w5sfx29ljfqq6c9e2jysed8hpr,81,24,8.03,No,21.39,1
12GReXtF9HEdcv4FhiyFEyryGC3bproFWw,81,24,9.02,No,21.39,1
1JcaToQYbmN5cAxvVweebPV1Hu28tRx8f6,81,24,2.99,No,21.39,1
1B8w7jmABRyoJ5Rkbwxuh5Do7RTfZ3drCz,81,24,4.92,No,21.39,1
3FZmyUpsGYdkfnvNLXM4WuUeBF8CX4LPHK,81,24,37.87,No,21.39,1
bc1qjw4l20hk34cp7qfjhcgwvreurtuvppgjz336as,81,24,58.27,Yes,21.39,1
bc1qv082y3vmsvkwdd9nujs3a0jkvehl5kkfcxsd5q,81,24,3.8,No,21.39,1
33gLgqWhErNPe5mBN5ucbxtf7PKZhDHnQZ,81,24,20.84,No,21.39,1
bc1pxshetgluwdussf8jy2ex9vzfv0sny7e5edvf9yv8f3wm4m38p88s969m4e,5,28,30.54,No,20.91,0
bc1q48cff58czxk8472eve2scj0vt8j95ckcquqlh9,5,28,5.41,No,20.91,0
bc1q8xu3aj7658dgerp3rtacxg8wkwu8t3hdjqcqta,5,28,4.76,No,20.91,0
1G4hUnKzDbtXw2CNpRpwUXpcH4LzjMz8HV,5,28,40.24,No,20.91,0
33VKQ1Wjy5LjyagXpvrRPXc4HQc96o28tb,5,28,19.03,No,20.91,0
bc1qr253jswr5gzc043qgqz4dle4632t95a3guj7sq,5,28,45.21,No,20.91,0
1FD2Sm5gBHNo1GfuUg9uzmZG5WWvhAuErx,5,28,24.91,No,20.91,0
17ZN7cEgEVYzDipdCsvyA8N1dDgTmQSbEu,5,28,5.32,No,20.91,0
bc1qyxyllmezsf7da9ja2934kdexu9vwqlaze24jkp,5,28,7.7,No,20.91,0
19qbWG2ENZ5tgG1Na7U6PyjA9ow3E4L5Zh,5,28,32.9,No,20.91,0
3F5NGHgoJzYu6ckZ18PWSwnCBYm2nMo7ZK,5,28,2.98,No,20.91,0
bc1q4y4p4x557mgpeta3mlh8uqzjjrdwql50znlc4z,5,28,1.76,No,20.91,0
116Cp8JngXw7qx9QDkmiEFWL8cNDoqE5HD,5,28,30.66,No,20.91,0
bc1qe8vr0sw936v0gnjyet25f50ufyrnwl3r4mtd37,5,28,16.45,No,20.91,0
1J3XwAjzbgQXXVhtXuLXbg3WiuyKw6DJoF,5,28,10.12,No,20.91,0
3P9psWAqC4Uu1bh5id58Np6RquUFAdwE84,5,28,41.9,No,20.91,0
bc1p9khcwzzvp9w7ny9daapudsqmssq4a00uxwgqy9xwjvxzyvfjq3ese9kua8,5,28,29.92,No,20.91,0
bc1q22uvj4ac376alcpsjvesez3wg5tm5zsqk5lfan,5,28,9.2,No,20.91,0
12ox9J7LCb9Mr2BTRmyV9KyeNqibUfuya3,5,28,7.09,No,20.91,0
bc1qyld6krkaurfgqkm3j9qvx4st97vyp04j4fs3vg,5,28,31.86,No,20.91,0
1G1RfRdLpfUrmr7khFedupZ9inQrjvR9yU,5,28,2.66,No,20.91,0
13dMUesAci59LNEeH711RRMAir4KysfNAC,5,28,43.01,No,20.91,0
bc1q4ghtlhkrmwjph4clm3zn43ech5jj3yzv2yg27j,5,28,12.81,No,20.91,0
15giGXYkFcz4UPsR2hYQSQPokZXZq1VZVd,5,28,38.9,No,20.91,0
bc1qk4np73qwcaw5tx7zujyvsuffppalfufnmrzdry,5,28,50.65,No,20.91,0
bc1qxvug23e59tzpp0df3g6f8je4xdh94utm6ptwvp,5,28,23.85,No,20.91,0
3QVCTZmR2gwNDPPwvC7Azyg9n2APhLDKsh,5,28,4.26,No,20.91,0
3J9r8JtgNSUaCNhgHq2c6Bnef4182xY8pC,5,28,11.4,No,20.91,0
122VyLn3EbK76XPEB8CHNqw4TPmU9yrRw9,182,11,1.17,No,20.72,0
3M6yh8nbt3SZRdqy3jR8VnFmdePcYyFodk,182,11,20.42,No,20.72,0
1G8kZtVSVtsP1GgkTrWhDWrTaY7gVwrmzE,182,11,33.26,No,20.72,0
1Jn9KiMwSWH1zvL8rD8pwjhDUwd4QmDiZW,182,11,28.57,No,20.72,0
bc1p7fgqqhwwp6trqaj3h5cfrfw7kvyulz5aqnkggupeyrf66a0jgc9qs2n44m,182,11,31.54,No,20.72,0
1FS9qX79JBeJGXTfE9tetVNMjVjv9jeEe9,182,11,13.13,No,20.72,0
3GWMCHuxG6aAp18dSXacUyVKKfh4wXh5gt,182,11,4.28,No,20.72,0
1Jf4vJhpfVafkB6qG75xbQUfBH5iSu6NcQ,182,11,54.18,No,20.72,0
bc1qnp68eah4fwrjt6vuypvtsg4324p2d67639endz,182,11,2.76,No,20.72,0
14CToWmUjyX2bMHtEprhMka2sCKET7fJEy,182,11,18.83,No,20.72,0
1EMJGkjGqmSpHAJkvtXinKV9FfxPQfySho,182,11,19.77,No,20.72,0
1Hxq6nSruCYkXFjVTpo1x94W1tXDwhv1er,42,14,16.77,No,20.08,0
bc1qsezwr2dh9qn3qmlunpr2y0lsh9camtdf00jg0t,42,14,39.35,No,20.08,0
bc1pyj24hgzzdvshtlu4c0x9u3utyx2sp8jhd4fv2g38w77n4z9rtn2q436mum,42,14,4.2,No,20.08,0
1N63edySEg4yBnLSqtTC72QCoxF5d7W6F6,42,14,4.5,No,20.08,0
3Duh1ARawmjzU3f93JAVPyokJbnfwALy4W,42,14,12.61,No,20.08,0
bc1q0kaueqaq8gxxxu0ddegdx9fygtm2y037zsttky,42,14,42.6,No,20.08,0
15CUZwU1SF6RtukwniTQP3WuyPVobPu2oe,42,14,5.73,No,20.08,0
bc1qt0864wcmvg6pkpgd6qa25q72vftuerg33vaxss,42,14,11.57,No,20.08,0
1EUM3tViFe6BJ6Y1VUkGXjpzGZ2xjCan8c,42,14,8.62,No,20.08,0
bc1q7p0wglqg3z78xx8d9td0dpcxqs6rf69d7lvyjt,42,14,17.18,No,20.08,0
1268JHQJqc4iuX5j7acWHqajW9kzBrh55Q,42,14,3.72,No,20.08,0
13q99sQPFRm7NXPAiXy3kyMU85o13Cabw8,42,14,49.16,No,20.08,0
1NBHB8Xv724c9VAnvEzrGSjnS6SZ6kY71,42,14,50.54,No,20.08,0
bc1qqrz2enwzp33n7990mjvck9yyeg7pzuw050wtsc,42,14,14.63,No,20.08,0
bc1qgwrcuu2uc94lhtexn7v89ek49nxl7kuzkuyw7p,209,15,7.96,No,19.82,0
1LoyqN5SHXbxKaEjpg4dUSo2KyYKVhzDoK,209,15,17.17,No,19.82,0
32BSsmpST1DsUW1hsBpranyo1XsNRkVBeF,209,15,34.13,No,19.82,0
3KEo2MR2KZs1K7ck2y6ync775CrTLFXRYk,209,15,9.68,No,19.82,0
1BbTfPXFo2agumdkQqqNoowFCszEQX51uu,209,15,20.2,No,19.82,0
344KVNYS5GJgR2BZwVXSWQZW3TfVHGQhvy,209,15,20.16,No,19.82,0
15i5zV4rsh2kgNAMTHJFxDZxVCu7d9huux,209,15,18.86,No,19.82,0
bc1qjjlc95jnph3yq89qzk7hmqct2j3p3wwyx7ye5m,209,15,2.46,No,19.82,0
1CU6cf4qymvwBFXDq2nY75ZqJZocEMifQ1,209,15,7.2,No,19.82,0
144o44Uv7d2KuPqDpM6gTcM8GKPcHYhzk7,209,15,32.9,No,19.82,0
bc1q20pr2f8qshf7jy3uggw335ulda889cwns0nw6p,209,15,35.21,No,19.82,0
bc1q8umlns2xn0xvd95g3qw370lqmc4gnckzlw7jxc,209,15,1.51,No,19.82,0
1PCaDZQpabkKrsLrm1Rx8ybCHKpdvxdZMx,209,15,14.16,No,19.82,0
3DhNFE7ZdpvWGBaPDXphicfH2U6FjobxzC,209,15,35.68,No,19.82,0
1FsjRWzkJ85BAvtfFr6aSvWphpV1fAFaBq,209,15,40.07,No,19.82,0
1NUb3kkKBURPHWc2uDP7Qh8tH6nPsKG2NF,170,19,69.03,Yes,19.45,1
35rvcuKjmaV33FmCLg5bkKfmnjUnwcBXia,170,19,0.82,No,19.45,1
1Fm8QyYszcX4umBSTeMs2H6FHiDvZQdvc9,170,19,14.36,No,19.45,1
bc1qstudpnp3s68fczfl053luhemah5l3hqlea6pvd,170,19,6.24,No,19.45,1
bc1q3ras6jvlh8hltmjwpmz9vfhnh0hpx885q3ynmv,170,19,4.8,No,19.45,1
bc1qtuc9gm5vxt885455pcltun2qxkwmvm0a402gy9,170,19,14.62,No,19.45,1
1udGUunS7QRmy4aL4MdYCiX994KrD5eV4,170,19,29.75,No,19.45,1
bc1q2yuu6q4g7tn06hc7wn4vkuhkmt9mqpq9zahfdr,170,19,26.54,No,19.45,1
bc1qxlaera4q07nfd2qrxw5p8dn0y93kmrw5cesy5u,170,19,20.12,No,19.45,1
bc1qgyxhfrj57fc4yhnfnpg0ws2y3zmce099nvn79p,170,19,18.84,No,19.45,1
1LttSU7skXrX9GTPSNkRXMFthRX4qMvyMX,170,19,11.73,No,19.45,1
3M4kvrpezWNGSKX7FUJ2YrgSQku2L6phnM,170,19,6.83,No,19.45,1
bc1q2kvrsprhkek34gehmrslzae9x5hceaz2md6p7e,170,19,4.42,No,19.45,1
bc1pr50fzuudvle6yapaysphn30n8w4nny7htypqmufxcqsw4y2rga2sygr655,170,19,20.46,No,19.45,1
bc1quyhg65ppzezl7eun9rj4ttqfkakyyljyhryem7,170,19,41.74,No,19.45,1
bc1qez3zkmdclzkxrxg37h3pr244z7czm746utvfxm,170,19,46.04,No,19.45,1
1BHLAZAjVd17vuX5oMwFsQVnZcKZjgVhyL,170,19,15.87,No,19.45,1
1DLLbniqzTCgfiLpfmfAnLhk68SNbANUWY,170,19,6.01,No,19.45,1
bc1qhfv2dgmpeghsev3eu03dqvmu6gqh7uf7alkv43,170,19,11.31,No,19.45,1
1D5w7K8CRMHEESu9WGRepYbVNqKLwXU3p4,149,22,4.42,No,19.13,2
bc1p0tnu404l4p54m74c8yfc6qt0a2ml2yx2ssqy7hhluqy4er4r6ahs804z06,149,22,11.06,No,19.13,2
bc1q62fwy8jkmvm0f090yvhaf6y6qhwptxw7g3rrk6,149,22,39.74,No,19.13,2
3NYmN6Py9hK2J1MSPRG9iyUpnFFjYRwfmC,149,22,18.91,No,19.13,2
bc1qgwl70qjty87ey83l7ce89y7rk3lf7hmzph02um,149,22,4.36,No,19.13,2
bc1pzckzazx44zmmglea06r062d99dedxe6wg59ca6yf2y8ncj6a8khq4cz5ym,149,22,6.11,No,19.13,2
bc1q3t783chq3lc0l6d22aseunazppgmnhes0gzjsm,149,22,42.07,No,19.13,2
bc1psd8vfylh9mfn72e0ce3g45n85kd5lkrdzmw0d7mumlhrklqukfwsvqxgpr,149,22,70.2,Yes,19.13,2
bc1q5n3ja3zagyvve5kclv5pj8yn79pxvfualnc6h2,149,22,4.1,No,19.13,2
bc1q8t3rpfx2ldh83wlm743vpjrnrzrk3pdxes84mj,149,22,75.91,Yes,19.13,2
1NXzK6NQsq3Ex4TdQ3p4WmLwhRvAQDhqeh,149,22,11.9,No,19.13,2
39P92t8nAYB9UUt7qJ1rfqiM221A5dXK8R,149,22,13.07,No,19.13,2
bc1p07hz59h927r7a4s26vr0nhj7cn8rerkt9hu2w390dy7hr7tyvn6qu3msj5,149,22,9.52,No,19.13,2
37QFtvWq1w7cAB9huwuXN6EaEKkEmpGm5N,149,22,11.82,No,19.13,2
1Fs7iTabAAZen25UcWZ6eEKNd3P8kJ2aSA,149,22,2.1,No,19.13,2
3QncDDDBT7H6h3UbJJDLkFq6dCUjNePxfR,149,22,4.57,No,19.13,2
14tnAhE3N6XMyNmxn3SiYNNkkmovQLY5yj,149,22,4.06,No,19.13,2
3CmcNVwYmTfq8z4Rzh4sWkXNZQfBD57uS5,149,22,14.2,No,19.13,2
bc1q3xagf3lpueqst44pxftyan6jfstu9l5fxu5rf6,149,22,5.64,No,19.13,2
bc1q4y8tu9s550l6scefslrtrgtn0dr3p6pu3q8vrs,149,22,11.93,No,19.13,2
bc1qgce0qnewd4965vtv2gfgzzc00y6k8h7qpq6aum,149,22,46.25,No,19.13,2
bc1q59hzu4399y698zndnpaga9j0k994tuwejqkgmj,149,22,8.94,No,19.13,2
1m4HSQKuEp9oMEeDxynHUiyvwodxGCETZ,226,17,8.77,No,19.1,1
1Aq5W2wki4zkNo55WCDbWx87mQxCPKdJkg,226,17,42.4,No,19.1,1
bc1qmv0704t4t7k4gp7y6x05dkwhh7zmnv73ynat62,226,17,10.14,No,19.1,1
bc1qzplce9euu3eez5rysm5ry4nywcm0z8ufqy459x,226,17,10.04,No,19.1,1
3FbNPYHgHtnQDrvna86tbtwDRur9Lq44G4,226,17,13.68,No,19.1,1
bc1qre2kw3ry2kapazt0p9kpm6t90gg6zrluk7xkzy,226,17,5.43,No,19.1,1
bc1qxcfeu895yt0cudajfzyxtwclgh0vsyalve7dl6,226,17,8.09,No,19.1,1
bc1qylfmzzkc2wc265hwe9mjk5lj6whzt2729u92f5,226,17,10.34,No,19.1,1
3K1LXyo45hpo75easBEq6G3qRnxxGZgKLW,226,17,14.12,No,19.1,1
31pQ968Y8sVTiLwisUFf6WBSxdkFHWXXJ9,226,17,37.11,No,19.1,1
1pZhPxoRTq5qqC729UChpxERfQj6k2PZU,226,17,64.95,Yes,19.1,1
1BCFtiAxj38oQG2gKU2rEm1YkuxqbESrsh,226,17,15.33,No,19.1,1
bc1qjmzcnusncpk8s50yy54ryhy687r7j3wqcu0v9f,226,17,6.72,No,19.1,1
bc1q8rcw8nhrptezv8r07emvqxnedu409xaulzjq0a,226,17,16.53,No,19.1,1
bc1p0jjchf89k9cy5ezk8j97zqfvgzwphe6gre0mntzrgkx95fljp3eqtkmts2,226,17,13.2,No,19.1,1
33NU887pWRZejVwydmccnGL72mtJhF1wBC,226,17,8.21,No,19.1,1
bc1qrz9d4gwmkurxfgqgc2wqct6plrnum6juqqj2u9,226,17,39.69,No,19.1,1
3MLUvX6tE68hs1aCYFKrgwBpCodvrUUmmF,118,22,11.68,No,19.05,0
bc1qrhlnvmt92y2u2n3sv08gkerc4q0gdk2765dh5t,118,22,19.55,No,19.05,0
16x9AP9zdKa6t5LCwYQtVsmRVS941wQrhF,118,22,37.32,No,19.05,0
14NzBd2QSv2wYD5MQj6Hhraj9SVVzH8Mo1,118,22,9.3,No,19.05,0
bc1py6pmft7r0f2tzcvvjjmdp0229fy7c8mvaetvqw9armll75vcj32q3pch62,118,22,27.16,No,19.05,0
bc1qg59zf88z9ypyj09p22zaylkuhm7sf4qwy2s2zt,118,22,12.74,No,19.05,0
1JvyiBn9qaknmoswhu9qPUszdz7ef85Rra,118,22,11.62,No,19.05,0
bc1qmjtu2psgvs8n95mp8hpyguywu9tjn7tqlegwdr,118,22,29.73,No,19.05,0
3PCsMoq8cpTGn73xtqftroVofn7GNiqPUq,118,22,9.52,No,19.05,0
bc1qp3drtyd04scx8ren8xfx2dg4j26g52d2ncwp28,118,22,7.47,No,19.05,0
bc1pwhtc2dunp365nqkrs3l8c64km5ujz7n94enappruza9hz5j545gswuuawt,118,22,11.72,No,19.05,0
bc1pmchw0ynkvccxjn0en6m0ur8hacasdqddw4dlnle38rwttdv6jk5qlwlvj0,118,22,48.38,No,19.05,0
1EtT9aHwhvaHeEM2wsdqU22Hp955eBFMFp,118,22,32.38,No,19.05,0
bc1qafthuh4v9acfg9hsfjw8tpat72lp24vrvne42j,118,22,15.08,No,19.05,0
1PhDKTf5sA4KQZUSLspTfny2oTwRakSZJs,118,22,32.72,No,19.05,0
32HqR4KT73cALq4gPZBXLjNNmS7yUaB8u8,118,22,21.45,No,19.05,0
bc1pk64x376qxsh7fevdlkeku2ka4va9qd9z2yjayayxjke3r64ueu4ss5ur3w,118,22,2.43,No,19.05,0
372r4aPkgSC3CiHj4dSg7ErmuA1wkcyruE,118,22,35.58,No,19.05,0
1CEhzD8oiMvQhbSHsCLvtxi69NmBmcoZQz,118,22,8.39,No,19.05,0
35Q6z7Fu2CYZyBSCmJ3dtrCXHfwYc1mXia,118,22,12.21,No,19.05,0
bc1qcx38zesukza6q6ys0ctgv4225tnfy7pvu0zhdp,118,22,7.73,No,19.05,0
bc1qfg0x84yrcn39taqr6pdgrjynvs78fd0uxchxqv,118,22,14.91,No,19.05,0
bc1p807g4ftcs2kpslcxdyj9v8z43zzvurtnr7yf3dq4cdqeldj3u2ussxkpty,142,24,46.97,No,18.95,0
1PCzKHoCNoBGDNq7dRBJt3comLJ6TN7yy,142,24,37.75,No,18.95,0
bc1pxam5rc9gmk5jns9wvkpl8c6cjw0ruglelqmyfnck7j7xky3yn6qqz6d6fd,142,24,22.38,No,18.95,0
1LAFXKxQYq8j71gJXj2R7w8KcHS4m5Ling,142,24,3.47,No,18.95,0
bc1qyggqs24wzalh9zytcntl225qa7qs8n9uta4hgw,142,24,31.59,No,18.95,0
bc1qc6mm2eld2pl9dl6xhndfy7ux4ddh9pg5v6jds9,142,24,33.94,No,18.95,0
39qov49xr8WRLVqoavPeDo99ixC5rGMnNs,142,24,27.98,No,18.95,0
bc1qwpnhjajcvnkfdzu0a8e4qk9f6659682d6gc2hv,142,24,7.99,No,18.95,0
36pLFcWqwHJC3poDWmsJtMaoqmh66PKxJ4,142,24,41.12,No,18.95,0
15QZHPMBmUMP8WSTR15viS4hXML6t1LYTJ,142,24,6.22,No,18.95,0
3AbkdXxSsST7g7Sc2Fw5ehtWqxWDbAMz4j,142,24,10.05,No,18.95,0
19u5Mbf7DRQqeMZ2RianGUZQD2zyWVFK89,142,24,3.38,No,18.95,0
32e8Rrf3BACypKyTEU3QgYqcvzXQsfXEkp,142,24,38.51,No,18.95,0
bc1qncwpuqhh3skwf76sm9tp5mfw5hkp4mduwr8npm,142,24,7.93,No,18.95,0
3H6tyEyraF6EsnLPKbXL7tRbt1BL7dwHx5,142,24,25.37,No,18.95,0
1FBW1vfCs6aJD6pq46UjHE9E43HmKnEQTp,142,24,1.37,No,18.95,0
1MkE5BNzmrRiUesbPsrrSdeXWytN2NNhc,142,24,10.93,No,18.95,0
bc1qmzyv6an7gt3ema5whmkx0s0aczkl9eushwxnar,142,24,34.5,No,18.95,0
1Hd9h2Mf7wNdXL9fK3mv839ziQJn6oEA7K,142,24,1.65,No,18.95,0
1Bee2wP9XhTiDHWnRPmrHr99zarRMnhftS,142,24,17.73,No,18.95,0
12Pssfx4j2EK7WSS3KtGXHTFR4Sfow4HkQ,142,24,17.54,No,18.95,0
bc1q2dgd24dtygyxa0jg8nmttukafrdt7exvvncu54,142,24,1.83,No,18.95,0
1NSYt4FX6vDRAnpXQdTgfnPn8yBP2cnrML,142,24,18.68,No,18.95,0
1Cu4PXLR9BJz6oyVjWfd9Q2KwvPzqMCbhP,142,24,5.84,No,18.95,0
bc1qzdu98zzm9hxr7nrz8jwuyhzl742az2t3sqvukc,169,25,39.44,No,18.88,0
bc1pjfvu55mg5uz8mevhv2p5d3d2lencxau78zkgsq36kza6h27hmdxq4r3fe7,169,25,19.48,No,18.88,0
1PEyxKuo2DdxTEmZ8nse7BgRqrbF2BF4XV,169,25,50.97,No,18.88,0
1DaVYmw7JGS774UUsSc4LHS7HT6JqP9qHe,169,25,7.77,No,18.88,0
bc1qxkc5zkhtvhtdctv6x70l3svqltuvk6v3st8e4w,169,25,11.87,No,18.88,0
3HBgTPChYemUSFdeXW7Ly5mhYdK8v4MWjU,169,25,6.65,No,18.88,0
37xQfBbetRUPUQEduXDTHtmPzwa66BxNEV,169,25,27.1,No,18.88,0
1GsfL5ncrUgbQXAxCNMmjKHqChavD2UJdW,169,25,10.24,No,18.88,0
1C4XerZjg2vRMiQwPDuAv346cUQEpD22o9,169,25,1.56,No,18.88,0
1MJaP5uDtsE1ECqnv3GhdLPZ3p2FYTV7ba,169,25,15.81,No,18.88,0
17nQY2Dwx574VvbYyNmoPSvGcHE7GPEppf,169,25,26.53,No,18.88,0
1C5MzjTmrQnockKdM27kLxWTNqSvQsdu89,169,25,4.12,No,18.88,0
1J6rD3F9C8RsfEbKzY2qAEfaKUpHo8QU18,169,25,6.99,No,18.88,0
34bq23r2bkL6xTuswacbqdZTkduTwTK8Mf,169,25,29.99,No,18.88,0
bc1qxjdpdtjw858na3vdvewph4pvq7snmrdlwmx09j,169,25,40.67,No,18.88,0
bc1qrxgfna6f7hc6f7jfnagyhms2xpr0t0xas00clh,169,25,6.52,No,18.88,0
3DRoioU9DZPWioPhMB4oFLvnSnhbCQtHos,169,25,14.94,No,18.88,0
329HKHU51efQHJqkZxRYzqb7Qq86ZEy37A,169,25,3.52,No,18.88,0
1NGtbjapmNe9Zfy1yUhmhFaDcJZiQHigC1,169,25,22.3,No,18.88,0
bc1qutzrecdlrynulrer7apskc6xpelvsf7edleggt,169,25,13.92,No,18.88,0
13dfukMWsr3MVTzUEhchJ6oWvFXj7d8Qph,169,25,7.46,No,18.88,0
bc1ptwkfrawk3p3etwqvykmmgzr5vj5w8zj09k7ucpznvakktchj2zaqdhp2vy,169,25,31.33,No,18.88,0
12NDy467Ks6i5vwFRhNob9TxoTE4wqA553,169,25,48.21,No,18.88,0
bc1qe0aj4wmu0fj3qpdljvl3ryydptnuw0uv0jtrqv,169,25,8.86,No,18.88,0
3NPP7JP8KUGYsM6AvDHiQsdtxs6GKDDrQG,169,25,15.68,No,18.88,0
bc1pm4eumw3h6slscrpcgeqz7usu458fvp54udm4fdcgk0w8apq3dntqvk80ml,165,28,30.62,No,18.83,0
bc1px6xx4dphfgxak5x4mzag2vhuahlsj4jnfn42lzpdkva6djqmrllqln6w73,165,28,5.93,No,18.83,0
13UVsHWXVCyLE6m24rX7cW7x7SG7MZ6ctP,165,28,6.73,No,18.83,0
bc1qqwgs2j5s8uh0g4rf0tr3792n6f436tjzu7j0yc,165,28,10.85,No,18.83,0
bc1p0z9s8k58jm239cks8p8njlc94en2473f2x5c29n70gl4g60ljycqs9zta0,165,28,54.53,No,18.83,0
bc1qrjtar35mqvdlm9fr4e2k0w7nlkmgjqfasew5au,165,28,21.27,No,18.83,0
1DwAy1C6wXy3jp3g97LCCmZeAVTCyv3Y3Z,165,28,10.87,No,18.83,0
bc1qsujv8yyaafpr5eaz9lmrwx7f5kqsfxlkwz5grm,165,28,5.03,No,18.83,0
bc1plkjpu70t80xyd0pa5pqcfaln8xum393kklj9maz2eqvygyj9cykse09x68,165,28,10.96,No,18.83,0
bc1q56ma9kd0yd6vh48jkm7ssteqkxdfle38zh27da,165,28,4.64,No,18.83,0
bc1qlc8ylf392umk4qs9839f6syceg9lyh5hl84rsm,165,28,17.1,No,18.83,0
18SvcvGoFg5ToQLvAFVVhFY4vT1HAyBkoJ,165,28,53.6,No,18.83,0
bc1qxxjpvvzg8c0hr97yut9upu9namxhrtcnswpqss,165,28,11.25,No,18.83,0
bc1qj5gs026q7h7jpxlu649e8d73psrt6l82zgdnav,165,28,36.19,No,18.83,0
38SDeoRREEHiyRRmtx2ccqhqUtRJriq7Q1,165,28,20.17,No,18.83,0
1NvhdxTtRDbvJkZwt2HhKAgVU33unfjdbY,165,28,7.73,No,18.83,0
18JtmFbeZs71CtQFNJg65E2oyFgfDAzXqB,165,28,6.62,No,18.83,0
3QXepeZ1hj8519eE3yYCsE4fCTXnUrykDs,165,28,43.21,No,18.83,0
bc1qc0knar0mlr33le976mpteurtdgffymn322y8ut,165,28,46.03,No,18.83,0
1AKgh8jNLwddHt5UzJXozJbYn1eP8D5Dbm,165,28,3.22,No,18.83,0
39SYyVu1Ak7i1L5bTSemwxojSLK6dkfuAE,165,28,14.34,No,18.83,0
3Mfrrad6RFmfiXJgtPwqti753yvjct3gAU,165,28,22.52,No,18.83,0
1DoCbWDGpUSZRP3iL1yLRp49MVq8bK6LNR,165,28,4.93,No,18.83,0
1CazkHxtnbiFbeWMfT5MRoTRd41w2vfd2A,165,28,52.93,No,18.83,0
bc1q22778de7qf739j9t03wvrp7zfvnp97h6p6tp4a,165,28,11.0,No,18.83,0
bc1pgmt2a02wvaxv0k85d89quy0gypnk43fqvq6cy7776cr7kpplr0cqkzqyh4,165,28,9.49,No,18.83,0
bc1qffeguxlxtk9qfwrl24rnaqds84drkfa9wpap20,165,28,2.03,No,18.83,0
1JH5v52CuWLHF7PV7W6jUjPDwDH34TZ9qh,165,28,3.51,No,18.83,0
35fonCEDRqTvfGcCaRYAzuJrcgobQ6GgkS,120,16,16.99,No,18.71,0
12S8nEifemD87TNF17rM8UgxQ5uNKvtPDU,120,16,2.97,No,18.71,0
1AHZv2RC9yW7t6GYCvbAjPDSFekc46rtGX,120,16,16.18,No,18.71,0
bc1phdfxz4x7jmq8wdj8mveqtcay2yu2vftfalcv6e0eh0xagmn3zv3qvzrf43,120,16,2.73,No,18.71,0
3JFwDNSnxJDMvq3MtmTNPFpBzw9s6LB3cf,120,16,35.51,No,18.71,0
3FnYi8RV4omTi4SHCAk5gVD6JzcHa8hkcs,120,16,20.9,No,18.71,0
3GeBysAYQvQxTyLFWrYS2DWpJNLHSYsVJT,120,16,10.5,No,18.71,0
bc1p7dur3ysuv9a4pnqa6cddvvp37xqma7jpeulsg2qrx2xamnkerchsgmnevx,120,16,2.11,No,18.71,0
1PpSzLqCkZ2UNuYTc5ghC5qgVSKcUvQzhv,120,16,44.51,No,18.71,0
bc1qqjpqp83dc2tkygyynster7reccsv3vreqgztmv,120,16,8.11,No,18.71,0
14NWTpxbYoLgSwTDfRppiHqTL95QHu1EGN,120,16,16.65,No,18.71,0
12WdRN6wnHn7R4ZUTXyQZxbeEF2VpoybJ7,120,16,7.32,No,18.71,0
3PLKXkCT2johg2CiwoWKVfnELM4z8n4YT5,120,16,17.05,No,18.71,0
bc1pmq3naxjnz7w7t9d6mggd6h26qgh2u4mccpck0c3ryzu54xw3l4nq5zxqwa,120,16,51.46,No,18.71,0
bc1qf66pvdkyq3c7sj0sklgekl222dv6c4mkh5ld4n,120,16,17.56,No,18.71,0
bc1qsqjsmuq8xmgh3hhy07x0mqqaju43gh7xue89ga,120,16,28.82,No,18.71,0
3CHXqEaBFTJWeC6cZkvq2BHcH9LxPgPDQt,174,21,25.52,No,18.67,0
bc1q220htvuslt5pznly7llg6sc3h9up3y00akwvrg,174,21,5.57,No,18.67,0
33u4SrXToXzMo9Rpwc8SwuqDryYQwcMX6k,174,21,0.36,No,18.67,0
bc1qtjpy49yva7u85ek3kyd32w79a5q8eu2chd2thz,174,21,21.37,No,18.67,0
bc1p5zpaammyyvfnvesycvncnyy4du6n0hdz66ncye3l7sd0yfwxqfhqjkmhvc,174,21,37.4,No,18.67,0
bc1q54x04c65tc3uzlfznhgc0chgej6um9zeq30ve4,174,21,22.31,No,18.67,0
3NAtyLSQ3TYsukDoiugiA8sprxCbMxnNML,174,21,7.21,No,18.67,0
bc1qpmhah0z2797pxhnsqwmgah7a2vezthtmltqu3x,174,21,19.28,No,18.67,0
3H8SqtZQSWvJXYk5dH1VEcPqtLYccwxZ2m,174,21,18.06,No,18.67,0
bc1qd6q3arud6cy5rlq249e8k82cluk5cq084gtx6y,174,21,22.31,No,18.67,0
1JPQaaXaQhLvs7oUpRYqChUhCpDLcR6wUd,174,21,21.67,No,18.67,0
bc1qp87e70udhjfttjdx2gdz7k43jz4vyk5f8e8v53,174,21,7.33,No,18.67,0
bc1qlkfazdnlt70g4k20z2xtf9gyh08khejp6hrcj0,174,21,1.91,No,18.67,0
3ESyirjUVsgTMc8YYnNMP8fih2CaHt5uYh,174,21,44.21,No,18.67,0
1FjNqq2yUgSGBsMH27UthTTT65rnvKzrVG,174,21,5.77,No,18.67,0
bc1qjcc4r2cmlgqfjd36upsvc2kc6p95vps588ftvx,174,21,35.58,No,18.67,0
1ERF6vbQ6Wb9bGtxCbqCfV4z58GUw1v3xw,174,21,2.04,No,18.67,0
3L9msdSEjgtKVwHhq2hWFh27a9suAz2a6j,174,21,9.04,No,18.67,0
3HNXEciCrYP4YT2KWEqxDcEjAAa6ztbYiZ,174,21,20.94,No,18.67,0
3GkfZJ1QXWUXkhhPdBo6RaHLphKyPoezkv,174,21,15.47,No,18.67,0
bc1q8hvu6snqej95r8veltjv7slldkza32z8tnr0cm,174,21,48.78,No,18.67,0
bc1q9w79ugnvpm0dngq5admrfwvzsfdtpj3s0fw5cu,127,20,7.35,No,18.64,0
bc1qt5ztzg8k6r0p4fzwdk38895kyvadauy7kxwfqp,127,20,2.15,No,18.64,0
bc1quqthfye4uu6lsuvq9p8r2dhl24uu0l6llfzx67,127,20,37.62,No,18.64,0
37V8CuZAapwKQhRwKy3jLXy26enPASDBmo,127,20,5.41,No,18.64,0
1FYFY8wqaRmwwnDuDGu9t44qunLdaJMHiG,127,20,8.09,No,18.64,0
bc1qfh4y2wgfaxfpav33k8tghzt0d8qm9y43ydmfm0,127,20,9.48,No,18.64,0
3NQpFj5ubmmn9EFrazimF4eRUijfCwxLSm,233,20,2.02,No,18.64,1
bc1pl0t6hcvy3ha76s63ejdmhdprxqjljgarpp498xqeupf3n7gne7eskd470x,233,20,11.64,No,18.64,1
bc1qg0vlcp967ysw7zsffu7kdfe5uwt2cxk6t354ej,127,20,16.83,No,18.64,0
bc1qthc9x8jxwwhlhvn02rq3yfhukc9uez0dn8ajz2,233,20,11.41,No,18.64,1
bc1q3ghms9v0khw3fhqtw273wu58e3746csp4u0qtz,233,20,21.65,No,18.64,1
bc1penwfys6ycy5eljqcskt80fgyjlgs0fystp6md5aasamgwq20pdjqgjp0xw,127,20,14.7,No,18.64,0
1P8TprJBPS9mFei4P9RKoZSi362DqM71ZS,127,20,16.14,No,18.64,0
3FT1S1UqurHMjMCJ4ux7NwGzVDzKgnGNve,233,20,10.16,No,18.64,1
1DfgyQH5V7pooFMmrpgj3eeHbSUVnWN4bf,127,20,19.98,No,18.64,0
17TUhq8gSXWx8m9VaSrYxUV62XfZsxyVUV,233,20,3.77,No,18.64,1
3L9UVUZVu4FGdSAnvspQH3mM9ydtnV9s7H,127,20,33.24,No,18.64,0
bc1qw5u0s9aplk3sknpsa6sqqlt6gy4s5jpt8mn3ax,233,20,29.95,No,18.64,1
1Q71AK6nrD7bgfvupGSCgNuxgEtsSymnDn,127,20,44.88,No,18.64,0
18gieSea977oJCaZ5QwtW5gzzx6beHZC2K,233,20,49.94,No,18.64,1
bc1qzhzjt8vmlphtn0pzxptrttzle6nfvmswsw25ae,233,20,6.08,No,18.64,1
16wZtqD4gq8f3UFFMs1V7xno4P3wfDfU5R,127,20,50.24,No,18.64,0
bc1qwv02c3kx2qv5hsm098nqxj7ukydk6h69jcdp69,127,20,11.47,No,18.64,0
3CPEdyJJjA1yr3dDqrRbxkq1bV2UmA56jS,127,20,10.41,No,18.64,0
bc1p9qzwhyyyjzzj89mzp7kpfexnc97rks788v0k25yyzjdwu3nspa8stxpz8r,127,20,12.1,No,18.64,0
bc1qxq2wcpe0s36v340xfjevrxsw8kpgzd5nszsuq9,233,20,33.32,No,18.64,1
14xQss8sN5qsEdfHmE5WMZyFhGS1qbhfDa,233,20,63.33,Yes,18.64,1
bc1qqsjaflfcrhu7vte56uaysdr7uv3n7xfxpn3qqe,233,20,14.62,No,18.64,1
12u1s5yYsEpfz9u94hkz1QEBG4FkC8BsJk,127,20,14.61,No,18.64,0
1DGmNRRVm9iM1quq7gmWXJrag4S5dguoQx,233,20,25.48,No,18.64,1
1MuKwHA492S27V9GVtA9p7f7Z6U6Z79tSd,127,20,20.73,No,18.64,0
185b6ywFePh4B8XrnNyQxvb8yEZbJauz3M,233,20,3.78,No,18.64,1
19Df2XHTZVfbhjnkEjJHLM8KARjKsvru2G,233,20,22.58,No,18.64,1
bc1qsram7jngvea4z02mjr3973ls452wsp3llug0a2,233,20,13.65,No,18.64,1
3E9sznN42NadxTmvoemn9iEABKoWFzwxAJ,127,20,28.43,No,18.64,0
3N94nFG2Kk7ri72pvvLowXPqutaS77Tbkz,233,20,5.55,No,18.64,1
bc1qpyzt9d7h3gl0yzsh5r2qfkp9jncf0s33rmv4au,127,20,8.99,No,18.64,0
1HQMGbFa6mgKDZ33A8BMTLQkRZkgLYeH8d,233,20,14.38,No,18.64,1
bc1pg90846e3qf7wz8zhpkl3lh8sthke7satp452c2wh6ztguwm0a0vs80zsyf,233,20,15.24,No,18.64,1
bc1q7y3mdahjcwwprmramcrkdknf4smnqt6fjqlpn6,233,20,14.19,No,18.64,1
bc1q4uzlfg7x3ee8nelu8cafh57zgxz3kk3l6hcl32,85,52,37.82,No,18.63,1
bc1qxhlk98f08tqv3qs44p8ct9cnswprhh8fc5s3xh,85,52,24.76,No,18.63,1
3FMVJbWoD3MvqDbU5dRZ1Rqi4CoXJMBveS,85,52,38.89,No,18.63,1
bc1qpe6cldk3u53mvpkazdcu70h69htvuas0p509j0,85,52,48.8,No,18.63,1
3FBKESCU9GaSd45mzejuguPKMLTKUrHo4V,85,52,19.33,No,18.63,1
1LmN9fh4LCDT4z6gENPewNn2W7pTU4pLG4,85,52,10.22,No,18.63,1
bc1q69pmfd4utdtm6jtpfc680xz7l87jugys8e7vwc,85,52,3.54,No,18.63,1
1M1avLkssumDRGS7X4LhYUoU3xD2g1Tcgt,85,52,3.09,No,18.63,1
bc1q9m2w9zgg7p2k8zsgnkhvvyp6prv7npx2p2r70n,85,52,25.88,No,18.63,1
bc1q22h7cxmxd65gfwfze392cfggvvsfm5vj54p5w0,85,52,13.85,No,18.63,1
bc1qffvw3c5haks380c8r8v80anjtlvjd0rvfu2lkp,85,52,23.23,No,18.63,1
bc1qw4rshg8htuefdzj75sgat7usg54pnk79wlv99p,85,52,22.41,No,18.63,1
bc1q45p7fx7lupeqmp7a2dq4c8zgmvn7s8yex6mhr6,85,52,21.08,No,18.63,1
16v4BbRphCZP1JPXJsvvUcBi7pHFvVUVqs,85,52,6.28,No,18.63,1
1MU1geLoKtXYFcQbUj3yJStkWNAuTfSwcB,85,52,2.06,No,18.63,1
3N2yu9QpAVYnb8mEYPwsE27rqmodQsUwc1,85,52,35.98,No,18.63,1
bc1q3kwgj8tk2g8p7y9gunkyxlxtyymj52uwvff0gt,85,52,1.45,No,18.63,1
1BR1BznZJHMA65reJt8WwD4qpUUtV3u1k,85,52,4.51,No,18.63,1
bc1qz0fy0ccp2z3nf4ttgswy7x2xjsde59jhe8eqmk,85,52,29.75,No,18.63,1
3GBUQEtS7EQmUsp4qQmQHe5vpictH66Jm7,85,52,19.99,No,18.63,1
bc1qxekwhmtmpz0033kydam0n0hjxfgxjk9umsdysp,85,52,29.37,No,18.63,1
bc1pkg5skt05k782vgzl0j606pxrh9x60gx2ggprkuvsncamcd3a2v6s3nw6q4,85,52,17.74,No,18.63,1
1PNRuyJ3xDq1C1V9qRgZSLD97ZVR7HcSmB,85,52,17.14,No,18.63,1
19vUmqhTWrrdMx6BECXKcxiBaCwrZRkNYW,85,52,28.86,No,18.63,1
3L8tvFvH3YKs4DG5e6VDJfxqHocE49jD1j,85,52,20.56,No,18.63,1
3DEYpQrdpaMm3psvKzK96XdjPrataVFjFu,85,52,5.77,No,18.63,1
bc1q3ug3vxuds7009zugmp0dw3x8vda50r79426xkp,85,52,1.81,No,18.63,1
1B9TMTSfg7UJywBe9Cfyn1xGyNhvzqb7i2,85,52,11.45,No,18.63,1
bc1qccrgzk7g3j4axrzng2y88xh3fd6q3d0qdht42l,85,52,12.7,No,18.63,1
bc1q9gr2rnvfxdaye0vapzea27ytcg98puvgt5qcrx,85,52,9.85,No,18.63,1
3FzrFq88X2HijsECVMZcUDqtxc2UobD71Y,85,52,2.43,No,18.63,1
1GQPeccvakntBvmKabNf54QCwLmzgXbBBy,85,52,9.17,No,18.63,1
1JJNXSBa7BdAFBm9WG4uy8a2bokEEALdVk,85,52,12.7,No,18.63,1
3JmjbeKjo5UobH7GEfVKXiEKJZp8aBvJyV,85,52,6.83,No,18.63,1
32FeHBqHULC41Pu6wLDfSqpzFQECyYEGML,85,52,10.08,No,18.63,1
1PBbMU93WzJkwEhFnFbAjagYU2HQn1ZPJy,85,52,6.87,No,18.63,1
3AYKRZknXiw3h4jhFNcioQtAWDxY216a1K,85,52,0.64,No,18.63,1
bc1qe5jawkry8qtgp7yvpyh4fuxtmadwqxl9nvqvw5,85,52,33.54,No,18.63,1
1LW74Y2FXAc7VPzFeVH8dFiHmF1BLpofeu,85,52,42.79,No,18.63,1
bc1qfq8c6wurjdnmjgqmxa6eug9lk57erwz2alcup7,85,52,20.56,No,18.63,1
3DUCiRHgv7S52Mc7psp7vWxT5BRjmMEtyp,85,52,34.09,No,18.63,1
bc1qx8f8ekr20tx0maeu4yx3y9n48wvj0lvetjyv5z,85,52,41.86,No,18.63,1
3JGpWG5nFM7UhBxsCkMkMA9Aym2xMvJfpE,85,52,17.15,No,18.63,1
bc1qqxcln8nq4hyfp0x735ds7ruxw3jyw0amqnwq8a,85,52,24.29,No,18.63,1
bc1q0tv8m5xy4cx4sqzp8egnwl7dn3fuhjevdes30n,85,52,71.41,Yes,18.63,1
bc1qx8gfqr3tm90n2v44de70p9sza375wmr5j22e5g,85,52,20.51,No,18.63,1
1NTHJH9XwTFHVzGBdAVQrPpPqTgQeWr8jC,85,52,3.54,No,18.63,1
bc1pqygknl8rjelrkj0u4rkhkes74gxq0dkwc4ysfj2grsmkmtjfwvzqxn9fkg,85,52,2.48,No,18.63,1
bc1qpjyjqdq6cg06zwzqnue5m6tt6m47x9cwe3x8az,85,52,19.8,No,18.63,1
bc1qr8gxwg9agrvc6rj2aedgvnhj08fdv22fsjdmxw,85,52,7.63,No,18.63,1
1KuXrtjMy744gaG8ZiAjuJjfmdxcje9yZE,85,52,27.83,No,18.63,1
14N4RSsRF5qrCf8kpGAmfkWUA7fLub1Lq6,85,52,4.14,No,18.63,1
bc1q75cvaxses798cejmxdqtc70w3smp03wywmfkz8,137,12,18.92,No,18.62,0
1BispqmHMj8uZXVrQupTN6Gc9QeeK4ZFQq,137,12,10.48,No,18.62,0
3JoDFE7jXoZFkerAueFWjFsujWQrXwg2CG,137,12,14.53,No,18.62,0
3JmKSguxm5bpvqdQVLAt2Kxg8UT3fbxT5q,137,12,9.1,No,18.62,0
1GXUbKkhhSnndfyduhFqWvpZ9ZFv1222d4,137,12,20.22,No,18.62,0
bc1q8nfqtxjkumns75pfezrxszj4r4wylrnwdft95c,137,12,7.92,No,18.62,0
1DKZi7x4QhvmJ9dzxYcjrZQ4csorJkiEPC,137,12,35.7,No,18.62,0
bc1qca956yctf2wqxxgmuzj50l4r5zch25rw0rfx8h,137,12,16.26,No,18.62,0
bc1qynyzm0tmqzxma7t8ed7g0cgq52tyqer7w684au,137,12,3.72,No,18.62,0
bc1phqppq2at3luns4p5a3uhfna25nnlrvfdcumzhztt67zjdg3jhatszdm822,137,12,17.53,No,18.62,0
bc1qgnc63v0v6fk6mgv7jvkw0r5wj2me9r6thd3j70,137,12,16.02,No,18.62,0
16VRez5k95aCXMgP6NLXyKn8YUrJaNmgxC,137,12,53.09,No,18.62,0
bc1q09n6suyslf2nf2jg6q9serhyj2vc7ph2p3tj8l,158,12,14.98,No,18.6,2
bc1pujpnl2hs98zxfl8aw36fevtxazmj7lkx5j7yqe35atthszju7qdqclsd6d,158,12,3.64,No,18.6,2
3L2xj3giATSP5hgC9vKHheFzZWJkuJfdUy,158,12,10.47,No,18.6,2
1CgmBRhoHJDF6iJ2GBYv25NpebB4HNLx4o,158,12,75.11,Yes,18.6,2
1AHUkZUqw3exMB9GNquES828hR4myH113D,158,12,16.78,No,18.6,2
bc1qxw566vs78kj608aadygncuwfh2lq4rrqh5vp9l,158,12,64.11,Yes,18.6,2
bc1qa406q7y7u8fdk95j3ywx6ejy3lq8jd3zkur899,158,12,7.86,No,18.6,2
bc1q8afgdd5qqs867ucekuj2kzkprvjg5xcfqrjegp,158,12,6.13,No,18.6,2
336FV5uDB9VtCVikfYg4ers2kAMxdHSRyR,158,12,2.36,No,18.6,2
1A6UVhDKFmt5hSDvcwwnzR6s9ngcM35oCN,158,12,6.18,No,18.6,2
bc1q6ttk2ymvp4wftl5l7u37tgr9mr780qrraqvpka,158,12,11.47,No,18.6,2
bc1pdkc66y5akr2hn3s9tcn6w7np0c9rh07zl2dvxckfyyaywwngw0ysuwrkh9,158,12,4.13,No,18.6,2
bc1p7wsl0wpqe2sgwgwnc8x0eept7wvyze9kwa6janujerzs6twyhzeq8qsa3s,50,16,24.55,No,18.55,0
3M1Jbr4qhDK1Ykcj2A8C5AcsAQAc2SavZ8,50,16,4.5,No,18.55,0
3P7zLmegAg3trVjWzzRpzwGAhjiKUNM2Kp,50,16,16.18,No,18.55,0
37nAZ5F7m3e3oLv8FxHoPFRiLaGC7cGneS,50,16,25.93,No,18.55,0
17KfYv9bdSF63xGbtDzgsL6BqkSkeVzoj6,50,16,19.38,No,18.55,0
1FyvopZsrTmKiLEsob15doMQ29ES13zSEt,50,16,28.51,No,18.55,0
bc1q246dszjzf6g09gacvmv5h4xrp7tmqa3xvl0jfp,50,16,26.93,No,18.55,0
bc1q3pv2e5fmmu8lseflxhlms4sstc3sc667ee702j,50,16,25.44,No,18.55,0
bc1pmzes4qcgwvqsn8egedz58uy546x8npelx3t72d9v0g3udakc37fq3qu0u7,50,16,18.11,No,18.55,0
bc1qj8jhhrlpvnu0qt933vdvsnnl4aey9jxrd0mn3w,50,16,6.81,No,18.55,0
bc1pnatkeuw9e3rqzdx88u5vwx3fjeq8rpm0n0uklu8hq23z3s0j5dlspmyy75,50,16,6.71,No,18.55,0
1CK8UbmJPkGCc2yNqiZKhJfnLWCuTwYo4K,50,16,25.07,No,18.55,0
bc1pztgjtqdekjkapkctfyy4lul4yfmrly2mh60g8m4v7cf54wn973css0cpe6,50,16,15.11,No,18.55,0
1L7cD8WHEmj4V1Z9W1pwrfRCLBHqAVcKwj,50,16,26.52,No,18.55,0
bc1qtdtjnxh9wa6h4lpkms30qrhk9t9u7a4k5vqayg,50,16,8.49,No,18.55,0
1BPokLPszrHmCpQWc9tW1x4qxivdwsMUPv,50,16,18.54,No,18.55,0
19Mx3HwHaJC6yeBDhKk65rm1YCCsNqXKq4,40,24,7.84,No,18.49,2
1Mev32kjfpn9c1aD4SDdHy1CwWeQCyptkp,40,24,26.77,No,18.49,2
bc1qr6mzefkm8av4r7cumh0wsn8srm3ptueepy6pl9,40,24,6.3,No,18.49,2
12NTGkGgSQ5gGRqMijyJ4MrNX1YjSVeN6h,40,24,13.01,No,18.49,2
1CGxTirRQVxrntcoVMKRoVGxfBrcxMJ5fn,40,24,22.34,No,18.49,2
bc1qrdyulavc4a6hs5cr6nrvyrrlkyulpuqu360u8p,40,24,2.29,No,18.49,2
bc1q3ha6lq6x6g3y86c5aph5llf494gxn86mmfnez6,40,24,16.3,No,18.49,2
1P169CQ8BBdPY9NsJZWoFfR7Um4izc9pPt,40,24,13.73,No,18.49,2
bc1q49rqvpc22llgpanc00sm6vk7x5m729y52wqe2e,40,24,1.95,No,18.49,2
32XnwoaMjQdnww3a9XuRXW5Ha45c9iHE5B,40,24,9.82,No,18.49,2
bc1qc5g4262n7v8gz2720n2qqlkcn0n632nfnr0npc,40,24,20.64,No,18.49,2
3Nd73T42jRiotfSqNbHn6dNojRR4UFJZaR,40,24,59.58,Yes,18.49,2
bc1qx36ezsmx50ndm2vnrrq4y4pne00hjq0zvp3haf,40,24,36.77,No,18.49,2
bc1q76t3e5qj5j75rx6c5xqfp33wks6umm4kc4e3q8,40,24,11.84,No,18.49,2
bc1qg6702fsdxmt0jl6awyc79x6k5ylegm4ckufmkf,40,24,2.07,No,18.49,2
bc1qep69yt69rv2adyptml4n0j4l9qd0njczvzq6ph,40,24,55.41,Yes,18.49,2
1JUPJCC2H6x2UJySAVwAtYe2wrxhNu133x,40,24,2.99,No,18.49,2
bc1q4lgmndrjqf9uvghpq445xqgwmwks60pgxdgvrs,40,24,8.89,No,18.49,2
136F4DtHswYKBRvmFwzcEpQREJpNQfDpXQ,40,24,25.59,No,18.49,2
bc1p8vfd2fdgztraunzqqel90sq6mcs3v0t7dt8phvf52dg663vkc9vql6zun7,40,24,32.62,No,18.49,2
3MCUSHZDH9TNeSE25j4cko7H5NbNcqMtCG,40,24,42.56,No,18.49,2
bc1pgym5pz4cuhsqj4zpz7jhkq35majc3jzkf4wlhrhxrrtzkcuza93sqgkfz7,40,24,6.77,No,18.49,2
1Nca9Q174yNCaDEHEwM1uShXaxdVbKYw4L,40,24,4.46,No,18.49,2
1DpbJq8GZhxqze6JkoB13UEFPRMfEP5Mek,40,24,13.24,No,18.49,2
bc1qppaukyf3at6k9v9ewvrwqnf8xlwd4njramffsn,115,20,17.43,No,18.46,0
bc1qqg8el8gjd78fxsufn623944wv58yydq6jm9wge,115,20,12.73,No,18.46,0
bc1qs7gqnjndk3u045wz6l0swey98ugcvky494n2tl,115,20,3.73,No,18.46,0
bc1pf0t86eee406605ud3gwlrt0djmy92td7e6tany5d5egzuxkayqashqzywx,115,20,29.23,No,18.46,0
bc1qmjqq2zz2tlf5t69esyqpwcuu8383l8eawkl9td,115,20,23.28,No,18.46,0
1L7w5F4r1WR1a6GpzQa31zJhsU5ip3BVdT,115,20,25.72,No,18.46,0
3J12ePzDRkn8f124kBv3VvKiZVu2r9zMPw,115,20,5.11,No,18.46,0
3AUQJZY9Cs88fwL3X3rC9bZSo3Fb8qUCak,115,20,15.97,No,18.46,0
1ENYRzAMYueRkHgJ21YXUq8Qr1MZsAQMwB,115,20,31.74,No,18.46,0
bc1q384s2r5yhreu80e9pr7hksq4dp0q4fawpmjcd4,115,20,10.93,No,18.46,0
bc1qrlf9aeu9gpzh75rehcxzw5paxufn790sqymgfr,115,20,19.59,No,18.46,0
3JCe9RP26SuvfUmrncqTBychwYExaCwuSf,115,20,18.31,No,18.46,0
3EPebaXn9crrxFdFvb64rWZ4u89Rj3E55C,115,20,17.95,No,18.46,0
1P5i9149hGXsQ8cvxYE9HSe924rsLt9RkP,115,20,39.19,No,18.46,0
3DX9fY9RCnEHLVCvmJSgVpvDT3jjAJCqZN,115,20,27.06,No,18.46,0
bc1qc5sveg8mtfwv0plmt5mj399jlqfvjeupcx2znx,115,20,30.37,No,18.46,0
13NtohcQbHytYS8WasUV6kCuGecHKjnjzi,115,20,9.59,No,18.46,0
bc1p6pq6hqkavtj9pjegss69jc4t6g30cu3lrtttl6y247rl0fj47y0qr2lwry,115,20,5.5,No,18.46,0
32622cJvrCU56rLx1CU3MS4JZ7rSDspUVD,115,20,7.13,No,18.46,0
bc1pqzhngnqf7y8zpfzwz80jjpz7d3lrn5svqx4kemkd7ew5j980fy2qx8mk9l,115,20,18.71,No,18.46,0
37DwkUW4kxqCD8TvKnA2T2MuqBak2mn6a7,125,9,65.29,Yes,18.31,1
bc1qr7dpkqknvrcv3uvrh7m90k7hluj9cngg52m5m0,125,9,13.57,No,18.31,1
bc1qmrqqe5t6lxy4nzrt2ujklfk0mwmz5zssvxh5c2,125,9,15.74,No,18.31,1
bc1pz3grtkuu4h5nxh3z6d7n9ar70l9fxnchgq6l2cnkz03xpktf04ns7895ml,125,9,18.96,No,18.31,1
1KY827vTJQzZdXBXSk28LyMW3fkEJdqD6Z,125,9,7.21,No,18.31,1
1CtUrehpjUbDEAnssPh4aoLQZswgiMZVY9,125,9,2.86,No,18.31,1
1G9CRmBufrtFxtWBWB4et3UtwfmWWfud53,125,9,4.81,No,18.31,1
17Ei1DpgvVfWDwgSJd88Q5PhLnXswJ65Yq,125,9,8.93,No,18.31,1
3B87WrifmSDN9r2BzumGkCbvhyJVbtGPaW,125,9,27.43,No,18.31,1
16xhr7XSnjJxisHpqW2xMRd4w2vnsT2t8f,157,32,50.61,No,18.22,2
1DVsH5M9tBJQkhCbXtkvJ3L8tXcabm2fKD,157,32,48.57,No,18.22,2
1DTR9xh34XDf9bevj4ZjoofEL9owCraiHC,157,32,40.17,No,18.22,2
3JAQAgi4QKrqTbv36ha3sqnpgJpFdfrwQo,157,32,26.74,No,18.22,2
bc1qzttvdrmevym3kg5s200fr26hq2s2ds6mrze550,157,32,5.44,No,18.22,2
bc1qn3pdkal5pdfx5r6k7jk5l6mhx2zyqg3e33u747,157,32,6.6,No,18.22,2
16eaNWQdGJ3H3sK4eeXBbuydKiHRqHvDeZ,157,32,6.49,No,18.22,2
39QcJuPJNxbtKDkBTAZpQuQphigUpWqZmP,157,32,2.02,No,18.22,2
1KTqYp5po5RmVNqe4L72gSMUUPFQHrGtpQ,157,32,13.0,No,18.22,2
3KLpR82WiG8JX4omJ3ZT5Ngs4NLP859LkS,157,32,4.18,No,18.22,2
1EwoZ1fqAQoQRbXP2CBnjUBTNJpfLto6Xk,157,32,2.79,No,18.22,2
38QNJq22ZE26rzmR92SArVfsjF93rXBKYx,157,32,3.13,No,18.22,2
3MgKma6nuBCbNh58fLfmQhPQkSyhcLpE7L,157,32,10.61,No,18.22,2
bc1pw6lpsk69egchndfctz0h6euvaaw9rslcd3nh65zu0fxr8gsuxhas0g08hj,157,32,23.62,No,18.22,2
18s9XsPZU5xsvwmHGUYqLofF5CSp7MVwjs,157,32,2.75,No,18.22,2
3NSrF1nLUCuaYwwu31uLSGz6G4xVnMEyAh,157,32,4.75,No,18.22,2
bc1q4dnq5484zjdsgpq8a3l3qfvcktc9wuzpxwn6g8,157,32,5.67,No,18.22,2
38Hv9Rc78n3k9Nm8teLbD7ruuqQoonLCnL,157,32,1.49,No,18.22,2
bc1q6l72g6c2u3l4e0jk2ltu7kjy89kylesdxffug2,157,32,5.67,No,18.22,2
bc1qkp676fpr7z7scq3fdgzrkxcnm75zrcdn65z7vd,157,32,13.85,No,18.22,2
bc1qq9gjrw088sdk7zjwky52xx6erwhk4gdj3tu3gw,157,32,38.13,No,18.22,2
bc1p9qkfgccv7wmx200xtlln8eqcl0a2u5ne2s6tv5xcxffuw0jhn4pqgu3wrq,157,32,16.53,No,18.22,2
1Q6B8EiuPVWAYets5SA5PwU7svwCX45noj,157,32,27.17,No,18.22,2
bc1pcwza4rpn3amft0gv4jq6fny853n5ltn4mcetly93nhn4v9grffusguzxh0,157,32,4.45,No,18.22,2
bc1p8685v6fwhrqs0ntneyktdg6uunt0kjuhqp2wzwcqtc357zjma3es2xmcm8,157,32,31.35,No,18.22,2
33bY9tBW12bPz8fAqDpq9XbrvxxRs97trG,157,32,7.25,No,18.22,2
bc1q3u653mc8706jxhrfz4kgccvhcntztgjnzdsh02,157,32,20.49,No,18.22,2
1KyEeqgT6ZH7vQFfRC2kaadGK7qtqa1Lrq,157,32,2.88,No,18.22,2
1PaAaJ6F5txbsAoCXVSJ7kvt7XdrwZwwU3,157,32,11.25,No,18.22,2
13mM6DhYLrHWUSdwt9Zg8G8iMZWSBxENNd,157,32,58.34,Yes,18.22,2
bc1q3sygp3lmx4wvzeamqq2qtycwjey4vylc3cmxsm,157,32,76.3,Yes,18.22,2
bc1qaarhatw7w8mdvjlqqqtth8q99dadewv5u2l948,157,32,10.83,No,18.22,2
1HCtky58GmjN9ZZyq7x3mE1xokpGBiZhM5,216,16,11.13,No,18.15,0
3Qqc3JVh9FYuXN5xLPSXKiR1YbCurgnYDh,216,16,6.29,No,18.15,0
bc1qtv7a2zgq557dqlx9rja4d0spz60lzznusgc4x3,216,16,4.79,No,18.15,0
3MPUfvcZLkgC18AbhWJwU5ptwsME28yyYN,216,16,21.41,No,18.15,0
1HzYwa3bJ67RDGGYiSkbZetuQJ8ruqSH5r,216,16,38.58,No,18.15,0
bc1qmqdsxqy274ekkf3dn0z5zewfqhgkl20rpcty7p,216,16,45.69,No,18.15,0
12njakVWwzavDGTZR3MZSypsYWAg7UF4iK,216,16,22.86,No,18.15,0
1v1jMGBWmy2DhBecvpsRyNcQFae68xQb3,216,16,17.7,No,18.15,0
bc1qtr6xj2jk7twah878zrcevrt0xh78hgkzhh5ncj,216,16,3.36,No,18.15,0
1JSzRoytUcMTWsAsXJxiRJtCtdcUFivkXt,216,16,19.29,No,18.15,0
1FRNcH2aSANWbZWmRqWiEpKFCbduCPoLji,216,16,23.03,No,18.15,0
bc1qzjchua0s3hdz5dyvsjvdpdfyq4m7fhg03n535x,216,16,8.71,No,18.15,0
bc1q46u709jx647av33ax2n6mgqye7hhjg34t8l0mt,216,16,27.12,No,18.15,0
bc1prrs2gx4gh32zs2tfwl4kpq5wmgu2hsn3w8x6q6prwj4fdylsh08qk76ukn,216,16,13.61,No,18.15,0
bc1q4z38u9l97u4a7s7gsyl67ayern7fyyelxkf4z6,216,16,6.05,No,18.15,0
3QQutXY89phoH2hspp4jXQFsMaPQoSgfSi,216,16,20.78,No,18.15,0
bc1pr4vmrlytrl78jm5s3502eejx43qr056dmzx8n5cqa68lkf2pexmsmx79xh,166,11,23.05,No,18.15,0
32kFdxUrWJSSWT3eTT3dsmUsDv4z7T7KUp,166,11,11.87,No,18.15,0
bc1q7r3s4djhkdkha8x8kjjtushc60mwj2jl253q8q,166,11,16.28,No,18.15,0
bc1qgn3cnthu8ml9f2gzvhdau5qh3736q88w85jmt6,166,11,3.98,No,18.15,0
bc1q4kexpflzn3xc5c80r70zx58d0m0jxc3eck7rdk,166,11,40.88,No,18.15,0
bc1qvn6e75xny8s8cz7h9f5jn5gr28jjmqjfj6336c,166,11,3.99,No,18.15,0
3Dbp6qeahNnLNwwdqGJN4aGYzTEByimUtE,166,11,20.57,No,18.15,0
143gvPc4YX7n5kLkWp2VU8ynzHvceUHkDv,166,11,9.99,No,18.15,0
bc1qlqfclel5a4hhsgckvd99agufwc3smvvve4dzqh,166,11,36.88,No,18.15,0
3HyEdbTdmq9WRH49v3W8retVCcYKWNG9xR,166,11,8.02,No,18.15,0
148L9wLi85dpAzJVnH58B879wi166N57fK,166,11,24.1,No,18.15,0
1DA7wZKC8e8Sgth83zW1PngRSDZhjSRNov,45,28,53.79,No,17.93,1
39DYxo5pNwNkFLMWmuLUuqN3VGyAgAykoF,45,28,1.95,No,17.93,1
1CB4T8FFUR7pqxVxobPMMsVo9xQwLNerHA,45,28,20.64,No,17.93,1
bc1q9grmwg6n47x2ze6cu2aesd3pn3gcks3rdasnyr,45,28,18.3,No,17.93,1
1AjENtqtd9Q66sZpv38kygTJue8JGCBW8k,45,28,4.36,No,17.93,1
17XZRUXzPLeokCrivCGYne5ScSBBM1pJBF,45,28,2.79,No,17.93,1
1BgB82WWYvzFWBFBUNMRas49bzUtynM5fp,45,28,2.93,No,17.93,1
1GxTUrGPRRbVEzVWX5amQtizpA3jL4vJ6f,45,28,22.56,No,17.93,1
1GWoAeVvmmi4pgqNxPStdwGwBa1iRpWBcF,45,28,1.16,No,17.93,1
12ib4BweaV5EiUhNYvhkZkDBhqXkwvvvdD,45,28,4.03,No,17.93,1
bc1qscaam87cr53rtf2xf2mwuryhtcne06t64r5pcs,45,28,2.89,No,17.93,1
bc1q33a4n67qf3laxhk9ezks4vzlwptm360avpnr6a,45,28,7.71,No,17.93,1
1Km8A5TVNLLH6dQ7LWmSSK3aFs9HCwiBbG,45,28,73.32,Yes,17.93,1
3B4vfFwKnq1Upbx2L7ujNRgWANGkYmJCuA,45,28,5.45,No,17.93,1
bc1qecu8qzns3hzycxayxjx2g406kg5tyvjmmunp0t,45,28,11.24,No,17.93,1
bc1qfd028kuw4ggvzh64s2wmt9a8qgr0yytkxl84g3,45,28,53.24,No,17.93,1
3DxL9eyc8oCjmcJZPsGZkbv7X85Dt4VRkR,45,28,4.84,No,17.93,1
bc1qwstq87jr2s09hhhz5v7w7ekzz47wrhsga9x762,45,28,1.35,No,17.93,1
bc1q86pr20a4lp98l4qx32lwyn35s5vfd90rafzg7n,45,28,2.83,No,17.93,1
1CjiJ4WxVrfXYTEDuvuvExazWHNbGMmbwu,45,28,15.44,No,17.93,1
15AzUA9jGwTjxrtySD9ew9iT4hkUJtisWV,45,28,18.37,No,17.93,1
bc1prak4mvwtn68tuc4vfyhr2xrjfc2hm0759pcxludwmmsd6p63h7hsj5qgzt,45,28,38.48,No,17.93,1
bc1ql5g7c5pvy2fggrrj25h5pjp57l8m5e4p6r5k3a,45,28,30.76,No,17.93,1
bc1qee9j6eg9xzu5akh9sjm029g63evclyy2vha9g9,45,28,49.68,No,17.93,1
bc1pqe9ut9tjnuay8ch24zz8pp9mj7u2h529nlcjyes65246jkdzjs2qjddh97,45,28,10.92,No,17.93,1
bc1qw6l4jsdsaggdrdc3wrzrf3fkty6kusw8dqj85n,45,28,6.27,No,17.93,1
1AowNPVcSEDW1vsAA94QGX6Bh4RcDxF8Fq,45,28,23.52,No,17.93,1
3M27cD82RguH9yw5XrmueZm8LW8LadMfMb,45,28,13.1,No,17.93,1
1sfHhaBX1Xu3tzouyDoUYzYBWYXRFBh5J,131,24,11.92,No,17.86,0
1FiAsVKg9ixCasbsVbyfKbQyEfkgExa9i4,131,24,5.75,No,17.86,0
bc1qvwsnpvcpf3dqyrjsnhrs63asa8pn9s9zxe6rxa,131,24,11.98,No,17.86,0
3FPmGsSTWzhWRMvX1i8V1RmhGNLDsdtaJp,131,24,32.01,No,17.86,0
18fa278Ypit7ZHad1GxDaWEbSshbCWiDRg,131,24,6.98,No,17.86,0
bc1pjx4t9u9hf9htcdwmh5da3283s8jmalzqxzt8r5qjtvqw0gs7zzwszgch05,131,24,24.45,No,17.86,0
bc1qx9tuk6hey7hqxe40jxnm0dn3z9x3ghnrcwe83s,131,24,9.34,No,17.86,0
bc1qxcjuu02v8ud59ym6utqw2zpgqpsl7425llxk4t,131,24,12.32,No,17.86,0
17uegZdmGAVyRbaRH9S5xjnjobnvuhLVX9,131,24,29.46,No,17.86,0
16fV2AAgjgNRWyidg7yj2HCJ5T2MkvyxXX,131,24,53.23,No,17.86,0
1Ca5RFktWErPshBUBseL3ZnaAwUchYryxS,131,24,14.64,No,17.86,0
3BnK7RCMUa3RFYjKPd26H2ta159VBV4E2X,131,24,20.62,No,17.86,0
bc1qtf2g58gdsv0h4vu7z0rwuy4948m45mf5leq280,131,24,28.39,No,17.86,0
3QVveExMKL5iVYRJz8Ym8ZqczCpXZytcsH,131,24,13.92,No,17.86,0
36TKbBKaJSRpEH5ExACW61AJ7VbPPukivD,131,24,9.15,No,17.86,0
1DDG7ixGwZXfMa6bT3JrnwzQ8ZqqQzhVfD,131,24,32.35,No,17.86,0
bc1qhs2nqz52v0ezf2x25s4nys2a0v89s6ammhgthf,131,24,12.53,No,17.86,0
bc1p80d7sj8avchrhh5aqu9pgun56d8afuv0wf6gk4mpk9l5eh85afgq9p6dmt,131,24,48.08,No,17.86,0
13h9G42hjwVJAouxGGJ3yqd8N5QepwaYkv,131,24,11.58,No,17.86,0
3D83CfgQoxSjSkjCKKXpceCTUGJM2Xb4Rn,131,24,5.86,No,17.86,0
bc1p7dp6ak0fsgedfejnr36sqvwg2auk63h6w9r9h9jk3ej7aeyw36wq9su5ke,131,24,8.14,No,17.86,0
19vJsRruQGNMHCZmJ9LcUQmPDHKFxxurJ8,131,24,5.25,No,17.86,0
1ANnaZnZzkiDmgmTa9A7m2Nr9ZxrnN6PV1,131,24,2.52,No,17.86,0
3CunuTxkh2nqK4zBSRDiTTfgniaXzmC8bD,131,24,18.17,No,17.86,0
bc1qa6j8kuvps2u033ejshg7fpk5wqysl3pa62feah,135,22,43.51,No,17.86,0
3N6E2mbpNeuybCcR4rfrsL5r2RWYp4xTQY,135,22,6.2,No,17.86,0
3BYXRjJ64ZH9Zgw55PGnY55ecgNCktqp8B,135,22,52.73,No,17.86,0
bc1qex655s0t06rc3jrmdgl39xs0trqvu7kdxelg2l,135,22,6.01,No,17.86,0
bc1qluf0ng895940rnuj9sn7xd6jhfeyrwztst5066,135,22,16.16,No,17.86,0
339QAqgx5s5r9HHntDW2zacyCAKZS7xFkg,135,22,6.72,No,17.86,0
bc1ql28engtngvff5s85lrrmyslqac2xgnuj2yprjj,135,22,12.93,No,17.86,0
1KdZWKuPDwcMT7mRL32uNHYH5wvo6zC99a,135,22,10.14,No,17.86,0
bc1qtkdgvm4vgfkenu875d6j50hx3wkqfzjnssurmg,135,22,19.37,No,17.86,0
bc1qdp97ugnr920mj8umquhx3a3t5vg0dde5k8qzqw,135,22,12.27,No,17.86,0
1Jvr4iJVDWo7sHNtSKcbNsGCunGQRnaV99,135,22,35.4,No,17.86,0
37jrezSuRnE6rZ33NWnxcQKd8kp2REyXYX,135,22,13.48,No,17.86,0
bc1qd2qmsxudd250ewqf5327u2c2l60vjw3gc5vgz6,135,22,10.52,No,17.86,0
1Pz4dXHn8nBB2NozTt9oDfGEFaHcVo6ghE,135,22,9.88,No,17.86,0
3NgJLJ4zQR474v9K1gq8BkB8LNnumB5qeS,135,22,5.2,No,17.86,0
bc1qsnwdk5anych2undtmt3vh2f02vs22wgj45vuy2,135,22,40.86,No,17.86,0
19BqNzPUCaeTSDfPx4fQDtwagdHqaBuZBt,135,22,12.68,No,17.86,0
bc1qm6vxxrs7fz8d4zn8z3q9d7qafxcnwakqalkc24,135,22,17.51,No,17.86,0
bc1qg6aq57kf0vsg6fyz5dxvndcgh2vn8eh9fqdppc,135,22,3.35,No,17.86,0
1DrwPN3WSbTpX24bs1f6S81cVkP7gtpMtq,135,22,3.07,No,17.86,0
bc1q83puaa9jq97a60cytyflpvszx90zkr43usnjt5,135,22,52.58,No,17.86,0
1DDDZsaWwmgAW9KofLeKXByVtnu3CLMdYK,135,22,2.29,No,17.86,0
34mqYN9xruwH4NZpVThTP4QXz9XstGiKDM,28,18,32.56,No,17.8,0
3BNsGRMVykB173b752RgH6hRabbACtyPak,28,18,23.27,No,17.8,0
3Js8vHLjAYffzVJUwfLGKAw9tgq4P1wieN,28,18,26.25,No,17.8,0
bc1qjf2zmmee5lqa6dpu9hk2ue4cc7mcrwukmaxpak,28,18,49.57,No,17.8,0
1HcaNfEiH59rnYD7qDetCMrtDhnQZWma4W,28,18,12.51,No,17.8,0
3AAuv1MfC8ChrTaL3oVgh7fExuhSQC8yTW,28,18,9.04,No,17.8,0
bc1qprtfsxaplqhwxuu9l8edkyjrhverlmst5hly27,28,18,5.53,No,17.8,0
19Uzmn5zs6uqSYsk65XPBmFTYqFVSecVNc,28,18,18.59,No,17.8,0
1L8nypo8YcKwbUTpVEbaHFA3c83t5RZbZy,28,18,33.85,No,17.8,0
1HXz1AzGMpKPebNDLPnXqTavsdnn6CagaE,28,18,3.16,No,17.8,0
1JkNcAkVLfdgLSgV713uDVeaKfr9ESdbLq,28,18,33.52,No,17.8,0
1BskgUqbG8WicRQUqgongpgnau5ny1xvro,28,18,3.76,No,17.8,0
bc1qkg7vkz9mufrraylw8z3eepqmg4n7q03dceezvf,28,18,38.11,No,17.8,0
1BYDCfxCRFFUnEMXy8WBRX2r32RukoQutU,28,18,6.25,No,17.8,0
1Lc2hdipeN81J6EZofq8XRQoMifssmTCFS,28,18,4.74,No,17.8,0
bc1q9ttpx0xep6m6tn7l6alzc2zjh7djpsdyz4fs9w,28,18,5.67,No,17.8,0
1KRHXGMRCXhHJusep5WhSH4SwZvmRioX1B,28,18,4.92,No,17.8,0
bc1qlp25j7s0zul5zemkk525y0a9ee925qa5833t6j,28,18,9.1,No,17.8,0
bc1q8q4urj6qjnx0xycu065r49s5lz07tw2g4u82dh,205,25,21.29,No,17.79,1
bc1qrd8zqmdg40x67p4nmfsn73cgqryn5ep2a4ngyf,205,25,48.77,No,17.79,1
1McJR3z3HgWiJSseMKVUv2bvpYjNCpoyuv,205,25,62.33,Yes,17.79,1
bc1qn5qvzzelly082uqhptu8j67uejxkuu73g2j42f,205,25,15.22,No,17.79,1
bc1q2a0ttnchynqmah2rhjd86q3g5gw4l57lke9e7l,205,25,5.44,No,17.79,1
1CduF4mc9fYDmHhEnJcsCxJ1ZBtA3SMBaF,205,25,12.6,No,17.79,1
1MnRARFovK4EAon5j48Kuye7ntRHfvps4v,205,25,53.2,No,17.79,1
bc1qc6klkyt4zr7yazvgptar0z3kvg5h83n5k57z5s,205,25,33.16,No,17.79,1
1GEhwgXap2qESEX27zXPwRPB12w5iqmhS,205,25,6.38,No,17.79,1
bc1pprhtk8dhyueznk9nujheufduqvhmzc0rv6sgckstpdk8kl94spdqd2enkv,205,25,13.2,No,17.79,1
bc1q9g4s7a46dg0yny9ersrnwzl453tmqtdxa3a42y,205,25,7.51,No,17.79,1
1G5YjcHwDLHxkuyLAzCbzM6pxTfhWsYwMn,205,25,14.95,No,17.79,1
bc1pfurcft9ag8ahvcp8rr2gxtv3jqj5kl7sh3fpw5yme2wxvxvfwggsapeysg,205,25,12.46,No,17.79,1
39H7mdk8t6Z8XxihM6XTCXVVWJQWDGZCFH,205,25,11.78,No,17.79,1
bc1qyc69h26949tsh8wtjphrmq99xz08q6va4sf44v,205,25,6.97,No,17.79,1
1Dqy79zmLK9bZTE2Bw7WNn8iWE2SNiFeET,205,25,21.75,No,17.79,1
bc1qv7nqnnr5pv05q5t5raggps8hw2xdu3ssmatswu,205,25,18.52,No,17.79,1
bc1pmyz2c7s2l7e8fxy84zpwqplc3gk26a3htwlhfpcngv8wzd5pp82qysjln7,205,25,9.12,No,17.79,1
bc1q8lekf2t9xmdvt5m6fvsf384ckj0nd0e5mqpphc,205,25,35.63,No,17.79,1
bc1qdmwjm6nvqwqrx9p0vxl8tqj6sxq6gcngwvf465,205,25,3.08,No,17.79,1
bc1qve3p36kg39qjvc3pjxjrrde6jgcrw5qy9vvttm,205,25,1.38,No,17.79,1
bc1plqnqd2ptk60l9ca0p6lr2p7t2dd45kh34z7zwyxdwh4x447k88fs6x886h,205,25,4.46,No,17.79,1
1N5KRgvD3PstZC3dSCGZFjWob8ZiUuzyX5,205,25,1.48,No,17.79,1
33a2FVegGdCi1VwefxTKiMQasGX8KJ3nCS,205,25,6.51,No,17.79,1
1MSAZGYtMULhYMB7k76gm2szutphNYVFBg,205,25,17.58,No,17.79,1
33unpGuFzmER93tBY2jrcf8ietD7uvU9cN,76,34,11.59,No,17.65,2
bc1q3ktvrkvl00g8drww0dh9fevh7lm9v2emzakg4c,76,34,4.35,No,17.65,2
bc1qwq5vcvntl5n9pdqjqrhs8s7pvx4nznjvkntmhm,76,34,32.28,No,17.65,2
1KoekCDkHWVtFCEJ9wG8t2Hb6StbR4ajSq,76,34,11.45,No,17.65,2
bc1qu975l34dhf2uah6439xndxe53ad80shmhfgh2w,76,34,13.22,No,17.65,2
bc1qyamp5q2sq2m6dlqfz767uk0acpmmuxfnpqcav8,76,34,9.98,No,17.65,2
1NawQGs2auAmrhjMS9pFn3ELg6bc3Xc6uA,76,34,22.24,No,17.65,2
bc1pt4qheachpj2wzy5l5qcrtf8kzg6fs7t45f5l86shfvzxywl2ra9sdavhfe,76,34,22.6,No,17.65,2
bc1qfvyq8389j9mjmq3clcyma2vqhjgzzr5tw4rlq5,76,34,31.53,No,17.65,2
1FFw1ehNTsjfVdkjJM7MqDgUTZRRPHPDCa,76,34,19.47,No,17.65,2
bc1qr6f7qy4chelfdrv2g2uz7fw4kzy935xw6uus2t,76,34,36.42,No,17.65,2
3QmZ5csgoTodAbD7jzavKbVuMkDzYk3UsD,76,34,1.73,No,17.65,2
bc1q86wqhnaf5e732udjtr6duj0xzt4yvkl9vzn9fa,76,34,10.25,No,17.65,2
bc1p9precu43rsfhvvxaq9kc635jt9hv9d9fneshv85mceamt5vszn8qyk5qh8,76,34,10.39,No,17.65,2
bc1q2rljgzejgwkt5hrsa0zx7zqy9pkvf7xmms33fe,76,34,1.71,No,17.65,2
3AiPc3xMXmdun1Pro8itXxZi3duoVFo3RX,76,34,10.08,No,17.65,2
bc1qtlnxjex6yjzzqhq2as62arzg3scyn0nl6uxxs3,76,34,15.49,No,17.65,2
3MK5c41uFcUNWpxK2FY5sjpg1XAkpzCeeY,76,34,7.16,No,17.65,2
bc1puslcq8ym5ds04q4mtkk8agtm685z0he9nfw77dqumvsuy28ge4sqlx9gwc,76,34,67.8,Yes,17.65,2
157kZGQyUZnKmr6PvWQkJz1sGxLMAZbQGu,76,34,27.88,No,17.65,2
bc1q8v0rwlgax0eydc6k8ayn9klcy0gvqdgnms8kh9,76,34,10.99,No,17.65,2
15tXHucBrVonAQsYgevGEvbDE3seMMKVyH,76,34,4.98,No,17.65,2
1LrYRERxuxXSeRRMkDV5ahGKTheWFoyaiy,76,34,12.0,No,17.65,2
116E73bf2KKY5CNtLNojL5j7x9nnVZR6Bh,76,34,17.58,No,17.65,2
bc1q2zzvcgsfz7mcad0pj70r0u6ql9ct7vslsaz0mj,76,34,64.76,Yes,17.65,2
bc1qay0yssmwq8ee2tkmf7rhzx305v2fmsa8ex7qhp,76,34,29.53,No,17.65,2
bc1qswrjxgentym43s5efrwpclgg8ma9fpjmpepr4t,76,34,4.54,No,17.65,2
16CrSEo9ZkhCHfjsXXU2brziSGAkxBna9k,76,34,4.08,No,17.65,2
3FXYDyhA3aEHB95cJ1e35vAsgqnuXyxjbV,76,34,21.96,No,17.65,2
bc1puhgyrckfvtksljr3xesw4svgfn8gnmngmv22vn69y9a2v6xmfvds6jz2z6,76,34,8.63,No,17.65,2
bc1qdgf0d0qmqf43qkphr68jnj0wa55xr4w3zdnupr,76,34,37.97,No,17.65,2
3GQ6SnYVzC16b6FyXWPCNFasHscxJtZWty,76,34,1.17,No,17.65,2
1N5FNsPxxV8dtzn9apzgdDz2ioFkuZA9S5,76,34,8.15,No,17.65,2
bc1q9z2d0gu2zqhnltynva4xlsfzuddkn9ecl8ta3u,76,34,6.02,No,17.65,2
bc1qkej64cn8nmjlv6uy6adtp2zl66twvyjqhve62n,37,25,3.6,No,17.63,1
bc1qfaagj06rnwxw0rqu5syvrs6ut49tcjf98gv87n,37,25,19.29,No,17.63,1
3E9XUwwgAJTqq8HDtzgG6gbBkpYyb5Phcs,37,25,13.4,No,17.63,1
12SduHzDWmZCMAnQYbBbQYES9NsBSKxQPT,37,25,34.21,No,17.63,1
1Cjhr9bcmNpBBMH7XDcGSTF1y6cAPSXJco,37,25,10.21,No,17.63,1
bc1qfrhv2mt3wa8h7d6wklzymqlsn6qzeagkh9exre,37,25,15.35,No,17.63,1
bc1qjwjnls3cq66cltxnrvxmdzwcpe58k2e3nmj4he,37,25,6.54,No,17.63,1
bc1qjlwpzdhf76pyenuwk89w7jcdvqk9js565n8xmm,37,25,15.53,No,17.63,1
1JHXpCYBAdmPyr1BTggQYVRLTKBarLnRaw,37,25,6.41,No,17.63,1
bc1pra4x3kr2nnw5u5pptpmz5efh6vep6ucvr5pwahdw8atqtu0qd2ms75snth,37,25,64.02,Yes,17.63,1
bc1q0gegllrdcukh77cjz4p68z6l5ywdvdtekm26gz,37,25,2.46,No,17.63,1
1A6832eKbPcfNTrYwuD6y331s2JydiJtZz,37,25,6.27,No,17.63,1
12oibbC8f3sZiHycUESebLdEGabYgwh5WS,37,25,20.24,No,17.63,1
bc1pfleqvpa69a3zjrp2w0269xnfpsvmxhwnwn5s4uhmgayugcf5ytqspggetl,37,25,4.92,No,17.63,1
1J2RnHEvRdSc7k2n66XmWPVX2EJXYRW51T,37,25,3.61,No,17.63,1
bc1q80zjlx96wd9pxqq4azfewm82cm6ca3we6d0v5g,37,25,8.16,No,17.63,1
bc1qjaqxnpxnp5q5hn92mf4c75k39yrvtp2ewn3azg,37,25,5.96,No,17.63,1
16sWwq4P9i9otL8VgwzHCgByExHrEe5b3w,37,25,39.82,No,17.63,1
17juSFQBZkkpxceKfVQ9d4eh2L3W8qnQf,37,25,3.89,No,17.63,1
1KeztVviKo6dHEPW2UeESJ264hX1Cy4Lfi,37,25,45.76,No,17.63,1
13kG9LHgEHBsxyNJA393J5qmvGsKATGPWi,37,25,46.08,No,17.63,1
35jrXkBTFRg56NcJncLvEXx21qERi5WRtx,37,25,2.62,No,17.63,1
1NkztRn4DrrdzdNAik1Gy1w4DvSFB9tJM2,37,25,7.73,No,17.63,1
bc1qnupqge3mxep6z7mlhph9nsklng4a2t8z8a0var,37,25,3.22,No,17.63,1
3EWi8jjyBCtiijyjSX6GvgXZ3tkvdUfubJ,37,25,51.35,No,17.63,1
bc1qezs4csvm5vvf73ns6anff82cwdxkkxxz4j5d2g,89,25,21.89,No,17.56,1
bc1qqdxkkjrszxfhpwv34pfyyv0rjscqgc6mcsp73x,89,25,7.37,No,17.56,1
bc1q60x4zurspnlz3clwjfwm7fdv28prgxfmjr5a8p,89,25,4.61,No,17.56,1
bc1qt92zdvu4gc2rqc9r35ehwza049ahdzp97a6h8f,89,25,27.33,No,17.56,1
bc1qzhx73stcnfw3thtyz9wtwywdye23jag43g2qg8,89,25,3.03,No,17.56,1
1NPuHHBmfhHPajNjN82NtAm5r3YUz9EDxn,89,25,15.56,No,17.56,1
bc1qvh29r6wrp8zx0gdxfa63tpscdtv4gaypafc6t3,89,25,47.09,No,17.56,1
1FfrWXio4QfsyAvfKGm6VTsJZTZ7QrQ8eC,89,25,6.67,No,17.56,1
bc1q7t0kw86p2unak0828na3p808hjkmmu3lktw2va,89,25,5.08,No,17.56,1
1Jj62Zus6q3nEF4NX5ZdioBRNMQiSHmJSg,89,25,14.73,No,17.56,1
3PyzXzRp2dtq3XYpewa4AFNxuhXDagtGfg,89,25,39.12,No,17.56,1
bc1q0sd8d90ja4zha6dkhel4mvrevkpep4w8k8j6a7,89,25,75.54,Yes,17.56,1
bc1prmhz2yrl60vxu938m8xrdv8mt54jnjz425fwjzhphnsw87xj0ppqjsw2aa,89,25,6.29,No,17.56,1
14BzzEVudCi98FQu1Q7bxSbDkoiQARwc7X,89,25,5.05,No,17.56,1
3PgHugYcd94GgFK9TbXqqCLWbw5HHisge6,89,25,6.39,No,17.56,1
bc1q8h7f2wfshlnss6qnl5zl08223kmp2ssqtzyw8r,89,25,10.53,No,17.56,1
bc1pqs9x3ydhrntja29lhm2sw0najnpzhyu97rc9tdlkta8l32l6ccysxj0jmp,89,25,19.23,No,17.56,1
bc1q7wgsxgreylkp6puajq2vy9lhkh9lk7at6dhggw,89,25,6.79,No,17.56,1
32Q7JG3uPRM9VZ8RnmrBAjgPSVHTyZeHbq,89,25,9.35,No,17.56,1
3F1Jr5hTcLCNehKwDsFUX1v2rdSkES4JAm,89,25,10.55,No,17.56,1
bc1qrdlmqtzcjm7csgp5ktnrxlxhsqt5zxdkf3pgkh,89,25,28.38,No,17.56,1
bc1qs7eteq7yqn237a0qwseejzmjg8pdrltwjhegkv,89,25,6.97,No,17.56,1
bc1q2srt2c36mdss5nwkxtnalxyguq2rldf38etcek,89,25,10.67,No,17.56,1
3EXxcWK1RthoJtS1dqp8QsaRh6nrTwHrFS,89,25,37.82,No,17.56,1
bc1q6g58s3vvs3995r0tz5pu4vez7ucjd7lxy228uj,89,25,12.84,No,17.56,1
3G2HEXEiQTcmuaz1ycREVruxx1Kr5Wf6DN,58,16,11.04,No,17.43,0
bc1qacgzp6t2kn2qn6xuye4rld0l8fhvy5n8ue2lz6,58,16,49.04,No,17.43,0
1PpLgHB3tji6rCJEfV9Y6aAPpvQ77JJKnL,58,16,5.74,No,17.43,0
1BpnAB6kmLSaAzaTWHGzHyFLAad49yFJMo,58,16,19.95,No,17.43,0
3GZHUpZpAvJph8ciRSoyupcDaTcgkhjDsr,58,16,4.56,No,17.43,0
3JXmnA32Ys8maTUEmvW4LQFEzc8EdvfqFR,58,16,39.36,No,17.43,0
bc1qh7583m8yavqdvgjv0tn30ldwqmdau6m84hzh9x,58,16,10.22,No,17.43,0
13fo9DT7Dnbu2hGbPoCnerxfKaDjgDcfRW,58,16,9.4,No,17.43,0
1DmfiYxz1m7Kz7ENJECGwjVZCjvxYChB2h,58,16,14.78,No,17.43,0
14reCnYePvNj8WPtnastkQTWfCzSVhGc5i,58,16,9.76,No,17.43,0
bc1pral6ermf90z24dyh52w5gss3aax096rzxxse26yg5edav9udp9fscmnz7x,58,16,25.51,No,17.43,0
1FrPfJStsQG398SYZxyM1TSTFH5pbuMJwY,58,16,13.9,No,17.43,0
1BTTmdmDMt48dcJJxhj8bkCekqr39kojs7,58,16,9.17,No,17.43,0
197h55h8H8NMX92m5Fk2rEmkw1wNf7wT15,58,16,28.89,No,17.43,0
bc1qkxsy42wm7wedk00cm20rgvru772vu6c293frh6,58,16,7.14,No,17.43,0
bc1qt6879x5ndp4sjelceq9pp94zmzsfr7am4n9gfs,58,16,20.5,No,17.43,0
bc1qpwvmrxcvrvdtru8d4k958u2qrjjrc5ykymyh6c,43,17,7.36,No,17.42,0
3P4VcwaLrt6UcwJbrwQvNtNegFJUwVxURD,43,17,4.56,No,17.42,0
bc1qrqyhnjxz64vpgm9q0s484lf4xl9f0pzc93l4dd,43,17,23.17,No,17.42,0
bc1qhxln9xgwz93vrtmdlrjll5f6ncwaguz7v02lvj,43,17,5.01,No,17.42,0
bc1q9q8yvfwt9rtjrl5wc7zvtj8rqht3ggvtqe4050,43,17,6.16,No,17.42,0
1FsSAsa7YcdkdfLedvpG8TKiwYBAs2svg9,43,17,17.2,No,17.42,0
1L6rV5pg3vnpxHhFbdM6Twu8aFP9rtnypS,43,17,10.92,No,17.42,0
bc1q87mag5c8a5ne6muxcskgrxg3xcpgn5jslenj0e,43,17,24.15,No,17.42,0
bc1qzkeg7exfxwru30qxxel20xjrvlmast5l0v9uvs,43,17,51.9,No,17.42,0
1LEmL3tmVU5tcnZC41W7SoVmCe5Mm3jAtr,43,17,11.36,No,17.42,0
bc1p4ucdt8ges4a9x9cp7k6en4p8ayum8tsaaxvy3wf3r6sznp93d86qd4e2pv,43,17,13.25,No,17.42,0
bc1qyl05fx0jw00vlhg6ujv7grfgkwxvtmq5tayeuq,43,17,32.49,No,17.42,0
1WtogZYqik3oWx9XQKSx7KZgTvuvpYn8x,43,17,12.12,No,17.42,0
36FCm88z2uAJ5b8zLQoPMLm1pBJxyjBApv,43,17,6.89,No,17.42,0
1H4GFB6ztvpGdstXQNw8Rp9mZUrZXztycL,43,17,20.72,No,17.42,0
3DLpTbm8Uuf6r6QXHbqzrWE7jsrH1g1z7s,43,17,29.21,No,17.42,0
bc1pxpqq66mkxq5sj92cjxm70nm4yvdxcum8ztg3rrfqy22ytz5ch4qq80vzuw,43,17,19.74,No,17.42,0
bc1qywjrv972ch24049arvwnhd2luv3prq9mvas6gr,21,31,62.01,Yes,17.34,2
1CN14rHZHH6t8tjyQx7984GBSNv33HGD5E,21,31,5.62,No,17.34,2
bc1qquxghf62mmcgtdy3n0v4ayj7hat0hk5jhqp5fj,21,31,5.05,No,17.34,2
bc1p30f0qf3vfj2j43tlhztucfdcwer4jx5yeujf55z40wzq82ftcdrsqwhchk,21,31,17.89,No,17.34,2
3BHxB8kTKuNFQR9Xv3casDSPWhh5bJerBa,21,31,11.21,No,17.34,2
323dBqUFk615YjWNPtbFjG7Wkb3sMVWmY2,21,31,10.64,No,17.34,2
bc1q98yce7hefc7smnrcc4y8n5lpxhrxs0zfpzmq3w,21,31,16.84,No,17.34,2
bc1pnpxh5f8ncvn8kljz8v6p3vgdzqezep4ny8trfrwpw4vdued6edaq9arw3c,21,31,7.07,No,17.34,2
bc1qv69z0mvxn0838erg2d2ap4dc93gp9z4lnfk90m,21,31,14.69,No,17.34,2
34SyNVEBNwwtDCLbNp5MKeaNADHh96f65Z,21,31,1.03,No,17.34,2
1Kaz2A7Fm1Rz4ziWw9w2iP1xnQTP8zf6g5,21,31,6.96,No,17.34,2
379jUJ7rJbKMi8ZPFokzTn4XvVQug6cbPq,21,31,35.09,No,17.34,2
3EiJLkGmat5bhTfb2cSwARb6aSTPf4bFtN,21,31,37.23,No,17.34,2
1AvRiAJcDih9mYjo3KtkPuiyGvQuyEyWD9,21,31,16.53,No,17.34,2
bc1qluxurl4lwk0tfulf0dpdt57ypt5k6n4et27pw9,21,31,13.37,No,17.34,2
324vf72TavixdX8FwK3zJa1QT2aLkKNq4s,21,31,11.96,No,17.34,2
16qTiGtF1GV4eCYUBJPGSq7x6KMm8qYTeC,21,31,22.54,No,17.34,2
bc1q0a870a3uk7jx2xnndmsa6u9mtpw4s6qve43lln,21,31,18.25,No,17.34,2
18sR5LH8xousbFicCfzSL7M3vibiGTkEeY,21,31,18.33,No,17.34,2
bc1qyrsa090zgnm69dqulmvcq83earv0uuyma0ecvu,21,31,4.24,No,17.34,2
1PGuwEWeDATiNPK5PF1PpWARv6wiq4sNBf,21,31,6.41,No,17.34,2
bc1q58nu4wfkmke00548dxaelatc4ezjl8gr5yw5hz,21,31,19.59,No,17.34,2
bc1ql95z9t73qvc2y6c6tm6cf5unt7mrdxry8h6rde,21,31,7.98,No,17.34,2
3NZHCc3XH7cW2d6Dc2Byas76USnhPY2kxs,21,31,18.38,No,17.34,2
bc1q8ks8x408s7hl5hatrq743gsg4d6lpp3pwexple,21,31,11.72,No,17.34,2
13pPoySn8mRmC1UExKydhD8TS4mpxbLonr,21,31,14.01,No,17.34,2
bc1p227n65yl7fll4vrznfm2v5ul7t44xk60k9s4sw84nr520gh8qcxqrlcf3y,21,31,3.66,No,17.34,2
31rj821ZJUogyK7Rg93Hj8JN9aTfxDj3tJ,21,31,67.1,Yes,17.34,2
15gpf4mfHDRhwqb1aHVAMVipntkCf87MtN,21,31,7.38,No,17.34,2
bc1q0rdl85z6rxq560684s5lu83esnd8828hajxphe,21,31,10.61,No,17.34,2
bc1qpe8ys0ga5vw0znfrl82hvzguk7hlgcfcmh97yl,21,31,34.17,No,17.34,2
3DuHYksoH9QJ95pkpDt6RrcFjXovBfh1ny,221,27,2.91,No,17.25,0
bc1qs39tqfw8ez9ggnvh9ezxk58hksj746jl4zz4ke,221,27,6.55,No,17.25,0
bc1qwp6d3uvhkkkwnhg5fsj295vaesaqslppqmkuk0,221,27,23.97,No,17.25,0
13Hzys3EdLzDs4QnUbqAGMww6EbnHMfoj6,221,27,20.1,No,17.25,0
3Mue1hYbinLTPqG7MRgm8tdTFVvDPs4vtv,221,27,12.16,No,17.25,0
36iGsrs8Bg3EPd9rBLpvkKoPHyWH1YCu7Q,221,27,6.15,No,17.25,0
1MH5KTZgRkt3Mb3LJVFyVdBXrYrd8eBZxz,221,27,48.03,No,17.25,0
bc1qyrwa0vkzagcvsem20z00xaj7xy8hhkhzycah63,221,27,29.69,No,17.25,0
1FjxvKH8g4EGWFFTr4xR7BPhEwaHGU6GhA,221,27,50.68,No,17.25,0
3JgBVC1WWm6N9gFApEDXnGzb62Wmppmuvi,221,27,42.42,No,17.25,0
1HzxbDcozWNzuiYXvvGkdD7iGyM1qyM5pe,221,27,5.05,No,17.25,0
13cA47vWDuQtn1Ziqa8Y7bJXV8WRQreH2M,221,27,5.63,No,17.25,0
bc1qvlfrfmc0gwz3fdyl5gqh055mxlrt42hcsyp2nw,221,27,25.14,No,17.25,0
3BtxnoifxUX4HTMyiM3nEUpWE9u7FEjkmW,221,27,8.28,No,17.25,0
1LmJ3z6FmFu5W9MFmEmAhvGqgCdZ8XQbiY,221,27,4.81,No,17.25,0
bc1qcszqyu5kvuahq0d4y3w52tkarxyjkv37rdjx68,221,27,5.44,No,17.25,0
3PFW3MXaLmsnEbQ8N37nezHaLsdm695tFe,221,27,23.06,No,17.25,0
bc1qxmn053dcfg5683mth0ghtnd04a0n4x8m6x2t5k,221,27,6.34,No,17.25,0
bc1q9rnn4e8f6u5sqxrzhl9wzkjdx9gw3hchq4f96h,221,27,3.72,No,17.25,0
bc1p2h5ft5jje9aqew0smztzd8kzykp675cxnrgeytuccv3tj9h5w8rsvmr4jk,221,27,16.03,No,17.25,0
bc1q49qacpjmtglq8yy5cpklkqwylrgmutm4u0y7cx,221,27,13.29,No,17.25,0
bc1q9q30uak8xxj3ueq9w90yw77j6f4fmwq7q2jh83,221,27,26.36,No,17.25,0
14QyNcKkSkZw3Yb1chbxVXaXjKdtgJZsRo,221,27,12.53,No,17.25,0
1H9JvGnEpvcmqCoToWWJPU8KHRgyNbwjCg,221,27,1.46,No,17.25,0
bc1pdkctw2s6lg2ql4hkmhyhrajazc6e76mvvg9jncvjwwe4rhut9upsm60573,221,27,11.61,No,17.25,0
1243iZbMD4L6E12iK9yUECQTyvnWjKAanW,221,27,29.64,No,17.25,0
3P3hc61N7ty8X4BAJTjtTURbWqTPCuVerF,221,27,24.65,No,17.25,0
bc1pfhy835t0kx4jal5k09teemh6q5rx98vy43g8a9s2cj07ujya4mwq0lwtnn,229,27,31.58,No,17.22,0
bc1qntj4zd6r2mxjnntp8j4zeqhc59pmfvvgdz8mve,229,27,2.24,No,17.22,0
1EGZCBcC2iWbChzWV6fUHMHrrwM8T4Fsgp,229,27,21.65,No,17.22,0
bc1qd55058f5uh9d849ez6pjf07s6txgyd2w7x4yd7,229,27,6.91,No,17.22,0
3ECzhM3jRBDgrJQB3BpBo4wrDGspAhY46h,229,27,11.11,No,17.22,0
bc1qxq9lg3ccrwkpyfkx49klc965kkh36ld90n5d2l,229,27,26.54,No,17.22,0
1DNe6BE5gqg2x49UZKjVKj6tip2pGvf6vq,229,27,17.49,No,17.22,0
1xArNmPF7a9iTEErPCRnApTBynPrpbMVq,229,27,3.93,No,17.22,0
1GiS1dRGAch4YrusbzkVkCPEfUQqmESNNq,229,27,27.82,No,17.22,0
bc1qxdmyqkw3ksfyxwtzz42vmrx5hh407e2wymymdm,229,27,5.66,No,17.22,0
32JgXcvRyhSqbPDG1S1LwuFkfcwewHHjbb,229,27,1.44,No,17.22,0
1PS36KneeTnJGk4wqBTXHcDuizzfYAi5vZ,229,27,16.29,No,17.22,0
bc1pfr6htu4s5lma5j8zt2cket6un67n5tx6vwqtv7cv5jzy7rnyr2ksf4t3hm,229,27,22.53,No,17.22,0
1CSxFcZ7QQFw8TLCZDgB2QckQpLccsWjfq,229,27,21.06,No,17.22,0
bc1qsa0uaq6e26aq0wemrtnua79mjrtudsv07l2v2k,229,27,29.59,No,17.22,0
bc1pqqc0k7d49tc63m578vk4ma0j755tm65f0n5x9era7mh69e6qv3lskmp8wt,229,27,12.74,No,17.22,0
bc1q24wq8un2893zv5afn4jwqqgcuqc0s35494ghq8,229,27,17.94,No,17.22,0
16uE8sy18nxxzECB5hmfCARQ7oaiHmEhW3,229,27,37.86,No,17.22,0
1LG1yPmSN6UFR47BgzQbmWT8Nnp8w6xCGC,229,27,8.66,No,17.22,0
bc1qyr690mrefn8rp4gfd0ve5wk8dgv7qrfv33e7s0,229,27,28.38,No,17.22,0
3AaRcL8cgb37Mo1Sju7uUH7t3wmJTZ5Htf,229,27,26.26,No,17.22,0
bc1qwlnp30a7suhdfdjp3jxmmqst4zpl80fmgsjzl4,229,27,20.83,No,17.22,0
bc1q6j9lmg8384muwq03p88jsk43ltfsrwfq0g065l,229,27,14.69,No,17.22,0
bc1qrn8enxqd9dwvayhq30ek0c9da958g3cjjk0kn0,229,27,8.11,No,17.22,0
1BVttPzPLZbHdtbF1d9wcUcGxdyS5YbFYa,229,27,13.58,No,17.22,0
1NE8YqqgGAqhroJkRpta3pyVEE4hidKAPV,229,27,11.24,No,17.22,0
1ZrJ4tvtUevn1ndwsrUbPHCXEpUuBmFHY,229,27,18.72,No,17.22,0
32e4PRsgcTbA6JSotL6DtYMkkQ5dqRVbDo,61,11,4.3,No,17.2,1
1HEJCiBEnoujqpcmQjQ1U4Pz1DYD8m47At,61,11,13.01,No,17.2,1
bc1qztjwjmat3wkn3jnacm8fdwdgskxdzeknqrayjx,61,11,3.93,No,17.2,1
16XBaf8F2bPQUFfrf739D8v5E32vPdMYc4,61,11,8.73,No,17.2,1
bc1qqv2tshn4lmhuw3c3p0nrdt6s2eqlpa7xyc7gdl,61,11,64.57,Yes,17.2,1
12zzCSr4eHNreXGBHyTqDxXzWjYKAP8naW,61,11,12.51,No,17.2,1
bc1quhpl7c4rlsr7kkt9lajju3mjp7kyss0elq325l,61,11,5.65,No,17.2,1
bc1q6ypwhx6wgdndr8yf9ltjy6u84xt7tl8aa4xuq9,61,11,8.3,No,17.2,1
34NSXxKMDEMwD1nuAdhz3uC4ZMAwhqLuXc,61,11,33.2,No,17.2,1
1Q5LJx7mG93p3Htu1QfyRHnSyXxFisWJfp,61,11,32.4,No,17.2,1
18woCXnQhcoYjw7wNDuPyHQTH5cgkihZBk,61,11,2.63,No,17.2,1
1CBShAeVEYDMZhcQ5uiLrgpNDF9icsPSQ2,6,51,20.93,No,17.08,1
19Y5Hzu1BbspHP1c2MfuNToq3Hkt1kT2XF,6,51,5.73,No,17.08,1
18CwWZhfekpUVyX1LzkcPUhFqYLHbgLKQc,6,51,24.85,No,17.08,1
1DzUiD1E5A4eXHUafLuDe1CvAuMwZ95ecL,6,51,11.28,No,17.08,1
3PugGGNmekPKqtJRNc2TxvHx2uKnFGDY63,6,51,31.69,No,17.08,1
bc1qlu4d99gjztep2a8t6c9updc99u4w2sl0npka9d,6,51,9.71,No,17.08,1
1P4BwvKVGuSfanHrMbk9zhauo3Sd1upJgb,6,51,14.23,No,17.08,1
bc1qjdncqdhd3uhnxcdsfjhk7mlwedtww6u0vj2nlf,6,51,3.78,No,17.08,1
bc1q8jqnt8q72n7rs5ctrwr25vfutggrn5z7ckx6fg,6,51,8.53,No,17.08,1
3MFeB58yyTT85Rj69o62qkqprAK2BzkwGh,6,51,54.98,No,17.08,1
33QgPcso5iUogMzWFhB4ph7y9bkfbcGUkG,6,51,14.86,No,17.08,1
19PFLbQTSUUZFkjMnMXnsMBkWtv2AePWWv,6,51,19.23,No,17.08,1
bc1qudrkdjrnac0qp8kh5wh20c6p4r36chp3a4vxg4,6,51,21.16,No,17.08,1
bc1qpkm2l8qa74j8flwpcgcss3gpvxy9pmalphart0,6,51,21.07,No,17.08,1
bc1qyny9683mc3xjxnc5sn55dh27xcyzg08c4m0l7f,6,51,14.94,No,17.08,1
1E21axDtuf4kPzMoroXPfADaXyz1BhJ6hr,6,51,19.39,No,17.08,1
3AuXfAdtfD49xmg2TkpBN6AR4bkdQP2rGU,6,51,7.99,No,17.08,1
bc1p8ex0newpxqgkvsxtrdpm3f5cr72mtxlr3wy2lfpmlp6ckfy088rq8xs2sa,6,51,14.65,No,17.08,1
35vbGYrdi21N1fpubreUyovx6pfYArbTVd,6,51,14.06,No,17.08,1
1GcoGdqcNx1KWriEHaMf9fRD7pdc1XAz9u,6,51,57.01,Yes,17.08,1
3Pn9TvQrvR68wuhXkmgqCENpsdoNymZvBd,6,51,31.34,No,17.08,1
bc1q35zzt389zdc0fgv9l8qd5pwncq8h25852em9mz,6,51,17.5,No,17.08,1
bc1qkylu4ktj5246scjpxc0f3x0egng0f9dg3s6dxe,6,51,9.66,No,17.08,1
38mXvkLLVNypHKNYxDRCVVeuTS917QpZ5Z,6,51,5.4,No,17.08,1
bc1qnlap5epswprpwj2sg323599h6mt86zkdrn7erx,6,51,11.33,No,17.08,1
bc1qqx7nqhvmnk2ue23yv4tk54e9x5f2f9lhq33r7g,6,51,12.78,No,17.08,1
bc1q09n3zy2wayajzgxpffs3gk6t666y0cwfpkzd0d,6,51,24.62,No,17.08,1
3AMET86qmweTc6Pexb3RRo7q17HE74vbN8,6,51,17.31,No,17.08,1
1EorggmvsQ69tTRS1e3x4uGFnmhkpNYzao,6,51,9.36,No,17.08,1
1AwyGcx2mKVzDNZxzGt1xuYj6j6HBj2GwT,6,51,11.8,No,17.08,1
bc1qp0hrl5uv3tp82qaylkclvy66trk9pmefwle55c,6,51,19.78,No,17.08,1
bc1qk6v9r2zczm2g8v53ekg8cra740muku8rjxmw2q,6,51,8.48,No,17.08,1
15PFf5oUdFohtsZ6Mc24vkW4uuH1Q3ednN,6,51,20.8,No,17.08,1
17wK1cJPqXXUS5W69GoPWpf7rREY3ejay7,6,51,5.41,No,17.08,1
bc1qtgjcqe095t094wee6gh2evcut9em5h4h3f0gjr,6,51,3.47,No,17.08,1
bc1pvx2xyydc7cnc5c8233kelqsxkv385eq0jttltrw9w9ez02w4wzxsa0rye9,6,51,14.73,No,17.08,1
bc1q00luraaladzmhmmdke3k5clddecnxqyldrpr7j,6,51,25.54,No,17.08,1
bc1q7lpjpm7qy7k4fgn975pwtl3cxnegevga7mv3j4,6,51,29.89,No,17.08,1
3EP8Xhq5LsQnDLSPcfmTJKAEwTyq669Uyy,6,51,2.18,No,17.08,1
1txDspnZArF31LCCiq8JYjba6MmBjG3FN,6,51,2.95,No,17.08,1
3FDAGkLi3HmgA3cNEGNrveXZNg8gPawXKs,6,51,19.59,No,17.08,1
121aMR17WL92aUxMw3q9byvwSicK8gBv8u,6,51,17.24,No,17.08,1
36FYXdhcjFhreaEuCKo4MT1JvNB2a6PBjS,6,51,25.65,No,17.08,1
3MbPMLmqkC6WRYaUCHXw6ih33vXTzd7XDQ,6,51,17.32,No,17.08,1
bc1passlmt8fet68sqf22wxgzwch8mdadmffeayfwujgm4ct2u8g09fqz8ux70,6,51,14.68,No,17.08,1
1EAGG9GDC3voWLS7h2e2kgqXE2BRtnHZxB,6,51,18.95,No,17.08,1
122cFMf3eyqoWCMhXpw5m8dRgSSTLCHUWs,6,51,47.26,No,17.08,1
1EFJRmgPUSrUz4FxSkN5J3nC4oKtKKw9Z2,6,51,11.77,No,17.08,1
1EEphXtrgXRPeRXD4XbYHzBPHMYgfPyhWy,6,51,7.02,No,17.08,1
1LePcpWJHzqKr4QbwW7SRuP5FWwm6Vpe7t,6,51,3.94,No,17.08,1
3LxKFPJgiX6oKXFwE7uMjedmyUXkwdr3DJ,6,51,13.43,No,17.08,1
1Bvfhc9K4QJdLgXg2t88DaLW5KnR724PqV,175,25,4.39,No,17.07,0
38y7c1vXXwiXHPjRwzmg6sskuvRCC91tQe,175,25,9.18,No,17.07,0
bc1qr5ahhnhpggepx89d3ke2psjlcucjha9shyvfrr,175,25,31.04,No,17.07,0
333YwkBFXdrfD9b5JkVbVP6qk6mbjuZnvK,175,25,5.6,No,17.07,0
113FxAvv9u5NMBraKUGZJWY5m28iymszHZ,175,25,15.68,No,17.07,0
bc1qurjhsqr5p3rwvnq583n29kqr84h2q85qxxz5n4,175,25,47.54,No,17.07,0
38wzJRM5aVCr9xq3qY7rf7KwgSXqvi3X5p,175,25,4.18,No,17.07,0
14f6ZzJKz1q8k9KM25gKTBD8hRqZX4uiKG,175,25,22.93,No,17.07,0
bc1qlsk6mu4r54jqsls8n5zhdek9dcgmr9lqhe78z6,175,25,5.22,No,17.07,0
12uNH5MTa7Cidr2y4y6C87HktvsRfHPTp5,175,25,20.81,No,17.07,0
1JPKAtQBdZvMHu8mx5JErfn4T6RZx6PjHq,175,25,10.03,No,17.07,0
1E7A9UDCq9p9aGt8GF2ZLZ1YaKmgeWX5Jk,175,25,30.26,No,17.07,0
bc1qjeufpe07sg7j8ejp0ql3g74qs224ay6s7527xq,175,25,30.12,No,17.07,0
1L1yYijLH95U36mnTGg4mfQGUWPtQ3mtPP,175,25,5.4,No,17.07,0
3HGZo3yVo9nV62C9ciVc6qw6jwpq8Bo2bF,175,25,7.47,No,17.07,0
3Q8dEfa4WKe2wUNNRcf7uZBitYL6mCNVXn,175,25,42.17,No,17.07,0
1ByGRkhsqUF5bGLa3p578TJc8tUUN99oHp,175,25,6.88,No,17.07,0
3FAeywYpU7pGqvKLim4AAAqKTDL7gLs2ao,175,25,25.52,No,17.07,0
3CFW8VS2RSqLURhdKf72p63JCQ6YXtjyeR,175,25,18.78,No,17.07,0
bc1qhpskx8en8lgxj6uhvzrz9y6ucy903eycv7haue,175,25,15.54,No,17.07,0
bc1qrmee7l8cdvrwjpek0yv52qmq8m6jvdf0ysaa9c,175,25,13.24,No,17.07,0
bc1qcc2v7mp9me2tsarn74arryhnsnz69uuh8nwq4u,175,25,12.13,No,17.07,0
1Q1wpDjnMwp53mrVdzCevmJLiiTdWPN9Tn,175,25,7.26,No,17.07,0
1BSWs5wvRJk8HFrLs3RHE38QgC4fiFC6c2,175,25,27.5,No,17.07,0
16BbmuEFgdzmZU4StrxPCRBrr9qVMUQUeW,175,25,7.8,No,17.07,0
3D46gr8neUR1T8YtLpXgkWLoGECftwU7KD,62,11,33.19,No,17.01,0
bc1q0k2cfgjd0xepa5pffu9w6dufvd328xy5svnzyl,62,11,4.06,No,17.01,0
bc1qwcsxveyqldtxlaqcsu3zq6kemfcxdphtyvh3ck,62,11,3.23,No,17.01,0
1FvMrmDwoSHtG4s89jxaLYUjtSsDNgs9kA,62,11,25.16,No,17.01,0
bc1pzq4l4d6rp8quhgm0mkuxlkatvhcm60etdfgtrqwmqj4pvrct787qglhn6d,62,11,27.62,No,17.01,0
bc1qpcj38lf5mztpefdqazhem8rlnjpxyfvygaauck,62,11,7.15,No,17.01,0
138cUp6xFG2J3jhEfLuWEovRbxWN1shgTK,62,11,25.25,No,17.01,0
bc1qgjvhtylu0ytzxnzz72tjvw4lm4j6gtdemka0wy,62,11,1.79,No,17.01,0
3ARZro7TmoSZYpXjjC9UFL3TZgHYL83wD6,62,11,10.32,No,17.01,0
3D2hPnaf2Z7Fse1wGKHtDF9s2WFydiDLeF,62,11,39.18,No,17.01,0
37Jg3bJPFhN4JhjPC6qYwZyJwRDDWeuEqE,62,11,10.13,No,17.01,0
bc1qh32m8j70l4uvaz6lv0wqnd9fx8c3phcuplgz9n,56,27,15.54,No,16.88,3
bc1q73lzjzmrup907juv2mpkyj9kdtvfhg69gkvz8p,56,27,5.65,No,16.88,3
3CMoCdLthFK2KY4t4SrzaM2vhYAcaZzbLg,56,27,12.81,No,16.88,3
bc1q8j53j2flzma49n6kcqn2d7uxfzqqqqlanl6wec,56,27,0.48,No,16.88,3
1P6cL9zjYP7LZKWQXWXbktiM5q1RKKWawq,56,27,4.11,No,16.88,3
bc1qmqd6lp46zdn3c9vgwg37xhca7hfe2qu27z06y4,56,27,19.66,No,16.88,3
33jH5kdWwupByYreUTCBD2J4B3mGYggrVN,56,27,3.08,No,16.88,3
bc1pus7qd4anp2r4xcma37v5p63lg9n4kkyuw7aumhlgpxnnyt3mhqgs5hk4nf,56,27,11.54,No,16.88,3
3MzvZokPp8Jcb5DWTvDGwEbgP2dicSvSmJ,56,27,9.69,No,16.88,3
bc1p5cs372jwp5aa9dt6sscyfsslwfh43jm48wchh305uatt90hfg9us28xnnt,56,27,9.86,No,16.88,3
1CE8Tdequb54S1HEbP8MsBkA8Qrr61nX3S,56,27,12.86,No,16.88,3
175saHgEMPieSYzcooLhBuiHeuhbo4tewE,56,27,8.23,No,16.88,3
bc1q5y7j2c5yev2sfhrfmpznu5a3jlxrng6v66fm7c,56,27,68.16,Yes,16.88,3
bc1qfejr2940um599tekat2dpl50jcy7jzvpsd0hjn,56,27,65.61,Yes,16.88,3
1LCz5ZVsBKQhfSBUL4k16cvMXdNPwYrhSE,56,27,32.65,No,16.88,3
bc1q58ecd708wm925nnscxyn9mhxmkmtgre7ucznpw,56,27,6.49,No,16.88,3
15EnLyjX7g4RTo8Ta2GpXoSwdhXktcS71T,56,27,36.94,No,16.88,3
3GMMBMpfC1qk7VMkRydDHerY3PsD8me2ho,56,27,6.05,No,16.88,3
19FYxvagYvcUt2L8qGb8jbRsLAQkmnRM22,56,27,5.03,No,16.88,3
1GeRritee8tKCsm2ht2pMUfziqnAP3K1oj,56,27,12.12,No,16.88,3
1QHPHSN5prz3gHdbi8usrnX7kDu3z8yg7c,56,27,3.57,No,16.88,3
3NNJK23UF1qbs8vfyX5qsr7n11ibsaGjTD,56,27,8.35,No,16.88,3
1NCmMk77QBvNJFgnPngpvshxsiDefK762W,56,27,1.83,No,16.88,3
1Gi2jYGpTcjySQ1q7uAgnNNvbJEKU7HYmx,56,27,12.5,No,16.88,3
bc1paewxxtr2dkmuh7n7z3q9thddrwcfkanz5uxkt85ksrja8swvqanslhtu3p,56,27,1.99,No,16.88,3
bc1qhsycdtdh4arx56s0vlsdarums3ed3784m9e0d0,56,27,66.19,Yes,16.88,3
bc1qfj34rlr3e358xje084kmzfqn5ay8s2fanmm2mc,56,27,14.83,No,16.88,3
bc1ppxwvwzns3252x6lru5yycm222h2hpy2pyhzpxajaa2vudf8v7h8qc8x2tl,204,15,12.74,No,16.87,0
bc1qs27sk3ppvrp9khhcndhmqs8ex947re6pya2hce,204,15,16.49,No,16.87,0
12CxJ3kQrYJSKT4cGsU8SLuNNVWtYddPz2,204,15,9.29,No,16.87,0
bc1pe6m49teh298mzr06aufcgqkfv06nchc6d3ws7jsxcu98tft6jcqsa7mnye,204,15,2.15,No,16.87,0
bc1qf95c5n3pxhk0vp4mn3e6l3u685ekjp9mr6jmvd,204,15,6.4,No,16.87,0
bc1qvgyma84cz6zkku9m7v5hk4stlc2yzjn7scj0rq,204,15,1.49,No,16.87,0
158K4z94h8wpDbtK946MF4k6egU1vj8d9p,204,15,10.87,No,16.87,0
3EZx2Q3aZDCmDbe45CNeLeQwvnXKwkqv71,204,15,41.34,No,16.87,0
16HjJyHGvGDcXc8YPtPAFq95pcS6mK8mty,204,15,20.92,No,16.87,0
1PDYMsY43fReW1Pzi2B3F4ua1sjDHG7P3Z,204,15,17.88,No,16.87,0
bc1pmamg4c8nmxj5xy9y88225mv7dntzaruy6mmyxlf3rdld3m3m3kyq25j4nh,204,15,11.84,No,16.87,0
13wzuymN4BGwStU9JEaCFayhzqWTZgQMei,204,15,43.67,No,16.87,0
bc1qzhphptn5xc4nau3j4l532uj6tkxnxp2fxz9qkf,204,15,11.25,No,16.87,0
1FiGN4bsbFo7pdq7PEcpuGdGqh4jgh2f2i,204,15,44.92,No,16.87,0
3FQLos1cbpnFmZh4BSywKpPhQ8y9fp4tif,204,15,1.84,No,16.87,0
bc1q29txnny4luj4v5zrq43c9larwl7hxtndu8rkum,192,15,23.35,No,16.84,0
1LKTtWqSgmYYiv5KmFbA5piLnY35ygkyUZ,192,15,40.21,No,16.84,0
bc1qhryennks9h7zcscaqg3tj39v6mm825k660ytpr,192,15,36.72,No,16.84,0
1E4UqJh9TjcPcBynknjRdBRaD4odriaJN4,192,15,8.32,No,16.84,0
bc1qzs0ewzrg7tc09rrmtxze2cv2keunj5dx7y9r89,192,15,7.27,No,16.84,0
39bzwN2Ts9fgZwZ679dELAX7DTx8wd3qB6,192,15,13.29,No,16.84,0
3BQGGdYATrD8ZzrJ86ZZ6eVyJiLz3w3aZL,192,15,8.4,No,16.84,0
bc1qtz0uy28dscdjn5r3wnak4sr9navjmcpyhlzhr6,192,15,25.04,No,16.84,0
33nxrhCNR5mfVxb56tBWQf7WaM7m1H87uV,192,15,18.57,No,16.84,0
bc1pajj6y0ys6rzrddjnaajd0a797x480jezl6w3letdgu7y55m2ufhq2hyx7d,192,15,3.51,No,16.84,0
bc1qycscwnl6w03l5zehzjp4v2g78upp7fn0q7yhka,192,15,17.93,No,16.84,0
3GLU23J7BqmVtUg6aUaok6zsFvv17EVq56,192,15,3.68,No,16.84,0
16u1pz6ieqUCC2MoA4tRJyPyAx8Sau3vxi,192,15,30.23,No,16.84,0
bc1q8c7t9wqxlsvsh66uc0l3c95xxfn6f2tw0v6jel,192,15,8.81,No,16.84,0
3KZ2Zudm842SPXzBzgQTEzfG1dZZ6GLNaB,192,15,7.28,No,16.84,0
354PiF4QoKvMkiShqC4UqN6ooNNmbZRSyX,52,50,9.03,No,16.83,1
bc1pz5ejvgx57v7kkzltknu49mvm38nk5kvskdd9akztrxt46f8j3g8q0p4hll,52,50,39.13,No,16.83,1
1FXLDx3smZZuSBg3kDxYiafGfDC6TVauYk,52,50,1.76,No,16.83,1
3PjRaju3FLav6j4Tccqm4obzFWoEMERpQt,52,50,16.23,No,16.83,1
3BC5C5wi2XevU8dGHe8SzWbqXfYk9vPNTd,52,50,25.07,No,16.83,1
bc1qu6dd2n26npt7ymwtjn92kmld657fqchsy2wwr8,52,50,3.4,No,16.83,1
bc1qg0us9287uvyw5h28f99t4uzsql6yzstwr2ph38,52,50,34.78,No,16.83,1
bc1qcru8y3zsyyyhqfz7k43wv7nld4ht2qp48dw3zy,52,50,2.01,No,16.83,1
bc1q0hhey0pvs2zqw3sxv5520g96ncu7trsyrlyz22,52,50,21.09,No,16.83,1
bc1qja76huxa4sy3f6pywcp7k2sr4ycw8632d78v8y,52,50,4.86,No,16.83,1
bc1qvyrqakpfjwx0qmsd8qz3m6ej34rqr4r4ejxljh,52,50,40.99,No,16.83,1
18ZAtjh534xDv8BEfFjrJGktYiufQgBSAV,52,50,67.61,Yes,16.83,1
bc1pzafmsz8dc35acgs3m93rfva7luvf8kl5tef4cvqkf7lxkneafqpqc4006k,52,50,2.79,No,16.83,1
bc1q2hf2hkn4tjaymxj2rld56fdedzh87a4kq6ann0,52,50,9.01,No,16.83,1
1LBvWVX48UzwL3ckJVRzjtfec1LB6yLZCu,52,50,17.4,No,16.83,1
15gqDTdY6ZSF9P2kwGq13Cw378CzGNbehT,52,50,26.87,No,16.83,1
31xY4baegCDRm6D1HwhLW7GCfWdmmv5LzL,52,50,18.82,No,16.83,1
1FR66NUqyZYqRaDtg5DpxuRDTcRRqcTFQw,52,50,10.67,No,16.83,1
1KevqdPny51iZRWrdF2bPJ2QZNx3oMTajo,52,50,42.32,No,16.83,1
1HqvsiZGjBNg3Q3JCz8Ws7hmh2QX3kyzDJ,52,50,3.4,No,16.83,1
bc1qga089jgjh08aymz0sunfhyk8ey9aqyf789xfdy,52,50,3.88,No,16.83,1
bc1pcx2zqvq52y3ee6gkt34fkt2gckkzp5sr6cdctf3wq7ugxsmeqjkspz6znf,52,50,39.56,No,16.83,1
18h1AffpVMhNkdE3hNx1qWxjh91B8ejrkv,52,50,13.85,No,16.83,1
3MAzis24t1DeSQtUqvS4amNnjKv2U3Q5CR,52,50,12.6,No,16.83,1
185e127utq5pqQFDAfH7pc7sNFzb3SBRjD,52,50,24.24,No,16.83,1
bc1q2wn535q769an962q3e2hnfuf2t2vkcpx80qhrj,52,50,6.5,No,16.83,1
14bHPLbB1FKfWZsczX1CnoCaM4DGMW1enJ,52,50,15.94,No,16.83,1
3DV7Y1ndSMGrihxAUbEhbxm8VxTyAwy7g7,52,50,0.25,No,16.83,1
bc1qm86gq3xvdnxg6dcsusrn9c6qjymghtznswewv6,52,50,3.52,No,16.83,1
16Qsih5edf48m72z148dmWqXHgvZgpLTNw,52,50,28.99,No,16.83,1
1D2gF4kAxVZLNazGE4tUqV7HDb2MHuMALp,52,50,1.55,No,16.83,1
1D2orQuV8igFVTXTX5fBxixedsg6DYEVQd,52,50,9.44,No,16.83,1
bc1qdvdf3hsgvs867s9vt7u4y3rdda3czezje7563s,52,50,2.6,No,16.83,1
bc1qvg49mxvpwvg67tdeze90mz0us8t58t5yl2m9pz,52,50,53.68,No,16.83,1
bc1qduhpj3mfk870qvx72x96x4psg74d0t3rhqk7v5,52,50,4.53,No,16.83,1
38ggqKspZ2Zu46zEgZkfh7wy1p4EFEDM75,52,50,8.52,No,16.83,1
bc1qhljvzk70eyn750fuv6wkp44te280hdn0ttcpuw,52,50,22.7,No,16.83,1
18D3i7xrLoBF4mPZjYKH7R1uKhqo9dGhyd,52,50,9.47,No,16.83,1
13bDG3qsd7Vc4WMc47KnPvWm1eR4vjRMa7,52,50,3.12,No,16.83,1
bc1pxvgd3jcjtwjete35huu2scv538ua8kluf3ahwekf262cueys0ayq3y3e09,52,50,24.48,No,16.83,1
18tR4sLWcFTwV7MFmVCpQLeUnFU9ZNozkK,52,50,6.8,No,16.83,1
1LsoUhRkpLAhY1kHa15FKxnNmgYYF1zfx4,52,50,36.77,No,16.83,1
bc1qx3kt8pscqftza239t002ff75v8cn66jz40jgtq,52,50,10.08,No,16.83,1
36oZD5k4gxLPt5DDAzx628KWaHM1c8q2NG,52,50,8.83,No,16.83,1
1Bw1m5RMmguYkLU6ckHdM4Ky5bkeJxKJWg,52,50,9.67,No,16.83,1
bc1p4kcqx27l089tw6wttxtz9gudmmlc5yn7nagpvsnh9zrlpgz8k9aqzecyk9,52,50,30.32,No,16.83,1
bc1q4prlvy087emt4zcrktvuclytemk2ylnmn3xxlp,52,50,21.91,No,16.83,1
bc1qp5vc26jxy6annz58l5gdl49w3djwsafyge470p,52,50,2.79,No,16.83,1
1FLWiCMJARs5A4pLsy2nMES6BRzjNykt2g,52,50,8.36,No,16.83,1
bc1qguqvh84wdxqzkmuhlp56c0hsjctyln6mmulwle,52,50,19.1,No,16.83,1
1FsARceCSVkq8irqehwKu6Cjg8h2up9e3r,215,13,12.13,No,16.81,0
bc1q6rtw8tjrljztseq407dug07hu9h7s8w82vta05,215,13,8.31,No,16.81,0
bc1qgddecrwxjsvr36z40zgxx3t020afsu3u6pelrf,215,13,34.41,No,16.81,0
12kGsjDvmFMGugEeBKWypc43Uu2AKGLUxd,215,13,22.3,No,16.81,0
18gfr4jZTirdPpKjuYSbnhtcz3MKX5XRtn,215,13,13.22,No,16.81,0
1HBfPPB17tBngsrUQpsnDrKpr92HJ6TQef,215,13,7.32,No,16.81,0
bc1qaka7y9wa86svthv422ld8vc96fe8mk2s74n4ur,215,13,3.76,No,16.81,0
1GQ6LuyJ6uMDv1MamqxGrJFhHyLsEjRsV7,215,13,7.48,No,16.81,0
bc1pjggk9v9dh3d6w3xrpumukjehc570zhqnwanwsm7gewx30je4lm0se9artf,215,13,7.27,No,16.81,0
15B4ybmCdqxnvGQSuna92rB6zA3kVERTng,215,13,54.21,No,16.81,0
bc1qtw7mcy4grjcdz9culjvxcqy46eqes6r4h2u2ty,215,13,27.17,No,16.81,0
3AAuy2SAh1S3VVX9T1kRrr9p8BDwHTkNyJ,215,13,13.49,No,16.81,0
bc1qyz87y2ws2gtgnknj0nmdlkyz7p48fx4mj8ejnv,215,13,7.5,No,16.81,0
1cMvNX5GmC36mmTpvoJ6L4Fn25BnMJ7Ah,160,27,1.31,No,16.77,1
3BZvBEHvRrjE2GmGcTPodiSegdtw5oSaFH,160,27,2.41,No,16.77,1
bc1qvcm9cph2fs7tns7hrdkzzvkctadft8r8p85npn,160,27,3.77,No,16.77,1
1YPWhzRqigN2MEEH5ZA9quViS1by9SVsf,160,27,3.14,No,16.77,1
bc1qqmxwcva7c789xjk7mlflc73cjjg2ssd2868cnj,160,27,35.13,No,16.77,1
1CskAQfkdLd8ETsCjCp1HQsXyoH1ZHU5U1,160,27,27.85,No,16.77,1
16xvEq6cMCXvGiXyUA8J4bDJZ23AvE1bJy,160,27,5.97,No,16.77,1
bc1ql9ltg26kqrnp9vwqtaa8902g2umy3kwxu8cvn4,160,27,23.46,No,16.77,1
bc1q6tvk642xrc6xtk680gh5jud82swa9ur9jx757t,160,27,17.7,No,16.77,1
15s9ZDwtMKjncibs5tALNRaD3Ft2NZrbSn,160,27,23.98,No,16.77,1
bc1qema78zrnsx2k9p9cxs0r46tp9tqnn636kyqyfe,160,27,6.45,No,16.77,1
bc1qvwru2ggg2x9sw8ex5d900fjpsz3w4h52kq4acl,160,27,16.31,No,16.77,1
3H1KGpAA1eRdDvBfy7iGWquswoPS2Xj3eY,160,27,16.29,No,16.77,1
1Cc3RWAq1QknqC4UqSvcCuS8EM29drq3ux,160,27,2.15,No,16.77,1
bc1qyc0lhmeq8u6xjt5nynuasn6uucttg23j2h75er,160,27,17.89,No,16.77,1
bc1qczdqfmjdqh9azxug86synjxm5kxeutgxldsq3t,160,27,1.23,No,16.77,1
bc1qsj6fp6hnk258t0whcdtwlpm3usq524eghze9l0,160,27,28.23,No,16.77,1
bc1qgknv5lwd06z3jdxuxvhjlef4sn4sge537f74gh,160,27,33.88,No,16.77,1
bc1q9pzxa524f0rf473trw4rw6akeshwpzfvjgce0d,160,27,7.96,No,16.77,1
13pGjiNxceQtBxWMpP6Lqs12st9SAzzTrm,160,27,3.84,No,16.77,1
3C98kS7gczc32CuRjQZZoYDn96d8yhPVUe,160,27,20.44,No,16.77,1
1MrFD2rx5KnkNnGKst2LCoyrp3dU3CGGUC,160,27,5.35,No,16.77,1
3M57i3V3VBxiYLXMB9d44oG4MSAKiMbEPG,160,27,67.95,Yes,16.77,1
bc1p8numm3fawx9760hym4gue3rc4jk6hrmv8y0n5ruykja2krwckasqpmn4eg,160,27,13.33,No,16.77,1
1FFUWC4nZo1RsTcPxHdb3CqLtW4cRUoh5c,160,27,12.28,No,16.77,1
bc1qfhkghchfef8j3yqhp0kkmuyvcn4xy5m7wq7dcl,160,27,34.28,No,16.77,1
18mQ9EgSPVaPeWAfUYhR9bWPXYRxAeQbF6,160,27,20.26,No,16.77,1
3BaDRkyafomsm3ybqCUtbmnLkEkhCpGBrL,46,21,17.77,No,16.77,0
1MLW6zSeKeUBk6wcZCQB9DbiWM2NuaQUvN,46,21,10.19,No,16.77,0
3AQQkXiVeg7UXbN3PAoRZ8VMGGPioryhYt,46,21,16.77,No,16.77,0
bc1q6am9ngu9383uda3jpm4mjqx9cna4vtr2e8063k,46,21,5.91,No,16.77,0
1DBf5emUxaBqHHxt3rtho3SN2dKFFBMNxH,46,21,21.69,No,16.77,0
3DMWewmT5GzKbZCRbBo26biw1QP69okVgr,46,21,8.96,No,16.77,0
1CmccaBDVJmZFn4GHLQmRNL7k5r1YvCYcB,46,21,30.86,No,16.77,0
12LDQ1ueLygpkyvLcpPNQbawko8XaCqDDS,46,21,33.18,No,16.77,0
bc1pgjkx79knlsqv2xp3ksdzps8947repad6wrh3p7f4lz0fm8sc9l2srukp76,46,21,7.35,No,16.77,0
1CXQ6LMV2JNznPSp2puHLVMiGw5fHU1x4z,46,21,23.0,No,16.77,0
1wo8mjNdrMkU9dcdejJY4uiXkuN7VJywE,46,21,15.95,No,16.77,0
bc1q8la7ksr4vwkuu0esjc2ywzt7k2s55qmqveqmda,46,21,18.01,No,16.77,0
3834ENk5e5EK147w4PVs3mHNqNgz4yTFXN,46,21,7.08,No,16.77,0
bc1q3mq93aa8awu6gnj3zsfa3s28nrqfl3lwd77pff,46,21,7.89,No,16.77,0
13ncbwKBvK4f3ZBXNAyfPvUyL8aduUcK25,46,21,12.95,No,16.77,0
bc1qfpp909z0y0v6xy06lt0sgwg28pv6kwpl9jv9c9,46,21,6.75,No,16.77,0
bc1pxxjzs3xl6065xs5emf6u4llv53kw2yluxyxredc23wmn4dzpde0sl6ff22,46,21,11.19,No,16.77,0
bc1quec0ns5z3kzu496xhtng2hngyfjupspwd2gwdq,46,21,28.02,No,16.77,0
15tsxoHEpZy2aA7Ao1bBgeQq6xuTDyuZfp,46,21,22.95,No,16.77,0
3479rHWSG1kE7CAPvsHSWT5p2EeN43trZ8,46,21,20.68,No,16.77,0
1Fky2C7YcPDzgzsbCJNEraBd1rBpuZPQuR,46,21,25.0,No,16.77,0
175XY2UEVZT2rvZCJnegyyt8kFjw37ABsk,198,36,41.78,No,16.71,1
3Df3biGgYb8A8fGsiCexWYsUzpNpGpeDaf,198,36,16.9,No,16.71,1
15cFcWBMpfta2ZxRorjuC6hpruiitQJX6T,198,36,18.5,No,16.71,1
3PewNqoZubMd1sDxYrZtARqQbuPfds9KuY,198,36,27.95,No,16.71,1
1DwW5CdjM22ibBAP3u2DKBmFR9e2TGSNzq,198,36,11.05,No,16.71,1
1ARB6wFYB7dtkcD2mxUFVLtJd7F3ZJnbQT,198,36,10.39,No,16.71,1
12JWsRsFMcrKiw5gdYmvF1efrhxbJMRES1,198,36,3.87,No,16.71,1
32dqgCvg6TNMKWyMRFbLNujkA9madXeHj3,198,36,5.12,No,16.71,1
1PgyFf4VZBTDpmCMKfqJBHvA2GgAcYZ4jL,198,36,4.42,No,16.71,1
37hv9a6bsn85zHFXCgW96MXphjj7LXQYzA,198,36,16.86,No,16.71,1
36NJSBXnMPBVVz5wx5Lk1KLhGdH4qMCjzo,198,36,37.74,No,16.71,1
bc1qvvchacnnj4p5awfz8cdgy387aye2nsge0e9rls,198,36,6.28,No,16.71,1
bc1q355r8hwpcdf6cpqc7w48velgqvva8kw86alewd,198,36,34.08,No,16.71,1
bc1pv9d7yctexyr9nla6dj0qypz5a40efhzwhzuvd5wt2sd8fcs7v9dsqw9drc,198,36,1.91,No,16.71,1
1DEGWmF7roVKkMD8QTbnvmxsQhXxZMh23N,198,36,21.21,No,16.71,1
bc1qlnl846zlx2ln673k73jlp0gxel8yeyqdl5p27g,198,36,5.25,No,16.71,1
bc1pn7nh8ryxfccaym5dgfjw2rpmrlrkxaxg872khau37fdgk2a6u0ts67wpr9,198,36,13.95,No,16.71,1
bc1qpepardxsfhjjs79mnd3nzglzra95ue8q9vxk55,198,36,3.44,No,16.71,1
bc1qz554erp6x3m86ffftfxv4rcazt2u9t9caxmndv,198,36,49.35,No,16.71,1
bc1qe68ygv4alppfs0wfryzpvslx3v657cntj2h4ke,198,36,12.24,No,16.71,1
bc1quakw7stk5mrfwfj2dth80nrnhrx2t0tqlcvfkt,198,36,12.04,No,16.71,1
1F2qt28U8Xf9MKRY4MtJqWQaZCyhxz84is,198,36,23.09,No,16.71,1
bc1q3myds8j3mlqnjg2jt5zajmgm2sf9snmeazl4ut,198,36,2.41,No,16.71,1
1M95vdWT3cHJvNc1nQtZSTTzrHLAgqP48f,198,36,6.27,No,16.71,1
bc1q42kvkcf44h8s2l8tnl0jdcv4kegfg8du6vt0rw,198,36,3.91,No,16.71,1
bc1pmh78tftg5ejpa26lj6cx3gg3t4cmu5ulksc6kxm7hc8yw9hu8lhse7dwqv,198,36,5.86,No,16.71,1
1NBYD667oG5TdLgdv8t9YvkuRmxZHBV26,198,36,54.93,No,16.71,1
bc1qdhfxgvn2a2un9mwsnke9xc6jjc06j9qheugpyc,198,36,18.59,No,16.71,1
bc1qnnve9trezkrzje4cuuu4xfesq9mwk7jkwptqjg,198,36,1.78,No,16.71,1
3DqsLDo15g1jRQBtgpTzKCDpFbwsXvvVAE,198,36,12.21,No,16.71,1
1LYKusJfF9d7eY8o2ijmpjcr5V6nJ26oqP,198,36,7.02,No,16.71,1
bc1q4yt9n9p2eypy3faxve7hq87p5s24cmuurv0nm4,198,36,20.25,No,16.71,1
36d5SnaYmo5VpWm9StKEhUxQXbAvmKfdGM,198,36,2.09,No,16.71,1
3PAhhcbSxS9JrTrPXER1yqYm7ThZZdZoAU,198,36,5.55,No,16.71,1
1FMgPkNVCJES6RioPzSYgmMNu62eNRnTVE,198,36,13.88,No,16.71,1
38YSVHACq613AoRvZugZnLHojxEJaUQj4f,198,36,69.25,Yes,16.71,1
bc1qvhzr6h387rthjkvegmc2utcyvzjf04pz5444ct,191,24,8.47,No,16.69,1
13otBzAH8axvwnDoaosfLEqF6iusrVNL1N,191,24,23.74,No,16.69,1
37sJW5xeu2F1wUBF6JfCqbA69HvrfUVzSw,191,24,28.47,No,16.69,1
12i57ZBGRFGoZ3bjVPsAYJH4AVTrBvwdp3,191,24,5.37,No,16.69,1
16iiUtoKN5bqvj8zVWDEdWDstH3bJCgAeC,191,24,30.75,No,16.69,1
12FU6BYxC2m6266rD6KnqTDqEwRzwgutDm,191,24,10.39,No,16.69,1
bc1qatf6ethzn9ty08qzssl38p0muwys8t69nr55k8,191,24,16.71,No,16.69,1
bc1qdrh7f52z0l5ccz9662672hpv73zkh8aswt4pn0,191,24,21.68,No,16.69,1
14WiPfQTpxoVUpy1PGHFhBtohU8Vegj5Tt,191,24,31.54,No,16.69,1
38SXAbzi43GCaTPMafoZD4FY21oXhBKNux,191,24,4.01,No,16.69,1
bc1qg2p42ex2lsdqsn472kudl423kdjmt5ktc7gj2a,191,24,3.47,No,16.69,1
bc1q5f8vksd358x6xsd8ssqlumhzvxswzk8h0nj7yt,191,24,3.05,No,16.69,1
17v63HgY6M1oaKFk8He3R76cq54PidL1Ta,191,24,35.81,No,16.69,1
bc1qd9dhhkzh22277g4trj4dpflfhg66m9phk8hzkz,191,24,2.46,No,16.69,1
bc1q8zrr7hpsr9k9u66339zevyhup8sar26yp5cns6,191,24,50.76,No,16.69,1
bc1qyu690eamypyjp5pysjnv4h4ezau5zhar62x82g,191,24,5.83,No,16.69,1
bc1qs8a6m73jrmqzjxj8cwveyhqga92dcf9y7ndp5a,191,24,6.82,No,16.69,1
3GR2obkjC1onF4tBotqnZEQUzSGr7UXMgy,191,24,6.51,No,16.69,1
16ev7HurMEdi3bVtNQPaGSpSWeLmAENV7D,191,24,12.83,No,16.69,1
14ZR45TUwtWp9WhwKPs7MwoWYDGiXST4z6,191,24,1.94,No,16.69,1
bc1qmjcpfh76gfl08gat5zc8lnz8sfpr0ylpqxljqw,191,24,4.09,No,16.69,1
bc1qnsxzhvcu6qszhuv505s3rv0xg09d22459895rj,191,24,10.63,No,16.69,1
3ANgTXPczU2DHjtCRGL7nCRLiLVhgXfpNs,191,24,11.7,No,16.69,1
1E7b77Mg1AqKmavCKsGViz8cjPQLfSYtiL,191,24,63.56,Yes,16.69,1
13LwB4ZwBjRrVsxVvy9PbczFx71sqXQc6i,143,21,42.63,No,16.67,0
34DTdxxhVBLPV98Pdeuij8aRjLFA4Ffj8Y,143,21,43.8,No,16.67,0
bc1q9x4t9ufeltacjycjl0l4km2psgwh5wmyen2zwt,143,21,7.76,No,16.67,0
bc1qewyyu36ggpth20j04let8cchd79nzenwfk3zp9,143,21,22.91,No,16.67,0
bc1qq9f6fw2nc2h357eejxh6fv2g5ttr2nxz3fwn97,143,21,9.67,No,16.67,0
bc1pzqfcl4mhy3d7g7wuestjrsy6xgfxuvwh7drv2yfwlt7s7j8rdn8sqavjsk,143,21,33.78,No,16.67,0
1M8wHbXFeFGBz9ZRDmr9QD9Zs5dGdBNFYn,143,21,3.98,No,16.67,0
1Lqw3GjBymz7Ry5RC9hDqizXoVmi3XejWi,143,21,19.67,No,16.67,0
15jYU2rxPMHzofHLpYz6SgFRP3FMPWos8D,143,21,13.34,No,16.67,0
bc1qgut2rcdhnztlctg99y5yqtnl7fmcyz5urmftyc,143,21,2.3,No,16.67,0
bc1qc2xwr3vds4rxyrmpy6g9vg5sez4yytd89j2a6r,143,21,11.12,No,16.67,0
3ELstEQeH6q75afZbdJsoe1o6nBBWR3znN,143,21,4.77,No,16.67,0
3EEKJHxXY5iZbRRZXuqfNitp7KfiXQpjtT,143,21,19.62,No,16.67,0
18TBtJPT5Yz7aaAUUFWDLR69GEMdYAX6i2,143,21,1.49,No,16.67,0
bc1qan6a8zzv0h8zkgeg7a5fj7gxlsd7v5gdata4lm,143,21,8.59,No,16.67,0
bc1qqdrdal9ldhk9tfqy0kst5z305x7l7lmje2qasq,143,21,18.21,No,16.67,0
bc1q30ml6wrfqc59dvrar4euh7xvnq6ypaq0ddufl2,143,21,1.17,No,16.67,0
bc1qaa4jmd5shwmd2nt494kuaedkgtsnfz6dla067r,143,21,1.76,No,16.67,0
1NoGRYLPUfpTnq4mSPNMvtaM4eCye4qPK1,143,21,3.79,No,16.67,0
bc1qpm6y6wrf2jw9kd355tvlsgq46k64vpqlx4mgca,143,21,28.21,No,16.67,0
1HAq12YMCNpVP8D9rcZqCRR66jCvmkogRo,143,21,51.51,No,16.67,0
bc1q74vqln4mjvvuf6yaassdpzrvntjz0l8k4y59kw,164,27,6.4,No,16.55,1
3PUAd5tLP5hp5rXj52FMiZ27X8twA6ntmL,164,27,16.84,No,16.55,1
373HavDeViRvxg45BKqbmR18VMST1M2u26,164,27,55.43,Yes,16.55,1
bc1qqtzlaf9tmtjfvjxcpj2nt6qhjuzd5zhygyzfg5,164,27,6.85,No,16.55,1
bc1qwumkpm3ms0f50q6k8tl85vf0npg7f9wg5nz7vd,164,27,2.88,No,16.55,1
1PMzakt5isEs5mMySNEUvcjJxpsXjnYe8P,164,27,5.15,No,16.55,1
1BwRmjRnYy7FjY3PWnVtm4YYd3vvZ7jyKb,164,27,3.58,No,16.55,1
192NtjkK7eRmE63ywhZhBBiPDWPBoe7ihi,164,27,2.76,No,16.55,1
36iFome7Wu6xgrPM7FUmqdz2ZwrqAdtMhz,164,27,4.33,No,16.55,1
bc1qyeh3fxav4jrmfaf52m67q6fc3ywmw5zwzxpz66,164,27,19.06,No,16.55,1
bc1qawthmwtsxve4mt479v39zaqer3m7lqffyqxxd5,164,27,33.25,No,16.55,1
bc1qfad3fsxksxxffhqnshp73nen3jwx9am83qnh78,164,27,19.65,No,16.55,1
1P33kBeZtUXYoU28ZbzhVZW8RRbexNa5ed,164,27,21.56,No,16.55,1
bc1qdwcq832e2pck5d56tvhgm93d9auneca4qmx4hf,164,27,19.36,No,16.55,1
34NCh93KbohBpkLr9gtMp1Ev6wTD3hjNua,164,27,33.0,No,16.55,1
1JC3Q1q1esoo8bzySZ24v1SvMTth272nA8,164,27,16.53,No,16.55,1
bc1pcplw4vchh42emm3zfygamnunnkkackyeynfaw6jnsvc240k57g5qdahr3w,164,27,19.18,No,16.55,1
bc1qfrc3623udtygrhhsrk8chuzm3lj844jve20r77,164,27,10.48,No,16.55,1
3KPX1vbpS9mRyEGURXPccJKgWMvMhzNjwf,164,27,2.28,No,16.55,1
bc1qjjr4096vcg87apupwun2thkc5axsa2gwt7ht89,164,27,14.19,No,16.55,1
1GuhCiDPBWUmWktx54abs3LA7BUw7BEG7o,164,27,9.54,No,16.55,1
1FKByXg9q1BUMofMxN1DzCpyH1thdnZ14N,164,27,38.65,No,16.55,1
bc1qa7lf7qwppfc2r27x8svnxdsrxrs6au97h4m3l8,164,27,12.75,No,16.55,1
1V64GGcZKP7JAWyR6jyqCQ1wzj1p5JLbr,164,27,52.49,No,16.55,1
1NjXkoRc7YRdmVGUU97FV1GVoJreg34CFc,164,27,2.87,No,16.55,1
bc1qhq3kdmrr4w8wnsnjwt0cn0fv23v02q2pmqek23,164,27,15.54,No,16.55,1
3PMMHocBy4mY3bDJsJmgESjxrVsXPiaHoM,164,27,2.34,No,16.55,1
bc1qmq0jsleu4dj3aafgzs9za2kxg762ayfnfczm4s,22,15,12.64,No,16.54,1
bc1qemshhxul3m885qseaz0smyja3nu9fvwfj3ajrr,22,15,55.92,Yes,16.54,1
1KeTRgVTK9aPSoZHTv68x2rWUtn3bn2Wns,22,15,9.18,No,16.54,1
bc1pmtukvl0rly9dkdwswrg4gfqswhdsntgw5regf5dnzy8rxtlaamnqh5m2hv,22,15,11.83,No,16.54,1
34D5rfAUgbLKtt4FFN2GtBDZyYWptGnkKN,22,15,2.72,No,16.54,1
1QDaj949XX6wgKRPu5kMqGqAMdH1H2Y9VR,22,15,31.07,No,16.54,1
16nnufmKKA3te159XgEHDdx715VRF51kpX,22,15,16.5,No,16.54,1
15yJjCr5oZHW8KFcEv7ydGJMxFeors1y9p,22,15,11.0,No,16.54,1
bc1qvh3lyvqx066uygs0ya7jprcuzdq2dk0wums0y8,22,15,22.03,No,16.54,1
1Frn8kmQjiaxENe4eXD3fYYuNuhV4ZtNge,22,15,8.23,No,16.54,1
bc1pfm8zvaavlnx3tcgs5kpj8nqt22wfuqut7zuv02ct73rpa0wcrdnq3p68tl,22,15,3.37,No,16.54,1
3EczGkdGWpeSBH9VcnDmrKiUys1PTmbvrw,22,15,11.25,No,16.54,1
1MZFwmeQSg5YQ5gvnNLvkzpvU81RUpsugD,22,15,13.45,No,16.54,1
bc1qaxxxjnj959pca9pw5x6hk3qw3uzjc37x2yarfg,22,15,7.96,No,16.54,1
bc1ppupm0qqhwsxeunxx98vf90drp2u7cuwpz3vrucl9ejf433qm0aaqjy584t,22,15,31.02,No,16.54,1
bc1qu2klzjq6xr6sxvfpdagqqjf4mt95plg5g05f9j,63,51,12.3,No,16.47,0
18M7D28ZoRHi8teVZXUaXyCv2ycDxGat7s,63,51,9.21,No,16.47,0
bc1qy3r02t4qu0d84nt2z0xy4vu3ddnpw74cdk8ge0,63,51,23.51,No,16.47,0
13QKtiHvY9YhtczbGjdNDgrSMGu6tdN7dP,63,51,7.46,No,16.47,0
1CzSwTDkjWEhruPNZefjeUkMzWC1ZenSAJ,63,51,18.89,No,16.47,0
bc1q3092a9mtv4ejgyn9ajezugatatzy9rn2rpder6,63,51,1.64,No,16.47,0
1Ea2rBGqDdhS3yHv5PJfho5BGYLRx9ztwd,63,51,4.99,No,16.47,0
3DtCkgN4Bg5WoiwgxsRqW1vr7x7oojTWfp,63,51,19.27,No,16.47,0
18ZQW879DYBnABjePp6FfcjWBNPB955mM7,63,51,14.17,No,16.47,0
3GT8Rbvaf79MmGcUK5xYhcrh4Gckju67Pg,63,51,18.4,No,16.47,0
1CuWd9rJdhmiomvYihWsRKYyBtxxfNRRMQ,63,51,45.36,No,16.47,0
1GHyPi4EZFGjTrjAUnj9QQrHFK1uwfxqrs,63,51,3.58,No,16.47,0
bc1qght833t97ckkdqan92pu5k7pysgq7d7w95ks58,63,51,24.5,No,16.47,0
bc1p7zfc837gefhzrgsaj72vp4k9cy8mvc4vspatay72tfhx7akn2pksjj0ysc,63,51,16.96,No,16.47,0
bc1qdevjrdgk2shs23a47zx0pjxy8hm8nxmql83xym,63,51,31.25,No,16.47,0
33tuTUjShd8QmXLF9UnPXPtGpZFSQAsgQY,63,51,12.56,No,16.47,0
bc1qve085nu7q3vmqwgtupd9cyes7mx4fjsnmasjp8,63,51,29.65,No,16.47,0
bc1qzhwje46fdq0pryvxc7d32nh0qpklpwu0sga85w,63,51,23.62,No,16.47,0
bc1q7ullhe02303v7lurtljupwye9tvax4tu895k5h,63,51,4.6,No,16.47,0
34jaD6PzdYBEjLBWKJEvjpeM8SqLkL3MyQ,63,51,14.73,No,16.47,0
bc1qcaw2spxf4tekj54zztslaj4kpxqk33lp9q6gfg,63,51,2.09,No,16.47,0
34BXqHT1vDUjYDQdkRYbtH6hV3XTcyqcV9,63,51,29.79,No,16.47,0
bc1qkxqajxdul34vl2g2qhvtm9skr8csc04vmtfw77,63,51,5.75,No,16.47,0
1GX4kXzNZjbnPvC9HV6SogZh9eaW8oKryD,63,51,8.06,No,16.47,0
1MXdd3r6eKe4JY4RwAA5WPohvY2T7Ao1b1,63,51,13.23,No,16.47,0
3E5VgG7x3cPdTxVrHbkyrkp1AYj4fWaKsU,63,51,23.23,No,16.47,0
bc1ply95786gz4twljf3vnhjsuwagaz2evn2fzzyzn8qdux4wq4m24eqgwdj7j,63,51,51.15,No,16.47,0
3J3kwuN9U4WqLAdoTSLwJBY5o9yr3uw1Uz,63,51,25.12,No,16.47,0
1PRFvACGkSpki2EFisBaX5s8hM2xvbpZWe,63,51,3.93,No,16.47,0
3PXAm7uyZBUw4SB8dBfa38W4Nj8voxBaB8,63,51,27.71,No,16.47,0
169CyiTvJXuXGjzfxje9VQUT17MNBJBycE,63,51,51.47,No,16.47,0
13jLtniVXGNnmgJFoMAr72bhK2f7HZhzuw,63,51,42.44,No,16.47,0
1GHSaWhqbNbTiMSY6P2x3bqTM5CWxJFYJr,63,51,17.91,No,16.47,0
19Uaynt3vZKFyFtouzFx8gAcjQpEPLYCQy,63,51,31.57,No,16.47,0
1CM9MDRidNSWQqjGZ1KKNchBfwrDgaFxJz,63,51,5.05,No,16.47,0
17faaRMLwHJQiX1kdFmxRJoQ3z1zoXrTMc,63,51,5.33,No,16.47,0
bc1qcnp78eekj02p385jxqtdjfk6s8he3cqk0279a3,63,51,8.25,No,16.47,0
bc1q5wvxe72vjeas6e3mawznghnxqgr79nkuwrqfp2,63,51,4.69,No,16.47,0
17JHLHxsj9crRJZT8UbzTFTr5YPNSzmyDa,63,51,5.7,No,16.47,0
157tmmHWoD9FyUeTPtVbiz1Z3aFvKnY941,63,51,17.02,No,16.47,0
bc1q3hyfsfhvz0n66ryr5nws2h3tcu9tftgrw3lc25,63,51,11.61,No,16.47,0
1EikCaUqtmQNyJHF8ix5kUctmChyYFbXpy,63,51,1.46,No,16.47,0
bc1pr9ztta29zjgfmt092dxnlg5acjczuy7569xtk0c0jg3ls3npsjwqcfsmwk,63,51,11.68,No,16.47,0
3BsXgaRkPjoRQHRhfz3yeKukkU9zN9cNzH,63,51,11.58,No,16.47,0
3QzGhFuCWhjPdhs2dqtEWaA4fhYdX7244t,63,51,7.67,No,16.47,0
15QUWJuGovWrFepXCbqcivHPjUwANUXDpv,63,51,10.99,No,16.47,0
bc1qsg8jfxpj0vqr28ydwrfnnqktjmfjfcxjwaeles,63,51,5.48,No,16.47,0
bc1qtamcztt98x6w24t0d898scg2p0fnsmva2hymw6,63,51,9.85,No,16.47,0
bc1qz4n738mcpm6qjkdlperr04adddjsd0pu49grg2,63,51,36.05,No,16.47,0
bc1qjfuxxtm9fw7vg5pcvda56zjakqvccf80jvzq5m,63,51,0.69,No,16.47,0
bc1q6s33xh3uwkkvskl4tyzdq47yhr8h7h743etv5w,63,51,16.78,No,16.47,0
19i7PgKwdq7w46L6DgiGUuBLUo6fEYH3Zk,65,59,31.49,No,16.29,0
35Ax8QDREvmb7PiWQPL4tEYQMniEAipTje,65,59,11.26,No,16.29,0
bc1qm9wpn4l6er46r8dnz0420v47qjsvy77rxjarwh,65,59,53.57,No,16.29,0
3FBHRGcN18Rv2VE9TUC99Co3tXxjACkQpa,65,59,16.66,No,16.29,0
1K6aiuTQz7qGKhSo8pqchjzDaBc9Gwc8RZ,65,59,12.47,No,16.29,0
3KVHdaeVNv2qmJY89NmC1GedrDsRW99G8f,65,59,40.67,No,16.29,0
1J6BRT4VRdXoELB2uMyT4XQ3ReY5bZtyRT,65,59,10.34,No,16.29,0
3Kkgw2Rz7Aq7kfConfEohwuJnzX2zXPjNC,65,59,24.82,No,16.29,0
bc1qplg8z6lfvf3h3fjvq09fqlmxn5gusxtt808g2d,65,59,11.69,No,16.29,0
1HwHzVPzh1NAu5f5A6NZwqrX7c8evfmKax,65,59,3.82,No,16.29,0
bc1qj3qzu9t4rjp0whvupf3mkrarrksfdr8dsmenn6,65,59,7.29,No,16.29,0
18RTB3tcKRnP6FeGZ1Wu4w9dEBXh8XDJg1,65,59,48.76,No,16.29,0
3Q5kvDx82mYWvR1PFomyS4CJR5YwerA7Za,65,59,8.98,No,16.29,0
bc1q855zxgcn6lw238eyxt0aayl2uudxtxxy49w885,65,59,4.47,No,16.29,0
3CBL27zzFUPo9KtcqKqJqCu5TSdGsx1XHk,65,59,7.71,No,16.29,0
3KS7BQYSctNTPAMZrQQJ5CLLptwTUBBKgi,65,59,34.21,No,16.29,0
bc1pvqk277u6lghjqugunq4vtm47h6hn257ppq537peqjxqnef9frd8sq5z5t9,65,59,6.1,No,16.29,0
bc1qpvruc2pp0cepngmkgjsgzd66vv3s4ya0rvmemt,65,59,34.75,No,16.29,0
bc1pmzyy868k6eth4a9qaxp590qdfq6qnqmwuq9tfvwf0pjqta7spndsgjk20k,65,59,6.54,No,16.29,0
bc1p80758vlnuvpmfxlwh0llseurdvd5wkra2tn43e6x80daq0tpp2tqh7ta8h,65,59,4.64,No,16.29,0
1GRVofxj5rckR14iVCj3CrhV41BJJKDwMx,65,59,27.9,No,16.29,0
1QCRVm9HoorSskcXVmcLqHptBrbDrt5UHi,65,59,4.69,No,16.29,0
1K5Xc3QgQmDCUG4ScpQHhVzehbodePgivH,65,59,3.36,No,16.29,0
1BNu5gAtE7vf44nJ8PTUEVMZb98XCKyFsJ,65,59,6.05,No,16.29,0
bc1q3kfa9n7em4wze4m83rd6qes5u3mksrhqerfmzz,65,59,33.09,No,16.29,0
18PyqDEj17yLW5aVLdo1qzEAvnLoetaat8,65,59,2.89,No,16.29,0
3HD7pePMxGYM8DjotLUigQZfX4kKwRCTyw,65,59,5.99,No,16.29,0
164nTFLK8bU8j7JfVVU8NAQy7PTDjN7Fy1,65,59,32.49,No,16.29,0
1FvpEHKVgipnq9toi51dYT9LURpPLqLcda,65,59,31.48,No,16.29,0
bc1qclqta6azhalt9y7lyypmp5z7ru2quyxxxnp09q,65,59,16.57,No,16.29,0
bc1qw7dmqxqp75lcydekjkwg9j9g7gvfzqhcnak78f,65,59,21.83,No,16.29,0
3LWsSBkgJY2B2TCXN43t6Yf4QpgXjyRU6A,65,59,1.39,No,16.29,0
15rSobA9Hf1McpHx22p9FFL7ABnWGuTaqQ,65,59,7.38,No,16.29,0
bc1qv8gxm8xxqy64nv9ppeq8gwf64uwn60897ydys0,65,59,5.2,No,16.29,0
1JzEia9t295fZAMhKJYKu4HhApfbA1jxMa,65,59,7.03,No,16.29,0
bc1pfcwaqzw7hhrnn4y6a5rmcv4pxa5vmcnn7tnn28ne6zf5l8dcfkxse447zx,65,59,44.8,No,16.29,0
1BH6GNKqaqo6FRirBu1TEHKvqLnL1BVytk,65,59,14.87,No,16.29,0
1LVqMbo7FCu7vc2mJ6HRosUM4ezZkjd1Jp,65,59,16.73,No,16.29,0
bc1qgvql0xp82pkw2kc50079rfc03ng8cwpz8ct742,65,59,15.63,No,16.29,0
3CWnJLt9cipkxMj1s9AaEE24vL9YbFtNVp,65,59,51.82,No,16.29,0
bc1q75j6dwlw0kkk423etrx4g0888v3jsd9gzry9dk,65,59,6.98,No,16.29,0
1B3PYDXeGd281SBP68hp5e7gTvdsfQ1hA4,65,59,7.83,No,16.29,0
17DXs6HkT2uxggTsMHLu8eKK5huFEPLRnL,65,59,16.75,No,16.29,0
bc1p7cmjexs6t4cmrrr2mkc8zdq4r5cer0fvllsdws8w62arx29vgy2qackhk3,65,59,3.26,No,16.29,0
3Bg9USBk4KCCPrEucxGY5W5X1GYZv4rYXb,65,59,2.63,No,16.29,0
3K11YbDH6waoYJHMcot5HWE8BaXmwxbW5d,65,59,21.38,No,16.29,0
bc1qm5p7ah52j99tlkepj0a46d653jvs9n5qgh7y6f,65,59,2.86,No,16.29,0
bc1qy5kyvuqrfnl29wt7xqg4ggv5uj8h29yw0lrgfy,65,59,15.52,No,16.29,0
bc1qk5prm27t7a98lplaq0c7uhegqtukmr79v3c8my,65,59,2.02,No,16.29,0
1H8ZoFaPEyrjTc5hKy62Gi3NWUEcepaooZ,65,59,2.72,No,16.29,0
bc1qk6av6u58srkuzj8fg24p3crhrde72zakfagaky,65,59,5.77,No,16.29,0
bc1p0et94rh8fle8zwrwh7me4zcnmfpndwcvp60qz8ewrs3jzry85glssc60z2,65,59,3.67,No,16.29,0
13a5RBih7E8cnPNVxsKqBqYEMP2GJaSoXz,65,59,32.41,No,16.29,0
bc1q5k9k03zmt99fhkfehr7vecg6gnrrh42wu9mv4n,65,59,19.09,No,16.29,0
1PhyXqeMTi1erwB7vjSpi6kwAk6ZojfKH3,65,59,16.4,No,16.29,0
1ovDdgrty4W8wcqqHgv9b4c4S1Des7Gxs,65,59,50.97,No,16.29,0
bc1qqlgvw0d03gszktwhprrq640dx2x7c9g8kpjs2u,65,59,3.46,No,16.29,0
bc1pamgsgqmw3p2c8a83wphrypkun0yjmqt6dtt6rs5pq7uervgh73mqhw8e83,65,59,8.34,No,16.29,0
bc1q997y0r7tw8gjlkxu9lsk5y8nls2jqcywjck6tn,65,59,7.43,No,16.29,0
1GbeQRW2EatUAGipbQKTrTeciW7rgwwjF8,64,22,11.36,No,16.27,0
1Cisd6L3XDvkLAn7rdfGcfS1Qt73Q6N8RF,64,22,19.6,No,16.27,0
bc1qmr4u7aez6zqkh24mygxv9mhxylxnnqefegtvqv,64,22,22.98,No,16.27,0
bc1qfep0cdryyfkkdfmhv7rk22pvzfpf6s62vjzsvz,64,22,2.38,No,16.27,0
bc1qalsunz5n9zt3qqukwj0sfpmhggmyk4f65kjq9y,64,22,5.99,No,16.27,0
bc1qdxfrg8espqh36he486mztmkucd6s9kx6cr2tmq,64,22,1.13,No,16.27,0
19CLrowwoPtLypsGFJZ2Gv2vUAqb8mPLt5,64,22,9.99,No,16.27,0
182dzBHwFqKezL91j3TFBQcsHBLEgZNhaY,64,22,54.53,No,16.27,0
bc1p5g7slgzscrzmzlefjtm7mvsfxh6dq9qu9wmas2kws2jtkk4wjl2s9mxs3v,64,22,39.56,No,16.27,0
1DkNEM7BCT3NJjqvKxu2o4h9zUJou7mPZE,64,22,7.24,No,16.27,0
33iXYLQtcXWFGqGzHcsBoXoSpCRJ9K2HL8,64,22,39.34,No,16.27,0
1DZyqLmjgm3fQEGKgSdg8yMAV1QWuLETZW,64,22,9.67,No,16.27,0
1LvwnThHyTEdAEMYmHcsmDyxWnTG3AVkjY,64,22,10.55,No,16.27,0
1CrW2eMPpTFvmzNKEtqUrMAobT87f747cE,64,22,18.33,No,16.27,0
bc1qpnja9ncm9xz0n54wum2sjzlsq9l3mlty3qz2hw,64,22,54.4,No,16.27,0
1EzkTKUsuyjqXJP8v7TKooGha6Z1i5iozc,64,22,2.76,No,16.27,0
3L8ZLsrtbwaivHdntF7xDFSoCkVeynefeg,64,22,10.0,No,16.27,0
bc1qlkvxxndrmh5kwrcxxr5k9kk8c9ma9xqf3l2756,64,22,3.1,No,16.27,0
bc1pyj44y2ez9lyft3pwwtsj9d8834xyffpwfpssz6ssqjul6atyrdeqqr03w0,64,22,0.58,No,16.27,0
13ak1XcPzZB5MDZ75SiEBsBMJJhdUJVCf9,64,22,8.46,No,16.27,0
1CSc5AabUSnMb9gi9N2HgY1eu5D7PmYiSk,64,22,13.67,No,16.27,0
3HeKJesiz6MBLq5zWUcNM1ZSmDBq4xN9U1,64,22,12.4,No,16.27,0
17zMmAkmxLRAJs2Sn3CooYchXFNu9VhCut,44,19,2.77,No,16.25,1
bc1q6wfgey775r5xr8s55r2xvz39rca6uxtrcj3yw7,44,19,66.01,Yes,16.25,1
1NGR2W8d3r2DqDGgFXXJ5tRuaQGkCc7ini,44,19,7.69,No,16.25,1
bc1qeyygz8hw2htuhx05hpgp35084x2c9u9rfdaqj8,44,19,10.29,No,16.25,1
17WWhuRzrkKecjnW4AdgbNjnQt7kYEsuYA,44,19,34.37,No,16.25,1
3JgSq8gpaNJyCdAGVxRDJmsj62QmS9RCwB,44,19,20.65,No,16.25,1
bc1qz5ndyr3ycnrkjmzyhxtv6wve52s43egczky9em,44,19,13.34,No,16.25,1
37E9GE59rBjDxerajZn81YZWrkJ2dDa67P,44,19,15.24,No,16.25,1
bc1qclfssndq8qhv2lq4qwx7q580u8zsz92s99nchg,44,19,5.59,No,16.25,1
bc1q0pnec4sp3dv0rngzw2gr3lr2pzc5xnls8vaw3e,44,19,7.79,No,16.25,1
1MVV5rY1hF3se7kGa1UbFDXhFSiy6J4Frt,44,19,40.32,No,16.25,1
bc1pg3gwc86ymeydfxrm6r8x3w0p8z8q5vhhsme57ntym4q7alktz0nqrs2nlq,44,19,19.05,No,16.25,1
37ZdMpUoXnoP57egtmHP2xR8tzBHNkLWHu,44,19,5.18,No,16.25,1
bc1qkzgfnyln6erg43mtgeephkjewdh563x0qnsauh,44,19,5.09,No,16.25,1
bc1q0k09dxujyn47t57jaeu5dj0dlcas5mlq6y3r6c,44,19,10.33,No,16.25,1
bc1q9dw9w2qgjgxxtvuclredpz4xyd7kjskt0hxg40,44,19,11.02,No,16.25,1
bc1qjm26udcp6pvy84nmhylftu44k5046lh5cgu2rx,44,19,5.23,No,16.25,1
1w4khPHgDudBLsj77CENKDnjvg8JuFWbZ,44,19,15.3,No,16.25,1
bc1q43hgfkce5sm77m2g7x9945vh9d7epy24cn00gr,44,19,13.52,No,16.25,1
13xmZ5hAVep7VKQwTRQWgr6tC9xtPTobBU,109,44,5.01,No,16.16,3
1Lhk529X7kdHcBNG6tLMDiUMDPRbs8dBi2,109,44,2.07,No,16.16,3
bc1qv4mcus67rhzd8p5xfl64nd6tdyvsjj3rl5m7zd,109,44,8.66,No,16.16,3
3NgwTez3ghU1sFKJnnF32ArhEhn73YuBSj,109,44,12.26,No,16.16,3
bc1qrfmlht5ege23s58e24qz09v6fawkpl70583ayn,109,44,11.52,No,16.16,3
bc1q5g5kvlk3vzat3phqqpkmuzxx0ujw0n76mmhzkv,109,44,15.46,No,16.16,3
3CBcaLWFevfC1rqppo877JNWyiSgG8oPsf,109,44,23.03,No,16.16,3
bc1q0ktjy4mtade05jnf45hevygnp8f3t68heachtd,109,44,26.82,No,16.16,3
bc1qxpzq47spwl7qyv0v9kdsxfqnvcefcp6002e6kt,109,44,4.46,No,16.16,3
1BuietXCnFpAyA2XGtUeKWvm6kWJrmK8yY,109,44,15.54,No,16.16,3
1JPPcWQpA14J6Y1YQ6PkGZ5HxXbMR1UNQC,109,44,10.42,No,16.16,3
3MhJx4pfPMQvwcCmZ6MxQoBcrdVER3R5wd,109,44,2.06,No,16.16,3
bc1pyev7u3xuqrqpstwmfg42ex39wlgrs9j77r622h74pzu8kdfcrv9q23tz5e,109,44,29.89,No,16.16,3
bc1qpm23ej7p0umjqzzz4u2pyc39gfejatn2agq807,109,44,12.26,No,16.16,3
bc1qrv0y308lxkram5awftnank4zukupeea8dnyd40,109,44,18.26,No,16.16,3
3EXxtHcQnCRHjr3soR3XRJzCoDhiVuzQkm,109,44,27.17,No,16.16,3
bc1pdw66gxp52lpwyhsjkwmuengsgv6z5xserp49qsxa7g33cgzpzlzqupszmd,109,44,1.13,No,16.16,3
bc1pukprk630mjd4tgpj65zfg7yggj5aprgk60ntfrqt4klwqhac8tjqvnyp6f,109,44,15.45,No,16.16,3
1GvJzQj6YjBMs5BwpuFCBqeR9FBrVSirzD,109,44,0.31,No,16.16,3
3B7JLdpCHhcoGTdQgx7DrauVrx7VpdVdZP,109,44,5.0,No,16.16,3
bc1qj8pd3hxvg4safpm3qd0fdcz5tsnc2cwqxk223v,109,44,23.39,No,16.16,3
3MnLu4q446MJiHPwG4dt3gxphVxBeAMvNz,109,44,10.19,No,16.16,3
39CHuuSHjj42rpSrG7vV6wCsNxiBaWTy1b,109,44,7.41,No,16.16,3
1FTfTYUAhFHVXjhzRX3cBgxQR6jLxzx1k9,109,44,15.14,No,16.16,3
bc1qrx50xjgvwtq0jl85cpt45rcxsqk769cpcthuke,109,44,8.53,No,16.16,3
bc1q720setrgy7q2j222sad0z0kplt5r0s9wadqqt3,109,44,8.6,No,16.16,3
bc1qz5q49wsydvjwx653rwzn922sx39y7ahmhxkedk,109,44,6.98,No,16.16,3
39saStD6Mdr4LVRNp1BSxEgSc1PWpCmwpw,109,44,10.69,No,16.16,3
bc1ppx0h2vvqzlzy0nz7n0er8kta5rwkdcq0hwacreyp3fqde20qc2xsfad4kd,109,44,62.68,Yes,16.16,3
bc1qjlwuk484xvdj8m8fafu4r5sf794fj0872dyk8j,109,44,57.99,Yes,16.16,3
bc1q7x0r8g7zku09y2mwypumd7rkxyu82exh9ex4qs,109,44,3.14,No,16.16,3
1HVzXxjX9YpF6g75Y6Tbyfy9yE76NHg37p,109,44,63.02,Yes,16.16,3
bc1q4hnm0zrvwhdynkrlrezqrvckwq3d0xw2k8vvuv,109,44,10.01,No,16.16,3
bc1pm98g62qpjcl5u6kmfxuvd7w452e7gntmnr58xjazea4u5azn2phqfcxcqn,109,44,3.52,No,16.16,3
bc1q8dgm3gxnw5p2unw0kxc85z8c0a3azqtvw4rj3m,109,44,17.51,No,16.16,3
bc1pc2kdvjw5mmr03yta8tk7ksqq286nhdy5wawtnt3x9gcxdpm7smxsj4sq8p,109,44,12.47,No,16.16,3
13humoxRpo8YDi4GCEEioF2T2CQ2mCzpPM,109,44,15.47,No,16.16,3
135zp2ftLz3nhBjvbgkMc52oUzAwP7kTej,109,44,15.06,No,16.16,3
bc1p5vth9ajx3jqf7jx6laephjcm5qnu23zaefqt5cf9tflmmw0sl8mssgfuse,109,44,18.32,No,16.16,3
34HFQwBRuaqa99uSHF2rVFkGnRABqcX4jm,109,44,47.36,No,16.16,3
bc1ptgfn0t5cl2c9x5kpj6vy200v0m9e846hlwmzrjastl6g99y0t6tqkkgdw5,109,44,3.74,No,16.16,3
bc1qz62uhvqdfkgz6kpwvmvf7hwrwmqa2t8u5lh5ye,109,44,24.57,No,16.16,3
bc1qz7yuxczg40kh3d2wv7dw9f4t848wgrpn64fjsx,109,44,8.67,No,16.16,3
1MycmGhNGSLRANs5ZiWCqo1iVRaDo8gaer,109,44,9.68,No,16.16,3
bc1qfem06jeampq49an43wgd7pfldjfa2nq96whd47,20,20,16.24,No,16.15,0
14bQg4nbWWbzLkdgZBeYScnuWHXUvjKFGi,20,20,4.91,No,16.15,0
bc1q50hwg8pcezkjzd3md2frug2h52facalcv645a8,20,20,14.4,No,16.15,0
15WXMQoZM5FCM3aHwLQUNQNpGyQ78k6swL,20,20,8.91,No,16.15,0
bc1psc247kyn2uqfm8lhyq86ddy35pqdv2cyg8jw0a52vv89qpeg8e9sjt2vlf,20,20,17.36,No,16.15,0
39f67MGWAaDJJqfC1JAczrs2CiqFQYTwCJ,20,20,30.87,No,16.15,0
3FxbbmrkSijWY5t6fXthXJwwGnsmXNPjp8,20,20,20.84,No,16.15,0
bc1qvzncesdd8ha898dw34n0smycqsq2lj75uctaw9,20,20,26.92,No,16.15,0
bc1phhppnn0l6dgw70gy008wy4d8tr9jnws54jm6q6nua77gkul6l0mqp6hnn6,20,20,32.02,No,16.15,0
bc1p6lmx6gg8y44e9zn6m7dmczdpc7lqwl0cfyqvmlxnlq903sptzeks2agg9d,20,20,4.44,No,16.15,0
1DQnwHPdoWYaGueyJV15dW877dqPd4mShz,20,20,34.52,No,16.15,0
bc1q3n4fk9wj5sd3wnpv4awy9e8ug6te0snfgx4ln9,20,20,8.95,No,16.15,0
33cSvZg7Ty5U1iwVZeRk8kL349Yx5uEP8E,20,20,2.76,No,16.15,0
1NoSbYTqLUaZ6TxaXDSULFSGLtYUExeuDc,20,20,11.81,No,16.15,0
bc1p2hszrsre9jlk7cgmzux2r0cp042xscanrxud9fp7p398hj45gh9sswr3yu,20,20,17.6,No,16.15,0
bc1qtgd8872c0mwlcpme0wje2xuyurv7sw902z8yrj,20,20,15.78,No,16.15,0
bc1qr2h9p7xtsuruq2zfkcgzuwsq3dqupdwzc3783u,20,20,9.07,No,16.15,0
bc1pslezpuuqm2hk9axpv2zu54t5envp845lg9l3sd94k9u440fgfw3scnvrj6,20,20,12.21,No,16.15,0
bc1pgygn2j8peqhuepfuzw7xtag828rmp7n4tlxry8x905ft8704r2cqum7a2n,20,20,16.08,No,16.15,0
3E9KbuWggHyEFRv7redqbaYjteEAWuRPgX,20,20,17.3,No,16.15,0
bc1qf3pu3sfhn2xqrxjf9puus2ltmat50ym7qmh4sj,119,18,7.21,No,16.1,1
1P3g4nXdh3rr4TLGnG5PdegVEm7xE45kdG,119,18,32.61,No,16.1,1
bc1q6en6agme65ujalrs7frswgzwxvc9we4wq7zppr,119,18,23.31,No,16.1,1
bc1qvza3utrpsm4fx27dfg4qzp5aplhqsmlrhsf7p3,119,18,8.7,No,16.1,1
bc1q2w0pjgfsj53dq98kcjspymmc7xnzy0aq2wgt4g,119,18,13.26,No,16.1,1
18pgErckPsSdCmyaDpfC899CRTY5SbVwWV,119,18,26.56,No,16.1,1
bc1qanvestlh0a8watte4twm59jtyslvl8n6crumr0,119,18,16.07,No,16.1,1
bc1qpvvx3yl5mzswcpe0mdhq0srzz5sytujswwfhz7,119,18,9.45,No,16.1,1
bc1qx6fhpt4f7stxkgc9ujggstrp0nrt2cscwrw4qz,119,18,1.65,No,16.1,1
bc1qlwuq8lzsv49psjnm37mjwz7fmq9sp6g4t59zjp,119,18,6.15,No,16.1,1
bc1q28mzvhh3kvsewmsnrwztkf2dxqnjp2z3av7v2l,119,18,13.83,No,16.1,1
bc1puppa6zfxu060dg3gmu4066fx5v66xk3nselvmq9wwl34srwqtrgsdzty7t,119,18,3.53,No,16.1,1
1CNhTUKTswtpNfntLrskpA4V8kpzyZ5zrv,119,18,14.33,No,16.1,1
1L5bExbbFHc379UUAAibsSyyQvsAzz59T4,119,18,5.56,No,16.1,1
1E1rwB92ToP2j49wPAWXK93jbRfddc52wJ,119,18,14.98,No,16.1,1
bc1q36n2qyz2rk4f4euf6t5xvxs200gfw7wz6vq3aw,119,18,5.57,No,16.1,1
1P1iwQALcqreyHphpUgSaYpFmXfqFQ7YLA,119,18,26.25,No,16.1,1
bc1pl85tzxd2tejk674r3xaf5539zhxwlglr055jtnx2ez3egf2c8qasrkskd2,119,18,60.77,Yes,16.1,1
bc1pdldejh4jwgktmmqs69pypezn7v0rlst5djn3zn9s3xfq38tpnf9s5z524f,172,21,4.5,No,16.08,0
3CauLRycfcS8Nt3rRajqEbZBaAXPH23cci,172,21,13.48,No,16.08,0
1E43jXPJasndfRo8ehRvWxdoA1HtaL77PW,172,21,24.61,No,16.08,0
39BLJod5qQET9hSJaAB2KMWZNs92qCqmFj,172,21,33.65,No,16.08,0
3ECe5ynDLrRUexRsDR8vU28b4J7341mChU,172,21,6.22,No,16.08,0
bc1qjs5yg24jz2se4mw6sq40tnd06dj4qw9e7gyp7u,172,21,11.23,No,16.08,0
3Cp8j5yqL4CBuc4XV5N4Am3XUnHwYVWRPZ,172,21,30.06,No,16.08,0
bc1qyjenv8expz4lq46h6lhnk3qqswzc8gdu02yq33,172,21,6.29,No,16.08,0
1PUYHQ9o1WVkZtRYVdYmg4i2PiucjkeQGD,172,21,41.76,No,16.08,0
19L1Lh3L1nM5ZmiFDZH6qme4eG1vKmfVLy,172,21,5.32,No,16.08,0
17Lc11rgKhZNpq4dGC3MwUaXrd2sqswuuy,172,21,12.87,No,16.08,0
1DbEZM72UXwWfZEV7vXCKjZxAgLrKUoVdP,172,21,27.29,No,16.08,0
bc1qxmq8mmyndqwt42j5xkxmpzjg26eg9694gegp3n,172,21,6.94,No,16.08,0
1MuZ9eoEiec1wfA79686y9ZHiYybvF28Ao,172,21,4.4,No,16.08,0
1BDw9hPbWgnpPi31T6tj7fEsP39okGMFBX,172,21,20.43,No,16.08,0
1Lm8P4pW5pFCJzWewY5tYF1vhJFzecAgVZ,172,21,5.87,No,16.08,0
bc1p6z9dder87gscfgaq85ms5chk72ulltu7vf4a9jdz73nal8te7r8qevu0ng,172,21,15.56,No,16.08,0
1Gy1J292Zd1ihdtkq2zdBVU2VvKwPVc6pr,172,21,5.69,No,16.08,0
1EJKbmqUB9vuZNgmXbXfa3UDBKAxi1PcV3,172,21,3.76,No,16.08,0
1DFSe1Cxj3EgAcusytEVWtA596x6cnXkRi,172,21,36.59,No,16.08,0
17Afmztz4FohsWhU3NusBfdHoWcNvTq5ev,172,21,21.08,No,16.08,0
1AGJc8fM7q8NJnLTmwVtdgWYer7WTBM2VU,140,20,11.26,No,16.07,0
15bogkzS6FoVQGtkDzTZ3FCkD1QNSKd4Ad,140,20,16.87,No,16.07,0
33VagvEvBhRcBefi6htdfssqutnVvdM2e1,140,20,20.43,No,16.07,0
1KDrAvgbJVzoaXYxvA3V4BYNEtmgNU6jVD,140,20,13.58,No,16.07,0
bc1q8yrjpuyw7mm63jrr4vry6twyh2a8r0sj77j8tq,140,20,27.12,No,16.07,0
3G8UAgaZHXrqmbQFWFf1fn8H5gYhKnTEu4,140,20,4.86,No,16.07,0
19fZpzwB5oecWEzjQRkJyvFicXDvsSQUP7,140,20,5.82,No,16.07,0
bc1qzlsg3jxywzzfmv47x63t7q7np3p2xms4v5ak3r,140,20,19.21,No,16.07,0
3DBPRKFUViHeMLsRrVRUL4a9iK2gbokaFt,140,20,22.79,No,16.07,0
14X2yJ7NK7BxzzCyeB8nCA1U2buYQuJg24,140,20,12.01,No,16.07,0
1NPoBhJfE8bY2i373W5DKEn4t7raZFKeYK,140,20,13.52,No,16.07,0
1Fjio7vCEGrYYBher2w9KDK7hcg1vq6Pu5,140,20,16.26,No,16.07,0
3ARQ46hDbJiqPzitXrgfwCDkWz5g4vYSF8,140,20,39.01,No,16.07,0
1CtJyuZzpfAz9y5A2Z7zVobkesZeohHLNG,140,20,15.46,No,16.07,0
bc1qvnalsxk4tyck85ws5mzvnk7s6wfzygxmxulz2z,140,20,2.76,No,16.07,0
bc1qncu5kkcljp8rf3l46a7llm3gkzvsyfmm7xgw7z,140,20,13.02,No,16.07,0
bc1pf9qsd9w4h7aw6ctqn9sycmml2rhccy8cqhd7537shr853gwtnv7ssr6lmz,140,20,3.66,No,16.07,0
15azRX4iPiBEnuThr2FH6XrR9kZT2Gf1Bi,140,20,25.4,No,16.07,0
34LYSjGq3w9sRnTjYSYqZYa6xy7vZfdoRU,140,20,2.65,No,16.07,0
bc1qlmg2dcddgjaq4e9x76tn4de3lrt2aw36c0uanx,140,20,35.63,No,16.07,0
1Ghn4PtpxfivnkkdyYDssxA4HCEVLZUDn2,132,29,5.65,No,16.04,0
3JvDJYRusW19fivNkyzenKbaLpyww7bsZk,132,29,11.45,No,16.04,0
13uLreEaDfnUeYEPKFkn1YSir2xqRQCxfe,132,29,25.69,No,16.04,0
bc1qd39tua7w7wlgu26whfq7cvup52wzp69zyzdhrz,132,29,11.59,No,16.04,0
19jbMdRqf3rYvsVXT172BajriNn5oDxDzA,132,29,6.79,No,16.04,0
39cxgLAsVjTyA2GFETxPrsCmTc1g1k3dRE,132,29,12.2,No,16.04,0
bc1q6smzv36tcw9rma9t5n4kftkc59kzskr9k4xxs7,132,29,55.28,No,16.04,0
bc1q96uwde64qphy6dv74mgn5t88uv632mq4v7jc8c,132,29,16.46,No,16.04,0
bc1qxaw7vx5q3vlah3lzsdw8wcrhcu6hwwt3q3ml35,132,29,16.44,No,16.04,0
bc1pqg8qh26cj7zw7hu2n7nlmqf43lw2p9rwnnfwgawjemuhhwju5azsnch9mj,132,29,1.54,No,16.04,0
1GNe45fAVAMgZ6wuAsVJk2gVNx2fPzJqRP,132,29,43.57,No,16.04,0
1EPu7TCi4nJhUtb5L6zJCWaSGnzBriEE2D,132,29,6.32,No,16.04,0
3QSMbUPYdL1nZceGakBur17vgr7MLNYobC,132,29,23.98,No,16.04,0
3DJbXuacGHejZ4TfGJLoRQird5jdmWSped,132,29,6.63,No,16.04,0
bc1qwuxzdsnhge5sq0h7m0xer50y0e03lqyzxlhayk,132,29,7.99,No,16.04,0
bc1qlm03nu5sccurdnaexkph5mgr3a8ys0ssh5aqe5,132,29,10.27,No,16.04,0
1L6QcxnoKf4W3i3uyjLEuSuUWpXd7VDSbk,132,29,31.16,No,16.04,0
1PqgrqXgDgedDTZbd11jv2ddsyR7dDu3AS,132,29,12.98,No,16.04,0
1Dj3rmAeLH9uLMcSJgo33AhQrXT1i1TcNT,132,29,9.88,No,16.04,0
bc1q3xa229nlgpj6kc04ucnmqn4jk3vry7ketujz25,132,29,16.46,No,16.04,0
3FPKoYR2GQz1wbkVJgEw7coPRcRpzX12Qo,132,29,4.99,No,16.04,0
3QQUED7KDFiXazbYiNWY4DBs7Thtf1pmKp,132,29,36.07,No,16.04,0
bc1qt9kcu539p924guglt9wp8z7kr60n9uvrp53gk0,132,29,2.07,No,16.04,0
18P8Wfuc8phsHn9xAeetc5f2az31YHVwpJ,132,29,25.69,No,16.04,0
1Doc4WHXQxkTtpfPKpdU9QZ6G9KZ8djLjr,132,29,5.88,No,16.04,0
3Quxm1eT3PyECDmMnSGUHgsbqrB8SoVa9x,132,29,14.85,No,16.04,0
35HpaVDcenS29U45vzD3sbCW4yva2zbyq6,132,29,9.7,No,16.04,0
3DfDkPc8Pejq9hZcFTPvzCoScKsePjDJ5i,132,29,3.42,No,16.04,0
bc1qqqvu9fcl7kf4296v7xpnktrrxz6vrc7fc6r5w8,132,29,30.04,No,16.04,0
bc1qqrzer3xwxv927jqs2qdp2kqkph60ldkdrxz9n7,53,17,5.8,No,16.04,0
bc1qnquhtdcn83r2uzskz5rfptjhceczmj28gjhgzk,53,17,5.21,No,16.04,0
1CfWXLAab9Zuws1B2GHtGEDFh95g7cVVsp,53,17,14.15,No,16.04,0
34DiUKXDhFFTWhH9B7FVYYiKCadurNBhZK,53,17,24.3,No,16.04,0
1DEw1viA9NbXF9S24stgPSrfC6z2vRwCwv,53,17,29.29,No,16.04,0
18d3bKxUJp8UaJPZtMBe4c5ap2UzvUewXr,53,17,14.44,No,16.04,0
bc1pkttmw7tq95a0wxyqtamlqjwgzv8td0p33uadc0cvvnjf5yuzaj5qla00l3,53,17,23.95,No,16.04,0
3AEXEzf35mstZFWyPKcCzEkny8csZ95X3g,53,17,6.59,No,16.04,0
bc1pclpcxd0j6qs2zrks2eq8qx9dty4ru6caqu4e4ws2mka53928mr2qjwehsa,53,17,48.11,No,16.04,0
bc1qlched49450e9ef6rfc83yhdv9acxhmchk5cnjx,53,17,16.2,No,16.04,0
bc1ph2hssnxq7dd94zpuwlr55ha409zyegur64pxkkxlhtvt930l5m8q40ywg7,53,17,4.6,No,16.04,0
3Q8h3uTj7NgCigg7Z5WHfj3j58HvfeJPrU,53,17,20.95,No,16.04,0
1ApvRydHWmk17puDqpPBoA8X3Co25k3jZP,53,17,5.54,No,16.04,0
14WWfWW1HZifkBftLioggabnAz16cMrFpq,53,17,6.26,No,16.04,0
bc1q2dc33840yqrut6k60dnjrman78vgx5d9pujqe7,53,17,8.95,No,16.04,0
381k8fr2NXUvacxUSxZBJgWTtP81poc3JV,53,17,24.13,No,16.04,0
bc1p00vgnlcxqchlnxz9mkhettuy0fskl6c5xc2em954x8nggnsnpl5sak9vne,53,17,14.23,No,16.04,0
bc1qjmlz0z5k7dhgd057tj6vf5fwquklzvh3m8w6yy,106,23,32.38,No,16.0,0
bc1qke58trsyt4cv9424gljpw2wvszdh39nmwdfu44,106,23,3.58,No,16.0,0
bc1qd7gxexypymcavg694ed5whrw6ejhpdu5krvc22,106,23,20.71,No,16.0,0
bc1q5fpqz5rrns6hs3r0qt6dxdz37zat82dav666dk,106,23,10.7,No,16.0,0
bc1pw05znfgc6me06yrawvnps7nr2x2xm4hn596gtwnwghpwr9wl4ugqpm35yx,106,23,3.08,No,16.0,0
bc1pu4mak8lqxnsmkphu0uk9gd7fcs3vwnmgkfvj8g997layajrthfms8gst0p,106,23,14.47,No,16.0,0
bc1pkfgxewgqt6yxtkp05fexvfgwuku7fq537rt5pxda68cye2ymh9zq2mw4f3,106,23,9.84,No,16.0,0
bc1q5v2vwtccwd0d635e365zrjv5fjuzmrcscj6z2y,106,23,1.2,No,16.0,0
bc1qcacq84sgnlkv53gelz7m4fuhz4ft3cdrf97vcf,106,23,37.25,No,16.0,0
bc1qgjjmn0zy3e5a0ksf5m28pc9pwjt9r0jkuzu4ah,106,23,9.14,No,16.0,0
1JjKQFhMrjkooAokT3j2JbQw46csjvqtRn,106,23,7.91,No,16.0,0
bc1qy60jhd8z4sasp2tpq574y2netkqsng3fezlwpx,106,23,5.74,No,16.0,0
1EiNo978Zc7h97X6CAepD5ZX3iyWzESHqV,106,23,4.88,No,16.0,0
16w6eLQTbBcrtZxP46fScnDeHmwJ5EWABK,106,23,2.6,No,16.0,0
13CAi2SWqYCqk5wuNoLQ48XLH6ZogymVLH,106,23,6.49,No,16.0,0
3P4GmQQYg7vSwYxvix3AuCosLpauERJgo3,106,23,30.8,No,16.0,0
3NtiCUTCGUuo4PMEnM7RTrgK4VqjBM9Fjb,106,23,28.76,No,16.0,0
3Ew2Cudrt6HUAxSPnCAfnEj6Gyh9LT1FgH,106,23,10.83,No,16.0,0
1CYVc7jRUmtzpajaBxnVuK5AScwt73E8hL,106,23,41.95,No,16.0,0
1GAQbPKkhMCGNDWkgE7isKREqFh3Tgp6HH,106,23,40.08,No,16.0,0
39dxm7AZaCEE16whk5zfczXuQiRc7ZwCoj,106,23,1.18,No,16.0,0
3EC58yXfCF92gyQL4CsKTV8yVaaabW16t8,106,23,40.33,No,16.0,0
bc1qjt222jchz5qrm5hm74ltyyz6960wm4s68jp6qy,106,23,4.06,No,16.0,0
1LtnReyCEvXxsBZDqYQVGpub9HmbCAHCT4,4,25,29.71,No,15.99,0
bc1qn68palhs4l8cazjsnu8x4yjy2sv2mejjtrqd9x,4,25,22.39,No,15.99,0
1AMu8tBqoAa1AdNY4zzLLcNwkPftVhp3Uy,4,25,10.12,No,15.99,0
bc1quqq73cwpxcxd4jupahy5hlt2ljxay8d8h9372k,4,25,6.3,No,15.99,0
bc1pulhdlyt40998gt59e36jry5wmpetaxa454lqx6m33pnu5ejt2ptqqrqtc7,4,25,2.08,No,15.99,0
bc1q3dgwvckarh79a4tcyguxnsv6646dn4ztqxlalm,4,25,5.15,No,15.99,0
1LhuGh8KjH72vzX6f6Y7jBMJaTRRQEE2Ev,4,25,6.24,No,15.99,0
1EpfUz4oyWDevbDk2UwAjZ2batJq9ScbUg,4,25,3.72,No,15.99,0
1cfhqCpkRWQrGdnNFHikXVoC2gMqdky5U,4,25,15.74,No,15.99,0
1QDT5HFYmyP9FJfGXFteHpv4p1ZUz9ezyU,4,25,11.81,No,15.99,0
1ArYzPxvjJGbrSzL5Mw2LMS2bxonGjsSd,4,25,42.81,No,15.99,0
bc1p5h4zqs7aqdevz0vnsr2cwp0kessj03hvdh656lm8lddjzxmh3c9qh77j9m,4,25,6.58,No,15.99,0
14T4ZyfFBCimtDLQ8TrGd7ALF3oCDvYS72,4,25,31.11,No,15.99,0
bc1pctrc72mhz4hue78cltfegn5nvydefzj9f2w6dq3rhd7lxsqmk3rs3mz74h,4,25,11.24,No,15.99,0
1GkdZ38iH98tHRWeUyKqpyY2EV27ytf5tv,4,25,42.01,No,15.99,0
bc1pq0x4ew3l4c2smuvs52vdakd77tjqk6htllfpnd9yvec8qr373stsyrfalv,4,25,8.59,No,15.99,0
1Puq5dTsZp659EG1tvYLSwFSMXLXyheptP,4,25,4.18,No,15.99,0
14HB1nTx9FEXq6jTjVA8rpin7mTYszwxbR,4,25,42.87,No,15.99,0
bc1qmhrm9xa778zm47wtp64kawfekymn0r22qn65er,4,25,4.72,No,15.99,0
bc1q0x8hwsvltdewepe909e7tq4tmq4tl9fq7xd9f9,4,25,9.73,No,15.99,0
bc1p9tp40zzxgdyyqw0v7jeamqgwnj4v0p3adac5t6tjtwd7x78s877qjmjrtw,4,25,10.52,No,15.99,0
bc1pt8km47mvlp8acj8s2ue376rcy0044p45rdqyd6qq58hvfelql5fqe8el7r,4,25,11.66,No,15.99,0
16AddZrB63b5F5TZjWKE5FyTD3Cxu4LACd,4,25,35.41,No,15.99,0
bc1qe9af0gr66anj9xcfhqkg45dmmjtny3qxxkmt78,4,25,3.13,No,15.99,0
3FVGAeSQh17cqpxnCZz1oAFc33aKP62YZf,4,25,21.92,No,15.99,0
bc1qqzd9zwzde6gkpjqt406394kshuucvqtks97vey,48,47,4.35,No,15.95,0
1GefNJSafZN7sZukYfuibVnCAwgRCwbcEe,48,47,14.85,No,15.95,0
35HtC2vLhm45zTLJfuZ7MMiCnKins2o7D5,48,47,14.55,No,15.95,0
1JwCT77SyYirqkcw4qSRSEDhZGUGCgUY9E,48,47,26.57,No,15.95,0
bc1q0452kjmmt0v8vvcqr5qzxk8hqwzjfa6jadapvr,48,47,6.7,No,15.95,0
1Pp2dZN4AecnrUupcpYtCZbEmBYAiwn9St,48,47,19.31,No,15.95,0
bc1q2zd372xf3xr8x3untrhjpu4c7pnxyr7pagecxe,48,47,15.1,No,15.95,0
3KYsc9kDPKnHFMhfCDj8dNPDWu7KozRind,48,47,54.77,No,15.95,0
bc1q6m3paz3h5znfjqmftdp02u4zy4m7tay7gekn5y,48,47,2.63,No,15.95,0
3PY3sEauz9hD1hY3iibE517sK56vB7u3zR,48,47,3.7,No,15.95,0
bc1qmsq793hyzmlp8ply60n6vzaq6c92sksngmx0gd,48,47,41.75,No,15.95,0
bc1qlp32guzde7x7k6706cgadqku5mcne237wn5mg2,48,47,8.39,No,15.95,0
3KbPPt56zfQjopaQGzEBvf8uTDqu9Ns7CG,48,47,8.15,No,15.95,0
bc1qxtwwn2szzkwq98ggvdeznwjfgf3ke3vq62056j,48,47,13.64,No,15.95,0
bc1pwugvcah3kq3eh6se5j8nqztyu9tdwq483c5fn3gs8ynszf0wu57qlcpy50,48,47,3.52,No,15.95,0
bc1q3xk0d3ks059gxw0gz63js4zd5e32lmswprx4la,48,47,3.88,No,15.95,0
1JPQGGF1i6KLaXp7BMLQx9ysnCk3BKNHmg,48,47,27.3,No,15.95,0
19MQaHGxRwnSEHTf5yGpTEeFCSa6SmwR1R,48,47,6.84,No,15.95,0
1AqNoMuofy5pdR7z9NVJWN4H4Br4pZK21B,48,47,3.35,No,15.95,0
bc1qs5ah7gata838tw6m8kf7armxusz23xzhx54ezr,48,47,20.59,No,15.95,0
bc1pu80q7p5tlme5vkscuuq2j5a5w6g0lfs4hxtsxqjjwzkjjjk5v76slvruyf,48,47,25.79,No,15.95,0
3HaWvbGuFPEDxHuokB1uu6JzHj7TBcGNcN,48,47,10.74,No,15.95,0
bc1prnrv2gux8uzt4v6veg290nktsrs6ur56jrfmpzsg0zchgwnzhdls4kmqkz,48,47,4.06,No,15.95,0
bc1qxqhlmqg488m5e82qqtydezpycdh98ktm9vgq3g,48,47,24.19,No,15.95,0
1LrceX6Tnv11WRfpgDaRV3CBxHQitA6DdN,48,47,13.93,No,15.95,0
14z9jUjxvaGXbcW1Z8BxsT41UNc7KihcWx,48,47,17.92,No,15.95,0
bc1q2kxhakflcsc98c0lqzjcvdx2a0pu4eaz8z40ma,48,47,33.29,No,15.95,0
1GC3RcAvURvYv3sjMbqZBnZfkz4ywYznjS,48,47,2.25,No,15.95,0
bc1qzwq4mxlj7ad54jd97cctsaxfcdpwagupdvrx5h,48,47,11.66,No,15.95,0
1PxfxgRaxopAX8xiMt3aaGAHQERtDFfRH8,48,47,19.32,No,15.95,0
bc1pdtxdddc04rmwjfs6l94349qp4hw9286z93wtgcr7qpfkf3qhu7zshkvk09,48,47,16.42,No,15.95,0
bc1q7x0mg6p9z495jz9yhr79gdnn8zts0zvrz5ejjz,48,47,2.85,No,15.95,0
1AoosZsnuFzeUa87UVTvAXC8EaM5mzgqXu,48,47,17.03,No,15.95,0
14KdtNrmxjvXHjK1vsnFxg2SdvT88HNv88,48,47,8.6,No,15.95,0
bc1q3sttaucwmpwnpk2tnypzscycerj9jnkud9z8dv,48,47,7.86,No,15.95,0
bc1pum40xsp3fmzvu8qaur3ugssk2wq2aqmk0sv6yht6me5cx0n0w6zq3tnvxl,48,47,5.54,No,15.95,0
3L6XZhbiSrjopUox7wjSgU6fmRrqKmJPca,48,47,22.97,No,15.95,0
3EhuSMkPTjG1mW6kzmLfGfunu1Zf9eturb,48,47,3.41,No,15.95,0
1LWffp8uehxBaH3qqEC39uAkGavzkgyTuA,48,47,1.63,No,15.95,0
1LqSUKY26aK96frkW9QVDXWq4aDfdkkK33,48,47,24.4,No,15.95,0
bc1qn40v5xqmfrnr6hfg9p2q6earxycyy20hvae0er,48,47,35.84,No,15.95,0
bc1qdq2npxd0yx5ztaddrxl60tdnr60cm3dswfeqgr,48,47,43.49,No,15.95,0
17nqUjSBqpgHv62pUCk1Dn9fMx8Xpmeurv,48,47,11.88,No,15.95,0
1Cp5WjUw7UUtYxSY3isYQtXGNN6QHPXrpA,48,47,17.09,No,15.95,0
1HpD8XAtoK9nxZT4ZX2oJH1kwopj9NqzVe,48,47,17.68,No,15.95,0
bc1q7p34ywtfrjl25fcclsvendqq0agjkn5d6qrtyk,48,47,17.9,No,15.95,0
1A6EETqtn8pCYWJX4rchpvpSdCZLwdkLKz,48,47,31.77,No,15.95,0
1PvghpBPYkQp6U9f3G79CqgPGvdUnaENUR,93,20,56.23,Yes,15.94,1
1BsX4fKQXigiUZB5h2dUWa2Vjr7XicQsP7,93,20,19.5,No,15.94,1
1MZDovuzvowb3RkVpZUx4aRWdEJJbwtdWD,93,20,10.96,No,15.94,1
bc1qar538rsenarygtvdvzsh2jhfwdqww9zdjw5sw5,93,20,2.98,No,15.94,1
bc1qkcl6rdqlhvyzafjz0kxzzknh6rqpjmwkx0ewxw,93,20,22.69,No,15.94,1
12sVvw8sF9sUyRGGBjzV77vp6e5KJUKegB,93,20,2.99,No,15.94,1
3N3ftbmYYxHNLFjUGErkdFoAcTtdKQMGdD,93,20,4.2,No,15.94,1
bc1pf8x6u043a63yey5ghf8jh8n5gq4fgfmx7hqrv6rw8wphu5wjsr2smlyv74,93,20,22.98,No,15.94,1
bc1q078d3z27vynvcvw95cltdnnyenhfklf7n6pj3z,93,20,1.78,No,15.94,1
bc1pjvaz5w4d6f0nqvmczalzxzxczgy4cnp6qzu2j5p6ysqedfc44frstrcm2u,93,20,10.92,No,15.94,1
bc1quw7hhktpw7xe26skw3r05qmjc3z27ajpft69d3,93,20,16.08,No,15.94,1
bc1q2lqwjfudvau75lsteuzw5tujte8uf4zpzfljtm,93,20,5.7,No,15.94,1
1BVrktJZnuqXd8qxTG33vDAukVzB9rCZK8,93,20,12.53,No,15.94,1
bc1qpf6ljhdr8uh642jdgmt9fzh0dheasnhvdvcuvg,93,20,42.17,No,15.94,1
bc1q2dka30l4mpvh2jwr82lgmvdsgm35yv95a3ar96,93,20,3.33,No,15.94,1
bc1qvxqus7el9unjl2vtfl8veafvwzc2rfl2g2n97l,93,20,29.9,No,15.94,1
bc1pmmtj6yzn68las7t8umth5uu2p9dxu8vucmf5vm527ze985gr32aq4h4exw,93,20,15.91,No,15.94,1
12VcJjYZQ1hqzXqq2Jpk8wPp79yvtQ7Shv,93,20,21.11,No,15.94,1
114opLxUeut8MNKwS7Tcy9nLzneKs2R7Wr,93,20,4.9,No,15.94,1
17BVrwWNjkzT3xf8VDzoRkAF2Czk8txnR5,93,20,11.94,No,15.94,1
19iXk5XLkM9X8vdu2kB27AqimjhPgZJjTZ,144,19,17.41,No,15.92,0
1LuyBxxEu4on8xwXZ6BaG5e6scPF3NzjMG,144,19,6.1,No,15.92,0
bc1p96r0xvkx5sf2alc8dc82w6una894r5df293c59ffpj8pf7hmva5qsrkrn4,144,19,13.26,No,15.92,0
bc1qy8xrt5lshda6kzcgagfxmjdzv48gcmt2jvzc8j,144,19,2.36,No,15.92,0
bc1q9rh2keye5ppw9cw8q43e8fl08mc8ss7xvu3d4j,144,19,15.61,No,15.92,0
1BSN4SrRsmPUogpzxAZAUXFFJH1Dhq1cHz,144,19,6.45,No,15.92,0
bc1ph228qd03zsnr4q2hr5rq76pmvrsnwuqhczt5n0a9vc7g5hadxppsshr2yv,144,19,10.17,No,15.92,0
151x9JB5JkLm35MQTiTW8kP6iSMVnRoFJv,144,19,36.21,No,15.92,0
bc1q848574czcna9xl0pj4ylt5j8nkn769uy5amve3,144,19,48.46,No,15.92,0
bc1qfrxrqn5v5r46fzuvytutuxvcjwgm9ucnna7hq4,144,19,9.13,No,15.92,0
bc1ppacmkkva9q26wrhkejjlcwzeqv68y3sjy5ur8rvnduu04ecu3jlqmyu0ca,144,19,11.7,No,15.92,0
bc1qxrae099areesc25tlu2e7yhcgrlrmz8l6gmplh,144,19,13.35,No,15.92,0
1BvvC9APbA4S18kuzavMmQxA2Ztn8mWYLw,144,19,15.21,No,15.92,0
bc1qp79sgp0pq3hq0kee2rkanjw7tecnsd94qac0jc,144,19,9.55,No,15.92,0
135KNhXurbQGvjfrsv5ZYN9VF1Ei5ZsVhi,144,19,7.4,No,15.92,0
bc1qy2qf65d6l3jkrgadmtkhc487w5zxkyq2d7k8fh,144,19,13.54,No,15.92,0
364WtGFqx4VG1naUTtWetMBCzhcGidV8rz,144,19,44.64,No,15.92,0
38Lqzi4uXir2Uu5E1LJSFh6ebhFfy7q956,144,19,16.23,No,15.92,0
3QnCguNkEeu9PJ7ek8jtWR4vUcMpLd8PC9,144,19,5.65,No,15.92,0
3F1h617isuATp9yT7abL9nPyvw4Whggsay,71,21,13.31,No,15.91,1
1EF8YMNUgr8FpkgYxMN1yTGysKs3RnpYwo,71,21,31.03,No,15.91,1
1CCt9HFDJHWwj6nauacyFAmQPwMU14n8oU,71,21,5.77,No,15.91,1
bc1qjmzn2am8hxdrhzwg6afzuqup865ldpljjld9t3,71,21,3.54,No,15.91,1
3HchawqbZj9gvypqExEWRarSLJqYyUuncd,71,21,17.65,No,15.91,1
14qut3CWAZGmvGmHZJt6aoNAKRjyZSnAfK,71,21,28.52,No,15.91,1
1Cuiky4NwoVKPrECu373p6sh2gfdvvhMmh,71,21,6.8,No,15.91,1
3LzThMXgrxCCB5xqMcMyH2rXrJA3Zd9Ywe,71,21,16.89,No,15.91,1
3FEg4kETnmgyFWWzWodwJGd2WEtRuYxpmp,71,21,13.54,No,15.91,1
bc1qe7y2r22trmyzxr5j46rlet8sed74u6fj9jha0v,71,21,6.97,No,15.91,1
bc1p2lh9ymdh38s50087t8jzqs9amcve2sxezn0v4chzuz8nvh2u73dq98xcns,71,21,28.12,No,15.91,1
1EgRcRAFnUXk1yZGJtYQTzaVvUHqNAQAFN,71,21,10.65,No,15.91,1
bc1qpm6s4ecx4fd567eutttmgpsjgp2xngxppvccs3,71,21,2.1,No,15.91,1
1MFVh1m951JgQxXEVunosxZWjsM1Zo2YKh,71,21,14.49,No,15.91,1
bc1qza09cfkgvy6zcrsqe5kmml0kkzf28xgh54u4h6,71,21,21.52,No,15.91,1
1HDW1wRihCN3wpgjbLADWn2BAYJ2vktV3g,71,21,55.37,Yes,15.91,1
bc1q0cujxlfh2265kwx6gqumqv2f0szyz3xrt38l53,71,21,6.17,No,15.91,1
bc1q56e09en0c7skk78k42qyrgml6lcym9yp887mqk,71,21,11.65,No,15.91,1
1P6hSvuPuMATnYxX9GvUWvKSwebpn8N6NL,71,21,31.71,No,15.91,1
bc1pp573k4zscuh63kk3y5fg9su58j56r7vzzlxgzey77er6zqg4l8ysehm9q0,71,21,4.43,No,15.91,1
12kDKzuqrDAWVVF5qXdy4wzFux2LWwEy6K,71,21,3.93,No,15.91,1
33pS2xheSi5cPmRQp8yK6eYQF28dVZdfbp,51,17,10.05,No,15.87,1
bc1qd7r0kv5h5mwagudyatc4r26vnxlm6h7sla3ftf,51,17,26.83,No,15.87,1
bc1qlqvg8rv9h0ewsx0ky46gpjg2pkl5egftqkvz0u,51,17,3.91,No,15.87,1
13kRDm8JMg8sf8GWm1MPB65aWRsUgGTVkF,51,17,5.99,No,15.87,1
1EvFENoYUYxFt22ZGFxQAZjuWwjypYCqxd,51,17,9.29,No,15.87,1
bc1q6n7568aj59meesk57fphu6nkrsd557vl2a54ju,51,17,19.21,No,15.87,1
bc1q3jx96w6fn82z8g5a2wtuk7aasr6cym0a62cdvr,51,17,12.63,No,15.87,1
bc1pmcs6r38f3vfjsx3uan08c8pqk7lxc0enexhnex2954rl87d5737scawsvc,51,17,25.52,No,15.87,1
1NW7aSog315EnYPrxjeaQ7YxjUw7CuXpxE,51,17,14.46,No,15.87,1
bc1qp3wfyupwu3f6gw3nfr2f0vdtskz6y0xwj6zurv,51,17,3.27,No,15.87,1
1Jn5yinmdmaUTuKK7j2wj6x9cNAfshrnFq,51,17,17.9,No,15.87,1
3FntvAYb29sEu5w3fmnJif4krURoygLgCE,51,17,57.67,Yes,15.87,1
bc1qgvsq3yk0g4zfps3l703t4y2vcm43knhnc47fu0,51,17,3.44,No,15.87,1
bc1q7lfcp4wdy08347dwdezn5xfy6h08z5h9ta387u,51,17,7.3,No,15.87,1
bc1qkd0n5qq8jh6ghx5u6hhmpj9uypehr6m8yvvqp3,51,17,18.33,No,15.87,1
bc1q9ljxph679lpx4e8fk2j3v8nvrvc9fe5fxzf35h,51,17,24.31,No,15.87,1
3LdoJwkLmaSCYAZMPsxCi2ERovk2cZdrXF,51,17,9.71,No,15.87,1
1Nyj47EL32BfV8fddyVcfENTVPQoMQwvn5,11,40,5.58,No,15.85,0
17fheLPjC7LruB1YKEvi1xAtCgkJtewsWQ,11,40,8.64,No,15.85,0
1LFJrLfkaDmq3UboQLtnb8U83Jrc4AnWxH,11,40,45.16,No,15.85,0
1C4F5775kmpjoFNnrnfpgYcVGzbeP96h1b,11,40,17.08,No,15.85,0
39upCACopHcXrftiXLviVxkfuaxtrB5zFJ,11,40,12.33,No,15.85,0
1GUSdq2oG8L1wTqcTjfM6dPtT1qVyFojtU,11,40,13.5,No,15.85,0
bc1qyrapgy7h5rgs05506tq9mtleexlhxgjmy09453,11,40,41.73,No,15.85,0
1N7V1xodrWagAVBevX1BTb1Gt3cxABdfo7,11,40,11.47,No,15.85,0
bc1quwvxrse08vylf076dhvnv8fem9ywq46lykp0ez,11,40,23.27,No,15.85,0
bc1qlnar3uysxf2aymhlntaccmm2wee59pqmfpap6z,11,40,9.96,No,15.85,0
3DQZjuVuyAAKjztfW7X3U6dykDWmn3fQvT,11,40,4.01,No,15.85,0
13XAzA7TewpeKZnm6se2TYGQ13janwjrbT,11,40,3.88,No,15.85,0
bc1pqc3xfx9h7xmmeg4gewmj7hx7w4teld4p2zz780k72ayt26wdg7cseyt33a,11,40,20.77,No,15.85,0
bc1qv7xlcuh69w7s7v27y79rlp7z2ege4rx8y904g2,11,40,30.21,No,15.85,0
3E5KDo4yd1TUscwv5rh8BiopT78QinjbZL,11,40,50.06,No,15.85,0
1HCFZWdkrdNKNzGohGhjzn1mmt7GPgZ3pY,11,40,7.9,No,15.85,0
bc1qcp9vg2u2d3rm22v573th6pmxgwp2k38ht222jz,11,40,20.18,No,15.85,0
16TXwWFhpuAZsjQjZkMqeW7fLNjB8jT9Cj,11,40,1.92,No,15.85,0
39JeFgWbw4Sr5Km282y4qgFfDhfNuuJuff,11,40,22.95,No,15.85,0
bc1pg45m2rykdlc9668jew8t3x2r5y7lfsf04c9kplzn36f38khs59esfzvvyl,11,40,26.99,No,15.85,0
18pKZdNW6ZvoV6DdfiE5Jb9K7vypN5H2wa,11,40,17.25,No,15.85,0
1KE23Gawxqnw6XkBMhXqGGBEMGERctJwZX,11,40,9.72,No,15.85,0
1EMnx9BaQHFxzY3Eb6JqVag1ukytc9vFvG,11,40,8.08,No,15.85,0
bc1qqk886fzjepxnzpxxaqhqdxcmfkf9qsgpjj3sls,11,40,32.63,No,15.85,0
15w5xZFjbDhUzJTqpbof4oLHWePCSBGR4Q,11,40,1.19,No,15.85,0
3N5ToWLCxgQWQyNH6JRhkcWM4fP8AfKnxp,11,40,1.28,No,15.85,0
bc1qm9wap7mh8mv6qudlrh93stxhch8x8w033cfmmg,11,40,3.65,No,15.85,0
bc1q53h9d2ghycwulmrjxvyh8ydc7m4z0hyr2f77w7,11,40,20.34,No,15.85,0
37X93oqwaKRmxv3PiGKfmY4R4GYBFkDukR,11,40,33.57,No,15.85,0
bc1qrzgwg58lyh6cdryvdadv8h2m3nxl34c64vuwv0,11,40,6.09,No,15.85,0
357yDG7dzHgm5ZiBvsmPw4Q7ZxcECzE344,11,40,4.75,No,15.85,0
1P18f7r6mwmUEFr9Ru471DJFgwdJxYaP4b,11,40,6.45,No,15.85,0
16juEYHEiQfEx2EPKFn7PS9EChRepi1fuw,11,40,21.1,No,15.85,0
35GXrua3PFBeGktbKMuVshAA3onoNjRmPC,11,40,19.24,No,15.85,0
1Q9vYXoMbQ2jt89Hsa83ddvM36zDvWDNDk,11,40,16.12,No,15.85,0
1JWAurtiouyjVQ7ZMuJnBRMKoETxMRe5ws,11,40,13.43,No,15.85,0
3GVQ53Bsaq7mnsVuXyifJzHZjPo1yMHSXG,11,40,16.03,No,15.85,0
36Y4XJxxfj4qKgzcG7kJABCgezRobtvwvQ,11,40,3.65,No,15.85,0
364YH5D7Modaru5x9cW5R4EkotjfGkf8Cq,11,40,15.53,No,15.85,0
bc1qucdpejwu8yc3ma4rtnvahx479uvwt3f0fh0yxv,11,40,6.16,No,15.85,0
1DHGD42otN4PcGuh9j6xB2YQ6mZWoquCyh,83,18,2.46,No,15.85,0
1HAscMy5H6xQQaVk5sF4GDAHutinGd8iX1,83,18,15.46,No,15.85,0
bc1qx6ccker5k4ff4jyr4jd4h5zd0qu5gcn9ygdcmm,83,18,30.45,No,15.85,0
bc1q7chpnrl6e070qtv8psngtfj8u4l4macjznwt2l,83,18,39.33,No,15.85,0
32k314CBV7jejkfJp2Z12SKG72YyXgs3xu,83,18,39.81,No,15.85,0
bc1pvz7kj0wmaad69l3nujav3txa9x7nh969599qy73e3m3jcj36tftq3yt3d6,83,18,4.6,No,15.85,0
1F9S1HUUSMnRHavFpuVm3PUjfqpBteSoWA,83,18,4.79,No,15.85,0
bc1qalmjl7g7ehjh0znsjt935hzv3d379hf9vv2lnv,83,18,20.66,No,15.85,0
bc1pxn3h7pzxuz58wqt7qqz6kum6ct9nx2ypw9nzzxvp4cu58k9a48kqq2au4a,83,18,28.33,No,15.85,0
3Etqs7YtfbNmJTuh8FbgWpEbUUvJQBMLCQ,83,18,7.9,No,15.85,0
bc1qrz36xpr0mmtl6jzp2yln5xrzx8l84u0u6j86c3,83,18,7.46,No,15.85,0
16dkhircvUNpvk7eB6sjdkiwxermxZukpR,83,18,15.73,No,15.85,0
1A4Vf9tWFqD5jbKTRPDUTVzHENgsNXxwEh,83,18,21.03,No,15.85,0
bc1q8gsjw5jhjstg7pczc4hpr5wqqqdzkr5zfulqgl,83,18,8.83,No,15.85,0
bc1q2tcwsw2hhakyyc396j7sqhlk0nqr7vq9d7n2w3,83,18,3.28,No,15.85,0
3528vxhKBu9ZwySqwKDKXnwZp2k6aFfvny,83,18,4.59,No,15.85,0
bc1qmk2742qx6mclpnj3nwap3atsl442grm36nydtv,83,18,26.74,No,15.85,0
3QfzAnaNH6Ct7H6m93Enw9gsSHBu3R5z6a,83,18,3.94,No,15.85,0
3HfzKeF3EHZ7FGo7j9XsraAN69QeEiyHGm,111,52,7.65,No,15.68,1
3Abr4MHLmSSsAgpLDYgUwzuzUxtZk93hV5,111,52,14.59,No,15.68,1
33mHC27ocr6xvUsvaeYgppEAdDdXViuE3d,111,52,38.58,No,15.68,1
3991Awqjv1SYwvQTLTNc84gx1uPpZG5ERB,111,52,42.43,No,15.68,1
3Q4TnE5qpABd1zTUHfz8p5pBp1AvmmhzWv,111,52,49.49,No,15.68,1
bc1q60j0va6l0khz7yu83chsgv7057pcnn449zhnjs,111,52,14.54,No,15.68,1
bc1qpxcc72s2v8jpfah6qkrgq7u935pgp3vvdaa9fd,111,52,5.22,No,15.68,1
3KMriK4HuH6EufyBm9bZiU6w3HS8p9WfFS,111,52,23.12,No,15.68,1
1s1VnVNuCGg92bvJqgefyR7uK5vDzWhum,111,52,3.07,No,15.68,1
3KpssiUWZwAAp7h4htMQd93bcj9shBbRY6,111,52,3.88,No,15.68,1
bc1qarxl9c80mknwg97e7gkdz3kd785c65dcx0efaq,111,52,8.45,No,15.68,1
126HAW6oCv4X6nAmy4qPmjsKKtWMHiFwE9,111,52,14.22,No,15.68,1
bc1qhmxhwc5a3vatyucg837zwygvzp2arapuka24vf,111,52,67.67,Yes,15.68,1
bc1qrjwrxg9yx8kr3p47duqzharu0x63skzrlsxaht,111,52,10.5,No,15.68,1
1Bp64wvsFsRMu3ywPDL8KFvuPpLKGCVSZH,111,52,6.77,No,15.68,1
1A5XQ9VPGJQAvh9sDXdK8CCBnMFHjZUfDK,111,52,2.68,No,15.68,1
bc1qa2gxqqe76pcucm0fej26qswwjpmwhn6wyrpmu9,111,52,14.98,No,15.68,1
bc1qncyglfq4vwk8zw7t504axsqw5tecdgzux6r6df,111,52,2.29,No,15.68,1
3MnWhdHwpB3kRGf4G6zchmW7wmNZYTZoBr,111,52,3.63,No,15.68,1
3Er796VMTRpPmiaqhPtd5X2SYvSKffGDSr,111,52,14.28,No,15.68,1
bc1q60fqyek4p9ztxm3vdx3fyufne466g5spxrujw4,111,52,4.46,No,15.68,1
38Bw6aXojumCg9vT7LqmpUU85onyoMvr7X,111,52,46.63,No,15.68,1
1L1YumFUhdkNQeooEYrm2TSFByzYhfp8yd,111,52,40.16,No,15.68,1
33DsaHs9NB8gavPmNn8NXMVgTHhEDsqkbT,111,52,2.16,No,15.68,1
bc1qau95f8mnnp4339qzk7ja4lztw8qmk2d5u9hjrj,111,52,13.4,No,15.68,1
bc1q9lnrh8tauuwnz2f8zgzzqh5gk4aju5mtq778r6,111,52,17.46,No,15.68,1
bc1plqtjdlrgd55pc94wktlfyle5zdarj4k5u4ds2tuvt7dv69uekfyqs6gvmp,111,52,9.89,No,15.68,1
bc1qtrtgewce8xf5kyv3uvv8ppal4kxe4pj3agmxuj,111,52,20.62,No,15.68,1
bc1q933hkcw8wnw076n9nkncnvmz5w929q9jsrseqf,111,52,22.9,No,15.68,1
1JfUfSSz7J5og9smbkRg7QcPt7PC29u3aE,111,52,1.01,No,15.68,1
bc1qw4g4lk3jhukdyje5p025chxsm9tqzzt50e0uht,111,52,1.89,No,15.68,1
1Kyh6XYbdnWr8CTScLonweWNEhtbcootS3,111,52,2.42,No,15.68,1
1HYqqSfVtwDGENq5xQ6P4dMgmqdsHuw4ea,111,52,33.87,No,15.68,1
33eSCQXYqTHPH7kAs88d3vaez8C7wBAKU9,111,52,0.87,No,15.68,1
bc1pqtr58jhq8tl0y3utg2gwky5xzqp76nhcdlxqkaky2p8ctwgv237suxu686,111,52,29.2,No,15.68,1
bc1qtdmmdj57e7aftz9gmkusy4c0x57jdus99v66he,111,52,15.14,No,15.68,1
1HtuHzvvRPi9YjQ1zKX6Py9F66LKKuwqQV,111,52,18.24,No,15.68,1
16wdUnTUrEimS5WMkhjRQuumKgGzA35UsR,111,52,12.12,No,15.68,1
39V6UHQ2mRK57e69xPC4H2jJddmLC7KLZK,111,52,19.71,No,15.68,1
39DwZ48j9Dm4YNpWxEzUgv23JqFNhkngFW,111,52,5.86,No,15.68,1
34rkZRmAZxAGPHUXTQpquHBVEiNqMjg5Bm,111,52,9.37,No,15.68,1
17sfX8WNFpYa7JLjdRPvsV1bFc5kMKZ54G,111,52,7.13,No,15.68,1
1GUB2oi5qeaqYQRVVkwSpa96VNhGVvgYrq,111,52,8.27,No,15.68,1
3Cu4RAMfxuSwe5yijE4i8TZMWkhk9pYYEK,111,52,10.38,No,15.68,1
bc1q6kutlfzvptj0c2cp69z4434jd4rvh07tme2alq,111,52,13.46,No,15.68,1
1NQGmLPJBaW7Prni3c6VXjcsimLPikPVgp,111,52,12.84,No,15.68,1
bc1qryxkgw492v0g57jz435jz5vc506qreq6z3m9gw,111,52,5.02,No,15.68,1
3NuMmoU3Kr7NFpUM95mV84DDXB3PhqcveQ,111,52,6.07,No,15.68,1
3Qjrw1SFvTuVtqgTdbKnSvTKGiRbAEZWtM,111,52,23.98,No,15.68,1
35kkNPrxfTMHWU6Qo7x7hvX43uqgDTBDBC,111,52,31.07,No,15.68,1
1EsMweJvGBNU7DWh5twhNUGQ1pgwefs3Q4,111,52,8.63,No,15.68,1
1Nr46ExrmX5LGfXsk4Ndb7pAEkPgcD7mZt,111,52,13.09,No,15.68,1
bc1qh2qz3cx7uef5lhs7t4qdhfcke45gkjnq7fur7y,181,12,8.31,No,15.61,0
34nKMmBS2BM3q7ZhmjkvrUYjREpkhCVssj,181,12,26.36,No,15.61,0
bc1qd97h7dv7kq5c35clddjrkf5sshreesn6v678pu,181,12,6.73,No,15.61,0
1CEWFKiwNAkEZSEqv5BaiCgPBahXkibT5H,181,12,15.76,No,15.61,0
1Km7pTS6EujFsrzhPasg1KN42pTFJEW9zC,181,12,1.99,No,15.61,0
bc1q90vql7udnrdql84zq2mthf5wjkz2pykjkek5qp,181,12,16.67,No,15.61,0
345GX2QgS3Ju5cccpEU1bEb67BeGciL7oY,181,12,1.83,No,15.61,0
bc1q73ny2lrz4w58fzwpprxs5c0h0u04h8reeca6jv,181,12,20.66,No,15.61,0
17LbAAUk87K4QEXCfHYFeNKj2Q4s4LVkdy,181,12,15.84,No,15.61,0
14h27MifdqeppgHFztCDiTdfbvTsqPYdzW,181,12,37.57,No,15.61,0
1GR9ERa37512rEzMqJ7fd1nLEWFt9L2S2Z,181,12,11.57,No,15.61,0
bc1qjck4q8xcztkdvjgx75rpdv6ryw0j628un6tgqd,181,12,24.04,No,15.61,0
3FpXNruhCkichn13dtGhWWgF9Bh2WaeigF,105,20,15.17,No,15.56,1
1JkTCBbAr9k1hQU3dbY9bYimYUxyVSLjBC,105,20,4.97,No,15.56,1
38vdqEHFWYojxbEtr35QBWMVBKcuudE5C6,105,20,7.42,No,15.56,1
bc1qz5dhnml403w5d4dp7vuucyeh8jk6h925yw4an8,105,20,36.59,No,15.56,1
39DWNDgLChTzJ82HcLA63ENFxm3fUCPYvj,105,20,5.82,No,15.56,1
3DNBdWZcmcrRtgH6sVBKarGpUwB1aeTuHK,105,20,4.99,No,15.56,1
1Eyn1cJygUmKgnDPrSPQ6fr2qjCRQm8Qm7,105,20,10.4,No,15.56,1
bc1q8spdsq434e76hnqtglgcwsm57v0qlhtynpzm82,105,20,28.56,No,15.56,1
bc1q6kgrtwsmpx9eccgz6ksej45juy2dsgl5z6t0gq,105,20,2.5,No,15.56,1
bc1qqzy7vlfagscsxusu3zfa9cg7mwncpa8vgv6sm4,105,20,6.61,No,15.56,1
3PaWAtJSB4ctdTHbmp6YNm9qpSdAeYu9pN,105,20,37.42,No,15.56,1
bc1q6txsum0u077l4gq3jakvna4wfywes7sjpcvcxl,105,20,5.08,No,15.56,1
bc1qal6feu6d8d4w7c0ndg4ue23r937dmfgt9adzjt,105,20,2.83,No,15.56,1
1bdH1o2Fc4PAN75RoS879N51MfQLqccj8,105,20,51.26,No,15.56,1
33q94gmMhRp8V9hKeBczzh8h6oaXPHVYik,105,20,55.34,Yes,15.56,1
1NMEoLiy6VMbskNSV3u2PwmdW2X48jySSg,105,20,1.77,No,15.56,1
194HvnSuhWvdN6qBjwxSxVjjjwD1oEUBZh,105,20,14.32,No,15.56,1
3EsMRuR6kmRMbUAx89wkQ8UQ7Nxf8RU7yV,105,20,7.15,No,15.56,1
1PoDzBi2v4NRmUnY7k9q8HQegLkvsMPzkT,105,20,8.37,No,15.56,1
bc1q9qcy35f5xnxr5lh5enhm3nk7jxys34zsnkgudd,105,20,4.63,No,15.56,1
18wVHC1Ckf3p2QdSpKiY8hfCFpAwahxG9v,151,17,6.07,No,15.49,0
bc1q8w4as9suxlqf7ackpzs6ss93cjp6ka0v7f08lg,151,17,28.67,No,15.49,0
bc1qkkc2c2ed5rv2zcfwp7v40arngprmk4hylcq48l,151,17,13.66,No,15.49,0
bc1qqk0y03jl8yywegdezrzl8jjjkn375t2r6spddv,151,17,35.22,No,15.49,0
bc1q3yerlmfs059fpgxetsdn8yvrn2zmdmeah029nf,151,17,3.25,No,15.49,0
bc1q24h008eaejsppv6h5ndhqaqgejcpt0mx5ulwnk,151,17,7.06,No,15.49,0
bc1qgkvc4d6zqjjhuy9pajkqttufzcvwqkkykc6uen,151,17,15.07,No,15.49,0
1PvyaMPcTovzVZevFF5qyd2cLNzHAwiyu7,151,17,3.38,No,15.49,0
3EYhtcd83WuCNe6aWPVkvgkYjHhHgzLZrv,151,17,17.11,No,15.49,0
bc1q2qfr3j9gsvngajvc2av8qtl8pp29c80gnz046k,151,17,23.26,No,15.49,0
bc1qf8nwgx5q3zl03r358enjwjaez6zgynuh03t45k,151,17,10.01,No,15.49,0
35MmZeudFVA1nKmxrbT2RwLjN9WoJY67G5,151,17,31.28,No,15.49,0
1XPSmAsRyu89BDJfMy2vCQ8nsQYnvqS1F,151,17,8.93,No,15.49,0
bc1q7t2r779pqqhv55n0687x0p2rx2v8ljp3dypnq5,151,17,21.48,No,15.49,0
1GoD2brx6GhyAFeqVGSYwJSym92LaXqAEM,151,17,21.21,No,15.49,0
bc1q4pkgkllszeuvanuh2xrtlas5uu77uh9rwk7luu,151,17,8.26,No,15.49,0
1FPFgFUWdH4oWMcQ3CSE8LjazyJdoPrRTR,151,17,9.44,No,15.49,0
1F6dUVETBiN1N6kXXKRDZPmsP6pjQQt9eC,126,51,55.47,Yes,15.45,1
bc1q5ptwvg7uph9mv9u2wdx2y5h38fs4dnqj3vpwr0,126,51,19.85,No,15.45,1
3KGCQbQFVg9a9asXn8vHzJiucc7LQke3Ss,126,51,3.79,No,15.45,1
bc1qyjwje8n68t0nwvva5l6g7xqr4ka8g2plfq729k,126,51,2.44,No,15.45,1
bc1qrmlkm2aat6j9ksraxceslnvhx02vcr0yqqcn4u,126,51,17.2,No,15.45,1
bc1qjfzz5vr9pshs8xk43x6wcdk6tyw9z6lzmpu625,126,51,11.58,No,15.45,1
bc1qvsakcgnnxgzltvfnn3583csttkcymekgsyzpx0,126,51,53.68,No,15.45,1
bc1quhr3caq9hgpdzw36sds0x6e5gurwtmk0sxxdgf,126,51,9.16,No,15.45,1
bc1q266qf898mukt06vh0vusggclxtu79w72wdhlw4,126,51,5.75,No,15.45,1
3NrfLwSK1DzrDFmaeaGyNaFwN4vxePBXSq,126,51,7.88,No,15.45,1
bc1qz09h8ec4x9uecr848rfelp89dpxq2t7e55j6dw,126,51,0.0,No,15.45,1
bc1qalyh6vy7wzv9qns2f90tkukm2chvsn8tdc9y2g,126,51,12.95,No,15.45,1
19qZ5VX2wfmLC6uuteKDPoQGj5mpBcXWSv,126,51,7.6,No,15.45,1
bc1qpw6xshum3ksskq7ruxlq08tgne2slfzw82xzvw,126,51,2.37,No,15.45,1
bc1pxjpqj8qnj4cwguxhtn53r929ga20kwkazya7g0p24jwlfyz8deus076f45,126,51,19.17,No,15.45,1
35g4LJfVQXqdNupaMCSLZamqQNPCNSaEwW,126,51,13.7,No,15.45,1
3E8d7KxVDqvSWxFCMo8CvEQg81k8C4DxQv,126,51,18.73,No,15.45,1
bc1qcmcsg2ey2rlfl4w3fz4t3w53vhsh5rx3s6vymy,126,51,9.97,No,15.45,1
bc1q0xuwzpau4h8e5y6fyqrzu3auq7cq2n50hjl4qj,126,51,6.49,No,15.45,1
bc1q3ld909ghkgtz0uzxqfvne059gurefkylzgn00a,126,51,4.01,No,15.45,1
13mUt1ThQzqCUoNofjkUFqLgcjCtdHKoUn,126,51,2.89,No,15.45,1
3HWEn5Y1L87Ebd2Q2D4HMG11CMwNyb6QDs,126,51,26.18,No,15.45,1
3NMFTd85bK2rN6GD3WKJiNLaubFi1e4iNS,126,51,7.61,No,15.45,1
bc1qc97hmt86mqnap65uxtc9fpt9fgkud8gh56ch89,126,51,3.8,No,15.45,1
3QrGyTVEQoF4d3nDEWTyZbMWBf9sx4tQUh,126,51,5.92,No,15.45,1
32ayMFjJwtYCkpPnCm2uXEDn5DFLqcAEAt,126,51,17.16,No,15.45,1
bc1p4r2xyswlka24xxk8pyc23rjcgdnyvmj8wyhf9306w7qm8nut63hq06ukrd,126,51,55.22,No,15.45,1
3LhSGrDsmLTHJrwUfQpjosDmmtZDizCEsw,126,51,40.55,No,15.45,1
1MsK77cyLsXjabcihQB4PKz3azddCczT8c,126,51,9.15,No,15.45,1
bc1q7zvt9w5d9d2j6dxjzy4vf6s2ummpveqdzndd22,126,51,4.67,No,15.45,1
bc1q5xk3xw2pr4rg8kf0mlv6qnks3dd5v42efprs5v,126,51,5.25,No,15.45,1
3KvtSdnWCuTCAFST68dEs5kVrCT2ed8DYX,126,51,28.27,No,15.45,1
37GhNNDGzB9b8vVELwRkP9avtQL9PPtdrD,126,51,14.26,No,15.45,1
1CgNVCEoSmRD9ymBYi5A4GbepFGVPJF5aw,126,51,42.32,No,15.45,1
1J3G7KnR7KMsEdjWxKHjnRNcKYhA19hWkk,126,51,30.17,No,15.45,1
1DM68SDcAaxusojTqQGpZFwaFWDsgG2NyZ,126,51,6.41,No,15.45,1
1PAoKRNJ27sLXcP8NKvLa2jHhQ8ELPaShA,126,51,17.39,No,15.45,1
bc1ql4xp5ha9y0r45kggrknuh4r5tjyedu2v9mjq6a,126,51,10.62,No,15.45,1
16foVejJWcTzfF1udAsUx37oU2urFP27d5,126,51,4.44,No,15.45,1
17AgeFPqFBqQJqTq9G62NC9kHyutp1p2XB,126,51,9.1,No,15.45,1
19KGMvqaXc1PvT5TZNnGocSDzn5bSgsTqP,126,51,6.89,No,15.45,1
bc1q3s6lgr3tgperwfa5gujl0qgnywcn9k8u23wl45,126,51,6.99,No,15.45,1
bc1pvjm528ezlgspqxtuc04mk6rhsdjl7csz6es9e9yh4e4u7kqsw7ssn7seql,126,51,16.34,No,15.45,1
38fU9mWnXZ3SqUBDrottnpPGE3W5KZmDaK,126,51,20.57,No,15.45,1
1GCSoMoMHFyMngRjd5kNMVtAfFbQLCpuF6,126,51,26.57,No,15.45,1
1AwwCZ4MCXFSbWU8rwSdtM2knuCXLKu182,126,51,6.9,No,15.45,1
bc1qutxct9r7kykgrvrmyvhevjxu893q8vneue2txj,126,51,23.2,No,15.45,1
bc1qq8rvxv9gl05cmnjsnfslh3tkm88paw43qjktcm,126,51,8.1,No,15.45,1
3EsE3jsWS3x96vbKP1EvH4jka1BqzdbFgP,126,51,6.38,No,15.45,1
bc1q3xs7uw5w7ghxt83d0sv8gc2nnvzxjc6z5rfm4g,126,51,25.87,No,15.45,1
bc1q9ved4p7ar0ly06wchlh7xp36xndclq475vuqm4,126,51,16.75,No,15.45,1
1Du1KTFmvTT2PahwCKFZE1L1jahcNwJzrk,222,14,18.2,No,15.45,0
bc1q63udf9yktjt8zlw39rp9ppeq9v9kcutdzm6907,222,14,9.03,No,15.45,0
12KRePDgqwWV61FfaVgrgZ1m3Ws3CQKpQd,222,14,22.69,No,15.45,0
bc1qakvrzrud6kvl5mdv6rswrf9szy9lkz2069lpsp,222,14,8.82,No,15.45,0
bc1qzlypfkader8pupm8hec3ejs7q588k56y6qctjt,222,14,5.84,No,15.45,0
bc1qvknf6k804rxyq8unnz37genv6l6xxgnmhm07gd,222,14,21.14,No,15.45,0
bc1q2y7sfa3wcs84nss9a6n9d3ztegnxgjq8ault3w,222,14,7.87,No,15.45,0
36miNdp6uFNXpM7F36ADBdKeUSaugU3i3Q,222,14,5.97,No,15.45,0
1Cn3dNdzRPfJ3Kmef3GwrZaheezj5rt9eu,222,14,13.82,No,15.45,0
1AYrKEBYMhKyPxmUpgitB83PYoPYCykXba,222,14,3.93,No,15.45,0
1LUEuP8vPyaDR7XcXLyYM6mCEsNxzRw7W9,222,14,35.59,No,15.45,0
bc1qm9gfttzpvc8ugjsu4jam2ksjz3ynpecv79t7z5,222,14,6.13,No,15.45,0
bc1qs543qp3surwt68y6rvdqwwznejlu2rv8y0vsx6,222,14,38.89,No,15.45,0
36qRYMnTh6bHvSPAj7Ws4yE5Jwb6P7MMqU,222,14,18.42,No,15.45,0
bc1qm9qc5nprm2fm386e6m0kcaxj8v066tkux5kctm,206,12,13.59,No,15.36,0
bc1qtppanhmw9g5k9u0xxlt5g8mylak2jas2xgla8c,206,12,3.1,No,15.36,0
bc1p5sc9qyvxgm27tq0k2re37qu0809zpdhj2ehw0sdzjrnk4gyfa4rq5uqvvn,206,12,17.85,No,15.36,0
3FVLWfy47sWADgFccYC9g6yykq8QPVRHEN,206,12,25.23,No,15.36,0
1LtRJ4DMPPpHAZeSHiBRpUPwWkvJc5kfLc,206,12,2.34,No,15.36,0
bc1qlru68qr86ys0mcs7q0ds2jzcr9f24uqwry0cg9,206,12,2.14,No,15.36,0
32zRYmG9kU33grKwFS47t87ePbPhfHk5Ja,206,12,23.1,No,15.36,0
bc1ptv6gs58mtkztmcaazpm94xhl53frfh7hhptm5q9qjzffgqzsf7csrzf9cf,206,12,49.97,No,15.36,0
129GtbR3aNtTaECFAcxHvSjb9GGkqsqMEL,206,12,10.97,No,15.36,0
bc1qwhjzferpm252t9mqp4wpg50k6dq4gyt7n2nyy4,206,12,10.5,No,15.36,0
1PpUNYiz5iqAs8pLtbD3tTArWJnWUqGGsU,206,12,20.49,No,15.36,0
1A5gSu5jkBUW6FUE5dE6MhZ2THES1KwuuD,206,12,4.99,No,15.36,0
1BNvsyY4i52me2i9jnWRP7YVkt43MMhCnW,219,16,6.93,No,15.33,0
1ZRWjrYmkGR8x6VMrRZjEgnxvTW9MvyPt,219,16,8.42,No,15.33,0
bc1qaygffmae2kqw8r9pxwchheczjehfpm8f0vn23e,219,16,5.65,No,15.33,0
bc1qc4nj8vq26exkceuyafldxe9ecvh5sg5vwd4cq6,219,16,10.3,No,15.33,0
bc1q2tdmahwut776rt0hwnwe6nqf0h0hf3jtmxslew,219,16,15.53,No,15.33,0
bc1pafjnlg5wy62g7h2skvlgdg9dpzxkxz9p09cfcxg2qaj0yy4pj4nq4n0pzd,219,16,10.75,No,15.33,0
1PZpuC8NXFwkMgzEpwgUxEJty1hirDdFzu,219,16,28.86,No,15.33,0
bc1q3ywkms7pjv6tnu43kn9rwx3v2xxs0qd0lvzskx,219,16,3.15,No,15.33,0
bc1qgmcgrdm5kjctuyv42cgk0027eqm4y3ylse29cz,219,16,21.63,No,15.33,0
bc1qafd45h7pgygkwn75pfy7k9jl3ncyfcghg43p3f,219,16,21.12,No,15.33,0
bc1qd7hrq2wfuw5yzdm5rg3v0hnmf3paqv9mdv89c5,219,16,3.79,No,15.33,0
bc1q44c0hjguqcp9gk03ejapvlt08vcwqqsng8r39s,219,16,15.37,No,15.33,0
1DBg1YhEJ3La2BR8FuwVDWMefDZCfg5BqB,219,16,39.88,No,15.33,0
3HEhP3n1e2CBV7KgXNUheuZopSxHjyAXqD,219,16,0.8,No,15.33,0
bc1q28fxtnj257fh5exadjmcz3fyz6fpuyucxpw8lx,219,16,38.07,No,15.33,0
bc1q5y20hsw88fqrukfpu6wgxuwwhel0g6p8dg9s2s,219,16,15.0,No,15.33,0
3FCva75sTxeZcDGMP7VnKCBCandUTRMCGP,193,19,7.33,No,15.32,1
1DARTD5wNMiMfbptKW8ph73KHuvjE9drSX,193,19,11.95,No,15.32,1
15S16WBx2LVJidvXkjoJry8vvN7W3MuX9o,193,19,19.53,No,15.32,1
1FEhaN2ShD6aAruKMUu5PFuwgzhKjyMPq9,193,19,6.7,No,15.32,1
bc1qgc4v6tcwu83c05fzy3zpfd39wryvnytttk8nuj,193,19,2.61,No,15.32,1
3NvS16sraeh24Fti1i9tAgvhPhZTMzSbLH,193,19,9.19,No,15.32,1
bc1q5g6twe9cww7jjh4le4qhwfdy4s26vu35u036l0,193,19,13.95,No,15.32,1
1JxUXi18vL6eBFrrXrdWkEag2B6Bo7qAjg,193,19,12.81,No,15.32,1
3P4rSvFyGTsAYCG888YZqDL4inMDgoxLte,193,19,14.72,No,15.32,1
1DQJYQsH5kqycEZVF47HPxd24At9rXyQKF,193,19,6.91,No,15.32,1
1LUkK6hTQaZdSKBsquTzG7q49ruqabBCSo,193,19,3.94,No,15.32,1
bc1qz39ay2yempa8c8896vsk8pdt8zm75ptz3zfmd8,193,19,4.01,No,15.32,1
1C7WRQEUxGMWjnApBHbQcYPkxTWmCthQtc,193,19,25.07,No,15.32,1
3PKJX7TikLfiffBjfiRdaxyrdCdwAB5V9Z,193,19,79.99,Yes,15.32,1
bc1qudgjq2je49tpnz9l08qp4vxn3g8h36082js7tg,193,19,7.72,No,15.32,1
bc1qqvvapxak5gq0mt9as62slh69rasmp8su3yfk7z,193,19,34.38,No,15.32,1
36doLKjCsPzdP5gY8Ss79aLjhwho1V79oE,193,19,12.45,No,15.32,1
bc1q7nkvuarjr07wkncg079egxpgrtk27rasf8kk9p,193,19,9.9,No,15.32,1
bc1pn53x6fefp8xx7wk90fz384tx0kn6e3lh2gvgwnhjzw09fmsws8fswrq90v,193,19,7.87,No,15.32,1
3MByYEW4DEzLzETx8VR6gJpDX3DgNWzTbD,161,17,15.78,No,15.3,0
bc1qxd0drjfxwvgy0keep70trm74zpwmlm2pxte3fr,161,17,4.41,No,15.3,0
1LYZmVaAbZuBVyB42ZFcanLW1mKk8dvxMZ,161,17,33.87,No,15.3,0
1BfTHQa8q2h2MtXM7cNiMpMPVAbfLGCbZb,161,17,13.69,No,15.3,0
bc1qyeddtatrxdps2ucv0ewjlspspzg8aq4vxpnwns,161,17,16.43,No,15.3,0
bc1pqjsku3djdkwptqwfxq4yd5lp30q5cn2g9atn9nd7g0qpwam5wwaqcnek9y,161,17,10.37,No,15.3,0
149SoxZEDRReKVr6GKgvHs4K1Y24HFigSY,161,17,10.81,No,15.3,0
1GoLSJkEQovcqUn5R6ifE8PGHikZywG79p,161,17,44.75,No,15.3,0
1BrjcCzdcDb6B4yLMFqHvvKbrAUp8xEXLj,161,17,2.6,No,15.3,0
bc1qeup3s84gpykval37ufmkrlqtxup97vzeh8fh73,161,17,14.23,No,15.3,0
bc1qp3syqugwhf92ud0tdc32z6nl3j9mml0ke7y9e4,161,17,15.0,No,15.3,0
bc1qv06j9apy0x9z307qk6qcwxv4zwu9l6nk7fhrsz,161,17,19.02,No,15.3,0
bc1qg7zhfhjx6pqms8w98wtqe23t8z7l6ytgjangnj,161,17,18.24,No,15.3,0
bc1qpu84zf8qyj6y407ektn8tqe6qrpggxhs2544s5,161,17,6.29,No,15.3,0
193XAEhrLucKmGrZ5W6BAAxDCDjeiedhxF,161,17,4.3,No,15.3,0
17SMvHuzcYvq9p9J2FuvMZ9dirrEbRHkiP,161,17,8.51,No,15.3,0
1FVYzkFe1SRcCqtcbzUjHEhDEPydFivqnc,161,17,21.86,No,15.3,0
1DkNLBstaiF4CqRpV4nuz6eiRhQnGKZXdB,184,17,38.96,No,15.26,0
18XLwPXNcEX5RufpRXEe29dUCXAyykVkX1,184,17,29.34,No,15.26,0
bc1qfx0csg80zwvshk6j7khqfxel863jscdhfz73mt,184,17,2.43,No,15.26,0
bc1qglf7ctpf880hqykunxzx89k08wg5phcl2q50mu,184,17,6.98,No,15.26,0
bc1q9amzwtraqa7wu9kpu2sp7f2z20y9nxdduks99l,184,17,3.74,No,15.26,0
38PfwXvusyXT9oNZXy3r6FhXdsC9SSY8e3,184,17,9.96,No,15.26,0
172xhWUcfBsZiTz7JwgLjbxky94vKBaVXm,184,17,17.06,No,15.26,0
1AdPE2pEV5vR6meW1XtecfRMobob4xhsWV,184,17,14.85,No,15.26,0
bc1qh9ae90hedz3tgwcszcnrfqnwgph0g6mrz5zvdq,184,17,46.9,No,15.26,0
3BkcNdfg35hvnQ6ih5vG3Ke7gXS8mjGVVo,184,17,9.56,No,15.26,0
38EWiuXi9FXbYFnBqrGi1NPCA1z6JHpXU4,184,17,5.75,No,15.26,0
3QLUQasoh5JfX3zyZQvwSa7cbqTvBdXf9q,184,17,10.39,No,15.26,0
1L8WQfHZzznd7vVYbzZ6Yv5DwnvYLxBZGB,184,17,6.81,No,15.26,0
3BKrivocroMaAdQGchx2DiWMSuavh1UPr6,184,17,4.67,No,15.26,0
bc1pg0a9paklfx9xatadsvd8zgx7y36ze5e5ah645amys78k23ln762ssc08g6,184,17,8.67,No,15.26,0
bc1qqevs9ln0p7uugrz6923z9k9klme0djaxmwddz9,184,17,31.35,No,15.26,0
bc1qwnfufc5fmyh3xzh7la0sh3kr8a3zveakx2uk08,184,17,11.94,No,15.26,0
bc1q0mtcd6e7lxtms8vexlvwzcdn356luay8dsk4gj,2,15,14.75,No,15.24,0
1HM4pp6UVNou3ddb6T9urpch9xSNyJAsor,2,15,26.44,No,15.24,0
bc1qk0y0rqpvwwc8l8ag2kjc5jdcql5dr03kt3tmux,2,15,14.84,No,15.24,0
3G46kAtzboiqsGoQVVK5pqPzAncWd5H1YG,2,15,9.44,No,15.24,0
19WwoYietdmgtp8oy3Nxj5X9pd2C9yTDwr,2,15,6.73,No,15.24,0
1u7fLFep68ZxM3romddYQ92Q8SM97HbNV,2,15,36.49,No,15.24,0
1K3Zm95HXpkLD6XNLt3YmoSqeMvfAEfuPN,2,15,49.65,No,15.24,0
bc1qu2t72lstlyxspqt826x4mj42ngvxkex9kvkr9k,2,15,4.68,No,15.24,0
3JLfAkJy7XrndiLvoPEU52XDWvh4bZpcaX,2,15,1.64,No,15.24,0
1ChCLuVp4jsDZTJ9WBvMieXWHReWGRgXFH,2,15,19.48,No,15.24,0
bc1qzrdf4uhptpxuwpxq3wzhjq92v9s8cpfts2mnsv,2,15,13.64,No,15.24,0
3EDg7NVzNRdgEKCv5W84aHuMvNFVV4bSZT,2,15,5.33,No,15.24,0
1EFZPELkB26PE7fESpRfT3tB9g6uLruaXK,2,15,8.85,No,15.24,0
3AZktTFKDeZFEhSkurmg1BbU7T5wAggWto,2,15,11.01,No,15.24,0
3B5G3j3jEPCNNkfQc8FPL5XdAPX1xK4J5H,2,15,5.58,No,15.24,0
bc1qrfp8xmn68mqrrx97tvfx0ppws6nkx8sfzrtx2e,136,16,13.73,No,15.16,0
3KxJaViyjnLvaJbDDqYaJV67wXbE7KYScx,136,16,12.04,No,15.16,0
3HyVv1w7Y1AbaymLG6mbEoX7WdErg316SB,136,16,11.37,No,15.16,0
bc1q2qj2ysu90zc09dvkgrhffyt0ghuf8700ajuy8f,136,16,8.26,No,15.16,0
39rTrCiTtoqG7Qg72KctAs6xNrJxUW7hgR,136,16,18.71,No,15.16,0
bc1pduaj4x2d558dqjat7aypkg0wugmdxul8rcezu84ymfm8qy7mkc6szfr4fg,136,16,7.73,No,15.16,0
bc1qc7nghlgu7grpa30445gfjsdylx4wh5x4y3j0rf,136,16,24.29,No,15.16,0
bc1q5cmtq9k2jvyhtgdpy7tk595xeah63d4ewd6yfl,136,16,6.4,No,15.16,0
1B9tPY6PMJthTpzYrGpgFXKoyBEykQvWRS,136,16,2.98,No,15.16,0
bc1qlkcqcgg0kgn930u3y6n7t66yk243uyk8t22l2q,136,16,19.86,No,15.16,0
bc1php8qf2g46emnckjda7myyjz3mx6y9rq0alj6setyrrpzhz6auy9qzx2ey9,136,16,3.03,No,15.16,0
3Dq9nowePwL8otkZwFK9Sb2Zj8pARTxLpW,136,16,52.86,No,15.16,0
1HiKErTRiqapfKwTNYQPVyv3rCSgMMtcdo,136,16,3.59,No,15.16,0
bc1qlpsf3n7zc64cgx4wn9vxg7a0emak6sw3p2s3ad,136,16,26.95,No,15.16,0
1FxGC2TpHrWWZwLQxLZBfqWr2peYbFmgs2,136,16,13.94,No,15.16,0
1DNjdStieHj7VYmmmpBPZRLcWhzKXDXSpx,136,16,16.89,No,15.16,0
bc1q48z99fvsld8wwhkvsq74wtpx5g9jpru7vuyygn,232,24,11.56,No,15.14,1
bc1qt4zvhcg79zwqe4p3kzz58fkxgrt5dp4ldymp69,232,24,6.13,No,15.14,1
3KCNS1svJKWSRinvLxCzGpXGN66MK7yAtL,232,24,7.34,No,15.14,1
bc1qvpelharn5z85luujeyryzymfpky7hs0vl9t57r,232,24,10.89,No,15.14,1
bc1q9nehts7vcw5cu7fgyt5pqekw2u82xdnc9mjz4m,232,24,5.33,No,15.14,1
bc1q8l0cv5mqfe0zlttehd0hc2xasxmxvtjx30v6jl,232,24,13.82,No,15.14,1
bc1qwu9f3zyn0wmluvj32t0q6c8df4p755zzyjxs8y,232,24,32.69,No,15.14,1
3J45B8Hb7C2vSQPRBPyWzb8KWF4k7BAKFg,232,24,9.71,No,15.14,1
bc1q6cm55nder4ufragfquxvqnvtgrsdz0q7vg08q4,232,24,25.41,No,15.14,1
1AHAmb5Vu1KUA3CeMyMLwfK8rPky4Ui6D7,232,24,5.06,No,15.14,1
bc1qgpmft96eg0kk0veq8d26q4234da586pqwt5rcf,232,24,12.77,No,15.14,1
13U8UhZLfdUwrj1fKCxTjBBP1yJrrAzFPW,232,24,61.47,Yes,15.14,1
bc1qc8lelekm4n2tcqmcecym6n7dnf3hvmgyruwlrz,232,24,12.35,No,15.14,1
36g4uWp9bF12d5AWZPBHzZfQqvWKBtKVbT,232,24,1.68,No,15.14,1
17ABacHc2rTuhAMHffaK5TdkcLhKJgiWDN,232,24,6.51,No,15.14,1
19w4F4fY1Vncv7MHNuTBMmvmWN44auY2Mt,232,24,38.34,No,15.14,1
37g4xmQV9DxMrigFHB8monwMZzVhBAFFKd,232,24,40.81,No,15.14,1
1CyraYqdU4QYVP63rdkkAs4F4YafTjHxQT,232,24,4.66,No,15.14,1
bc1qpkn4zeqnl3qcva387gadwgyg2ws00rpxme4kmt,232,24,16.27,No,15.14,1
1PriECaPcYXjGuvAXuHgJuLywmgouZAUDR,232,24,6.96,No,15.14,1
3Ez655b3o5Vxk2jR4iawCVXCCAG13SboLH,232,24,6.63,No,15.14,1
bc1ql2wp7098qk5rn29yq26kjy89rcp564ygpgl7kn,232,24,16.66,No,15.14,1
bc1qpc66k762k7x9shjkzfcdpr4d0nx9r9nudqxfny,232,24,1.6,No,15.14,1
bc1p0glar8haefg2ru7v6xxyt76st7z9t0v9f5cvt2253hkh8kqvl76qvjk4mc,232,24,8.74,No,15.14,1
3EZNPwdTnxAp4662Xe3XhnwveZKU9NCfNk,171,15,9.82,No,15.11,0
16BEVoCXs8CPZP4KZZTqPXaCk6y5q4Szt1,171,15,13.14,No,15.11,0
bc1qqd9r5wtgm4c5lxcqw37mdf6fvpmuscj85ectr7,171,15,18.89,No,15.11,0
bc1qyeyqahaty435kjj32wgum46sgh47ndu46lgmqe,171,15,7.73,No,15.11,0
bc1qtj96vgclux43kk9xm99mrunhlndc282645qms0,171,15,11.22,No,15.11,0
16Ffzsc3YPBzHPzn8Wq8uY1aYt12DnNszS,171,15,4.87,No,15.11,0
16rifUVHotXK6QF4M9mJot71z7hYSSXRFu,171,15,14.38,No,15.11,0
1Jzkq3PVCQ9LZLW4KKL6hKeHgBZ9Kzk1RE,171,15,3.53,No,15.11,0
1KxWCPcTvBiT2uvjJbjq7KRhboD5w39ncW,171,15,1.9,No,15.11,0
199HqaJgytaDWagd4tmzXFp3daAvW9i84o,171,15,33.71,No,15.11,0
1Kqou6458gXaUAHJ3VUw9aQGCd1YZ4uHx,171,15,35.37,No,15.11,0
1AYAmsUd1b1mmA9q3SFk73cYjkoo4ENkDU,171,15,28.11,No,15.11,0
1Bx9sCQJEUVum5NgehBUj3WfdX81hxAak4,171,15,12.62,No,15.11,0
bc1qyfk34gqsy8lp9rptrqxkkqdcj3p4q4enaqyc9m,171,15,9.41,No,15.11,0
1CxhtjUGfBUPcDSh9o87bzEXYkd2PwZLxc,171,15,21.91,No,15.11,0
bc1qpk572hxenqpckhmyfa6gvgzjd6wz5sp6gg362v,159,22,4.69,No,15.1,0
3PXo6FYQ3gq1NgpCf5xJ1kKhLa4Hvoodhf,159,22,17.66,No,15.1,0
1GKdkrEeUSfkwqHmEcKdZ9Vj4R4BkyJrUs,159,22,34.39,No,15.1,0
bc1qrcyj056a0us2r6wjl6k5sypzduqy2p3r56vgd7,159,22,12.01,No,15.1,0
3AXMhEgApJNLF6ksdqxooY246wzQQSVy9S,159,22,9.53,No,15.1,0
bc1qv2p0pfj6nx8ghy6g68cra04jmk6krl885rq83h,159,22,19.63,No,15.1,0
bc1pgcwxvta6jazh9wrqduvr6fv4h3mwxzc370a8ul7w7wehze7pl7aqq357uj,159,22,5.09,No,15.1,0
bc1qdv40sk8ev9ahsrthhxl9nx85sn77wnz6t6gzyv,159,22,30.72,No,15.1,0
bc1qqxqjtaca6ff467e4ygd6nv7wdfk0qpf9h5uxne,159,22,47.08,No,15.1,0
bc1qvfmv7s22zhgdv6u30vg0sytfy6e3qjwgwjqq7g,159,22,3.04,No,15.1,0
bc1p88n7q4z5t2jutgx0q2yxcfs4np64skzrvh3fg6t29hr92d67d6asd00p8k,159,22,5.2,No,15.1,0
bc1qhzcd3g5hmhstsrrrsvgc5sd6hkqklpnnvp768h,159,22,8.15,No,15.1,0
3Fwq4eve5GF9iLoawyL5b9We1TP6H6VDki,159,22,11.86,No,15.1,0
bc1qe79m3utv84tpvfck2c82mjuccfgw4e6eeswln9,159,22,41.75,No,15.1,0
bc1pye5wt9zwrmdlrsmy4wkhndxrx0cxrw9k0l3hzyp7mtwc8lsyh7ast7fdz5,159,22,13.6,No,15.1,0
1KKowfewKzF1hRrpZXJ4neawYURym4Dr1Y,159,22,21.96,No,15.1,0
1M4nRSBvBCmL2VKgX78TxRKXy7cNTZVunX,159,22,3.67,No,15.1,0
bc1ql9fqfrkhqvelqpgqa3k55wlmz4pkklvjp0tc0w,159,22,3.08,No,15.1,0
bc1qkuq4vvkwcwcg7k5kazemuhegepn6w8nfrc57j2,159,22,13.97,No,15.1,0
1PJAbGteHXMfnZjdKYqTn8kghJsa5zWEVr,159,22,11.1,No,15.1,0
187XSWrzjviXNcd5avQPYHBWvRgU5wqEGb,159,22,9.37,No,15.1,0
bc1ql3cvraptwm58rd43aklmsz3gpretnmdy84728x,159,22,4.64,No,15.1,0
bc1qqeurjpjl4dclykm6nn8czta50r7jfjl3ldew8h,84,24,16.53,No,15.09,1
16xabLqYvZusdAw8FeNSwnqPzLGuBVvsom,84,24,13.45,No,15.09,1
1C3eja53PhJmpYtgpPXfiKooB9YcKMXjw5,84,24,0.79,No,15.09,1
1HbM5uyC3Rq48XqTBqiUjjfz5Yfzn8vyHk,84,24,21.66,No,15.09,1
bc1qtu0hagmd5khaqwnlsq5p0m8vn73jat4xphgpjc,84,24,74.5,Yes,15.09,1
3GtcFbmbGTtRTDSeUkSnEjy14B9GUhjK7P,84,24,9.99,No,15.09,1
bc1q0fv9sz9k92ugmefz5cupegdewc6rgunncj9xmt,84,24,6.96,No,15.09,1
3QhwCvHzR81AvEMYkpXsauVBYHqJcMyFMK,84,24,23.27,No,15.09,1
bc1qvs5470ut0cycyjczdd5zhgvsj6nkth8fsr0g5j,84,24,5.36,No,15.09,1
1LRueLxL4QRaDnJBfDWdd59dnSZo9VXMX3,84,24,10.46,No,15.09,1
1JCeKrbVqtJd5N3LLpLLoKkX8TYqVyxDQC,84,24,6.49,No,15.09,1
193eeCuQB6XZWjePqyAa4bTJ8sikgASn21,84,24,9.12,No,15.09,1
bc1qw6p9yxhauc90jvuwu448dm6n07sajldwgu0654,84,24,45.35,No,15.09,1
1J6gEMryRfpy7P7YH8mzAEpoGj5WjdKiZk,84,24,14.29,No,15.09,1
bc1pqx26aqqv0juq6qayxpke49cmjmt72wdypn9j5yv05v9y33qs4keszrlkcc,84,24,39.24,No,15.09,1
3CvU16rWchEqbQGHWw6u6CBPUBz1oz4dfu,84,24,11.61,No,15.09,1
37AQmwXo5a9WtjwLrK4No4AcwoNe1QDuDY,84,24,2.61,No,15.09,1
1PJXycpcFitnMkQh9U1EabsuzDRAzm2TQD,84,24,2.52,No,15.09,1
bc1qh5xp6j8cqf5rr63vupakx64c55wajgtxjmfj87,84,24,8.4,No,15.09,1
36XbWxU1Vqtz58xkp8fw5eb7q2QR19nfbm,84,24,7.4,No,15.09,1
1Jyjk1EGCrdvCgesMc1F6kyjEsnAYg9j9i,84,24,2.14,No,15.09,1
bc1qhjcw0jl6uqgfnrhxks3rz9lvepmncuk55ams9y,84,24,7.61,No,15.09,1
15qRE9PqLCAqLfQy19FUt6Axv2FRvAggPB,84,24,4.53,No,15.09,1
1DC3LDi5PM9z9PqxQzZ1aDF4GsQ7Y1F447,84,24,17.8,No,15.09,1
3ChfT4vVRm1rSrghuzPixAFmSqrktTkYCe,74,13,16.17,No,15.08,0
bc1qtq2a9ue74rzjkcn97sk8fd2fre9pgaqyyws0w3,74,13,7.51,No,15.08,0
bc1q5q0xqf5td2luqyj77u3qmzpxzq5tknl805kv4h,74,13,9.87,No,15.08,0
bc1pvvhkk4pdrhc9ddckmraq5k488c6rzlnzqg7nyak9726vt740cuzqpatzuc,74,13,3.5,No,15.08,0
bc1pss23qzg8a36xyqczdzegfamct8n3em6q27mknt8lpvrphugv6nsqeal4sn,74,13,20.41,No,15.08,0
bc1q39mnddmfxkym4nn2gn90sgmde70xu9rlatt6xv,74,13,11.37,No,15.08,0
bc1qah86l9h7cmfuzftyldf287lj85ug0ukcenum78,74,13,4.95,No,15.08,0
bc1qc8fazpt2ddmpp5w2n30uwuzmukqm7kdkgx3yx7,74,13,30.21,No,15.08,0
bc1pmxkk34l3l5j7g68t7229fg5zj8sxpsy5xevwplnkgm54qv4lalcslw47cl,74,13,18.02,No,15.08,0
bc1qlpn4rdlwwsva6ec7rkd20vw2gtp78wtfgdhhg5,74,13,13.84,No,15.08,0
3AzEiHUMFhnVEwrk4kPPEVFgCZJe7n7nVn,74,13,18.23,No,15.08,0
bc1qy0yjy59r3e6qmmw8p7ke4h4zv4gz9m2zrr2psu,74,13,28.28,No,15.08,0
bc1qpvtlwfr466yjm8j7dhzzd009uu78v8y96jsyap,74,13,13.62,No,15.08,0
bc1q3r2kxx2w6a85lkld79m7wf7jsyjxzzcl4zfu40,41,18,70.56,Yes,15.0,1
bc1q3ph4lgvfjp3mm64re8d4s7ylyv5tq0ayhlcmse,41,18,8.13,No,15.0,1
bc1ql2fgzcyngv7pgxu76ca34n22xr286dm3w76mgf,41,18,25.29,No,15.0,1
3DZv3oBiiHmxMYDLVggffBSn8qpA4mdWg8,41,18,17.12,No,15.0,1
35YyVDs9GU7ZtVXPom2Ar1vV4fJgV3cGVL,41,18,6.34,No,15.0,1
1LShjJYP3QKrtyUgQ9DyG3gXnhocDidpbg,41,18,23.26,No,15.0,1
1JxpfBgyhDEMDq81WZX68AtoLxkjQsTGaq,41,18,5.4,No,15.0,1
bc1q3v764tarjwspv38ejnexzaeztytjeflhk43rjv,41,18,5.14,No,15.0,1
19dy1MBVXZ4tYh24R4mBir3DgNE3v7iCHd,41,18,2.94,No,15.0,1
15GQXgdkXtwxvZRFTxwCx746BXG2CbU8Dg,41,18,29.45,No,15.0,1
bc1pjc3jmhxrnazw6zwlc2hdqyl8efw29p3amh4uhed9jcqmeuudyrxsaguxs4,41,18,5.15,No,15.0,1
bc1q99m0kkfre7pen3cxer5ew594marpcz24pdzwaa,41,18,5.34,No,15.0,1
17L1Kjc1cZcLLndBvdKXc9kHwHDf31z5eM,41,18,7.09,No,15.0,1
33QsyshvLm1wqXLJDtrf4Dt4nJjNycfMwe,41,18,4.48,No,15.0,1
1MGtFgojmsGcKHv7WPxWTC3m3Apr8LWfju,41,18,16.0,No,15.0,1
1HaZ2fqiErtD8QN8oB9iPgJgq1tp7BXEHt,41,18,26.4,No,15.0,1
bc1q934glxxmzqrwtzx7amajwge29p8ev63ppmxngm,41,18,9.09,No,15.0,1
bc1prj0uz9vt7assfdzk3z0xza84td7qnl8chcawkx2kmmr2zx2l784sewsg4z,41,18,2.87,No,15.0,1
bc1q9nvwu9aj5y8tyfrkatwmly5rh4utcvtq40z8du,114,24,8.52,No,14.93,0
38Beh7rDh6ejLntcLuLDZat6GGijHuZMqZ,114,24,39.94,No,14.93,0
bc1qdvkrrfnrnzkgl4cdyk6lxt8n06z3kj5hltj764,114,24,2.37,No,14.93,0
3HqW9gkZ5ASKqKgNJ5ew4NPaU8WZRDt9a6,114,24,10.63,No,14.93,0
bc1qzqcpgh8nrcvmpvml2qd836zegvtrzct4kv2jy8,114,24,9.38,No,14.93,0
1G4czrnt2XZt74xn1u7xyipQnaQN77Fjfw,114,24,19.7,No,14.93,0
bc1prfpd8g6w0fnhr2s4kz4j3g8624ld8cwdyg6um2vwrfna8v6ttg2qlw5mxu,114,24,20.65,No,14.93,0
1akg4QGJ2eEkip9N8gbv1rCQC2wUcYJes,114,24,34.22,No,14.93,0
1GgnhPvL281f96RP5E4SEUW8cESBkjKMZg,114,24,12.41,No,14.93,0
bc1q6nh5z2xel8rr42vnpsvxr4xmcjygpnsq4svwep,114,24,17.09,No,14.93,0
14ujBG48gJyV34fxeny78m2RMd5wt2eoFk,114,24,47.68,No,14.93,0
bc1qh2qlzakkc2gpzhzpt2s050kp5gj6g3jsaqhvkk,114,24,9.17,No,14.93,0
bc1qu4arsnu9mya3eaxlvup6mfnuax2fkje8r54jwx,114,24,3.16,No,14.93,0
bc1q8l8zhlj76ap2p22y6wn3z809lzzy4ulc05048u,114,24,14.48,No,14.93,0
1KPxbtKFEajFyAmdnxUogY1xAb5qjtL4mT,114,24,12.33,No,14.93,0
bc1qkt7x05zsg9t2u9rx3pfueh729anxkvn38fjet7,114,24,2.61,No,14.93,0
1Baf1Hdkfiq3YFBGa1uSAsQMFgJbh3uNDF,114,24,18.56,No,14.93,0
1NQKZx1474gT1MhWLPYseKQGfhvwTn7VkV,114,24,16.62,No,14.93,0
3LFuiSwn9ESB3K7n9iGUhxhpggQQe9HRzH,114,24,12.4,No,14.93,0
1HVgYmpmNfUYRAsiuTm8jfj4GRFy648snt,114,24,28.62,No,14.93,0
bc1quhcn59yjtw2wgz78wr8gruj0625rpzrr2p9chc,114,24,1.62,No,14.93,0
bc1qkfcn8kzn8n06jfmua9dfxq5anfl9q6420cpn95,114,24,6.19,No,14.93,0
bc1pqkq26ye758742crxex7c6hd7m8newp4xezjn0hhz95harvmsvdlqqlzjvq,114,24,2.6,No,14.93,0
36QEYeJJ9ejzJgy2Vj4doKnMttkNUrQL31,114,24,7.29,No,14.93,0
bc1qk5rwpv5g84zkcsttrc2qhrjt9nrju8hrawz8zq,91,17,5.25,No,14.9,0
34BGu2tMRnCZwny82MADtQP2yWoBmGoJBt,91,17,12.42,No,14.9,0
12ahbqvKXnqJTWLuyEnqY5Y1xaWWDXsdUX,91,17,2.54,No,14.9,0
bc1qf08za26n8hdsf8xuvrzgaatankly0f65d3a47k,91,17,33.03,No,14.9,0
bc1q6nmdv53g92lhgcupmwyfksz9qznkfqapj89nl8,91,17,17.89,No,14.9,0
bc1q63fgs3n3fl5ug5qpw57n84t5yvarwzymnjchgw,91,17,14.44,No,14.9,0
bc1qlghescghg9vl2k8mn2c70d3f3csg7nl9946v0e,91,17,11.0,No,14.9,0
37RfXKDr5JE8kjg3WzCZHyFrc94eLnHVFQ,91,17,46.75,No,14.9,0
3KRPg9k4DpwLgcAWeafBibFnDjCsxNyt9u,91,17,14.17,No,14.9,0
bc1qk50jfvdwxsv6hc7vgy3d8m50vcrjhcavltrwsa,91,17,4.81,No,14.9,0
12Xxdq2hfysiBgizapvd1cQPJh7NzGaWbu,91,17,11.52,No,14.9,0
bc1q7jffqestqtsr0ygty5rgu6wa9c4nf58tszqary,91,17,15.34,No,14.9,0
15ob364KzPcQgfY7Rtub1EbXDh2f2Ay1wb,91,17,3.28,No,14.9,0
1Ncsx9MWL3S3w37FmziRDot9aVTajw5rox,91,17,12.72,No,14.9,0
36tguh8qfRrHKSY8nUYR6PNZkZpfzgmp86,91,17,19.6,No,14.9,0
bc1qwt2hzq5rvwhq462eupuc0thmpkkqvsasvnqz42,91,17,20.54,No,14.9,0
3Nw9a8rPLikC7wzo5itsum61SyAeHPE3Fe,91,17,7.98,No,14.9,0
bc1qq7vs0f0grhg5daeak35dz04nn3jkq82lesuy9x,54,49,58.28,Yes,14.89,1
3CvEVbarPg2PL32Au2DL7cT9ST2vupjtzv,54,49,7.4,No,14.89,1
3GqY8tRmuFEDYgHqGBSwE9ZXNLBvRUTAcq,54,49,1.01,No,14.89,1
3PkSTA2hvk3Q4AFh8zGp7J55rNzueWhu14,54,49,13.84,No,14.89,1
1PEbV54XeS7y8T5riyhTM6gNSU7nbKwZdK,54,49,26.25,No,14.89,1
16DBRkR3k3BAgqNLJXAnvnHYSVZJijvbNr,54,49,13.46,No,14.89,1
3DiWh7HQagYvFFKiZjh3ScACpc3Q2EfrA5,54,49,17.58,No,14.89,1
3H5i2Cg2eWvctabu9cxiM2xspmcHxrBnZy,54,49,12.05,No,14.89,1
bc1qpnkddslveau6ten5a3u06ls854659njtdcjj2q,54,49,2.78,No,14.89,1
bc1q9plfnw8dmlkk50vn0j4uzp665g69ktnhp5eux4,54,49,9.46,No,14.89,1
3EerSSgu19gzKYYmP7v8BYk8TyzMtU8RBR,54,49,34.09,No,14.89,1
1BBWZFUgKYZLk3oMHsjebdHXQoDYZRx5G6,54,49,22.8,No,14.89,1
1CpGzssCtcj76vKrhgE3jFATQgSuXhrY8Y,54,49,28.95,No,14.89,1
357QQmybLYiLNmAHMHBtNyK5RQ6PVJ9bVm,54,49,27.54,No,14.89,1
17gWVuwTYfS7wEdrUpmUNyhbECqGBTtNQZ,54,49,2.74,No,14.89,1
bc1qdldcsgamsvglmkamxg63q49egyrdvtwy0wx93l,54,49,23.2,No,14.89,1
bc1q07n2r90jea27mhdae9wruafh78dstncvwsxcsl,54,49,9.51,No,14.89,1
bc1ph7w7g7ett5y0g56z4jwet4yn0re8x0yycd9sh3q2t482w42eextszmjl4n,54,49,9.01,No,14.89,1
bc1q9rr0v0hqlkvpxfpste2smlslf5w5hlv8e8awzd,54,49,1.89,No,14.89,1
1HWdAiH8tEFaNTZ5RJwm59edHavLAEzxbU,54,49,17.78,No,14.89,1
bc1qqx3fyk6su20jjg89fv84qa3hgdvsukq756f39g,54,49,6.97,No,14.89,1
1BDAjZCPZYVmRGTbK1aVeDdy1K9fzuYHBo,54,49,38.74,No,14.89,1
1BjG8FTqYncZabmjpot2j2xqQCsxs6xGWw,54,49,3.34,No,14.89,1
3BohuXBLXCcz17k7VwKRbbbKNVpUFQQqBv,54,49,10.87,No,14.89,1
39G6vusKoRgxQmVxJZbLxnGVNGudC1FuDk,54,49,10.31,No,14.89,1
bc1qlcjkkttq9dkx8zd8d0fv4xxcgsfp65pl9nwl2d,54,49,7.82,No,14.89,1
bc1q7je7sm59rlfffzxjrwf4rl5v4crugr9jalkspy,54,49,14.33,No,14.89,1
bc1qksyj0wft7awezhrp88ys73vstt6d0rstekn3m4,54,49,12.27,No,14.89,1
1BWk2Cm5tabkFoyxLPVEi6UrA7dPHKSEwZ,54,49,3.92,No,14.89,1
bc1qrjfqnkpdjda34u6fmeexecuqlls3qthzszhv8t,54,49,9.24,No,14.89,1
bc1q5rgwjvph9s9f43vv508gahhan9p20mnkxwfth0,54,49,43.41,No,14.89,1
bc1qexxepm2r5w066yxxsy7uenfqtjuersk9t6m7a6,54,49,23.2,No,14.89,1
1HQhMoZBhRByEomYraSbSMRCDzGgHEizW7,54,49,4.41,No,14.89,1
3NC4W8bEBa4mELL1xSLrMeqgtJokrVAUYM,54,49,0.5,No,14.89,1
bc1qf7fz7ludz9dez3vten5xwh3fq0vhx3led7gqdv,54,49,26.63,No,14.89,1
bc1qjt7zwnd7642n02u3jylg0ex3a7q52zaw8md984,54,49,23.85,No,14.89,1
bc1q2zla6uvjr0fmw4vn0rs44su8hp4nev3xg2jkcf,54,49,14.01,No,14.89,1
3JeiApRtRTDS82uu8mBxGYBrHYW2TReSMd,54,49,15.33,No,14.89,1
bc1qe0dlhwnl6k6mycmpc7c5lxucpwkevsn4anxfp8,54,49,6.33,No,14.89,1
bc1q3mx4xp7eju04ehmnnanq7enarlkxk0pwt6v46c,54,49,11.12,No,14.89,1
169sk7KLG6mpbmmuWDGgQTj9ap8VDdrpik,54,49,2.74,No,14.89,1
bc1q8f9fsfnaazkrhuu0udqqyzex3ut9t089qvnyd8,54,49,3.35,No,14.89,1
bc1pa56gs7svs2tewx4ryxl64hf34we4et5mtkc99g4zjhslauzvekeswmp2wj,54,49,19.34,No,14.89,1
1Kc75GyEHvgYbkBiMHHj6WuLr5FYUVLqDQ,54,49,10.94,No,14.89,1
19BFLzRjuNzn9hwS1NzuUby5eTm7deH4NA,54,49,12.14,No,14.89,1
bc1qrqe2hptntq3mxhnu0pmknpwl2zg88jw4m4v68y,54,49,20.28,No,14.89,1
bc1qx6wfd2jrkn2myuczjpnpdctv4tr46rkzpfshvc,54,49,9.06,No,14.89,1
19Bhv3Y4U4xncfXMTnNErKm37watKhvvGM,54,49,17.03,No,14.89,1
37DKMSdwbL1LTpsAhXWXKnpmsmtRVMjnAe,54,49,8.43,No,14.89,1
1DCZJc1Yr2wa9yEn4s2zRvy38VXZAr5ZbQ,27,13,10.61,No,14.84,0
1gEHXKSi3ExKYuFNsf3FsqWaEUa1KsxU3,27,13,11.06,No,14.84,0
bc1q8x7hs47ue36sl0u8kwktxuls3crdmkp7g8j6ym,27,13,29.4,No,14.84,0
bc1qpn4n9f5w05cz286j950td3a9ejfhv5ggt9runt,27,13,5.48,No,14.84,0
13C3UEzyuJ8rR4VNFwBpXybSojMopPKTyE,27,13,8.38,No,14.84,0
bc1qz7fgks5nv32l4pfhxl9wwt0ajtc8cymfytzv9g,27,13,8.8,No,14.84,0
1BKw3EFzLZwYH9govhoZKPcRhkcdAspdZw,27,13,43.67,No,14.84,0
bc1qcl35aq0a7cv28rw40wwru8lzny9npn6h6vfn0l,27,13,17.1,No,14.84,0
bc1qcmle77k8tnykmcggye9wc43hk2rnfsjl5w0m8f,27,13,2.21,No,14.84,0
36KXdbzpPYjrD3od7qpnC59pqrWgYNgAG4,27,13,15.9,No,14.84,0
19XpqpGMKwKhovMG27Tr9puH7uF24GHitt,27,13,6.22,No,14.84,0
1Dcbjepx277WHgsUxFBYnm4Z96UoBwupbE,27,13,21.14,No,14.84,0
bc1pvrsfqxldrekeyl4k89l07y5q4cyu6xpl44s4q86s0rvvkgfd56ysac0wgc,27,13,12.9,No,14.84,0
31paem2oBHNZDvUSCbGgQGG6ifjJcsBCUP,8,21,6.17,No,14.8,1
bc1pll9xe5m9huuz3hrk3039sush80psvrwqexy58j5n3wje5dzqznqsw62ns5,8,21,58.2,Yes,14.8,1
bc1ppvsxgyfe2svpefggwhpywv439wpfsfsgjlq57tjmkcpx432jsylsjttunq,8,21,4.4,No,14.8,1
bc1qc6m4e4lezvfruy5xkvh785m3k0fgm4fyxkq0ex,8,21,6.8,No,14.8,1
1KGHND33XSYfnNpvRRKNHt7nKLiqQx2dAT,8,21,18.89,No,14.8,1
3QpgoaijFJ2pNr4N89LqrWUT9EoSWicckj,8,21,6.12,No,14.8,1
18MdyET68cVUf2ri8K4nSgCjT9DuKD1Tr,8,21,7.67,No,14.8,1
18k1UzLeSkqbawJN9Aoy9DizucnVt58af3,8,21,2.88,No,14.8,1
1D8cKHL9KEbboaJ7U3nRymthe4A5DxHEYc,8,21,31.55,No,14.8,1
bc1qz6y6vpgtncske2lqyqf2mz2pmadvf2h5nu7mcn,8,21,6.17,No,14.8,1
1LPUrcqQLcwiQRqVqJwrQi4588yB3Gy6Ja,8,21,12.18,No,14.8,1
bc1qua0ln8r3s8mhf95j3w2escvqfwcrt834uacw5d,8,21,14.92,No,14.8,1
bc1q3nxeu7krjwvc63kn2cf87ldrukvp7kdx8sjn2m,8,21,2.87,No,14.8,1
bc1qv3hjf4guypgyg48t5rhtz99ug55psg6678f8w6,8,21,32.94,No,14.8,1
1MsKeeYURSW1B26ZG6zyPqsRAncq3akVXU,8,21,13.64,No,14.8,1
18dC8yGhkNZAKEnSu7tNGeZN2xHUkVAXh8,8,21,2.2,No,14.8,1
bc1qnzgys7fm037mq2uedqrndd3xeuh2ey57mkrjty,8,21,7.74,No,14.8,1
bc1q87vgqcje8d396shns3lm8sac8e3lev8755l4wr,8,21,18.51,No,14.8,1
32CUvdd1E2gWjUcrUwvGoepBo9Z1AC4EXR,8,21,7.43,No,14.8,1
bc1q7nu43q2aklrhknwnnrwsvg8r90664x4d4ns2xd,8,21,47.67,No,14.8,1
1H2iafuFva3dGKYWqPMbk2Uw17HdYrHQR5,8,21,1.89,No,14.8,1
bc1pdwkpnn7h9r7k8fnstrwwfde67lqhmepa6sknhvsp7y4q9ntnjtashhngw7,70,24,4.71,No,14.76,0
1Jpvh4KoDeDvQQxTwWXz1XZUnnRXGbkghb,70,24,18.43,No,14.76,0
3GDyS4PQoC6eJ7WJD9McDMoP7EYgqnTTk1,70,24,3.03,No,14.76,0
bc1p36yrg5ye2lsmy2ypdwhsq09k6rr85tm7u2qsuez7vz5x2qf34f4s6a6wrc,70,24,8.05,No,14.76,0
18ShTJ31DUUgMkzxi551vkao9QacMbkFfb,70,24,14.47,No,14.76,0
3A3RW5EsWYaPk2QH5KM7uSPcygwYZPPLir,70,24,24.56,No,14.76,0
bc1ppru02et3q0x0cz0p3yf8j90qejjzuersusm8e6sqcgplyhqjjy4q7r0qda,70,24,33.98,No,14.76,0
bc1q4lczqswx9lvh8x95tjydhps6r5gj89h2h8dv2s,70,24,11.9,No,14.76,0
3398ZpKWMfRXf8sa1tZrY9DW7wiWRzRg27,70,24,10.69,No,14.76,0
1s9f24d7spokyLwX83z88vqNC2kybGHus,70,24,1.75,No,14.76,0
bc1qqd7q6m2rq53kuznkeeyfr787yk6t7632lp06wv,70,24,34.93,No,14.76,0
31ra59epRDscabf8Jasrfi13qvX6QkfNm9,70,24,18.23,No,14.76,0
16cW879sEZsjXAumcHfLFAVy3pPnT874LP,70,24,12.98,No,14.76,0
16N6ANM3VmxQGzC5aGGbn9qXqWFToSHKyx,70,24,31.46,No,14.76,0
bc1qz8zvj7s58xylymya6ez805kyhrq45mshs8yx0g,70,24,20.8,No,14.76,0
1DL18HXZbr3U2oEFeER24YJ7jznA8S7McN,70,24,10.12,No,14.76,0
bc1qqdterpdakneqlqfdl5rw400t7kd2n4g3n8zh49,70,24,3.34,No,14.76,0
bc1q5w08rd4xtmtjhujw22mv73s4le0lszh3myfklw,70,24,16.63,No,14.76,0
15rZCYZb64Q72wxWGnHb9yb7NgiRqwZqJK,70,24,2.67,No,14.76,0
1FQiLMTcsmPbXEdx1QtJBkCaLpJxUfup86,70,24,17.08,No,14.76,0
bc1prm986rshm9wqldgan9qp0h7jyxncwjw0zpa2h9a0stu7ehfp4ypsur0vqr,70,24,7.81,No,14.76,0
3FwfGDPgLvcuKRNF8Nr1uGHDBuLvxtGHKg,70,24,4.05,No,14.76,0
bc1q2erz24z30vnsxs8wm55mmjeem2j7c3tyeqcl4z,70,24,23.73,No,14.76,0
1L81ACfFDM4WPprTaWkJSpJxcHCUEHj7TL,70,24,18.77,No,14.76,0
bc1pllv0htqtt0x8vd3dc3xd0zswcqetxl24lxswzv3vjq7cv09mp8lqsdu56t,113,19,5.7,No,14.76,0
125QbbMpRd1DUKbhhhRkocQJbcpjQdBwyG,113,19,5.89,No,14.76,0
1Pd9cAZpiEqGHE6TMrPbDmf9qbjseoG8bB,113,19,8.48,No,14.76,0
33DqagZBDxSGjnN4pkkgF1mQPnUyTYz8e3,113,19,31.72,No,14.76,0
18qEtQUkkndGEE82Q5ArF1Aj3oYHt32PGS,113,19,11.23,No,14.76,0
38jfsUNf8Qeb7w7jjfQFFPxge9fqRmNnb3,113,19,5.0,No,14.76,0
bc1q8qdskun5k0eg2a2k6g3wu4hl42mk8kcx95n76y,113,19,4.44,No,14.76,0
14xJaM5XmFviNqCGZKKByJH6BzLvFZRGf3,113,19,25.79,No,14.76,0
bc1qhjxpf93hnjeh7d66exnyl9r40pk2nv2n572r4c,113,19,11.03,No,14.76,0
157L5YWbExqQrgQSt7n2zSdoDguZ2WzR7p,113,19,34.03,No,14.76,0
bc1qekm2h20ghqtyse3s6grzzy2u066n28eklath05,113,19,6.3,No,14.76,0
3CV7LzwPWk2srnQ3A3QKvwMmYJKubRhxb5,113,19,14.95,No,14.76,0
18KX3zdjY5Wvc9SpQYLx9FLFHs1pndNr3F,113,19,3.78,No,14.76,0
bc1qmrs9tshs0f64mrzjqx5gjw9qd4qxfgk3g0rqrw,113,19,16.41,No,14.76,0
1BeaEMAsBkSTMFzgUHPG2jffkct7AFe2ZH,113,19,4.89,No,14.76,0
3HX1wcSnAv8cJ8Heuzei8xuzvREgsnDhU3,113,19,9.76,No,14.76,0
bc1qwgexz95v5djetykv5eg7yulcdclv9taqhspnw9,113,19,26.96,No,14.76,0
1KyHRHDVevioQ5bPWX1hUKCDq7Qp1kYGw7,113,19,1.84,No,14.76,0
1LpqeRXgMf3zvVNgTVeP8RmEiwuSBk6k9n,113,19,52.17,No,14.76,0
bc1q9mznwkqph08ng0qyt9duwlz5dy4w833uexj2p9,134,21,21.01,No,14.73,0
bc1q2p9lujh9gfrnp3lzzfna23uv8cmyj97cyywaa9,134,21,4.8,No,14.73,0
1EKfvpw6nKbtMfFgbZnUPmyZ6jPtHQz4yi,134,21,15.81,No,14.73,0
bc1qeycxm3e3emaar6hk32q987zhlsdd0hnul5ks2w,134,21,7.59,No,14.73,0
bc1qg5uaust8gxjvjenh3jg6lejandn9fu3k4a2p8z,134,21,6.44,No,14.73,0
1EyVt5cJ22CSAmAToZXLxYUQ3w3dpsKpVc,134,21,7.13,No,14.73,0
1PuwCjoMZR33YCW5AKiMsR3jbEN669NGz2,134,21,11.6,No,14.73,0
1Le5cLbpWtMnkmv38gXgj8DWcVT419jgw5,134,21,12.46,No,14.73,0
3AntKcaTo41bM76gb5CBSFk8BSycs1Kx2m,134,21,3.99,No,14.73,0
bc1qesn4tv4tesc73glk40qzfex5lf5nl8rma52jga,134,21,17.51,No,14.73,0
bc1qm2rg4gadca4757jz4nhk69g2pc8dds5sv39ngz,134,21,29.33,No,14.73,0
3MPJ7jJnKqwqxQbVMRNYjqUxkr9qPUFFG6,134,21,15.52,No,14.73,0
3GAtbeiRoZKC5BYbRk3UVB7DLSvX7g8gbd,134,21,12.93,No,14.73,0
bc1qf8nrmyuz0vzfyzenv7cma9u2ja6466wrw74mph,134,21,11.67,No,14.73,0
3HBqcJbDvR1oZo8vMqwRyj5GMxHKvN2LbJ,134,21,42.58,No,14.73,0
bc1pafj309x88ppezdyvxp2e7emlggdkfnw05ge4cwkhzfxmt40qkk4sfj37az,134,21,6.73,No,14.73,0
14PiFgKMvTqymQCHEUefeZM9sB5dBpfpkf,134,21,13.48,No,14.73,0
bc1qruredjm949vm37tftjd99lhue4wyq4x7q0j98d,134,21,17.03,No,14.73,0
bc1pvdkuyx3slcawgaqhrt5qftp050g5n7vu9myqfj7dpgs6zez72hlq3dp80z,134,21,16.75,No,14.73,0
1EWVT9wbUjrk9agFYjFo98HLNxbnSsd4Wy,134,21,23.88,No,14.73,0
39P5muTYkQy6rj6MWbZbZ69Ft61BHqETsq,134,21,11.08,No,14.73,0
bc1q5l9zpemuxdtdknq65edr6ptf4tuq9ee8jwm9x9,162,28,7.23,No,14.65,0
3MP5fPT4gtG5fr318jZ6jCfxpSNZoXjxE6,162,28,7.55,No,14.65,0
3EQiCtEPon1XrFYYjtFAk7G7VhjccXzNfy,162,28,29.28,No,14.65,0
bc1qmhctcmut8jx75pl4nr35cjsrfpdwgvxpj994ut,162,28,6.72,No,14.65,0
bc1q6ml76gk8tpmdxwrjz7sdgsvve7nqdmxp0lqz8j,162,28,25.86,No,14.65,0
16Vccf9oCrSX4XhR6JecR4VQ4px1kNtjvM,162,28,7.19,No,14.65,0
bc1q00vw5dfeyawkhnuqly5y88nmk4dvyv5mgw8fr4,162,28,32.45,No,14.65,0
3798MBA47GU6WStCsmm67jYrdGAjgvnJA8,162,28,13.95,No,14.65,0
1DBXuG5hV4S4RwVUqt9NAawCLjFhHM61F,162,28,18.94,No,14.65,0
33VmFyGTBeEpezWs2xbksqTvddSkhMXHji,162,28,10.94,No,14.65,0
bc1qcheqkry066s3jq5mt3ka2ucvnjlchelttdu3rf,162,28,7.63,No,14.65,0
1J4XeJQqxQ448YDsj7uLWt53d1Zo7nEiP,162,28,3.55,No,14.65,0
bc1qu356dqss78mtx06jx33le5xh5n7hfvl3pcv4nl,162,28,8.59,No,14.65,0
199VcdDEFKjFgNapEt2kpfm2WxbVEDCZtM,162,28,4.32,No,14.65,0
1Dn2K7uVyMYnNDyKfE9XVVaGcp9rMb5Hb3,162,28,12.82,No,14.65,0
bc1qhva3gzy6aaxdlw2ax6ca4e32lh2v4flvttmhyk,162,28,2.49,No,14.65,0
bc1qk0qp8y5dgpdjkctfte4guf8xd2cjd4ee035t6x,162,28,18.73,No,14.65,0
bc1qfwycslnamh3pv0mu6ax268hcur3ftpyf478fnp,162,28,16.03,No,14.65,0
bc1qqhm4jwc7zeh087s2zpx3ff74wguyt66paxtvuw,162,28,14.05,No,14.65,0
1r9otnBQQJXJ4B87QrpKGvUwT7u9eX6Jp,162,28,26.53,No,14.65,0
bc1qdjs2rtd4w0ql8xf3kwrl8yyx2hp20snyhnxdjx,162,28,16.27,No,14.65,0
1Pro4f57eCx3Atp4iLE5zwEvYDbMTPHmuP,162,28,11.53,No,14.65,0
3PcALcjmP2twDLmWXB7V5pFjC7QVWLheXx,162,28,16.46,No,14.65,0
bc1p0zh0f6cg8vg6y7ssnc6ptjsftjknn2negqxlxt4zvvyrmzq4nlmqpqetg8,162,28,18.41,No,14.65,0
1qiJDduiAonvZpGuptKy6rewWQS6t7SBY,162,28,7.91,No,14.65,0
bc1qnkqnphsjqjxl424383mgunfald2xmx48lsuy2p,162,28,29.89,No,14.65,0
1KxZGpJa38CPzbJm4RuHFaUwd35Ldd7tyW,162,28,6.85,No,14.65,0
34NB2Leym6AWYVsD9yBYk4Z15AocYhNZ5U,162,28,27.97,No,14.65,0
bc1q9s6qsh7kyjmdxy69pcwgcs3cj63rccjufy7gqk,102,50,10.78,No,14.62,1
1FwNUXdivf7uYK4fvN5s1rdm7AHWZs9NKk,102,50,18.67,No,14.62,1
1EJU6GDggTrixR66U38qiDyjLqpoczEnA4,102,50,12.47,No,14.62,1
bc1qr7xcq0cr3ptxs54h38cxrngqgw2gtmq6y3xtyv,102,50,1.87,No,14.62,1
bc1pkx2sgwxw6svmpmx3xjdrx302qvslrak952vvkwr0cn5q73prjedqney4qa,102,50,3.35,No,14.62,1
bc1qrdw2mn6qskdza5yuu2fdyt55yzsyfc63zauql8,102,50,16.89,No,14.62,1
bc1qgklxjzatszlz8w30wg0jacag4n38rupf8dd9wj,102,50,2.53,No,14.62,1
14TFHkkTq3sw919Coufr74GeTPt8qzU76o,102,50,25.53,No,14.62,1
1KErkeDcJTdaXScM9qw8gDEXmdC8gds7g6,102,50,26.12,No,14.62,1
bc1qdsrkmpg39gvqrtv9jwtx0tgxtmhje350wp6wkz,102,50,6.56,No,14.62,1
36Rgi5qmLXAxmz1Q8sbVm7yZnFGk4o6Kd1,102,50,10.59,No,14.62,1
bc1qrd6grtm35p9v4g5gx3yryey7ye8ccrs5d35y9d,102,50,6.56,No,14.62,1
1AbSjybiAQfuX1BrWyxP7AagXxisDR2CH7,102,50,1.46,No,14.62,1
1PXXG22R8qcj514hVaxqqcsVjR4nYZTSZz,102,50,27.58,No,14.62,1
bc1qpgddy9nqcyc5yxcj2gvavrymhleq44ugruhm3p,102,50,14.05,No,14.62,1
bc1px84hp3cckr60auntyf8qe8uwfwqkre8gmgtyd2k5akr29qxxpvpsj49whx,102,50,34.7,No,14.62,1
14geZkVWtuRTkx8D1Az9NdkuNDVami278N,102,50,38.48,No,14.62,1
bc1qrcmd9eees4ywfqeclykw8tmzaz5a28tx0vu2uf,102,50,31.76,No,14.62,1
1ABJBYxkMn9SVSUGHJLRG5fM2ZgLei5aZ4,102,50,3.95,No,14.62,1
bc1ql5cm0lwj85sepm0fd2ztvzfkhkty0u7ewfslaq,102,50,10.18,No,14.62,1
bc1q6x4s6hr8rtmcg6ept7gd7qact9ev34nz9x69ry,102,50,35.48,No,14.62,1
1Mvr1WnznpgjqeSSsc35iUGvm8ue41NxFC,102,50,5.3,No,14.62,1
bc1phnaapgmepx29xsqakfrn6k0xur62m8d9wwu4s20vck2wt9xwmzls52da6p,102,50,6.89,No,14.62,1
bc1quqyfdve8zw793cujk86g0xv9zgaelwvexmsfnc,102,50,15.79,No,14.62,1
bc1qfzardsanxmmnfx850p9dje07cf6nyy3xplgpz9,102,50,12.87,No,14.62,1
35KbFDppLookt2vnYQc8v7x6s1fAwyfZYo,102,50,5.48,No,14.62,1
137Q3SbFZQP2nuHto8ZTnkeuAutm6ckAzS,102,50,13.94,No,14.62,1
1CxX2BoxA8cJdoKpkY2vRytDfbWxK9uFqQ,102,50,20.83,No,14.62,1
12Nx1aEFgLd7tSoDkDK9NwUtPPjtBSYdiq,102,50,5.52,No,14.62,1
bc1q63w6xnq8us8yhm9jmjvlanh38e8mldjd829rfv,102,50,12.92,No,14.62,1
bc1q3z2qa9tcsytvtjxsyv33rfytqsujqzrh7cgm0g,102,50,4.48,No,14.62,1
bc1qcv0rs9uay05dyed5q52wqx8jgpw52zmhftw6vr,102,50,3.97,No,14.62,1
1JdPxBqaK6whvvsUehwQ8YaySF2p7bCeBr,102,50,13.42,No,14.62,1
bc1qytqe58genqwfq7e272xa46d42yap55hd9vapw2,102,50,24.1,No,14.62,1
1HQjPQ2HCCLnVQruVyXQU8ZxUBr1e3cCEd,102,50,4.74,No,14.62,1
bc1qu56amnq9jqwvwcj44zjwqmuzhza8h5j6jpkukt,102,50,25.37,No,14.62,1
bc1qxeqexpnltq3jpuvujhqf4r7nv5avdxd6890s9f,102,50,5.16,No,14.62,1
bc1qupz8xq55st4lx8vge5unlvasxw90gjdes0fkp5,102,50,7.1,No,14.62,1
1GMcmtbaiCPRSBwRgJbeUiD4NnDxvX9pyR,102,50,12.74,No,14.62,1
bc1pvpzefcv6gq7yyym6jfnsjfas2l9tw8eqnqzwtdd8sfvfnr83hzushc4w7r,102,50,65.15,Yes,14.62,1
3BVqaAoX8DVACcmLxLEDB81ECUYE7nmKvQ,102,50,6.13,No,14.62,1
bc1plu34xmhaka26fxvys38g2a66th06qsudtkjty3n7sh3858fkes2qsxd57u,102,50,2.36,No,14.62,1
bc1qn6zxw87zftuq9hvggy5stm2fhsgzgs5mujp7j7,102,50,42.25,No,14.62,1
bc1qnshztug3grlx2z0m2ktmtuykx72ktj5ellwet0,102,50,3.24,No,14.62,1
17uhTQhg3rrqFHPJWXtjwLF4YF3ErnAXyx,102,50,11.39,No,14.62,1
36fGgTjj47gie2LE7AHvnsgDjuws8xPur7,102,50,15.19,No,14.62,1
bc1qupxc0w6qnw3fjkmwlv9jjw0w3ec6jkcrm75mnk,102,50,2.1,No,14.62,1
3QcYUtUH39xeS9Vfx37gjP9Ze8VH2F7PjJ,102,50,32.04,No,14.62,1
14npLWNZNZFei42caEgWZYyFGoLJu5ggZc,102,50,9.04,No,14.62,1
bc1qa9wwx53jrj2ez0vus4qmt9ek8fe7gw3euqrel5,102,50,1.99,No,14.62,1
3Adc7XLL6gRBSig6hemZvoAFeRyRnsNzq6,130,13,7.19,No,14.51,0
14oBBrgNrToxwbS6nFSE89BqJcSWZzf2rS,130,13,1.89,No,14.51,0
1GDAmrXUJ9WEeTqdkVvGAEsdVJk9BAFKkU,130,13,16.46,No,14.51,0
142BF9RgpBhbb8UVt18ehohgAJakgyohgv,130,13,11.82,No,14.51,0
bc1q9pa985wwdka9ylw9hqnhu9trng2uchys8c2qva,130,13,34.44,No,14.51,0
3LVKi1WtqpuHR1bTUkfjcf4pFvw3HCnCes,130,13,9.41,No,14.51,0
3HHpmXK1ubARkKpQ7NRcZvF4DtAFkT5wBZ,130,13,2.81,No,14.51,0
bc1qna6x3q47wcdy77ehan65ystcyttvqx8zxvq5hk,130,13,29.11,No,14.51,0
1EJqGTRYP4uRVNbPaY1Vmn75yFJH9ZHzKt,130,13,3.03,No,14.51,0
bc1q9tlcyj30kr8hn9y274mgeq2zf04c49vkcp7zjw,130,13,18.59,No,14.51,0
bc1pqlf0gej2zd90c2pvqm0qrpnzrlpn8qn9ux59tazhjdg2qkv603xstt5mxu,130,13,31.74,No,14.51,0
bc1q48ctf7dlyru7rfzdadsfm7udumzx9tuy65wlm7,130,13,5.94,No,14.51,0
bc1qrsrkge9dtlg52c2s4pt9jmz88ag6t6gmhkkw77,130,13,16.19,No,14.51,0
1EEp6t9kh6A8oQYkkWtHmtArwuTwMqFpWG,73,23,44.06,No,14.5,0
3GQcdYhmreE4PnDPScUvpE15PhAa479vgy,73,23,5.92,No,14.5,0
38jmisJqSNiVbwsDhhnmmCNRPkubnY8Paz,73,23,5.41,No,14.5,0
bc1q23ngn7kj2ksm8rhdlk48facdk77spyvc79qs4t,73,23,8.91,No,14.5,0
bc1qjejsvkntgzmvar9tuh3h20xppfr7qgct3zv84n,73,23,20.55,No,14.5,0
bc1q6z52053k56gjecepmgfhz9yrhnqqv7ecar0m7v,73,23,2.33,No,14.5,0
bc1q4yrqwwpy9qjzu8l29ajj6gcfjytxemxd09kepa,73,23,1.18,No,14.5,0
bc1pd90t4qeecm7kvwqmzxzc7n2ansujrrxrx7yekvuldtazq7cq5g7seytjjw,73,23,5.1,No,14.5,0
bc1qhqxqt3pxdk3w3ve8ltzw96qau6lls3k5jqeaa9,73,23,27.63,No,14.5,0
1B5WWgNztTnBBdgMrwTp32y6KJWzTdRhqA,73,23,33.76,No,14.5,0
bc1q24e70vwqaxt7w2049rlcms7wus2pz6zlmnas8h,73,23,6.76,No,14.5,0
1PvrNNKKG7goY349P8GVfA3wq4dyVVSLJR,73,23,15.02,No,14.5,0
19q4aN9eHKKfNqk3HW4AYvwCpnuJo9832q,73,23,8.58,No,14.5,0
bc1phlm56gfnq0z5as26ujl23rs7y5l2t5n9rggcvg7u2t54t69f7hnsvu8v4z,73,23,24.21,No,14.5,0
1LpdkqGFyvYgjonLf4JcfnTQULrfaFzkaJ,73,23,5.88,No,14.5,0
14YeGan854fcBhCQw4NCYvZepr5B1n11MU,73,23,8.23,No,14.5,0
bc1qc4v07v3stm5d0a4gz4ml7632d9h90vlg20yhxq,73,23,20.36,No,14.5,0
bc1pfhhtzr4qk0r3gszgr74gn5s4la0s2lxxrenh7v5l7whj9eweseusa8rc38,73,23,3.49,No,14.5,0
bc1qdumcl8y08qfc9xyj38n63elfejjc66fm9396t9,73,23,14.17,No,14.5,0
1581ktwc34u1zTsKkheEBSWWd79PGiLcDB,73,23,21.69,No,14.5,0
37kjgDXwyaYH3mGppu3TZkNjMa3e8YGD6R,73,23,35.94,No,14.5,0
bc1qnackg6d58shcl870wzjnqaf4wd2fjz5fzgrt6c,73,23,6.04,No,14.5,0
bc1q6cq53qynrjf9td9l9kwtafna9rcl7lhatfkhgv,73,23,8.32,No,14.5,0
bc1pleyv8dajaek2zqfdev6zx5qn5eupzvt5eg52jr5f7y2tfgza77xqgkltkg,167,28,2.7,No,14.47,0
bc1pvncqwjr0aylxrmslqd66lpma2dl4akwe0lzr0g9d0t7vgky5d6asutd0j6,167,28,11.31,No,14.47,0
1NBNZAJ9ojau45CW2HWvHX2EQfJgHxaEpf,167,28,21.92,No,14.47,0
bc1qxhqaaqhwah4nt5tvmj54d64d7md7d2sdljqpnu,167,28,12.74,No,14.47,0
bc1ppd9cev3xg5spuz4mfaea0pnzzpp0jpkxujjk4wwwa0a56utsch0s4chwxk,167,28,1.97,No,14.47,0
bc1pd95yn30dz69he7pyn6sweuxu63kvv3wvy97yux4mjqcz5uj4p07s3m4gxn,167,28,14.41,No,14.47,0
bc1qyhc985kcehvrmg06gjrhtmlwm32wrfsk85m260,167,28,12.13,No,14.47,0
38TT5qFpx1fHc4XcEjMB5ifinQGd6ugNeq,167,28,23.44,No,14.47,0
1J37QpcGD5Mz2BRecNDj6c9CzfWrwHRdUW,167,28,16.38,No,14.47,0
1Ddzqzc3WE6FD7YMsMpdqcvcHTzmjy7TCf,167,28,3.16,No,14.47,0
1ASrVo8RuRHq4QDdJbtGowjeBg9oZ8wY5L,167,28,3.61,No,14.47,0
bc1qzxhryadplnll73lsj5tjutjkn3pgwgx7wt02ah,167,28,28.09,No,14.47,0
bc1qzr9kn27xxdsqnhs0mxvjy0d0aftsq3j37pg83r,167,28,19.63,No,14.47,0
1FULWWRuQ6HgXqgPTZ1rPstomAzWHm3Bqk,167,28,21.4,No,14.47,0
1FCUP81xJJEQ6PWEB4UgCkfHREcnC6NoLS,167,28,4.86,No,14.47,0
bc1q32k62dmp7egh7dzalptr6unnkm6nqkvd62cn4f,167,28,7.2,No,14.47,0
bc1qafrk6u5dpqx5rnlxg3ftcsy4qg29v2sfyengcm,167,28,28.83,No,14.47,0
35mScGeBbQLUqVETyD9wC66vMBPGLr3gv7,167,28,26.31,No,14.47,0
bc1qgkcqs6735lrchfs0lwcskzf5pxct3ey2mahkmh,167,28,21.78,No,14.47,0
1GKWfcgA7dTowWzWybTW6fSGoQJUnpsjHY,167,28,3.81,No,14.47,0
1BrD76Sz5C3MdRJ8JXzA6q7NzeUUuvppks,167,28,4.56,No,14.47,0
3J1E77FRM5QTy3oNWDYQJh99dE1NCiCBoN,167,28,25.94,No,14.47,0
bc1ppk0x02qug2f0fynycxzf0rdm79whm2f0glrlagrr38t7c369p8js7p76gz,167,28,4.56,No,14.47,0
3Gv85TSNrsyRvwioxsFd6w2ETyx1UdZRAc,167,28,11.36,No,14.47,0
bc1qges8k2kgkwdkyey882pg366qrxdwvldy8wsvtt,167,28,15.06,No,14.47,0
3BUaqtsLpKeh9cGPfkzh852kAqSm28UE67,167,28,9.89,No,14.47,0
bc1qxsta2t6r9qjpf98elzv3t2aes4t6xw4vt53qqx,167,28,14.15,No,14.47,0
bc1q9xd0gj7x7vy3amktauecfc9wxscgnyqn3twsvq,167,28,34.05,No,14.47,0
3CwyyvSH9rANfvcyvQor6pkmmJDyJaEhE8,104,29,15.66,No,14.46,0
bc1p0udu0ctjj35fv593as2rfm0v9rseac8aqgnjgt80z24jujt70zdqgdv3zf,104,29,13.93,No,14.46,0
1AbHMMPD6Y64NNpY6zhm3izxADnT1N7Gbv,104,29,21.99,No,14.46,0
bc1qyvv7h42lylfrf24xk4d6ryea70vmmvnr6zjudp,104,29,25.59,No,14.46,0
12hHh6jWmofDhTqjhn3y3Gi1AyF65AdMWd,104,29,16.19,No,14.46,0
bc1p9w6el2xexundshj40n94asvtuankkhd5qtv60yf330ycpjeydm7qe7grmd,104,29,5.71,No,14.46,0
32k1ezeGU1zWRzJMKEMFmfhNXAurDvGd5p,104,29,10.33,No,14.46,0
1HXCi7GXPTKRvNAmPrhskNXpY62DQCuW2C,104,29,9.01,No,14.46,0
1JVSmSvVPxjFr1uTNNSQoZ9E5nf1eRL8fP,104,29,9.91,No,14.46,0
bc1q94xmynzuheu6edggalmg0v7e5mkj6yz7t7djkw,104,29,13.82,No,14.46,0
1HZmaFRfRDukBXSwV3xEFFbBAiXuVStKF2,104,29,18.36,No,14.46,0
14X9qAK9rXa4jJPdzArrQupD13eiPf18i4,104,29,14.75,No,14.46,0
3P2BZj7efJoHfdbAkQcuS6pePNmpX6RJHR,104,29,24.69,No,14.46,0
1QDwieRw7v7XnBYefkUBnaTUArBXsQLJcL,104,29,4.82,No,14.46,0
bc1qej0naydlkkg0xdsggy2d50pxs2jqevg2k32mcd,104,29,27.25,No,14.46,0
bc1qlrmft7kzeam2u5xwhqt2e65aaryfml929ruyj0,104,29,13.4,No,14.46,0
bc1qhl8mne5vymm5hctcph0gfzpzfk2538davulrwy,104,29,25.18,No,14.46,0
bc1qg8epdldatxx379q42gea9cnc6mr5vs672a2vv4,104,29,2.34,No,14.46,0
bc1q2qaf68v7erhj7k6t8a6l0pz6anncg97qqwtvrv,104,29,13.75,No,14.46,0
13s1ErCQeq1uQNYUJMkautXrX33Hqv1HUE,104,29,29.11,No,14.46,0
bc1qspddm3a6qs0rn6443vll7svlkhngztkc2e0rh0,104,29,24.93,No,14.46,0
32RrLdbaPxRR82zGZhVi85c6UAGtqq2kKc,104,29,28.91,No,14.46,0
3DjJ57m3h1MGsuBX6eMrKdHZXppfjGaAFh,104,29,8.61,No,14.46,0
3MMbDtwD7sarGmdRBAgY8TjHitGex66yV7,104,29,4.85,No,14.46,0
1LJRz6s2HgE4r9kTLn7a3b4ihQbnSSdTuL,104,29,2.03,No,14.46,0
3GgWjERjDGVYxsMXefatunpmn3brzFdFBR,104,29,12.89,No,14.46,0
13c1Rgvmn8kK8vCbaq6HK3QtXYqyyrqNHB,104,29,2.05,No,14.46,0
bc1qcuvn77dgzl0wrfd3hj3hkagtjnctrstmhngdjc,104,29,14.16,No,14.46,0
bc1qrweytvztsaaptzcau0jcv0hplvcj46klmvsa06,104,29,5.14,No,14.46,0
bc1q38nys9wx0mepffpnpnz0s8nrtu4k3sxqnnzkkr,176,21,7.79,No,14.44,0
3HrBd2PYFb34RyyBGKQEpuRyuy6D5uNrbx,176,21,14.4,No,14.44,0
bc1p2ec7ylzg4tnejradx0ztr88lr7tkhlw0kaerg5gk60z9k8ke4c7qge7sm6,176,21,2.95,No,14.44,0
1AEkrFsD8RfhfT2Su671wXtsNTgkQ8x8Ro,176,21,19.5,No,14.44,0
38jDcd6gDnguqjqpu48rgSPo2euwb2uBi3,176,21,14.53,No,14.44,0
1HgpAx5348jVT353RRM7XPnTNNBjtC7Rv3,176,21,18.2,No,14.44,0
bc1qvqws09zzf9hv73wq6qnekk5mdklwyw0xfl7t0z,176,21,6.32,No,14.44,0
bc1qlw60tyx39l9huygta92r70d67ueaq49d7p7063,176,21,50.39,No,14.44,0
19TvNNrLSjykHHUsg7pao3SaTLg1o6gBgk,176,21,23.22,No,14.44,0
bc1qt22ckptzaqf7gvg5vzve4t7w3jl95t56s8kps6,176,21,18.93,No,14.44,0
36vFNifF6EozFUvSGncZm32WgHsEsvgwNv,176,21,10.6,No,14.44,0
352LJMyqpgdXVSV7kJ1AcHXGxJ5cAVxxr3,176,21,3.5,No,14.44,0
bc1qmyya08505rxp99js6qag74kqkhpalqkx7r4snx,176,21,6.71,No,14.44,0
bc1qu9e3tkpm298c329wn2a258906y6wwpp02rt0m2,176,21,5.04,No,14.44,0
bc1q8ew34jlxkq8dg9zk6utuh0w3nu04xke3u48zlj,176,21,27.34,No,14.44,0
1E9RkiM9BpzQMv9Gd4hsZvzqNpWAxZSt97,176,21,4.31,No,14.44,0
bc1pgv70hul2wjwmrhj6c72gweegex2uxaghveezpe4t6jaj750jyr8s2h2f8a,176,21,29.23,No,14.44,0
3FHzi9KSqu73ueLbkWyS4PKJrKoamQ85pw,176,21,5.72,No,14.44,0
bc1qf8kng5p06dgr9k04nglw0p6mlmqep7m0xzc7qn,176,21,13.25,No,14.44,0
1Lmkn5CZyCpQ1JeFgfcTHuyw5ZSTCiJBis,176,21,17.61,No,14.44,0
bc1qkfxpkd39dfw9aeyqgvpffwwaa9jdax0wuegpdg,176,21,3.72,No,14.44,0
bc1qrrt85l60u8vlgjfs39rsq3ujquzdetgp2wh7rg,33,59,7.64,No,14.41,3
bc1qx8jwcum2eylt48n7c8lc969tp55jrzh5lhfeca,33,59,9.14,No,14.41,3
1KVbjqqBEVB7PYW45tvCab1xyTchkvLUP6,33,59,13.17,No,14.41,3
33Dw1udURSHbMEH6R9kV7h4SD7zx8zj8PF,33,59,13.93,No,14.41,3
3GiqmbB1a32bjo1VcBBJyce2a4973ur1d1,33,59,6.52,No,14.41,3
bc1pf9l0d5aj87w7qxac66yxy9xs4rm4saht9z2t9dtwnukpusxx0s2q79ltxc,33,59,8.31,No,14.41,3
bc1qzdwldsvwjjhlrdcjzqdtwk5fex8njjp7r0djds,33,59,1.53,No,14.41,3
3F5ZmDKk9QkXuXeEVeWsayGACNLizAXdEr,33,59,5.53,No,14.41,3
bc1qrz8jdt85gxvzxeucjmdk95s9zs5edle0t6yez5,33,59,7.24,No,14.41,3
bc1pz9zcjhvnw9fvjxk0ymfshx63fqhstwd2yj6lm2c0zn6h07edetws76krlg,33,59,12.57,No,14.41,3
14E5awXsiEKwUNahH5tioffSS3UaoTB3BK,33,59,29.02,No,14.41,3
1FBywQbncJwu7DftvH2kpPg7Tvh1L4LGAy,33,59,71.78,Yes,14.41,3
bc1p27yp655ay4us3d7sd3v4rwlld29a3hau3ckg2vnm2jpdhmmcj4qq6zydqe,33,59,52.17,No,14.41,3
bc1pwhalpm0cpw9ynhvaushl43hpuqrcsy4pk95nf98xsrwz6p38ce4sdj5vne,33,59,5.14,No,14.41,3
1J3oRHX3WH3DMBVvTn19vp1KkMMpgRtQRr,33,59,56.24,Yes,14.41,3
bc1qs8zduleydmr23wvk76x7wazus9e6ay7aqx4ymp,33,59,10.91,No,14.41,3
17TCF8jUpCwycdZsGhCeUHcALZf2maE5qU,33,59,21.63,No,14.41,3
3PogyciSDyyw2zNGrS4aRtbeMXCqu7cwKM,33,59,3.54,No,14.41,3
bc1qhxsv6h7hl2nxl4f5v7vyxgcy4l35n6y25cyfcj,33,59,3.04,No,14.41,3
bc1qu90wm0khhvgeqpcq7zg3l0ne6dq8956j37wuqy,33,59,8.22,No,14.41,3
37tba2piPQWJiQxoqQfuaePwNKKJDTCDxn,33,59,18.41,No,14.41,3
1A4g5eGUfrh6X2Ws7ZjjUa1Jxnh1GfRLSy,33,59,16.16,No,14.41,3
bc1qq0mu43sh9y4z2qudhq7wul8vj7tssr2a9a3hc9,33,59,58.62,Yes,14.41,3
bc1qmlh57e8qzzpsrytswxz0ra84hfgmsuxuuxqqaq,33,59,9.09,No,14.41,3
bc1ppxdcfavjgh3k3qzfarddyxn0mj649rtgu6nsuzh4wvmdgvhnxw9qht5qnc,33,59,9.09,No,14.41,3
1yHoMaggKVcZa55HhEfNMKhau4Ay4iAxv,33,59,7.6,No,14.41,3
38i3PAKzCH2syCN2BL1eHtMjtS46ho1CFm,33,59,11.16,No,14.41,3
bc1qj8xy5yzhw30qgjtagmgxx3cj4sp3hjrcvgxej4,33,59,24.56,No,14.41,3
bc1qwmczzp9uhshcuecz05ejxaghqtwvvlwkn22w04,33,59,2.6,No,14.41,3
bc1qs35ttu4qfa4k2akw44t6vm6we726atuayzcugq,33,59,7.45,No,14.41,3
38ACATkzW8zyxgcrjdnnccfsxFgyaRcyZj,33,59,4.7,No,14.41,3
bc1qjaxwyce80rp3xc86zxwwx6j4zfx2k47p0mgy8k,33,59,26.71,No,14.41,3
bc1plpfx4r7ga0vg52x7g06jna4ykcd09easdlp7mz0w9cqka0xw3t2q4nykh0,33,59,33.33,No,14.41,3
1JteSyi3cDKoM1xViYiFtdqVLZs44nXX3X,33,59,26.52,No,14.41,3
19SEBya4VqUnZ9jStKqVrrNWUWYDt3ZNuE,33,59,3.95,No,14.41,3
bc1qf8nssv2z5znfeqv8v7tyynquzgn0ljs4ggmels,33,59,6.79,No,14.41,3
1MKzTxFNWMyXEQm5Mw7yPNZPkqogx5QmTU,33,59,7.45,No,14.41,3
1CDjjHwkYE63KouvjeoBExZ1zMhgn7PHfN,33,59,20.72,No,14.41,3
14qwo5p88CM1ud7aDuxqToaedbRWQ5JvED,33,59,5.61,No,14.41,3
38CcVxpQ95WnFMcbc7JCsRScr2yZtbiMTx,33,59,3.7,No,14.41,3
bc1q3cn2rfda45ak6jwwxvnwnv9xa5zag5cgk86lwg,33,59,0.76,No,14.41,3
1PGNMfFCkbfS8sXuaLnBKP2CpHL1QgR4WF,33,59,10.0,No,14.41,3
bc1pzjlsttu45x06yx807t4mr3lx0nfpv0htyesnr24q3lxrjgy4jmxs4wckxq,33,59,29.58,No,14.41,3
bc1qwcgun09pqyqav6wpq5qk6d9v9tp36qk8af6wdh,33,59,5.1,No,14.41,3
1DEneKzRXLYup232QYjuFwF17japbZbGjy,33,59,15.62,No,14.41,3
1JpLeGLXEvmKkNziRBkvnT5Nj4srrAnYET,33,59,3.18,No,14.41,3
38wQE1Bsru3jBqyoThegqLE7AdE3JGPcb4,33,59,12.97,No,14.41,3
bc1qcckr8smcx9rzyxl6myw6vn9hgedpm5hywney5w,33,59,10.63,No,14.41,3
3D2FvEB1o718jo11c1j9Tp9xM2LZmtBnXi,33,59,3.65,No,14.41,3
bc1qehfvgsvcnahcrrnyrg5kq93r0hpupq0s3swfq4,33,59,2.15,No,14.41,3
bc1pl9sn0mklsfrx32x07w2xqgv6zpq6gasp765jv238tg3w5etrm8tqgj787h,33,59,19.91,No,14.41,3
3Qc5M3SHkMQvTpTY4vAGBadbx4KBSfJzZ4,33,59,20.13,No,14.41,3
bc1qnlq64e3aahygt0yp8r0ynnl64du6tnn79thuh3,33,59,6.6,No,14.41,3
bc1qa9gyep98e5g6ctdtw5q06f9p3ty75clfkwqv3h,33,59,16.65,No,14.41,3
bc1pcyg2euvqk85ch6yd7d9evr5rvfwwus0wkek2ycdqkfe86tgqaq0s93pt06,33,59,4.42,No,14.41,3
1PRfPf9HComzjMVJSHYFRcfBQP6XQBJyCg,33,59,19.51,No,14.41,3
13jjtn19vcJHdEBbQyx6wrHeu2NVny7zWf,33,59,5.4,No,14.41,3
bc1qm2x4udgje95pu4pkt9wztm0j395qzh2gc9tu3w,33,59,8.58,No,14.41,3
34V51QCzFYnwcLnBCs7BHB4FLsRzURRPK8,33,59,3.62,No,14.41,3
19zogjxHzDRrQ8N9Ngyr11g7VqgfSkEuJi,99,22,13.36,No,14.38,0
18inUm3ScCxy4UFdrkNz5qGhPhkhbqSKj4,99,22,1.86,No,14.38,0
33svb4L1D98WHFn8JvubxmfjJWRGwa5YWx,99,22,33.18,No,14.38,0
bc1pq00w97ma73fn4ghcrlh0vsru85m9pcak4gxra76s6j9rfnfenfssw8l97x,99,22,16.63,No,14.38,0
1MupoK9nJ8cvoTBwsdzhyNrcgxGjnFTQAH,99,22,2.29,No,14.38,0
bc1qmgl03g7uhghcg5pd295kp6p7d20fk63njfwdn9,99,22,2.76,No,14.38,0
3AUxYFTQ4TyZkFNLPMfcHpvKN2Ce1mDwHZ,99,22,22.37,No,14.38,0
1F7rNJ8zJuhcbK2gzvpf8s6XB5w9rwM3sy,99,22,26.28,No,14.38,0
34wpjEfH1HefXs1QTYY8H2ST6gy2fia2PE,99,22,12.47,No,14.38,0
1NuXVQ4qugLH54tqEogybbpWCZ2zURv2KZ,99,22,26.77,No,14.38,0
3Qg9t2khCitjTD1CesjJSoDBKmmVYQoqTV,99,22,4.2,No,14.38,0
bc1qekjragtgvx6rt0dz4etvxs9ezd06puxn6h0303,99,22,3.27,No,14.38,0
bc1qvnzg43vaeeenhe29gxljawsruzg2xd6pl83m32,99,22,11.76,No,14.38,0
bc1p79t7ypv35c4lx7v62ql9sqymn6y30d6se7chrfp6s5e4d9zntafs3g6fk4,99,22,15.03,No,14.38,0
1H9q1yFYZmtzGaNLhzgz11SYs5VjTCquH3,99,22,6.66,No,14.38,0
1EsP1f4goZrQKa8UJUHABwphudFA4VD2uq,99,22,30.53,No,14.38,0
bc1qql69tfxjclgtdxxjztvwt9rp0jfnlflkcskg2r,99,22,5.13,No,14.38,0
1QGAN1FzMuc1a8ifDGCnQpLpsPU9Hzitkm,99,22,1.45,No,14.38,0
1DJwdGkbPRMByfCZ7fdNJZdmS8xvMNgBpP,99,22,15.93,No,14.38,0
bc1qk3u3y8nsxnaadjtrwdulq85h57m23afc3m4c80,99,22,24.8,No,14.38,0
19KcGevA95CVdLgNjTkYngkHuXPLsdxGJQ,99,22,34.39,No,14.38,0
bc1qn63uag65n792vvslvxg7du2xpxt5l2r47nv6tt,99,22,5.3,No,14.38,0
bc1p25a903v9ss49h00w8f744v4nr2mvwfdv5l4jkphl0w478jn6z6usrxlam2,168,20,9.94,No,14.38,0
bc1q0w8v2yjmjgn2zhsqsr0hxmn6jrgn3e92cqx5k2,168,20,29.64,No,14.38,0
1AZTQ1PyajyR8zoMXPuPaPmRhq18HysFQc,168,20,25.31,No,14.38,0
3LaJxbYzhSqSpTWGhSTPtuCuXweWXUqttj,168,20,13.39,No,14.38,0
bc1q8du8qumspxxnqy46vtggmfeejhd68dzwjthsv8,168,20,39.3,No,14.38,0
bc1qmsxpnnzjur5x84le5tgjl9f4xggrn8h9q8x26h,168,20,22.34,No,14.38,0
bc1qe87dl5vunfk50vhezqewcuplnxp6wymx5gqe2c,168,20,13.84,No,14.38,0
1BgQENi7SWZLKGkKkhebkUEaKDE2YyDQMm,168,20,3.67,No,14.38,0
bc1qsa4nzv98lrspkmtv2nrcpq0p8chw4d2tw393ts,168,20,8.63,No,14.38,0
3FNzxSRGCiN4N1xb194dKjzLaKnVa7sNyx,168,20,2.68,No,14.38,0
bc1qwvnt89x42pkhzkmja879udan7kvmr0lceyc4cj,168,20,9.01,No,14.38,0
1HzCTgxfU5n6YH6XK5MdMakibfvYhiCequ,168,20,17.86,No,14.38,0
1FFQYcYTwasRTNDnCHS196NTDLjJ4whCLs,168,20,34.05,No,14.38,0
1NVETCCsBozPgRS5Kx4jn65EjD5rVuNJio,168,20,9.76,No,14.38,0
1PcZsY9bbjfK77ikSVdD2uWBYtsBFM88vg,168,20,11.65,No,14.38,0
bc1qnskjhqme557crcavtnggr0u8g7f32yap7ctm65,168,20,4.5,No,14.38,0
bc1qlv8eppa5ykn5dh0xgus9uvagqwfzzd8x90djvu,168,20,3.77,No,14.38,0
bc1ply07s0p54swzqvwamc7zrvzra9tmp3e34mpamauf8zpxyyv2uagq7374dk,168,20,5.66,No,14.38,0
3CbDs4s9Eogg43WdbvY5PXukUxwoVRALwx,168,20,5.37,No,14.38,0
1WXSNxwC6unhs3sD1yFSbvF5jxzr1p5N8,168,20,17.18,No,14.38,0
bc1q0gu9hyrcmmzaazx8658vjp2fymcpnnxeen5ay0,69,10,14.65,No,14.38,0
bc1p4m565gdnnfs62286xgyp3grk58j4hltd5uesndcyguwgtjw28f6q058t46,69,10,27.18,No,14.38,0
bc1qu3a6h6njc3t6m25qt4sp5je0mzupx8qhk3xjff,69,10,20.08,No,14.38,0
3CfaeD2Ma44YLAajQQJ1n5G8u8N9m3ADur,69,10,20.63,No,14.38,0
1NWJQBQQNqBy9i8vgdfhe5YhqHQZC4kYap,69,10,12.61,No,14.38,0
151Ya6nxvhQMs8o2Vqdk1bYHDxPFFPfn4R,69,10,6.74,No,14.38,0
1M7MmM49uM8iPnMQtrpg3WewHRr3BWqTud,69,10,2.13,No,14.38,0
bc1qf43mmyxtc33tmydlczu3z5e7vmhw8r7645zkqh,69,10,7.52,No,14.38,0
bc1q5274792c4uk382fssku5nd6thphfe3lgkcgsnf,69,10,14.23,No,14.38,0
1QAXJLEcATQqGTio7uf4E6LybLV1dzS7f4,69,10,18.07,No,14.38,0
bc1q6zmanrvr7xrahcp88p34h845tme27yhel7jxrj,122,20,4.88,No,14.34,1
bc1qy98hf2d09vwhw6zlluqjxd7fvghvyckhucs095,122,20,3.38,No,14.34,1
1NFbVP1TsKPDPyDL42US6U47UqyKXno7zx,122,20,16.36,No,14.34,1
3L6jEUEynwscLvF14RYbMP9f6x7DUiw9FT,122,20,28.72,No,14.34,1
3BgLhDammeeswvQC3teLpF3jZvn3tVbhW5,122,20,7.3,No,14.34,1
bc1qtwe8rmw26sl3nywr6f8q7cm9fqc5qn2t44wgvc,122,20,37.39,No,14.34,1
bc1p4e63xjr4h7vzwh4d2gyyllsdjwepl8q4s9clu0ntjzfgsd7wygvq2hrc6c,122,20,4.32,No,14.34,1
bc1qj6knw3sqhuadl3llw98q3y8h84n6njgn0qpjgh,122,20,6.46,No,14.34,1
bc1qt9ph9jedt5dq8wlhz4e3s3jayhy6werrs64ddf,122,20,3.78,No,14.34,1
bc1q6f6uher9jse79sd3j7pq9mtvn257xk3qku266t,122,20,17.41,No,14.34,1
bc1q7eau857nruwjaguxvmejxggfsw73utqy468zd4,122,20,16.38,No,14.34,1
bc1phjx55872273l4zhnszu037h225klakss0pzqdrny2ldpxt5wqq9sd3vk2z,122,20,3.63,No,14.34,1
bc1qxl23cx3f372am4ldn3kvc2hvg64sq43uqma0lg,122,20,11.3,No,14.34,1
1HF7AHojt58cTva5PmGyuZeajHQybtzmEi,122,20,59.87,Yes,14.34,1
136RiQDp2eb1cyTSzMRd9euc3NsiaeQ3c3,122,20,11.85,No,14.34,1
19J3ysRcjFGrWC6E2aKuCo7tmFWc2eGaAu,122,20,6.28,No,14.34,1
1NfToseySEWHQ6HNs9FdRyZEmbRbLgSsXv,122,20,4.99,No,14.34,1
14MnjeEmtnNa96LsCuAF19741TC1Pv3tbp,122,20,5.19,No,14.34,1
37n6kzgQtpDpNcEhgwCv7mfu8tijJ6SUKr,122,20,14.84,No,14.34,1
bc1q7fzl45ar0nwacv583pme86wskq3v47f0pnsvgk,122,20,22.4,No,14.34,1
39GKF1R2Tt7JzQQ9q6f15Bu1PomTG3CmLZ,38,21,5.72,No,14.26,0
1NDk8hMbZeGQpAs3TJCUiVcx9449urrkKZ,38,21,11.07,No,14.26,0
bc1p9m5d0ehfedazrklrlmmxcqhlwyfyvv3h7udmpnfxxcezsgdhfv4slm00zs,38,21,9.32,No,14.26,0
bc1qz40hyv2s7wn25ggg3azk24elurrqunjhyhcu48,38,21,13.51,No,14.26,0
38rdYMnbfYD5s73ddK8xj8bTGpEvBhVQvB,38,21,2.88,No,14.26,0
bc1pvh4em3emqq65nf7k84gqt6xcpfevm4z6u67h47f23awukp6faweqfq4q6j,38,21,13.39,No,14.26,0
bc1qx4fz096mq9qclg96qqtnecn6e7mcstey24vhgf,38,21,13.36,No,14.26,0
3NDoNquMeKPQCZw4PgEe1GmrkZdcywkDX1,38,21,24.77,No,14.26,0
bc1qwkfa7f5hlzrvfd9wh784s8s8mgru9dlfugxeun,38,21,10.7,No,14.26,0
1KCABnetZRHx9Lv49P4GrBKvWP5N9JacXX,38,21,1.79,No,14.26,0
bc1qk58fppjje3nc02rf54ehjyp7m6j0yec3gdv9su,38,21,25.51,No,14.26,0
1H1qXnUkde9hhuUzDMNJyg4Ez7NJjaa4s9,38,21,13.7,No,14.26,0
bc1prx6fqnrqqksxg77983p04af9fjfty0szgyzwymazpgzzjg4h38vs65pr02,38,21,48.05,No,14.26,0
bc1qu8f0kv9vuecdcny5d83dwnhgve0eyhvlt2vmjx,38,21,4.9,No,14.26,0
1NVpth4xuzGhPgHVaST474XzFXxy9Pznd6,38,21,16.24,No,14.26,0
bc1qxjnh09rvrf4284dwp2uzjvktkdvq0dvkxnygll,38,21,29.1,No,14.26,0
bc1q7vppzv4y25kj9xxe9m343dgdwkp3lzjx84jycf,38,21,2.36,No,14.26,0
3FukkFtVUqXp14BVLfZr6wVyuLc7bQpc1Y,38,21,10.14,No,14.26,0
bc1qdp5hjxhvwnsj0asj40fl0aspz9q2leerxcakp8,38,21,14.2,No,14.26,0
bc1pawxsj88wsrpsymgspx22jwqynkccdrxj9fj9zmmtsgsp3chhtefsn4dc2u,38,21,20.96,No,14.26,0
bc1qdp3ysah00vajsl8q8st0rps000su6j3wvp6qmp,38,21,7.86,No,14.26,0
bc1qfcam6q5yakyw5k3q3trzuw6fkaezct3l2yxf9q,128,12,11.36,No,14.26,0
174wZZL1Kdzc4aAJ5bah3xo29Es6dAt4w9,128,12,27.35,No,14.26,0
1Dz4T5yiy3vWTFESKAsSPAsyhWZnbEY7vZ,128,12,21.55,No,14.26,0
14dUixoa9Cw32VzJTC6D9abiAx7QNY3ArP,128,12,23.0,No,14.26,0
1DQrtd38McLFMnncW9PVevsniyQoezAEZQ,128,12,17.39,No,14.26,0
bc1phqrw8jl65hfm6ve4ul9jqrfpxzepy7kqnsutt6hnfsc57dl279lq0s2ycu,128,12,4.53,No,14.26,0
bc1qwuh9q9re5dpjf3eh3sfcf4sge22jp87arh2nkc,128,12,26.31,No,14.26,0
1LgpG5GxMhDaBjYqrwg62AQK4uBSCs51j7,128,12,4.44,No,14.26,0
128AJZrWVZjRh5AiraEFUVJntk1cM7hKUh,128,12,9.13,No,14.26,0
1CkXoz6j2Wox4TeeyLeEJadjuQXWQTTEtC,128,12,6.59,No,14.26,0
1LMDi8UKMe4h1D8f1b46gMK13recu8sU3e,128,12,14.71,No,14.26,0
14FMiipxT34RoP77mxcNLYDzNjUen5mFjj,128,12,4.77,No,14.26,0
3FakD1jnimxKrqbzVMPFBg8KU7CbeRNgnD,121,16,4.52,No,14.21,0
bc1qd2j2050828xeu9d89hs79kdu5x29ud2shwasdk,121,16,5.38,No,14.21,0
bc1pk28znvey76enw005ppxt7ldtxh59lqhvzpw8jg3kkngte8sdch4sjgheak,121,16,4.67,No,14.21,0
3MfzFV445jytwcoderaB1Y13VyVvYMa51d,121,16,19.89,No,14.21,0
112tZqtPVvuyTQU2wqBraywuQkerimQX3j,121,16,14.24,No,14.21,0
1983hsCg8a7apWED4dTyoYLpjVh7JFHcQs,121,16,7.34,No,14.21,0
bc1qvjhvh90a0fm5w0fh5xfsjtas8vutxuy63xpc2j,121,16,5.96,No,14.21,0
15L5UCMvYKZptVX9mcsgfUpifR7u91TRFq,121,16,9.03,No,14.21,0
bc1p8xf5a9sc4ea3wlp25hhrt7kua9aeu4dhrwzqw6h5d6gkjqlqprkszcuewt,121,16,8.54,No,14.21,0
1EqxHyyzDrwzUzcA1FFNrL4WYBftu9tFVV,121,16,6.64,No,14.21,0
bc1qhkcpuekwlaxheacq4j3xyakpv4kqp63sy06gfq,121,16,19.2,No,14.21,0
bc1pmgg0ctljk8rd3myk3uwyml5j7lnh4ms4c85ckacjl9pzm96mkzvs5j3vjc,121,16,33.15,No,14.21,0
bc1pucmp6vxgz59cngge0qx7f6z9fp4etryjjt3c9pxtwerdm6gqfskqk8e7wc,121,16,13.79,No,14.21,0
17UeFnAsd3kgpvQkxgYh2shFzjYsmxzM2n,121,16,7.33,No,14.21,0
1CW4nagCxmQwAi19TmTujG4gtUoHKnMXoh,121,16,15.95,No,14.21,0
38RzLaHsQa92NSkYuETupoxRTQ9DjFgRrD,121,16,51.72,No,14.21,0
bc1q37j8tgnajj9mg9qew5ef6xpxrx750f4w8mw9n3,179,27,2.98,No,14.19,0
3CCWv4XPcZ5UNm4y1pyYFi8uurdiYdpTW2,179,27,2.21,No,14.19,0
1ERDfSnXeSySb2viPJdUdANUe9zQRbnH4g,179,27,37.69,No,14.19,0
1Bve6WHJzBC8xqAazfNQTTSCP7n63XHqYh,179,27,9.93,No,14.19,0
bc1qwdy2q7xgahutjd43q6w2lglmmk5fl9dryh8sf9,179,27,22.3,No,14.19,0
bc1q2y8c097a9t2uqrz7c63ml896a9p0n7ge8du092,179,27,6.84,No,14.19,0
1B73RrdBhA1KnUTTpGGzM5XbFYf7rpCeDa,179,27,15.73,No,14.19,0
3KB8LqRHMuFt5hxu4gVEQepbKxBxTaqu2q,179,27,3.67,No,14.19,0
14Dq72BasDgh2YwSG5ZVTpzMYyGQoXoycQ,179,27,2.11,No,14.19,0
bc1qj9ce6fdx5reglyw9j9eeqllec8g7gc9k0djj0m,179,27,7.21,No,14.19,0
195Zh1GbQXFwzpGv8KjaU5Cr2VD2S9v6hN,179,27,17.43,No,14.19,0
bc1pyxgjwscd2zry5ztnh2fjgjznhqdychh893ndtf703qufq7m0xftscmgrhv,179,27,1.01,No,14.19,0
3Env9GAcrHiViSLK8dYT3WKSZBcN2Tvk1P,179,27,6.41,No,14.19,0
bc1qhglvml3zaux26tg235lupjvn887ertjzj9l77g,179,27,8.16,No,14.19,0
bc1qypfpj04gzc0hzd5x55plehgnlq00k32p6wy20y,179,27,27.05,No,14.19,0
3NRU4hBLvaQC4FBR3K59Rpp49HxLKDPkCL,179,27,7.83,No,14.19,0
1FEAxQ8Xj8ZTntGTLznTAJhW7pzVRymibH,179,27,4.0,No,14.19,0
1DQKxjCqK1CiFp8iAyc8Wc1RE2JM3jvto3,179,27,14.13,No,14.19,0
bc1qy8rgwvw4zckdfqysqcpvn6kn0tu0zcluhcsvt7,179,27,46.56,No,14.19,0
bc1qz5p328u076xzpeldx2gtgs9mw97kmjcpy8xtuy,179,27,20.06,No,14.19,0
3QViuzpZvSHjx3aSFp4PctdmBdvjPxyesL,179,27,51.9,No,14.19,0
1BMY8yxxbux1ZC1WLvy5GUfi5DiU7TfXR6,179,27,5.76,No,14.19,0
1AQ2xtajmzU3McaCoiVqpW9xb82TqyXP3m,179,27,7.21,No,14.19,0
bc1qyhwg80vzzmeteg8ut8vw0vtas6vhjv220ezukl,179,27,1.19,No,14.19,0
bc1q20axhucfez7ejckxz8eq9teqaxtx3zs93sxmng,179,27,12.04,No,14.19,0
15pvYnjYa2aWp7ocVgRb9py1BDc2TtmD4U,179,27,10.46,No,14.19,0
18fWeVZ8RJJ5RbHih2sWgc19aHCFircKEW,179,27,31.32,No,14.19,0
3HQ5AVJPFu1LBFEfY4J4MeaWMQkTNWgRHL,23,36,10.36,No,14.13,0
bc1qv0u3xcfr73j7dt3436qcw8jus5vanjjwvw99qy,23,36,9.07,No,14.13,0
3QAnQWY9YRe5bvLNiR1S98Fw92hAn2ZUjt,23,36,10.29,No,14.13,0
31wpwpfwMqA4ZZEcTzAFFgJY4viN9pLZVB,23,36,30.25,No,14.13,0
bc1p9tjd9re0sask7z70fechhtl3ejjk6ufa8y3pxpk3g7e2enfwvsrqgtk05l,23,36,16.09,No,14.13,0
1DMFKR6cMRcrJEJsfsEkqMSQpCPyE43ifg,23,36,6.58,No,14.13,0
32x6ArB14J3mcMUGRHiLa3vg6EMkUxFXJm,23,36,8.38,No,14.13,0
1EzkofXanR9FYNgoG8RLtqTRWxjMBe2Bwq,23,36,24.41,No,14.13,0
3MrAM9GJaxM85dUN1neL6einksL5DbNKAG,23,36,20.15,No,14.13,0
bc1qd3tuemsnctnyfk8mqpn4w5tce78p7fp2qkaht0,23,36,29.67,No,14.13,0
1PYKw3e2YCgCsr1bGSz2Xp3aBM2ykC7pxb,23,36,3.79,No,14.13,0
1HV7mWyP7ekbSq24HmqSV5G6pdut7GCDwP,23,36,12.4,No,14.13,0
bc1pnvh0gnp5nckawc7ycgcnn5rymehjhafw8lypu2c0qynlllm8d2nsdsupfj,23,36,10.52,No,14.13,0
199vGXS2c2C7m72SrfdZyWgD9BNuQPDhgj,23,36,15.79,No,14.13,0
1NTUbvYgxW3dQgsuUtq9Z5Bsj1KHhnbq34,23,36,9.04,No,14.13,0
3FvvhUY1y8YZYAztDM3RsVFYzQuicQjHu6,23,36,32.0,No,14.13,0
1LUaqq1x26oxA6En3daFKmrPCfMNPGWimC,23,36,14.74,No,14.13,0
bc1qd9ksjp4f0qdas80tfjf0cn5kfwlln066t4w9yc,23,36,18.31,No,14.13,0
1EkrvUjCM7u89UCoaVeejG5Vyd97w3J99L,23,36,12.26,No,14.13,0
35D4SPZ5Nxb9TeAKKrYWc6Ccwk8MJ2vnZ6,23,36,17.34,No,14.13,0
bc1q4ugp9whufd9ldsm6au3k3yza0v8ffttmqe8ffa,23,36,9.66,No,14.13,0
14KPS5yDDV55WbQFih9fqCAG1ym36Pb1hv,23,36,8.11,No,14.13,0
3DZPkneEcJ1gBNFqcE3b6rCUxenxhnouZm,23,36,17.08,No,14.13,0
34v6REenA8RETmMB7ehV6SwZ4GzLW2Cogq,23,36,21.97,No,14.13,0
3B9GXgVw3sHFgTUGHFNpCxfrVBWbofJoUk,23,36,3.11,No,14.13,0
bc1qmwky0m73hcajfp3hmajduhxcg4gmzlc8p8fe59,23,36,13.96,No,14.13,0
bc1pxuv6dh2g4vk3wvh6dpn95tgjpxd2q6ue3n3msqxn54w9udvsssvq2qndq7,23,36,28.75,No,14.13,0
bc1pn5lq8m849tva7z7gzjpthq2ujljxnjmttw9y85wmtdvum56jyxrqw08qv6,23,36,9.16,No,14.13,0
bc1qrk4d8mnkytk08cx057dmsetza8eupn3x6w7d83,23,36,32.76,No,14.13,0
3D2cZhMSErZoNYKur3GHq7DzecpnHf8HcU,23,36,4.59,No,14.13,0
1DDP5zKJwFR1t3jyDVmsWtF5jwwucFto78,23,36,15.46,No,14.13,0
12pNBZ2vCpG48G32rU6GXdnreKPQV8mskC,23,36,11.16,No,14.13,0
1B27tmhiuSwt56bVBndwMVMiPNjAimaemD,23,36,7.3,No,14.13,0
1F8jnwWyiwyGNNS5PLgwaxPRHzdUmeTEcV,23,36,8.0,No,14.13,0
1DHTVZKSujq3XtZn7A2qMdgodYgvSijQnJ,23,36,4.59,No,14.13,0
1Ej4D1FVjNCHupcmWEmsRWRFd6edWcyGZb,23,36,1.61,No,14.13,0
1Kwcd1pRE2fANJ3yBKva3iPFx9mG9qjZa9,78,13,3.74,No,14.13,0
bc1qzgr0mj4xecms8ane7h44hjmvdsuf3p4rwftr0m,78,13,1.39,No,14.13,0
bc1qxjzfvg7tpatl56edpd3p5vvhm0gzfd5l6lke24,78,13,3.05,No,14.13,0
1LAHXxjmENm6q9eDtSu16J3ueB8HYW73mi,78,13,20.88,No,14.13,0
1DYEx8S6rT8d7EJafdw2z8t1fYHkfdL28e,78,13,20.11,No,14.13,0
1GUG2JxoaEQshBQK5oumpHrGJpG7eSr4bC,78,13,27.08,No,14.13,0
1PjxpX4eHwhxtEKFjkMiJweNbjK3EDFf3y,78,13,46.63,No,14.13,0
1EziCBxkjiBJoSdC1sS355ZErB8Nxganeb,78,13,4.61,No,14.13,0
bc1pzann96jmx4hakqprs6ukjq955hncmxt22pnjdpp2rld406lnseusmcj4lw,78,13,1.46,No,14.13,0
3HQGoHa2YRuRtHnhQ9QTXtygJEQDrBKW1C,78,13,18.79,No,14.13,0
bc1qwg98gnt76er2jdfvenkc84tgher2guh0zr5fgh,78,13,13.33,No,14.13,0
bc1qxd8p9lgjy3qux33r7qwhfhh2q9xvy56u79lqye,78,13,13.23,No,14.13,0
1Dm7mCaX3Wre9s95Cfzek7KtRW3r1dxvdy,78,13,9.37,No,14.13,0
17xfm18rYBJHY4v3BrdjUMX2UUYgBGZyM3,35,25,2.54,No,14.12,0
3PydjzZ8itmVpKuVNTGX3j677j9VxPxMXZ,35,25,2.18,No,14.12,0
bc1q5mj2nj3rrvz8lwckgdvtjnvu2mcnqq6wln9dep,35,25,12.54,No,14.12,0
bc1q0gjwcg6zlkhsdx463xx25kmx26kldx6t64tjdj,35,25,38.45,No,14.12,0
bc1qsqx4jya0j5vypzpl3eahdwtxqsgswlfk7ltlak,35,25,10.82,No,14.12,0
bc1qcxjygpstumax8kwdrwmald4e3czspwgxkpwg9s,35,25,15.99,No,14.12,0
12xH5LQysxP9DNQewjrVFVHfAxRcy9Bahq,35,25,11.11,No,14.12,0
bc1pg6z4c66k9xxnv28zx2gy7n4aef5m5e3nglufw0dzfpk5xgdpq4as26tqqj,35,25,40.32,No,14.12,0
12r7Jq9os1aTBiCSVpP2ZGapL5DV11Fspg,35,25,8.96,No,14.12,0
bc1qh33qg0syseztajj69r40pqvtjyss8ka4jg36q8,35,25,6.01,No,14.12,0
bc1qz0ctwymf45hd9vdvks72d2dlu3w8npcx5u3c8q,35,25,3.49,No,14.12,0
bc1quvspxhntn5evgfnf6e3czfv9zx8j80p57ckxvf,35,25,27.06,No,14.12,0
19KXtirLRpaNFN7rHg5c58henSn9Xe3ebk,35,25,7.01,No,14.12,0
39ajZRvNMr4JCyEk9c4ZAM8cYCkzNohV4n,35,25,17.19,No,14.12,0
1MmsECMs4Za6A3vGoeXMcsQC8yraf1y7AP,35,25,14.89,No,14.12,0
1GhEf2Li5FSbu1FtbALBDER1uZ3AWAcN33,35,25,6.56,No,14.12,0
3Qhzz4HkmSY5VsKJXQ6hGwpyiF2A5wtwTh,35,25,22.01,No,14.12,0
1FbxCAdEpW5vvJXLwQmMMfwbeVxXRkkgr9,35,25,43.09,No,14.12,0
bc1qn2s84d4773ldt87wlnqt36eqk85gfd2d2sxmfz,35,25,14.89,No,14.12,0
bc1q2j8ztthwtvx2ehcgn5x4pl4ny7mhmu248p6apk,35,25,9.07,No,14.12,0
1J8oVj59q46SyHDimd2w8XeNJoyBnkroVd,35,25,2.96,No,14.12,0
bc1qvh0q8yvpvc3mza6pw5ek7l5mn0f7saz7cz423a,35,25,3.56,No,14.12,0
bc1pmvf4kl0c00352ghkr7sxda6h6aescnq98wx45q5dgjxfp0xertqs7qfqht,35,25,13.53,No,14.12,0
bc1qfegntxn58ne002f72hpjkajs47mnqzwnajh5fp,35,25,2.45,No,14.12,0
14ZRWHbzZBF1yveMCNeuyPteChsqN3vNnF,35,25,16.34,No,14.12,0
3GQbwY8QFkHh5sURECKYyksJu4TAgEABCC,200,18,8.59,No,14.1,0
13byWBiw5t6owGZeTjb9FPKuQaaCNykTZr,200,18,1.87,No,14.1,0
bc1qy2r9fc55jq2c8p96j7vg7daclcgvuksvw6z543,200,18,0.16,No,14.1,0
bc1qwp2wdafeg04nldpcf2jpmfecns9u56vr0x3n2q,200,18,10.27,No,14.1,0
1JZFGk2Ea8tHK5yppKMPzUuWs3eNMTPKwv,200,18,11.41,No,14.1,0
3PzoQKm8p2QW6eSpVGcUVF3yDD9Xw2mDNz,200,18,17.47,No,14.1,0
bc1p3d0tsqraes8u65rvct09gx5wawsl8aaumwepqkv50k7a556nqqxq6zkphy,200,18,15.73,No,14.1,0
3NuaDb9bnWwcekGnJkGoSgy7cchFQMDwWQ,200,18,11.92,No,14.1,0
378C5AZHMiACcNFsYMExJtGuSxy3aFjQLR,200,18,7.69,No,14.1,0
3Kv4PrkoSaHwAKQHqHg1h3gqKcMmFKyn8u,200,18,2.52,No,14.1,0
bc1q838g3whnm86dnc8hxxgts3zv3k95ancfnzlsem,200,18,32.89,No,14.1,0
bc1qcntv0094536v52grexxum9cgf02qukkgs05gd6,200,18,9.57,No,14.1,0
1AakCSDGF5u9sVEUDXV9wr8DKpxfrFmD9Z,200,18,22.61,No,14.1,0
173XbS5WrESJd78dAwJ14iqt5acUH1j4fD,200,18,7.85,No,14.1,0
3Fr3ixqV4wXeL17eXdroE3SuBJULfKpttN,200,18,8.66,No,14.1,0
188MGTjLAeZnXm42UnBhxxdWVoZLR8F4UT,200,18,5.78,No,14.1,0
14w9uqb4Jc85Zit4CEXw9NM4vGTjcmozPb,200,18,24.7,No,14.1,0
3PRFQh1AUieEC8zPnfJg92gKn8vWFG9a6n,200,18,54.2,No,14.1,0
bc1plsrdkq58u5dx0zu2n8fxy0jg8ueafzj7uklfya3s5y2lpn84k06qqzc69x,141,30,8.27,No,14.04,1
16pWSSCEDgJDAuULyFNK6ZFn2j9GjXZuto,141,30,23.06,No,14.04,1
1CixuCsjzUdhZVXNcrJqG8CAGtRFpwJa1z,141,30,1.66,No,14.04,1
17JrYxQNdkcjwcP6te4UTdJZFcHftFgVZt,141,30,3.04,No,14.04,1
1M4MAmAqjjfei1eH29Uvq5NYqjhY1VXLPx,141,30,8.36,No,14.04,1
bc1q66rpp0a38eqndaekyncppvu9ftzcl57nynltpa,141,30,15.91,No,14.04,1
1GyJRX997wkpZvLX8AqKf2epcHoS6aPnUr,141,30,18.67,No,14.04,1
bc1q0mcyw6jvp99anmerpyq9fctkyrxz8k29e43uwl,141,30,11.31,No,14.04,1
14p79gRaDD1PLVZetuPmufNZFw5Uev6UjR,141,30,19.38,No,14.04,1
bc1qc8n34nv0qss7t3paduzlextz5m497z2auyx9tj,141,30,38.48,No,14.04,1
38TnY7qNpaY89QcirLo6i1pJVEQvkeH2Nf,141,30,2.25,No,14.04,1
bc1qwx9n0eqh3af4r2wynnv7r2g6s746uxthrwy706,141,30,39.44,No,14.04,1
bc1qxfsl4yyzjxwut2qtz9lhkfc9xsas4z48z8n322,141,30,12.69,No,14.04,1
bc1qhnkz0ccc9pnmyvkqcsy2x9fhq0vms44jmnlufd,141,30,7.11,No,14.04,1
1VNugCnCmQmQxgkmvbzePvNsvjJXCiqcv,141,30,1.72,No,14.04,1
bc1p88mj4qvszaxs37zh9uxxtxe9n95fqp9swftxcqfvh0crd7mje6uq4ffe68,141,30,7.04,No,14.04,1
12Um8Z9R4ajMowAxNjUMX2L3NwaLApsLZ5,141,30,11.44,No,14.04,1
bc1q72rqgqxz26mzyuarxqkft45ua99xrdrxe8eare,141,30,2.87,No,14.04,1
bc1q5jke2pm247xre93xaqwd2sq3n288w934gxyvzz,141,30,20.09,No,14.04,1
39RL98EjDqcDxzYa11Egrc5cnGYrHtVNLx,141,30,16.73,No,14.04,1
bc1pku27gler3hf8jrat2e9mnku2e2zkgxuetmaf42wdtlh7kg4s8s7sa6apaa,141,30,26.63,No,14.04,1
bc1qgsxqtk8cy9f5psr60eknpwdrmk6hyedffxwehz,141,30,4.39,No,14.04,1
1N3dXhxFr4aSso4jF8m5X9v66M5KU5hF2b,141,30,5.51,No,14.04,1
1Bm21PCiiju7UUgTCq7FbMJ5K9jiSVvXPp,141,30,58.87,Yes,14.04,1
139u4D5YEmEkZHNFtPQKFEG62AUzcdhH4c,141,30,11.54,No,14.04,1
3Do3MvTdAmH4ExCtBjgPdmpiSYxoEtTQtc,141,30,3.25,No,14.04,1
1AJbfLuwW7X2T14c3bpVYRUKEoFpHeNDqU,141,30,2.49,No,14.04,1
1JQa4d2gGVLu3KQaCMqx7ckHZ45ck6AdLx,141,30,6.15,No,14.04,1
1DkEYpbh7p7R4gz1PDAVdJgssJm1BqRzFR,141,30,18.36,No,14.04,1
bc1qmpnr6782p8caghkeehe3cstre5a2tlmqgvfqqr,141,30,14.34,No,14.04,1
bc1qhtn6ke7rhyzv04yzls277qt8ddkyv3hr0mr8nd,224,14,32.3,No,13.98,0
bc1p9qsuz6sm55xjjeka8c2g89puzmfnfwasggszld8l2vc80qhty6ys0rh5rh,224,14,18.91,No,13.98,0
1DqPD3VJQsNUQCVBiMp41ShcT6v8J8JLen,224,14,11.49,No,13.98,0
1EsHpjeevxzFMZbDZCinxrS15T9WT3myoW,224,14,10.5,No,13.98,0
1SBUmCW5uA6TB9pcZsb2D6n6uTNZPBTX2,224,14,14.6,No,13.98,0
1GvihCQrDnqz272YXJBHdM29Xge5n3GFbp,224,14,10.35,No,13.98,0
bc1q68gue9ftejawfvpk83gwxadacskeddvvycqskg,224,14,1.59,No,13.98,0
bc1qqrf60npw9d70y7w9axlmh3l8u0g45ljyhc6pyt,224,14,7.76,No,13.98,0
bc1qgcc36advxyc4xcfv4kd39ed37yxpf3r4xtnc52,224,14,18.8,No,13.98,0
3LEKnD7Ycj4TiAkkB8QcFKsqXi6zyWt3DK,224,14,16.83,No,13.98,0
bc1qpgz8tlf5v2sc944xwef8m6rmxwl0j0fm3h9xez,224,14,20.85,No,13.98,0
18Cz13FgmRkHEudAP6PADbQFwEFeUxTofq,224,14,2.47,No,13.98,0
bc1qk3yr04r8dp8q4ewwef8dh75tzglrcl5nr4h2sx,224,14,5.63,No,13.98,0
1C9F9Xkonf7QYaiKFUJzgqTx4zpTXAF3nW,224,14,23.71,No,13.98,0
3BKUM5MaY4RBXu8469XBJJzMBfqH21QYLb,154,21,13.55,No,13.95,0
3CXKjp415t7Qq3KXxsdvgvNMAfu2AA9a7b,154,21,14.98,No,13.95,0
1DFAkQ2kUMMzw3Nxd8o1bhLDhQzbyTtALo,154,21,5.74,No,13.95,0
3BoPu8ynA1dFvtN5DtmTaqME3TLEVUpqZa,154,21,8.08,No,13.95,0
bc1qesar9mle0lc9q5zmzn0j48vj77rgg7jvv88vgl,154,21,42.32,No,13.95,0
bc1qps0t667d37cpyfwxeqsqqmd0l2wlvr2hgmtquw,154,21,22.17,No,13.95,0
bc1qunccs8d5um5rz3sa2zd9n9nwpg85aq957z8d4n,154,21,4.3,No,13.95,0
bc1qhyfhgjncrzp4vmym6qqkmdk64h330hkmt3t9fg,154,21,4.14,No,13.95,0
bc1q9qfv5x9gaxqpk4j6q2yqtdrud82fhhepqm7pgu,154,21,10.18,No,13.95,0
bc1ql9v68d42ape4ukvjjrhdecszc9vw8extd6ndaw,154,21,9.07,No,13.95,0
16vqFfpZN8fCmHWdeUmdzBtqExD1fmiDP5,154,21,8.46,No,13.95,0
1B1xRWBxE7RA6mUHAEeggpMPG2UuA7pzAx,154,21,14.06,No,13.95,0
1BUzfUjs7KPnenXyPkCpvMPsD81yTPfcnH,154,21,32.83,No,13.95,0
1LPW1pFuougFvaTXwHxHM8ozVwx2sQYV9y,154,21,11.74,No,13.95,0
bc1q9d9pgy4dhp4lk8d4tj8hcysg3a5ckeulura4w8,154,21,8.71,No,13.95,0
bc1pescvyysuq99q9kplxvqhl9d6v8cq0vqeupmvx6u6l6u3m4e85wfqyknekd,154,21,4.46,No,13.95,0
16unxgDLjbDoKPXQ5BaLRntLarwJWvY6Cx,154,21,10.14,No,13.95,0
bc1pyechhr3872rn2d07ldv6e7ey46rt5t8ey8vx6785wpe05669frzqgzxmr5,154,21,20.17,No,13.95,0
bc1qkmjvj6dsq8jwqf4a66304rpemegwevdmhc46ez,154,21,11.86,No,13.95,0
bc1q8krndqgmpgqt6da0zsxvwzl6pfhl8x3zal5ah3,154,21,4.98,No,13.95,0
39jVAjgtHThi8NL2XicgxavMn8ZPjNgrgv,154,21,31.09,No,13.95,0
bc1pa8sfn50qnu3ukkvcl36k2u03zhyjg9yujyf9jsysjmrlpfc9hqrq50guu2,108,16,4.44,No,13.87,0
bc1qumpejtgyuu2h9u5rh3he7naj7ru6756tt4nte4,108,16,8.55,No,13.87,0
bc1pyuhs0lsvf4n95pg6ycsxexttyjghxxu6wutze0pclnjtz9vfkzcqkenlgz,108,16,3.93,No,13.87,0
18rkuiG2khAVN8LTdLB6eHmEzkG9awkWCA,108,16,36.85,No,13.87,0
3EweuRWNrHnz9hFkWjuFWmQjf5Pb1Bzer5,108,16,5.77,No,13.87,0
1BZF9nPdbnWjZa64nvwnmunTjJt12CisgB,108,16,10.53,No,13.87,0
13WpWCbdjWM7LcJsjB4SMsg2FJdMyaSSKw,108,16,2.44,No,13.87,0
39Lym9guDA6C3TiVesyvHKB2asRvNsuJGw,108,16,15.96,No,13.87,0
38NAuJLPzT4suG7q8KhNH2Jnz71MTPU3yP,108,16,5.12,No,13.87,0
bc1p5q0alrsmafyqrkpnfey7m0zrwr3vtj83asvfk9mhfrp4l2r7hues6t5rdg,108,16,50.9,No,13.87,0
34ytUxmX65Kd7BwUSvfSSgWD7H8hwgH3wH,108,16,18.36,No,13.87,0
19V1C43a5JBo7HX71U1ar7mgR3Sw3WPDyf,108,16,4.52,No,13.87,0
bc1pxelkmlqkv66j2ppd3hj32ac6z5cva7szmkkee3znyfk9pa7872vstwjt8v,108,16,2.7,No,13.87,0
1s9SvFb8KgUGH2gEnbw6W4ZYG361HVVGZ,108,16,3.73,No,13.87,0
bc1qsv5f7n2fp3zuj8cd4gjjerlfecprsnkgj4sjfh,108,16,18.57,No,13.87,0
bc1q9v8quhn0utqmcqh9catd6rr0c6kpdwunrfvmc6,108,16,29.49,No,13.87,0
bc1qke2gj8nqq60xtg737z369cmhemfdatt2gzkesm,92,19,6.7,No,13.77,0
12yg17FtbdsHbuaf8ZAHs1FCpsB3Tp7Gnk,92,19,17.22,No,13.77,0
1NiWg24VpLfFdH5GzmeWinQbJ5VdaVsjrD,92,19,11.58,No,13.77,0
bc1qpu4g5e4vrpskle0q29knefp50trncqnu4mz3tj,92,19,9.67,No,13.77,0
bc1qd840yjq6a07kxvrsa0s2rjytzwe4cq23ew2ad8,92,19,15.17,No,13.77,0
bc1qse2us0533enmvgvzq875tjtwecfqq2ef20yyrw,92,19,15.28,No,13.77,0
bc1qa02m36ma38mpam65gjr9yf92d4anfp0c6gv4j2,92,19,9.94,No,13.77,0
bc1q8sdare03l3szhv8k0f0pp8y3wfx59ehx06m9nc,92,19,2.04,No,13.77,0
bc1qsjy2w5yzvqs89p6nwfrnen2g2n0k497xw29jf8,92,19,42.66,No,13.77,0
1G2hha7FHxm1t9tCpiofJ8tpHr2qBMNHQN,92,19,14.17,No,13.77,0
bc1qaqqmpxgrr22gkjw4m6ag59923e0hmry43utfpf,92,19,10.84,No,13.77,0
1MjJEZMW7kPZrC2b48qL3amZzK6weS18en,92,19,6.47,No,13.77,0
171wzJmjEe1oWk8TnycDxMeGjRxELuxj23,92,19,4.48,No,13.77,0
bc1q02v08l8f50203t4fhq3ffsjrd9dx09ax9ygf5s,92,19,16.88,No,13.77,0
bc1q96gxvnxgdrferq4amnhhwmyzxamqs9fs0ngr9g,92,19,7.69,No,13.77,0
bc1pfr07eeskjewqdp6svjlk68mv7gchj9a0p8gjjkl77nzhgzfuy0eq6t5hjx,92,19,1.59,No,13.77,0
bc1q3kxgwsmntqh4jlfj8p5cuphzegry47246jap5n,92,19,39.58,No,13.77,0
bc1q4anm8pk04f7dfzgagwzuh2ww7zcqkj3e00te0f,92,19,16.3,No,13.77,0
1qxYNisy4vKjtV8ZGo1r9W39z2qy4EWzZ,92,19,13.31,No,13.77,0
3GV5QBAooxvBkyRq6M3zS4y7nodzW4GxfD,49,46,3.96,No,13.66,1
bc1prspd7rgrrk0s9nl5qlgk2cveeg6csuygggdsj7wy3q5s5yj88mcqwsqv9p,49,46,38.37,No,13.66,1
1656iceHBr8Lma2uEoZyDeRkuSQwz2uXxa,49,46,27.79,No,13.66,1
bc1pknd0gxtfuelqj4ydeepph6dzq35l8t4ygltetswvh7lfcfzaft7quqmaxm,49,46,3.47,No,13.66,1
34QNGKvkoW9XxDts4jBHuZjbsQqpCQq4E7,49,46,6.27,No,13.66,1
15SumECVAGsMj2dYQw9HyBZjGsWYHMABX9,49,46,11.42,No,13.66,1
bc1qg35dqnc75s4ujg3rnp3mfs8jumkxn83rxga29q,49,46,7.62,No,13.66,1
13E4B69dFg9TaJFLCtXHsbgBEMse1hy1KQ,49,46,2.66,No,13.66,1
bc1qh4mu3ysnag7q9re8kltp9qgx9pj9tfgswygw63,49,46,4.99,No,13.66,1
3FiU6shpHmSj1idX3k68LVYzFeRL3aq4W5,49,46,19.82,No,13.66,1
33EbkysyaxfvrbVi1Bbnrg2yjFQpb88DtZ,49,46,10.26,No,13.66,1
1Mw5qxqiRQu1he85b596dQka35cwPxW4hF,49,46,8.51,No,13.66,1
bc1q3j0endswnlumatpxdax6jkjxujvvhzjhfe5tpd,49,46,3.33,No,13.66,1
bc1q9v40c5j84qg5ye27zjpwhegwxcf84ptk9sz36g,49,46,20.67,No,13.66,1
3KiHA7xTcaEHEtcxK1kurahYKnKjxDJkeR,49,46,7.8,No,13.66,1
bc1qp2hses245a6dqlw2awft88wqe7l956huuxllcs,49,46,3.82,No,13.66,1
bc1qqpjqj7yz4qjcwhwl52dvadzgqc5h9xet37y463,49,46,46.47,No,13.66,1
33N8N4ZehWETK67xkpnKXAwz5XV8v69fAQ,49,46,7.28,No,13.66,1
bc1q7h834fdvk4ypw2l2lzvl82enq2wk8u3zj6xl8m,49,46,2.16,No,13.66,1
bc1pg5ter3wa7u7kpvcg2sc98tvcjl5eve49cs004yuwsxxjud5drcjs982zg0,49,46,68.94,Yes,13.66,1
17xfZMCLEtyu7S5RDenvs43wVHi2XTCMLz,49,46,0.44,No,13.66,1
14Pfh5RNQ4F19DHdZkh6fJeHxeyZALJmf7,49,46,21.9,No,13.66,1
bc1pn77tm6z8fk3sp2kpwwmdfdaprrhq9apgwgs3s23pppx0jswz7t3qgeehag,49,46,2.04,No,13.66,1
bc1qc9gdse78zfy3zv8f8trs7kf5xy55rc7nv2jrve,49,46,24.67,No,13.66,1
341A4KABh3dSbVa7rVVy41FUwN9YEnUKKG,49,46,0.55,No,13.66,1
1KqcEaqeMzBZcgsMxF5bAHsPWxzfT8z34a,49,46,17.29,No,13.66,1
bc1qv5vtenc3a54htjd6aveqj8aamfqegp7gu7tra8,49,46,15.57,No,13.66,1
16e1U9eJJuwp97yL9jJPEgqRzgEN4Kqu5B,49,46,16.16,No,13.66,1
37S69L6kwvvujG97deEWzQAwgHgBagweqH,49,46,13.02,No,13.66,1
1KPnHa7CVFXCRfphLDRmLmjqyGGNfdUSyo,49,46,11.31,No,13.66,1
bc1q4e0stxagntd6swcjgsdm8ngrwa8u5ye69tfde6,49,46,49.02,No,13.66,1
3KGLNGsE6wJtytLE2RUVrDHACdrzgVurrJ,49,46,5.91,No,13.66,1
3ETPWcrnGtTyqUdYTx8ZjkK4fyW8mZNxJj,49,46,30.93,No,13.66,1
176S93fBzJBhakpVDiEdg8FFKQ3zXGKtkV,49,46,9.47,No,13.66,1
bc1qcwrzqm6fhnkhd3e9qngxcmxht8630zvwk2me24,49,46,11.7,No,13.66,1
38m8Rsh6xQdjiMrP8zTaaqfPJ26Dzg7JJN,49,46,7.82,No,13.66,1
3CtypJ2p7Ag2VtJjddHTPBhyBhhMK3JcBm,49,46,17.99,No,13.66,1
bc1pukvfqc0g5m269ytnn48yyqn4dhy4qjhqh8j8s8nk4ufmfr0hqk0schxznp,49,46,2.9,No,13.66,1
bc1qw2jrxsml430h3ar8vxdp79p5apuwjdawj0anch,49,46,3.56,No,13.66,1
bc1qy85jc5gwfpyquupa6h57hghehz22u8gw43r06w,49,46,3.72,No,13.66,1
1xMFdqg5uwiQUtp5fiJUQtvfk5ZXwv6UK,49,46,8.4,No,13.66,1
1HmLbMB2GbMn845nv8rWCGq2manRm1pxFu,49,46,8.47,No,13.66,1
36qe1vB3Bx8pYwHx5iLwBDb3QkHxvUXeTL,49,46,13.61,No,13.66,1
1GsrrhztViSbxNnwMDM9bZxyYSWmRWdcEK,49,46,2.46,No,13.66,1
bc1qar0n672yzrjynmasxkqt4jsgdvc6aa0t7z4zwq,49,46,9.22,No,13.66,1
bc1p5syk4ew4su5c85dgg7xnukx6l2hhynxun6f4rmjygfqdu782m83svfyr66,49,46,14.78,No,13.66,1
1LPQrjn7ytuCHGLAHSsn4m6JNxw4xKUqi1,110,14,9.48,No,13.62,0
1NS8Aj35Mz1ySEs9w7bwi1ASsVDyNN4zFv,110,14,7.49,No,13.62,0
1PzB7pVkvdXxc23y2w3VKr291SCuiLhB7a,110,14,2.8,No,13.62,0
bc1qntsl9apylj534sgyya2jqckpxfx64gyfzsmdn8,110,14,17.64,No,13.62,0
1D7xgeeYnogzdkVh5JSasGFTaFcztAgdxk,110,14,14.93,No,13.62,0
bc1qrkzvd3xhp6tscfmyrvcy87aenfwr2cfug57xpk,110,14,6.54,No,13.62,0
1BTgWNTcxZSQWV3KnreAwzvDn8AYGRvomJ,110,14,6.32,No,13.62,0
1GPztEGDqkx877nekBPVffqJaPbWouogX,110,14,4.9,No,13.62,0
3LaCwwzygocsWMBYQzKHj62AT2Y3HFMJbT,110,14,47.82,No,13.62,0
3M6DUMYNPx5NjJts4Z2vkEVxyRsCGfdAoi,110,14,23.98,No,13.62,0
bc1qwr4y8knzx0l2r9wyv82r4dv2uqpdrk0upkeuml,110,14,32.54,No,13.62,0
1ov7yFw6rua75UzjJEKh8doVVauVmYfGC,110,14,6.59,No,13.62,0
3LYc6JXVdLbZL4c3VTYSVsP61WCJwmEFKb,110,14,4.13,No,13.62,0
bc1qnh6qdmlhygfyex9fneaz209at93n7tpcyc29rm,110,14,5.5,No,13.62,0
bc1qc8ag85jy5wvyuakta9csrxvs32pg3z304x5gqq,29,24,7.7,No,13.57,0
bc1qgrn5u9dpxkxu060fxx2n0e3nvs9087djzk02jv,29,24,7.34,No,13.57,0
35hTEQeTx9NjDZ4bcAHd5XDwQrLDK8Q4WP,29,24,11.05,No,13.57,0
bc1qj5nxpt7l4df2e4uc9zvuyuxtxx70vrgmzvpnwu,29,24,13.45,No,13.57,0
bc1qqp90ew879r22qf4d2686cultxps8uldrnwkhyh,29,24,3.33,No,13.57,0
bc1q6kt577gjcq4sumx2xx4jeukchdn69a05q9fr6j,29,24,36.48,No,13.57,0
1GF8uYwJvsGfCUBt1dWv8wPykRvrPWAG5D,29,24,18.84,No,13.57,0
15K2QMu7dVnQ7xk7UcavQHri9EUyDR5xfb,29,24,19.35,No,13.57,0
bc1qysqfwhe647vapghysjyl09vex7ls8umml27er4,29,24,21.7,No,13.57,0
1PecGUNXrVek2Y8Rf3X8Pc53vyzbwTfuLa,29,24,6.53,No,13.57,0
1NVn3Cnwf9eno7rYpRSm36RxuHQWR4SuyY,29,24,3.94,No,13.57,0
bc1qp86rr2ey9q0k2v7gxs75xl9c4frw4s6z6e96ph,29,24,12.63,No,13.57,0
36K6nukrUB2ixuKh3AsfA9a6PTb4icSpE4,29,24,13.27,No,13.57,0
bc1qnlpgguqgysdekxu6zvnsxgvld4zcp2rd3lju55,29,24,14.25,No,13.57,0
1Pz4NVaUShTkStkCSWVHxXEzxm3uKZSirx,29,24,5.05,No,13.57,0
bc1qnj764eh0gfdr5xqpum3gs38ve6f67p7exwjmx4,29,24,2.42,No,13.57,0
bc1q3wmf9gjh556q7vgnvxxcdmlfpd3gcahanpraf2,29,24,20.74,No,13.57,0
bc1qhktmxg86p9w4cdaurafktzz6rq0ylr4p8rxjy0,29,24,24.16,No,13.57,0
367Aqp1YfwZ5QbH17A7ohHpwJpzoxz3cFB,29,24,7.86,No,13.57,0
1MNfGaqPca3HdBFmeDZc4WEVn3TNsj8Gdz,29,24,21.93,No,13.57,0
3HLAx6TYVQwutF8SvcAkqN1Ao4rx8fres1,29,24,22.07,No,13.57,0
34z7cQEAy9N3CYqn4VhnVutdqRc6tfXa8C,29,24,2.04,No,13.57,0
bc1p77w0ad2er0hn2zmswpuy5vhuxd428te5e4ylr386nczqv9kks90sckq2v0,29,24,25.62,No,13.57,0
bc1q6q3ssur0a6ckjfyc4wkmsgaprghnveyg0jszdp,29,24,3.85,No,13.57,0
bc1qhrnwdd6pvzj5zhapwxa4mrqlgmd36e497a6gle,150,14,7.14,No,13.55,0
1JubdekdU9jsDHvEmLcwLpXdH1JXYb3EKq,150,14,4.76,No,13.55,0
3Hx8Wx7hBrUjLxW6dAiWPGbRwvJXuirtrf,150,14,10.06,No,13.55,0
14M5KPoVMtyRMvoKN1FZGzuFGkmeSA3woJ,150,14,13.93,No,13.55,0
39myMzTvxVEXtLMza6je38FmZws5CcD3RN,150,14,3.69,No,13.55,0
bc1qr7wyszwc3y5fthxcuyx27cqz2zrkc8nkqkrsp4,150,14,15.95,No,13.55,0
34NkQG7sHGpZL39yhkFfm2MRgB3vaN4Hsn,150,14,24.81,No,13.55,0
1Pd18LoEtWRxgrqm3jyE8qUW23xjzWzizV,150,14,1.93,No,13.55,0
bc1qhnpzgklf2tf7qrc7kz2gs9dxkwdm2hq6qjr9c6,150,14,8.75,No,13.55,0
1LbEirTK1hRAsmpEqRo54kbQxUakZqhPAV,150,14,25.24,No,13.55,0
3DFSorcXWgNpGmhjfi9G1bfFtDZuQVvCDH,150,14,16.06,No,13.55,0
1QHtFPx2eg4b87YPyQYz1LP1wTQS7ryiL2,150,14,5.08,No,13.55,0
bc1pmx488rfludjkphuzz09e5v0a8t3mcls9endjedk22djadrxdyu0quc92z4,150,14,8.25,No,13.55,0
3MWc9Lv5sVunyrmabpPu2zKdPqE3Dc7MAb,150,14,44.11,No,13.55,0
bc1qeejpmaxn39u5xkuvztr6fev4a2cu28z2t89amc,112,14,29.49,No,13.48,0
19G2UufgzaZPhPkJYc45mMBL41SJXJt9EQ,112,14,3.0,No,13.48,0
129WxNh1xu6JL5C5wVPFuXMggYogp9MSWu,112,14,54.7,No,13.48,0
1FsTW79Sw7RCaSA5PJp9EmGwAJfdpUGfHU,112,14,3.59,No,13.48,0
1HKNSpGf4AuqXiLvRSgtX3V4DV27JRj1KQ,112,14,3.4,No,13.48,0
1LUpVFEz6nt8e7TjaEparmztTSaN9mhTg8,112,14,11.71,No,13.48,0
171QwnG4uN14jYoFxRagTbBGozYCrRKSq,112,14,4.31,No,13.48,0
bc1q346geksvgk34vy6lwdtj6dn6y2tt4l3l0kgl49,112,14,2.02,No,13.48,0
1X2hz8n5edkfWwGHqrV3we5tVXd6jcWVU,112,14,10.3,No,13.48,0
bc1qr7j7vmep4npm5a83f49pj2krtr8p9qyqppt0za,112,14,12.11,No,13.48,0
bc1q5md6qjrrf0tm6dvgfg49unj0fdr3tsefzuxf2q,112,14,2.0,No,13.48,0
bc1qmgw7zuw5mh5txv98uwlsf65l7eugu5nf4y0u2z,112,14,29.74,No,13.48,0
bc1qzmt7ma0vf5ykv5gyhxaq7jt95jhrcydrf4kvsn,112,14,18.07,No,13.48,0
17rVjL3p7aDsj4KhTkkjuRzzEY2oNuJden,112,14,4.28,No,13.48,0
3MAEY2S9PxNxfq8BzN971K1eo1numCfUQ8,195,21,18.65,No,13.34,0
3PmWjdgoE6kEp4Ty9JR3ePjjHm2LT86o3v,195,21,30.04,No,13.34,0
bc1qnye5q7wkztvuxa5nttcp8ea74yt24vqhz4qn6y,195,21,0.93,No,13.34,0
bc1qldvpddsvpg5a7uxstqkvvr2yq8tastkus7p9ja,195,21,19.06,No,13.34,0
157wuNQPwme9aUsYtSUa5BWuScs9FVwRUu,195,21,7.45,No,13.34,0
1BDiLon5Q7mKcVXNUmfqBjU1QRqDNUkUJr,195,21,35.04,No,13.34,0
3DkARd8zU5c48npezVCJ3NDcwihLjFW8m4,195,21,7.79,No,13.34,0
bc1p5wreyzc9a8q6fycmm6t42ra6eny2cacj3wajxn7vws7hf7jm6ecqcwm0t2,195,21,21.46,No,13.34,0
16XoQhpUx3mJqM42n3uThCUwuFhnQEyNtD,195,21,11.23,No,13.34,0
3Mr1DrrjxWSxw3bYaq97CDND3PZxUm9EvP,195,21,8.13,No,13.34,0
bc1q38963cgqrlgvhjsptgkkglygpsterst8gfasw3,195,21,11.53,No,13.34,0
bc1qz6zn9suvclurn3sgkmmm8h3l2rft605lsswawc,195,21,2.59,No,13.34,0
1BGvKiEbYe5W4i5xdfizfSJnqts3WTzb46,195,21,28.74,No,13.34,0
bc1qm6twcknpsekr9e332ug5tgd7wrnfsvzxaenqz4,195,21,5.74,No,13.34,0
34qojKzBxoHaWGA1XED4WQ8DxtR1vd9GSj,195,21,24.77,No,13.34,0
bc1qugkyu6zavl7xuzw3pme54twq27ytr50t5jxx5v,195,21,19.36,No,13.34,0
18SSZ3EMpiVCCj2RjpcnZHy6p1qrbEUuBD,195,21,3.83,No,13.34,0
3LigWh4jvmcYcyqHFzgzKUMbXhNXURCt3n,195,21,5.69,No,13.34,0
18nN5EcgHoBNxBi7UMeccDLdtLFBSrbvQN,195,21,5.45,No,13.34,0
3PsQkciSagPPccPabaJvTHNtTkr6X5MdNn,195,21,10.7,No,13.34,0
3EqYY5vyF83Jy8rwmgGnoRStC7n7caRiuK,195,21,2.01,No,13.34,0
14rmmPe5dH8gqqWRsjiQfv5oZxH3MG4Aji,197,20,5.07,No,13.32,0
bc1qt042s0c2pxn9l6qhm2tgyeechewv4ynluseyep,197,20,21.07,No,13.32,0
bc1q67n7n8j4g0znr3v3nexeexuhxm5jlpnusjvqf4,197,20,4.71,No,13.32,0
1CGCuVzssgVrKbkwMRbx8vitbgG6XrkJRX,197,20,21.05,No,13.32,0
35nBWhgWooPDoohCq2GBStLkyK5mptsW3G,197,20,1.94,No,13.32,0
bc1pt3chvct7hzqd3ncy87y0tm6y3puv8gwywms453zf773k39ecuy6srek8uz,197,20,3.5,No,13.32,0
3NuMWipTLFP9oYDDoXkaxgJ54G1qpXHEEW,197,20,13.19,No,13.32,0
3Cte5WUNADcb9HNdPErJNd9MAvZ2f1eGNh,197,20,16.77,No,13.32,0
1De4jzipqbjeTX9nZJmJ99FCWoVvgUzxM7,197,20,5.69,No,13.32,0
1CR2EcnaiaDGcT2bhF552LznpMBpbkY5cH,197,20,4.33,No,13.32,0
1P1wuqRUam8dk4Cfijsg6EeJ8Vtox8dJhg,197,20,23.97,No,13.32,0
1AJbebACGXWLaiw4zoq9YjYFiZH3on61bb,197,20,4.97,No,13.32,0
bc1qktcw57mtx69ck023s9jmd672d00rh9mq49qmpp,197,20,5.97,No,13.32,0
bc1qjw8lupwrwly35xp7hvemuxr2u0jrjp3s8haqee,197,20,25.51,No,13.32,0
bc1qmh5mhem72ff9q4eqxpfty7q9tcrsw34c27ulh2,197,20,37.55,No,13.32,0
bc1qc5u6wj5v4x98wxz6kmjujhdnyqgl84pgqpl6fh,197,20,8.83,No,13.32,0
bc1pztcphmycsuk78zf0achmkunxcrluke7n74wyaqfx8hesqgmn0aks3gcx83,197,20,7.27,No,13.32,0
13YN7xkqeth2BBwYLSxtoQbpifk7rPfgbC,197,20,16.33,No,13.32,0
bc1pe9qj43dq2pqcvkr3rgg5mepdx3cmenpvvypv4y7q95zvmuywps6sz95qhn,197,20,27.76,No,13.32,0
bc1qkttdrluj36r3kjpq3qr8gnj9ntrzn5dpjs3d4u,197,20,10.96,No,13.32,0
bc1p0kc8ng7wtr0jrrs67s8peqescglv23sc9glgh80ssf282ndud2qqhgexww,147,10,22.37,No,13.32,0
3D9EdMTugBxnLEvus6zNQXrF1hpBWvfJ6f,147,10,11.29,No,13.32,0
bc1q6hzn9yqtcwdx7gekrm3q200y5glraz48zgzgpg,147,10,3.73,No,13.32,0
bc1qdh855aalw2ergc7w56ywhw27hwdukyp83jyc7j,147,10,7.66,No,13.32,0
bc1p93k0epp07pq9vwrjn4s9gphasljf0trje8ppmv7xexg7xrv6pmusqezkuy,147,10,5.7,No,13.32,0
14wpGYxuJSBJ5CdpoAhmAnC5a3PLWKLF7A,147,10,29.19,No,13.32,0
bc1q9rnvhjvsl7pqqrpd2wdw9382j7msnvkvtdg8m5,147,10,7.58,No,13.32,0
bc1qgtv5jlmwa8lcxz9trvwrpnmn56dszl4ach2qwd,147,10,18.49,No,13.32,0
16RYyrPVcHdP2wjbVgDnPa36qTNvrJkDcF,147,10,19.51,No,13.32,0
1HQsfcDPP1nnJqWstTzxqiQboFAWNFH4V6,147,10,7.63,No,13.32,0
bc1pe0mwv8slgksq76hhpu05kjpvcmj8kkadgk68t6fhwcspsl8a247q48jm76,133,36,3.68,No,13.27,0
189n8kP2r1Fe6VeGba3GisXMe3Bf492Rrj,133,36,10.35,No,13.27,0
3CNzZ6XQXg8ZrKtq2Lj8grBZK2G7UGBU7m,133,36,11.04,No,13.27,0
37Nnri5C4TMBs6mJ3rXCiixwSuNsNBwoP8,133,36,34.11,No,13.27,0
16G5qhrooxidAd8yrt1jZk6CwcPTgC8gn5,133,36,6.84,No,13.27,0
1FzK1dDu9oHUMvaVBqwKyKgVXSfdMqpSKn,133,36,1.93,No,13.27,0
bc1q77ff3jyx9vjrd3ghnl38x7r09srrf0yjylnjjz,133,36,14.96,No,13.27,0
bc1qqtadqtx0nvvyhgak3tkzmczk299gcrdv4g6apd,133,36,12.67,No,13.27,0
bc1pam5l3muynk7jj69jxq4g48fpq50d3xzfs0wy57wnyg0645cqymfsj7vv5s,133,36,1.8,No,13.27,0
1NFWL2kWbdLwNpCdqyduVWAKjbfm5d7SYH,133,36,3.86,No,13.27,0
bc1qrnlhnr8z6lg8pzx63ha0pad9qdavcmt5uclexv,133,36,17.37,No,13.27,0
1Dnxjg1B12evb2MpVzmfzWnNzYc44JEdUf,133,36,1.22,No,13.27,0
1HtyoyDNdzncFkpycpFwnLzJvbirkiDjdJ,133,36,42.32,No,13.27,0
bc1qkupasmxhwu4stqs0jeny8zq03mqpvxkh8vsjgt,133,36,19.28,No,13.27,0
bc1qqedsfds5hvmafqq2g63qhglzsr9pxde0s9rze9,133,36,11.93,No,13.27,0
34F49JZeGaVkgL6eRVr4z1DACj346H4PNo,133,36,14.08,No,13.27,0
3DMiMmTDnpApLdgzDw5jSRfyax38A6d4Lk,133,36,12.82,No,13.27,0
bc1qfytgy964r9ra4u5ew0cvcvfw6wjgm0mhlxtzs4,133,36,7.67,No,13.27,0
bc1qv2ct3yq233ndu0jl2a80jencr3a6lh2awyjnsx,133,36,8.87,No,13.27,0
bc1qnmdq06p25a8tzkg06fc239e723nnkkggm0lv9j,133,36,17.91,No,13.27,0
bc1qk4zwqs4adzt2p539cgdfkzy445lvlev9wh7k9z,133,36,20.98,No,13.27,0
3BEoDss188rXW22vseDBZafgnThgHRn1YV,133,36,8.73,No,13.27,0
bc1pmefwr7v9lcrakdzphzgl6meuysgq5emvq7m7vxpar5uweajpsxcq069tfa,133,36,7.74,No,13.27,0
3GqhytgWay8ftLgtRtznXFHhLruRZLnBjb,133,36,24.38,No,13.27,0
33FNoJ1T59aw75HfhVqJzZJU5iXch8yXMr,133,36,5.61,No,13.27,0
bc1qsajgxwkncr4dtta69k06xjxauwlvm4ff2ntf5d,133,36,29.93,No,13.27,0
3LLxE7MGfKs85CQ7Pq8gENpYyG2F7uqh1D,133,36,28.39,No,13.27,0
bc1qkgjfvrc7eka7l888eprvarekqg54a8uap46tfk,133,36,1.13,No,13.27,0
bc1qkm6n026asyrq0hzu826qslqcs0c950aegrqahw,133,36,15.81,No,13.27,0
3EtYLYFqwDEuzHA63pKWYp5ePUXAVMA6U8,133,36,11.62,No,13.27,0
12ie17YjcoBZsG21cxRUKT9b2CUm3bPrha,133,36,3.34,No,13.27,0
bc1qcmf92nmvd2v4qet2emgkecc9kphaswlszaqmup,133,36,15.34,No,13.27,0
3FqfFwDSTe6fQKcym5Uq4SjA483D6vdo7r,133,36,5.57,No,13.27,0
38ywQMoy1pLVC9wmLtZR4PrXRrJBa5EGr1,133,36,5.2,No,13.27,0
bc1q7wj0cfn9gcrptdrmcwjs5qzlextrfrkpf9x5zl,133,36,30.68,No,13.27,0
bc1pad685tcc8n8v0s3w5sdfmcjcjy8e00qg0fw52z70hmz4ztpwp02sl8enqs,133,36,8.71,No,13.27,0
bc1qv955af2tqr8lh7k0xwvtxw5jsjyfnjue32jgw7,103,16,35.2,No,13.26,0
3H894hz2vf9g5fGmhFeVVzU6yy5WLMrUDn,103,16,36.01,No,13.26,0
1EVZfdj8kKD2yJHW1GbfdEB9vPEd5FpxxE,103,16,10.21,No,13.26,0
bc1qj0nnxh33dmvzwq3j6985j3874lgs2qnam9af8q,103,16,3.56,No,13.26,0
15vEF22quZz3FqKs8HdeaYGP5HURkPLv4d,103,16,6.63,No,13.26,0
bc1qeryr2c93w8p5f4qvxdx2und2z6k37uhm5m8zqy,103,16,8.96,No,13.26,0
bc1q38az694jgnhyylz4vvexxdlnfpgnyu54geks94,103,16,2.23,No,13.26,0
19ytfPqaZ6BTTxDfD52AjAjeHxfemUDESt,103,16,4.21,No,13.26,0
38rXTSK9yrYbh467TH14TswcfBWYLdtCi9,103,16,8.03,No,13.26,0
19XZwyQYjwpuqj6312SK64NcXdBBvY1Yxq,103,16,6.3,No,13.26,0
39FYF2niA7BhnqtAveL676STGBjaTHaFfb,103,16,11.16,No,13.26,0
bc1qcs2mwyqs3krep4a8ccr0zj89cs76kuhpmvvpkj,103,16,21.13,No,13.26,0
38KH4QbZa5ucBNnpLpMxYkZZ5GjevApt94,103,16,16.72,No,13.26,0
bc1qx5zanuhahyf7pkcwv73z8qu7kmzh6qrk7fndm9,103,16,20.4,No,13.26,0
1ENmuXutMw3CNkcF388xxMgLk6PVosbLGB,103,16,5.89,No,13.26,0
3Gd3JxShorgzxKcxEZVKmVC1LeWAqgr56n,103,16,15.55,No,13.26,0
1261ar399Dik2oQyx6Zovk8YgTWwcY9rnq,13,39,15.49,No,13.06,1
35BRBMgLDqcrBfPpsswAep6zodDq3qbKDT,13,39,8.93,No,13.06,1
bc1qv8amrfaac2pku4a7ppqwta936rcr9tk5hnv8rm,13,39,25.53,No,13.06,1
3DgTadGz11eXbZ9S8bnsV2yEtL1DoqfvqB,13,39,16.04,No,13.06,1
bc1pp7njynm289s6g5xnnzly328gd0sv5pvg8r8syufzskqltgqj4arqgjefzu,13,39,7.07,No,13.06,1
1PgfbNj1wGHEYynjUTfYvydKXjNP3PJi1m,13,39,7.51,No,13.06,1
bc1qfuy27llqwq3v8fr5qc07aj48t0uuz2jd06ghy4,13,39,24.59,No,13.06,1
15p5MxUGzvLnaCSaqRzNNBzp9MVNpvYGxC,13,39,10.88,No,13.06,1
bc1qtfvu2428sj50edytp8w2c4adl4qnqtjjp4968y,13,39,5.37,No,13.06,1
1HhRwsfTvP7Pr2SCTcummaB1g1eugGdocp,13,39,2.13,No,13.06,1
bc1qm7kd3ujn36l7mrxlhvgul5rcwdxcu36z3grwr7,13,39,22.58,No,13.06,1
3JnDAxayZtqspXDigTsaT5NH9oc5fmYtZt,13,39,9.55,No,13.06,1
3H12xpxfUnxgQ86SF6zaMaX91pd9xyxKHw,13,39,25.56,No,13.06,1
3A3onFMNduTLmr9YxSCL1HSMS7KJ57jxiT,13,39,8.36,No,13.06,1
bc1q5hh7uy2m58wsw6y4cdwmwjsvcgafwkhvwtlk7v,13,39,2.57,No,13.06,1
33p7HGVVuTbfgNUggYi9qNVJY3GQeDFPDS,13,39,45.2,No,13.06,1
34TJbE5cW4mbDxxgxswFLCapQpPEXVt4v2,13,39,1.6,No,13.06,1
bc1qu08t9vl3xq796mq7kk26hwxe0hak7ftnh9zu3h,13,39,0.65,No,13.06,1
3Q9z9gXRg4pz3bdZqYnCjS9vUJw1xEGJ3r,13,39,15.26,No,13.06,1
bc1qzdd5lnh85v3z6y8v6ptl42nkkyqzfk4ye4acvf,13,39,6.1,No,13.06,1
1H4aaviyhKvVzDXhRY3qx9ECcvoyJQryWT,13,39,14.07,No,13.06,1
13KDp1jkh6ghFbvWB2HbxoFBCfHrfBS5rb,13,39,9.57,No,13.06,1
bc1ppvfpue2axt3ajkrdy92ul9kcc8atlqlfwg0scy03eqdw7h007xqshd0ezu,13,39,9.2,No,13.06,1
1CcHbgL6UXkXVpzv4jLjT1s7ReaK1PejUX,13,39,15.57,No,13.06,1
3NfEDRh3kLF6daCewkPPG4eUxoF1UBffg7,13,39,8.67,No,13.06,1
12FZoEgMi69ELYdeM95r5h4C3r5DHfg62v,13,39,15.9,No,13.06,1
1DSvdXdBXUk5hP81JgGcxrjhWHLU8dHSnP,13,39,6.55,No,13.06,1
bc1qc5nneyenwrzgg4wy8ktdnpwn7af77stvttrzzu,13,39,4.25,No,13.06,1
36eb8BYQzHdvGTxmT1xYPqnCxSAvW2ZcHX,13,39,55.79,Yes,13.06,1
36aFT4FnUNMXECgSwD7ubswWpYmq7SVzZy,13,39,2.0,No,13.06,1
3PsjkupLAYNgM3tpQbECbp14s5Tfm8T5xo,13,39,9.46,No,13.06,1
bc1qqj42snjav6x2aal00zfwy605u86q7fhwe9ka88,13,39,18.09,No,13.06,1
bc1q0453smfy2wxvu3u9ypl5d4z0g6qgw7n7h93t9s,13,39,2.13,No,13.06,1
12EUjnY1UTovnbiU3oTMTuZerumH2hWgeR,13,39,22.31,No,13.06,1
bc1qvcvuve0mg588raxnyj4qss2hza4lw4ens2yzz9,13,39,8.09,No,13.06,1
3QQMQRU14ugAuA9GVhxEATXnm8xR3FCsad,13,39,10.53,No,13.06,1
1Gx2Q87uYpQSGaKUgssL34U6nS4Urs8zxz,13,39,11.31,No,13.06,1
1J931P1CMGdKebgkqxFcghBfqVtWh8SAyS,13,39,11.23,No,13.06,1
3Bfb34CGhH1T3RDLwsPkz2faG53oXpqHxQ,13,39,13.49,No,13.06,1
bc1p64tacxdd7gz2ddvknzetvt2yllc8t6k8py583kepjmluaxpnffks2klag5,12,44,17.5,No,13.02,1
15siRXnG5BEAegMtYYLCLxYFGc6rD2ZxMC,12,44,2.95,No,13.02,1
138tCF5UeygHPfggVzfat1iCB88k9WnnCq,12,44,55.6,Yes,13.02,1
1HamvW4WfYu5RBLqHtfjnPcMJNpQAZ7J2q,12,44,16.33,No,13.02,1
16Vw3iiXC8Q71QdnuUkvWuXWYQgvaWQjbD,12,44,30.35,No,13.02,1
bc1ptw0ngzdkshu8ylf466cp08wptx0w9sasc6gqdgtk79tk5z28cenq8llwx4,12,44,9.54,No,13.02,1
bc1q9veeprcqpyvlnmk0pkkretcmadne69l6a6c7eu,12,44,5.7,No,13.02,1
bc1qs08ae388udx9qs6sk2v8huw8q4e4u0l0jrvrvj,12,44,0.6,No,13.02,1
15q2mduJFiscEc6qAsGx7e8gJqQgZDwqfv,12,44,19.2,No,13.02,1
12uETrAGBWbHx1vskeS7UP5zeqwCtUxLHB,12,44,19.2,No,13.02,1
1CELtLMEbMEsrPXwxnfCYKWKH2fDHf1KsT,12,44,13.65,No,13.02,1
bc1qh8njl792hfuvp3kdldn26jjz0syyqjpw4r3dpe,12,44,6.36,No,13.02,1
143Vh3MWiToDCxmmFnJuH75kUGagk6iSb5,12,44,6.92,No,13.02,1
bc1pk4lqjz2mxgc7k25kpkf9n3mkcwdydgvd0atlm80pp6jld5x2a5wsyuewtc,12,44,24.2,No,13.02,1
3Gb421BY6vhN9Tbx9RiyBMNEwjbPLyUfcy,12,44,7.56,No,13.02,1
39A4wuXkDgHjgKPEcyhyeF3BLPz5sC3SRM,12,44,14.46,No,13.02,1
bc1qyxxur29vmn8catgwjedsr6wp0ygc4gmvssy62z,12,44,25.29,No,13.02,1
3AC195bx9mqPmxGeHXKiu8YnQw2gLzC9er,12,44,15.66,No,13.02,1
3P77iykQvRhvo7y1CR7RGwitL58BLGukde,12,44,5.32,No,13.02,1
3BRYc6WPpT741tHuK8wNJvy2XkcDTSwZoR,12,44,3.74,No,13.02,1
18vrpUVcrRsd1UidBtv2XvurgW4Y4cNJVX,12,44,9.43,No,13.02,1
bc1qa6f7y34ascptfqngfn5885tpjuwgjetkz5uzkh,12,44,4.41,No,13.02,1
bc1q9fjl0j88kr9l0rg5wv9nysaad52pcnkaf0vhhq,12,44,24.26,No,13.02,1
1LrbSQXdCRXq4NiUBrygsBrKPcbEa2uuMK,12,44,0.68,No,13.02,1
1Cy9H7hFstpYTA5Urey4MpjF4odW36q2WA,12,44,1.61,No,13.02,1
36obF57QHJpwtBDRo1E6VQoNjFdowSjztL,12,44,12.19,No,13.02,1
bc1qwumpxcnpc4deqddsednz3y8gkugsdjv5a99nyy,12,44,22.47,No,13.02,1
15jUxF2fquEsrbKTNfiyuWwsHoT1fHCJV2,12,44,5.67,No,13.02,1
18ndHWYv6wDLSjrvcdui9nUgZpBQgdstaz,12,44,5.19,No,13.02,1
3JdS8NDwLHwcP4U8sfqjnwqihnPxsAHAd2,12,44,17.06,No,13.02,1
bc1p6wesymnc288897wd3rz7pq663uwzs0998sds8759twve65p37cjq25v6rp,12,44,27.7,No,13.02,1
3CsFG86GdKct2m2adG7UaJHhxFftx4yfm9,12,44,4.82,No,13.02,1
bc1puryn4atj6m06yrm7zuk64h02duh4nxmghrpl9jshjxk6y2vfyqdqzk6yn4,12,44,6.65,No,13.02,1
bc1qycetvp3uhxnzafz5cyvaj5gwqf9tj45ujte6sc,12,44,18.4,No,13.02,1
bc1qvdy5ggqv8kwgqpkpw79q0w5k4q2aqexwjq0jlc,12,44,3.7,No,13.02,1
18EEBf48zRsiMb5kBPkLJpG8kaRmv9WX4u,12,44,12.41,No,13.02,1
bc1qtzz0a7e7sf5lv9dtmf4v0dd0acdyz0td62gz0n,12,44,15.25,No,13.02,1
bc1qhhvatpr0wnau67syf5e3uh5w36x5m07pvkr5wr,12,44,9.68,No,13.02,1
bc1q0t6r5772rj6kkqe4lk6ln8ptj9jukv4r3q6aep,12,44,22.05,No,13.02,1
bc1qrjzggv4t25lq5tpx6l6yfhgq9z5agewcwdgat6,12,44,10.5,No,13.02,1
bc1q45644f6j5m6rv3grlcru9hynzy9alkqtje7tv7,12,44,13.74,No,13.02,1
bc1p45r7r0nuahzper9656ytddv6ucprjhr8y6rmmjglq0mv0muqq27s45gzjy,12,44,7.99,No,13.02,1
1HJ4GbUnuBeHazYxwsPBCT3rh6Ut1nFn4Q,12,44,1.56,No,13.02,1
1K76WLuB1rSWRtYawdck6dDgoBCTE6bNye,12,44,15.2,No,13.02,1
19YquF5RyFTVr9zxzixruHQ6opLyw9Tuzg,31,23,8.3,No,12.92,1
bc1qt54pxtmdc2ghzhjdzua40j96mufxppumtlmhrm,31,23,2.93,No,12.92,1
bc1qzspht4n0ty8cczqxz79axajkn88fywvmyy2vjy,31,23,8.92,No,12.92,1
12eYinf96apEwRXuS4hRew8WWqx6A6FGs3,31,23,0.95,No,12.92,1
36iYCdcvLcjhBMRBLkHoRz6PFtQsGW48vd,31,23,6.16,No,12.92,1
1FQjhiBDr4BLjyBsTGzU3zgNwfVvhPaqJZ,31,23,6.15,No,12.92,1
1HdYkFYnKxSTj8FpLANKRyk7CS5wysdye6,31,23,21.11,No,12.92,1
35dh3fX8wjQyZiJTNcSEbV5XsQWJ9RRE18,31,23,11.68,No,12.92,1
1KyAVbcLkFPEWF75DSjtWbmvv315a9nyhN,31,23,27.64,No,12.92,1
bc1qcqt7hkm49gqf0pt3qnpge470d4w4v5fxw97nnt,31,23,2.13,No,12.92,1
bc1qa023zl8pze9gnjkfmp5wn69azlf5t9cxgj8ptz,31,23,2.98,No,12.92,1
bc1q3h2h0t2g9kve6tr7c8wq9s4m3uu69lrzpz58z5,31,23,10.09,No,12.92,1
bc1q4zuahdvaa8z3kdu4awqupufpmzjpv7hljx8906,31,23,12.95,No,12.92,1
3AD7HGAB2LzTXitwAj1g4wBtGNerbFArxF,31,23,21.3,No,12.92,1
3K3HRbnD79Csh6hK2QBhc3UwnnewdiR5rE,31,23,3.03,No,12.92,1
1E33QS6BHL6of73bKyYqmvP7RSygZhdKWA,31,23,8.3,No,12.92,1
33mKgfAS8zxohGxNgo5jG74nR1Ck8a5jXv,31,23,8.48,No,12.92,1
3MMXXZiteTUaQjn2Go1dVSsXN942TXvGMw,31,23,19.93,No,12.92,1
bc1q62uddwzj9t6lv3efcvlkd0j63jp8fu7frxwyep,31,23,10.82,No,12.92,1
1Gqs3EzzKJBMeLF98JkGRRXCkcDya2vfob,31,23,24.52,No,12.92,1
bc1qk4d5qvhqrzcxw6frxsj9mkykp0m6uehz0kt669,31,23,67.1,Yes,12.92,1
bc1qq0kwgh70mg7fwjp99sgkjuehl8d3qs523x0yfw,31,23,2.96,No,12.92,1
bc1q8d8jpfgr9l2e5hxd87mx4sl86wqn053znuldlq,31,23,8.69,No,12.92,1
1Km2io4jMbJTZVeCjPJS5ruo3TtKfzr5G,18,27,11.13,No,12.81,0
bc1qcjexs6lle6wp73e5lktdnnj2j7rdjqxu9vjxcq,18,27,9.18,No,12.81,0
3AWTeZ5SpstRHT5a5rHRx9Xpa11D7XrfB2,18,27,9.75,No,12.81,0
1ABJQgH1HZaB8EqmW2gXw888faJACHLuBb,18,27,3.5,No,12.81,0
bc1qw0nyv9skw2hp4kudkyttqkewquh6qdq3wngwlp,18,27,2.98,No,12.81,0
bc1qmx6nd3z63z27df36fzvmn0agl9ecjkng4akahz,18,27,2.91,No,12.81,0
bc1qp3ffr89cyzpprf4w52nq08emke7mhe4c6nvyty,18,27,7.44,No,12.81,0
12ampQvxCeY8yPeusY97TriNpfrk4Ukhoz,18,27,11.41,No,12.81,0
37TpcUdAjQtoTxzf8xLyEfe5CB8pcorGsZ,18,27,2.77,No,12.81,0
3F8xdCB3aEBUnKQ2BJ8waz756fcj2vxyu9,18,27,8.45,No,12.81,0
39zHmCAWjYhkDHKYU3znTCUbTuVCSCNoqk,18,27,9.47,No,12.81,0
1FtqB3qYEJhCC2wXSKbZt2LcZmucouLufD,18,27,11.54,No,12.81,0
1NyGaPbyAkfiRaBTEpmELqDARNGpmzyzJQ,18,27,5.43,No,12.81,0
bc1qu2eemls6lf7ytsj6sfxdx84tplsjf3vl506t0j,18,27,26.35,No,12.81,0
18B4ewnfcZzLe6GMkG7984ycFXQiAPtK74,18,27,5.62,No,12.81,0
13LPpZx3yZSu9QUb2LAuXFLmWbUhHrT7yC,18,27,11.05,No,12.81,0
bc1qeslaeqhwg0qjz7j4xnhaz9lxnsc52avlduja4e,18,27,32.16,No,12.81,0
1BzpfazHLZM2j7W3L2fxLacGRnBfmnsQtU,18,27,17.96,No,12.81,0
1Evfxn2inEREvwCHX7sB5h7Qzb3FYBxU6a,18,27,36.43,No,12.81,0
1HbVQbbPGw8pZn5RxacQQEgspEGF6SCgBu,18,27,2.81,No,12.81,0
13eqcLJxhdCZ11Qthkn4MTqke3bPqAYM3R,18,27,11.2,No,12.81,0
bc1pnn6zcuk2c5uqz0h72ju8hy8e4we72m7trhycgl7pd6aytw3sfgxq6r05qy,18,27,4.05,No,12.81,0
bc1p4lzfwn5eretzsrnpf52l9rvm92jxmef8lj9eefm3g2k7ynv8wc8qfgjw3j,18,27,15.92,No,12.81,0
bc1px2atpt99ew66s93s786rgw7v39w047d2fczkn279nc8s5f0u7h5qrma282,18,27,30.99,No,12.81,0
3EwSJuB5hoFT1wakC6KfdxVAippAaSMKJe,18,27,43.76,No,12.81,0
bc1p2h0tzhqd99f7jnhrlqlu4mm3ek5yaqg7eevsq82g66rk2z6q008sc8wwf2,18,27,7.57,No,12.81,0
1NjhT2oEZJWKxaCoaLmkTKi3nD4iu7UGYR,18,27,4.11,No,12.81,0
bc1q0h854svp394ckphwa0a7nmxhe8p5caacrxv8q6,86,14,7.6,No,12.81,0
bc1qyu7ff9j76k2fjdekulcjx253g9vnuwa7ff9p0f,86,14,5.6,No,12.81,0
1FgPhWdoJ4pHYXfwwxx7Qbx8jX3b89uKYT,86,14,17.82,No,12.81,0
bc1qmdrhjwj4u54pffekkue6ytpelm289sw3c8ftfx,86,14,3.93,No,12.81,0
17cQA7ic6PthrFyehsaDcrhJM15bABn51K,86,14,7.7,No,12.81,0
bc1pm0gxs0jmx9ueg4dm7pxeq0ad7nrkufh2f3h5vkkjxkace36gs3tsv627q5,86,14,16.38,No,12.81,0
35uXJV691Bg2KUm9x4nzahGUToxzvz99mJ,86,14,1.01,No,12.81,0
bc1qgakzu9pez68n3uwsl6857fpy88g0xjtxrkl4j3,86,14,4.33,No,12.81,0
1BFuqzB5bFd5WvmLT5hPKxNs2sBf3Q3R4J,86,14,40.66,No,12.81,0
bc1qxr7wuckakw3r7x94256mwajn934ufnjzz4uzzy,86,14,17.18,No,12.81,0
bc1qt8ey2fggf9rd6phllj5vf6gezfwx8sagzet228,86,14,3.63,No,12.81,0
1GrSLvr1cqwx8Q5Y6avYEQgmtjheRKdaqt,86,14,7.45,No,12.81,0
bc1q7l90faj46ywac9x68pudxe0k0yhe9p5qhzw8m3,86,14,35.1,No,12.81,0
12yoyWxTJrnzNyXM7GxGQX7FBoQzkJDpYW,86,14,10.89,No,12.81,0
bc1qxaat9hravhnwm5pywq6h4awxgzn8ertzc592wu,202,21,19.95,No,12.79,0
3JpWnXnSEHs4SkBvf6S82VMLuTiujhjLfP,202,21,6.06,No,12.79,0
3Pii9JtvVtyz6TVsqS4A69fJzNuhqQuVuU,202,21,2.26,No,12.79,0
bc1qrpwyu3l4d66qxfuh4kefzxtshzrqued32ck9ec,202,21,7.09,No,12.79,0
bc1p46hjgq0mq3cv97maad9d4yw7xz0dqa8g4vunl6wc2zperz35p87qw4l9k3,202,21,10.63,No,12.79,0
12jEqoHdNw8Puw8d23GFPTXAZLo5QNt3VZ,202,21,11.92,No,12.79,0
bc1q0a3r4wmn4yzwhg6kufacljlrruqfdz0dtk6676,202,21,18.38,No,12.79,0
bc1p2jdm5d0t7taezyukygsxkfuglvuyeuq0wxurgalxvga73u8uzphshy4jqm,202,21,4.53,No,12.79,0
31wtHyEnViDudSTZdq2W6DrFTDza6YYJVY,202,21,26.22,No,12.79,0
bc1pk97mrw0c88rq6cassvpq0fag09em63evg4l7pzysm4u98q859xlqkhww5g,202,21,14.53,No,12.79,0
36wfWk3zK85qsx1uk3RqspizXaCfnns8RD,202,21,4.58,No,12.79,0
1N136xfnewVZ1UjuzddgprEJjhf42CQryc,202,21,7.03,No,12.79,0
185kcwpaWuzYT6zwoJG4AYAiGCg2wThLtg,202,21,8.93,No,12.79,0
bc1qyymmh6jrht07avgy9z2nc6gcmr3unt03y5lm9u,202,21,19.75,No,12.79,0
bc1pjhu7hj78lyhrx5gz243gfsrhu03ag5hrzplyghpnj99vc006446q6685ea,202,21,14.65,No,12.79,0
3KbfjNTaqmL4z9SuDqfKbyKxgnpuJfvFEh,202,21,5.34,No,12.79,0
36eAFyYCkoGJypi3b3KwwiPJZ9U8Q4xsH1,202,21,6.43,No,12.79,0
bc1qmfxw9rtpvmevf38ftv29pp3mw87zg4vu3kpa22,202,21,19.06,No,12.79,0
1Crvwny64uWPNBmvrgHegoL9SukFbRe7Rk,202,21,9.76,No,12.79,0
bc1ps5scmpzaae6q235vjlcvh0ss0hdkwchzkzvkm6l9najjxtamgcrssfkq8p,202,21,45.36,No,12.79,0
bc1qpdgwfslfe0063m5jtsd2gas7ucr6sys8st04tj,202,21,6.15,No,12.79,0
14NKH6nbmaPWkH9KnNeTXnkP61wk5sZSZu,59,23,25.88,No,12.76,0
bc1qh9cv96u6rz5rxhxqs3fsef0ckx7tc30gzka573,59,23,7.63,No,12.76,0
bc1qm0vc8exv8lx0s386ksmesf3n6y8pauqefhxv2e,59,23,6.28,No,12.76,0
bc1q3jwrcnq367y4yhgum2q4craapfyry2xz8vpady,59,23,4.55,No,12.76,0
bc1qthd0k29he9yswcjk5chtrgpzehu53534yhxrh9,59,23,18.73,No,12.76,0
3Qw5EBmR6fcXKPvkJM7hHfLET7VHNYXTAP,59,23,9.5,No,12.76,0
17XLmJhoSTTVDSZHVBPJiyMDfB9eSsXbYu,59,23,7.4,No,12.76,0
1HEYyMjTBaFckHURGqNDeU79qCYCA6CMpS,59,23,5.16,No,12.76,0
bc1qj5q6r3lsxkwfryvxseu3x0a77fte0dkdaurvqa,59,23,2.32,No,12.76,0
36x5V3LSV3PjmQ94sWfDsz25t7Zg4pwmvG,59,23,9.94,No,12.76,0
13dFFuv84TRSXVJw2o4TvyWTGXUXM3Hd1k,59,23,18.09,No,12.76,0
18w92nSFvnVAEMu1X8FFsJrLZg7hckHR5S,59,23,10.52,No,12.76,0
18u4ycn8pGsTPFZXMFf2Ya9qJHTWEg1Yzj,59,23,40.13,No,12.76,0
32DbVVHp73UpwBJS9PWp18QYECSdAkZMK5,59,23,24.88,No,12.76,0
bc1qezfc8gpcfjhpkqlqc2u56fpucc5pqw86vhfu67,59,23,13.96,No,12.76,0
bc1ql8xs79eacynqtwe5e549g4hdg3xjv008a6q4dj,59,23,18.28,No,12.76,0
bc1qryxyju25dxj0486uqve9kp4k44tx4etsg4z3rw,59,23,15.85,No,12.76,0
32UF4ZpMnrAximKChyLVSjziMUtBSZSVch,59,23,12.36,No,12.76,0
1NaVxSCjMSdZpZmFuVWU8VF3DSskJwRWWR,59,23,15.86,No,12.76,0
bc1p8gqd5t8ycny6fu2u4e2kwq5cgc9aal9mavvk2qqva6xzy855s36q6uphrp,59,23,6.14,No,12.76,0
3AvvH4gXrqYBfKm11P6yNDNXdVUYzBUt4o,59,23,4.25,No,12.76,0
bc1plenu3yve08juk4y4kfspr4rfa76g8sjh9t6phmnsx5zw3766m3gsprark9,59,23,7.8,No,12.76,0
16VpEuRfmsw1fxqc2mprQYzQuwdktDA5sr,59,23,7.96,No,12.76,0
3C8gwcCZKddzfxAttErCKxZ2vUA8aSg1Yi,107,14,2.94,No,12.71,0
1H1VUYC8K2Si7KqWfCrcg5c22Tj598XWe1,107,14,15.63,No,12.71,0
bc1qf6ccrjxcyjhkvzq6mcrzy8uddm2z2dvwukttst,107,14,6.72,No,12.71,0
32enAeiZ1LV7NW5r5CJBVPGSzTGQGttDA9,107,14,4.38,No,12.71,0
bc1qsqp55f3wf2fj3tfwwu9mx955xv32lg6hd7aaa0,107,14,6.95,No,12.71,0
bc1pf79zj0jf8tuy0pldcfnmucxkdcyr08h2uq0q5y6q6606346s3z0s52z42n,107,14,43.81,No,12.71,0
3DNoVDGSNpFg1nFPuSN9foLNcw4wimE5ZT,107,14,10.56,No,12.71,0
1Ma5t9yGbdHWbguCQF2KUYbxhaYXvQLA9B,107,14,14.45,No,12.71,0
bc1p5nukuaja2uz4qdeqzyy6wexyr7wfuq4x2vafz3qfmrhs45s4x57s6hfqru,107,14,2.55,No,12.71,0
34pZnn5hme7oen7Sh2C2D3AsE1u4BzdHGT,107,14,14.54,No,12.71,0
3AMV9KShgYnNVLE2e3ERm6HPckVkYp1R79,107,14,7.31,No,12.71,0
3CATshukcsmHgZqy5iMyBE6gq5goweZYJr,107,14,18.58,No,12.71,0
bc1qezkur978f3xafw8t9zpr2w0m9xvuq4c28683z0,107,14,8.65,No,12.71,0
3NkHfHHdxHXXjYRT4CjrkcP6Vi9gZjpYEG,107,14,20.84,No,12.71,0
bc1qjzyetedzmnxkvq92un07fz56ngrvmz6l94nmzy,36,16,3.5,No,12.68,1
1NRfMDuoUyrysfEVvr3ueyaoBzeXzgxJTW,36,16,56.43,Yes,12.68,1
bc1qakau8e4xsgjlth40zjsmym5zyyghr5rvnkjnz4,36,16,14.83,No,12.68,1
bc1qyxea44ylrwhn8lrjyds0cvut48ycrv9enjxh02,36,16,10.5,No,12.68,1
1PJT8vJrMtz8bWaoqw5Eb1xdpt1KaiJEGE,36,16,11.16,No,12.68,1
bc1q6l4xy6ptr3vvyk2r7pegwxfx4cjlmnnx0gl85l,36,16,7.95,No,12.68,1
38XhJZqstMVunxwqmfpXsd8nMRRp8qzsq5,36,16,4.77,No,12.68,1
bc1qesps5pnyrzs00j7u94776mmstwsruuqcc8lkzn,36,16,15.79,No,12.68,1
bc1qgh3lpy8hxat7x62l7npzcz3rwzvxdcela6av56,36,16,4.03,No,12.68,1
1icuqAK7kCEeqkE8yXFVPJmRdEuyhkkes,36,16,29.35,No,12.68,1
37UAsKCLUhCpb552r4QCmuSTfm5eXjhNyr,36,16,4.21,No,12.68,1
bc1qpk2wqsy8v5nghuagpu59tl9w9vgvrl9sdts7rs,36,16,14.44,No,12.68,1
bc1qp2s4yjvv3xkzt8spt4f8xvh42uuagrhny4rm9r,36,16,5.58,No,12.68,1
bc1q6a6esp8d5gup9cr8ez8wxl4jxdnldkvkmqpy8u,36,16,9.01,No,12.68,1
36oqe6mzsZxY1dzRx5BUrwRxAp7zHZXUDL,36,16,2.52,No,12.68,1
3LXLHZDUoHz6Sj69y7suQ7CQfPBbwv7AdX,36,16,8.76,No,12.68,1
bc1q2gku09pg07cyrdq3jx4xmqhzlp7fzmncuunxx7,26,17,3.58,No,12.44,0
16Lehsi5qWUpYAxNB99YKgTD89NMryFiXH,26,17,4.56,No,12.44,0
bc1pkyej2jjug2f5caqdmfygj62c8k7jvhcp0h9evewtspa5j45huftswlq5yg,26,17,6.29,No,12.44,0
3Q8yahSJeDoQcimRCw6hamRFV4fSTwZbf1,26,17,9.82,No,12.44,0
1LR5Zq51nvCwt4Crquk4fBWi47YKVcCLoc,26,17,4.13,No,12.44,0
bc1qjftfcjq4t7gn4p08dz7hy5ysttv6l3zclmtsq7,26,17,1.46,No,12.44,0
1KNUvttPjMFqsUHm8FWDYzprb4cNMX5Us4,26,17,12.91,No,12.44,0
bc1qq9sq5q2fklkcwun5cg2cal5y6qsgj6jl70edus,26,17,5.6,No,12.44,0
12HLqcqDTp9vbcs2F1vuS9TGvEkpsbyRoL,26,17,18.83,No,12.44,0
bc1qa2nvxefm06j2kh2220ceth98eqglde5ey30far,26,17,27.98,No,12.44,0
bc1qcfya6afvqhhfsaxekws65c8hmx7m9kq5anzumv,26,17,31.33,No,12.44,0
15bYNCfbZVjTxjvu6rNPyhs4KcXPBtHQj9,26,17,4.37,No,12.44,0
bc1qj5a7vpxld0qy5mq4l3syfwjl2muq59pq3khqk5,26,17,11.19,No,12.44,0
3LgjpD2XRFUpC7wPJ2xt6ic88cUEcFYAxW,26,17,17.61,No,12.44,0
bc1q5jpxuyhxe3d2g28wr55q4cl0qaxws5ztsz9afh,26,17,32.44,No,12.44,0
3Fst8n5tZ95z51uNWZN1zj9uHgUXgrW5jW,26,17,5.9,No,12.44,0
14gfGtCDmtJ6eMX3EoM54bMmx4qGoKrCip,26,17,13.43,No,12.44,0
14w7vGYZmoQvyNy7DqR5xZxgirfT4vTBfK,207,24,9.39,No,12.32,0
3GxKYjqbTJMEY57jwgoqT2HMnysD9nEmTN,207,24,29.62,No,12.32,0
bc1qstz9fcykt873kdw9rsfr0gcavejlfq0dfc5zdv,207,24,9.34,No,12.32,0
1KPwPMtCxGa2QmjYc8FiM6ky15pdT4u2to,207,24,8.92,No,12.32,0
1CMVEP8kiZJ4HZxKMUsm2ptWx1jTBT9Ubm,207,24,7.24,No,12.32,0
1KnCmYVVtnq9icdH1XBEDDqYxF9z56MANM,207,24,1.49,No,12.32,0
bc1qs8u6surlza7e0xgf20cxe5mtjr2qlgvy7x30hh,207,24,11.64,No,12.32,0
bc1pmk4xsynze0mkhed954mwjau4knjwfk4gl6mx6pjecc2ayqxyu7psv6a7z5,207,24,34.02,No,12.32,0
bc1qwrx6feqvpp49g3cfw05x2dhe04udszgtry5u79,207,24,13.81,No,12.32,0
bc1qfamekeg2y70hfxezdguunnk9x96m6pf4jzj9td,207,24,4.99,No,12.32,0
bc1qj02es0f3xccd8y5e5yl74r548nq7a75jcmxrgp,207,24,12.05,No,12.32,0
1MZnQrQh5ByVWsJgYVBaVuXcahAK4FJCix,207,24,10.5,No,12.32,0
bc1p53p2fxghqn6rdecn66a99nf9hhfv46lqmsfplwmsdh6r37zse4cqzwqdks,207,24,20.72,No,12.32,0
bc1quqnjkqpp4ccw2dsh3fmuul8mm08f97dvawjprh,207,24,2.96,No,12.32,0
bc1qsqf2j6vz72duvrg33z5ugst2xl3rwl2dfyxvhg,207,24,1.49,No,12.32,0
1PS5dFs9srNXmhXgwd7N7ByoxjhGFGNRFx,207,24,3.98,No,12.32,0
1QLBxTvCPLnau7pHUAT12Szd2HvEnQxRZS,207,24,13.83,No,12.32,0
bc1qf6uxuzt4eawu53andscxfcm9hdzfpyyrftcy0u,207,24,38.36,No,12.32,0
17GWWsznPWE72ZE9NnRWj4aBNN7Fni8PaM,207,24,11.46,No,12.32,0
1Maw9NYkkMGjoie557gAF2S3HjaqYbAoso,207,24,3.89,No,12.32,0
3PrXbqeuVQSV6PfN5asNJX1YrFFdDNsuFT,207,24,3.84,No,12.32,0
3LcAhTVnfWcTTJ7adv4fpYA3f9ASPd96S7,207,24,11.3,No,12.32,0
bc1qhu8hd0sc0a74tyesmmayf608vwgs83lmzrtvyr,207,24,5.17,No,12.32,0
3CDixmYSWBsi95Prkr6NbEkpEKjjNZaFpU,207,24,25.74,No,12.32,0
1xgUsZ8Bme4vseYMw1dayaoCZTux9vRJP,230,13,12.27,No,12.08,0
3NdDkGWjEv8qWwX8kmaoLfCQLRB4QHtSk5,230,13,13.77,No,12.08,0
bc1qz87lae4lx3f72upr4a7vugpj40mp47tzerwpe2,230,13,6.77,No,12.08,0
1Hdang63WMqnSx1yn9rRrvp1JRChzAYz97,230,13,3.41,No,12.08,0
bc1pqjkzw8qe6k2v7pphtf9wd74ymww6twz79g8de8eaqn88jkn329dq5ltehz,230,13,3.26,No,12.08,0
16TZ8rU4jhPXkghfRNodXCy1PYWGDU4jSJ,230,13,3.53,No,12.08,0
bc1qurezp0lp95uprd5lr0h6wnv5jgdyjnmgnktqka,230,13,36.76,No,12.08,0
bc1qyz8uqxd3u4g29csqufa563u6qsrn5ndz6y543j,230,13,10.28,No,12.08,0
bc1qvlx85c2j6phxmw5wrs0qqu48wlhdxcaryn9nht,230,13,8.45,No,12.08,0
1BUaZwULfPuidBRBFHLu33rdUFT67VGLAS,230,13,22.4,No,12.08,0
32G4gQu7CwD9c4FG83eR9bM6Ev6zUwLH5A,230,13,18.5,No,12.08,0
bc1qfkyvhpp5pdcudtkpamp96xyyas3k4aecvewk8x,230,13,8.52,No,12.08,0
1HVZdYQCKtiWqMey4Ni1wz6yv5Ysh6Hsv3,230,13,9.14,No,12.08,0
1C1cPuVMg3A1QnLwaEgb5nscY1D57sHVbR,225,17,6.79,No,12.04,0
bc1ppgehn2jfhrr56g6e7zj2ltw2zkkw93azhr0948l6g6dmv3t5ynysdz354u,225,17,0.76,No,12.04,0
36xu6PVSU8wv6NTqogo1HokM4nBZttnuim,225,17,2.0,No,12.04,0
bc1qp65w8grv2l34lvnksws55u7v9xm8as3tw3atu6,225,17,6.67,No,12.04,0
bc1qmjdnvrju5zqntu65wje2n6t98lsd6g32y2mkew,225,17,4.84,No,12.04,0
bc1qmaasy3fgea62pfklr5m9l24556hr2m6f6wv09e,225,17,11.19,No,12.04,0
bc1qklrmuwtf8uy243gp039vpl66nkm49tx2wfk8t0,225,17,7.59,No,12.04,0
bc1q6qrzxzlpxp9eqnv0zkqv7v095klmess9gurg26,225,17,9.21,No,12.04,0
bc1q0thkv2l5ynx8vjxyp7z0v2hqyzc8ywaus90z9q,225,17,19.59,No,12.04,0
1GDoYLqgnacWKoSto3vaCEYrFg8z4jxnK1,225,17,13.39,No,12.04,0
37nvrBw7Ao9TbuqXCJJh4UXptKqKHtre7H,225,17,15.49,No,12.04,0
bc1qd8wuhnwfz8uwdw65wxt30w25ahgxgtg7xj0cd7,225,17,21.03,No,12.04,0
1F53Es8ufBnUS23rTMX2YFZqujsnKYRcdr,225,17,1.59,No,12.04,0
17Jbs2Rz9vy6pcfgcUdN5APPzQgEXQKdVg,225,17,7.12,No,12.04,0
bc1qtaunqq556xcw995pruvn2mw05tmvvk9t2735ne,225,17,37.69,No,12.04,0
3G9P5oBHAbbC2MtBRAVeDAy25ZbNDmmMsQ,225,17,16.43,No,12.04,0
bc1p50nyrz9qtgqs05dc8w9djzxpzcllv2aznnulq68d5tdttyyqggfqzrj62s,225,17,23.26,No,12.04,0
12wxLAxYXqxwFR9AZeEHK3Q9gKuq1PJa6a,139,13,24.37,No,11.97,0
bc1qkfwmjjmqumh7kt9c6rca6nulkzl4zru4xf2h89,139,13,2.69,No,11.97,0
1HGdrqMKB7FAN6AZpN7wFpJeSXPqM3b4Lv,139,13,5.79,No,11.97,0
bc1pn0r60n2vgwuarjenr80lglf98slv025p3pqt0kkh7pa3gmvwjt7s8p954l,139,13,1.83,No,11.97,0
358DTMhKniHRQeNnhMDKoKDAzS8HiyqDES,139,13,2.89,No,11.97,0
1JV3yikFeQJwsghFPtAiQXAfdXCJpwtE16,139,13,11.07,No,11.97,0
18CPn7mWAeZxMtn525KPRyzQ4A9D34WCXm,139,13,10.32,No,11.97,0
bc1psc79ydxu0ujfv2u908erkcyv5r9v6vare2evrfel0200xklx7v4swj34q4,139,13,9.02,No,11.97,0
1HD9c4VJx8p6va3BwjS3wqwKSj81xn43up,139,13,15.41,No,11.97,0
3Jb899zjeKCfN6ZQSDtjocsCfpcTPsqKYT,139,13,16.76,No,11.97,0
1GGbZJkfnoswNUkHoEuoRUoYEL1Cv3M3sr,139,13,8.93,No,11.97,0
bc1q56j7qfq06ufn4pd84uhpjplk86smde9srm8sud,139,13,30.06,No,11.97,0
1EUCZZZF4ci2cH4U1ahVVZTbHES3qs8QPo,139,13,16.48,No,11.97,0
bc1qqk9xtq4tszqcp4a7knt08ylha8ajzh03l7wuq8,218,14,3.7,No,11.91,0
bc1pdy4fwug7mmz72m4vwmmg8uwwl72ena9adltge30p5ydfdlpny9xspmhmsm,218,14,11.78,No,11.91,0
bc1qx3ufdunds829u9dlwz8lspdetv6dlspje5tl9t,218,14,32.38,No,11.91,0
bc1qx362n5scmd4gquhsm537s2e389xu6wepjg7wr0,218,14,19.33,No,11.91,0
bc1qmgkf0326hhf9q6jpus5vkr8lxku4pxvn33wts2,218,14,5.59,No,11.91,0
3HKJd2Ky3nBmwEkBNWwBRNVUsFVFLNtxdD,218,14,3.81,No,11.91,0
1BJkTVXwgJeWUYpVG3g1dVxPj7a1uAJYNG,218,14,11.13,No,11.91,0
bc1qr8yxzxvzl85rsf02e4lxy73nsdq8qhra4r4hgk,218,14,18.13,No,11.91,0
1GQEfRrHoYnEUFTfyGz7iueYJEfCXzSXZr,218,14,6.15,No,11.91,0
bc1p44rfv304np6mct9zzyrcjt0yamap55lm8l43p6e49hnm68xka2vs275v4r,218,14,1.06,No,11.91,0
bc1q2nvcycv9jpvsgv0s0x6z5hqjtfh7zhkfqfzvv8,218,14,36.18,No,11.91,0
3PLZp7dzDLmECxFGRQHhgYBSa3kPHC9yFC,218,14,7.56,No,11.91,0
1DcKk8khhkbZW9vYdnMhptaxWokSzykqrY,218,14,5.46,No,11.91,0
18ptokswURoT7SYMpxm4rFRRD2dzRZiLGV,218,14,4.54,No,11.91,0
3FtWdvxyxxFGXFgQnhfrfZDf2fJTshKmBc,145,11,10.65,No,11.7,0
1BHuUXT6eX2RCHuhGGZZJJU4gKjipwZyFL,145,11,11.27,No,11.7,0
32hZNoBLvwLkHzDkrRY5vj5dz5Wsh3Wd5P,145,11,1.73,No,11.7,0
bc1qdd06zhyyhqsu9qf9f4z68cxre3j4hm3tx270ks,145,11,9.67,No,11.7,0
3EV6gF3g1V5PSrQ3CXq8yRYNjZDSMmLyED,145,11,11.2,No,11.7,0
13kBU3fcBoLZL2LnTD3Qz53qaww8CvAUQH,145,11,14.98,No,11.7,0
bc1q39fvy3jn0r4t9uakk4jswmypg8jtswkgq363g5,145,11,4.45,No,11.7,0
1Let1GkqE5fU7tjZh16Cf21GmM9vdXPDhJ,145,11,15.92,No,11.7,0
3NFrSJyTYvp4rSGWtYkvyxZmhLaGVRWhyr,145,11,17.96,No,11.7,0
bc1pen52ze5e60azrltvrm4lvz65vs9hxzfn5pgjpvw4ap3xadxyvslqzz6c50,145,11,23.3,No,11.7,0
bc1p7h7utacftp2hvw0hfj8zy7z76r0p3wxqgqk25xn5mp0ryemwp92sfu0ruc,145,11,7.62,No,11.7,0
13dhnZd13cuRLP7L3cFzwwWxvsTzD6SPDE,55,20,7.0,No,11.57,0
bc1qdn6u99p29ajgumnevasl9x56px3w52xqmmw4y8,55,20,18.77,No,11.57,0
bc1qk6xmh24nk5m4zcy30s77memrheyh0tueuh6ptd,55,20,16.41,No,11.57,0
bc1pgvugkd9talh4hw86ft0404cyvg4tpckx8z3q430lqrhgpwhsd7lshk3eha,55,20,5.94,No,11.57,0
1LsTWk2paT6ZWwx1SLTXEVSNayQeVRc5cD,55,20,3.16,No,11.57,0
bc1qvazsf9ghjtljwwy7wu56w750aumn028scp4f3l,55,20,2.35,No,11.57,0
1Cw3pQFHg7Dzc65fsCTmpEZSEHcyVALb2X,55,20,4.49,No,11.57,0
36UUwqZJNvNacCzuHbh2UjPSKsaHo1sDMz,55,20,8.79,No,11.57,0
3E1nZswHQD4VLh1tf8KrSFw6EVkGW3APsj,55,20,22.67,No,11.57,0
3CChcPC3Jp5BMRPNUiqbo34ADPie2k3BZ2,55,20,18.18,No,11.57,0
bc1qh0vn86snq7krtjvw766z99xfk2guaeqcxwal67,55,20,13.71,No,11.57,0
3JRUvBj5fsQ52zYDaCyi4ofq1vFZtQhX4B,55,20,7.04,No,11.57,0
1J27AWp37pzCnUn7L4T1y9Mkv2FHd3t9Qj,55,20,3.61,No,11.57,0
bc1qwv97v7ncv0mjdxj9k5ecf7kh54hwuac8kln02n,55,20,2.99,No,11.57,0
18TnyezLGHBsejPgWDyU2pvNF7geJwkgMW,55,20,21.06,No,11.57,0
32dyyMbLKoDs5RqF2mg4uFzYoGUZzYnzXo,55,20,2.35,No,11.57,0
15oJ9a9a5hZhy7obrpivEELVzSCi5mWw7v,55,20,22.45,No,11.57,0
1LUXRHSwq7NohwQEApcKDkxWuzywTJayiE,55,20,18.19,No,11.57,0
1LPoGJxvBBv21i2vpZjwQVUFM6K5SMoakF,55,20,13.81,No,11.57,0
328g6pPD4iQwM5wdBS2GN9nV5wDWCtui1r,55,20,18.35,No,11.57,0
bc1q32mtt2j8cfs7866aflrmlpkjjvt0gj5qk06djc,25,23,13.96,No,11.56,0
33ztSLcWkVy6LDpDmxVsAYFps6nbHLZJ2r,25,23,16.42,No,11.56,0
bc1q7hqvux2cysvs93yexny8fpkr6raq5q94cnhptq,25,23,15.89,No,11.56,0
1BTbcGxdDEbcef4f82w38ucVj4DjHQmcsg,25,23,9.23,No,11.56,0
bc1qxkv2hlpchlk0unxcln2qc6zmxjnm0eqefgdghq,25,23,25.4,No,11.56,0
bc1q05pqv0lafg6pnv89s3rvs8pa3lmsvwfqfd72yw,25,23,2.69,No,11.56,0
bc1qhjzwgrkeefartf984ch0sk48rarv64xgaphq5p,25,23,11.81,No,11.56,0
3L4JdSBKMxAqM3LZwxYhhVaGANzwfaWe2w,25,23,12.82,No,11.56,0
bc1pc4h2jplqr6urm4z34apylpst0gamazwuea5z3qft3tu2mtw9r6dszva0nq,25,23,5.37,No,11.56,0
bc1q9fv3rrantgwqc8e2jw3agmuu9vqq28avxvg3kg,25,23,17.68,No,11.56,0
3EZcLrPchr9GZRC25hBahbPwyQqNjP5Lad,25,23,5.11,No,11.56,0
1BR9ifgAiXXvWCh3DYk4Xt5c38hZNsexqe,25,23,1.05,No,11.56,0
bc1qkm9k9tf0xhqx3s4w5485cr5twmghxya4xl2t56,25,23,11.7,No,11.56,0
1DnFuxkt1Jixcbky6U4jhC5xWu8P4GTtkM,25,23,24.51,No,11.56,0
1CfsHMeiZhjHv7ovzZu6NSXXcfR6rrgKQb,25,23,9.84,No,11.56,0
bc1q6ueafrawve5jvee5ma4tmjkad0rfng5rsml3fy,25,23,4.94,No,11.56,0
bc1qchpvhc0k0cdtzfqg20wt8ehtme26zcstl06ctl,25,23,9.95,No,11.56,0
bc1qe5jtw8jlhzanwf5m08wpwemt8lhcr6c4987rq6,25,23,10.62,No,11.56,0
3Fn7Fy8uQaaL3dfN4z4MmMAZUtyZySDGHa,25,23,1.48,No,11.56,0
1DUvqfjbsmg9dSrprsSu2Aj9DRZMH8eeWb,25,23,6.05,No,11.56,0
1LCjGwjn5JRZoc4tC6PfHz7JwNN88F9kCA,25,23,3.94,No,11.56,0
3Qte7SVby9G6aHr31mR4yoMKKorSLR4g3Y,25,23,31.46,No,11.56,0
37nHJbg3JWGVn2hHdFAwh8EFeMYnfUKT1D,25,23,13.89,No,11.56,0
bc1qwpn2hpa7s64k6mlzygxvtjf67ycmvllxx9hxsn,180,18,20.6,No,11.48,0
3JpkambptVrArV4dcnjJByoLGnrVTZdBtZ,180,18,3.28,No,11.48,0
1LysM2zSrYjkXYLmGreBeLB6izqF9oQNsj,180,18,4.14,No,11.48,0
bc1qvq84jmdq56d96me3zdywlvumcx4sjaa9wr7d47,180,18,15.4,No,11.48,0
bc1qtrtu6dfumlcgn6r3cdjkvaf2zpxcvhxvvmvkvy,180,18,21.21,No,11.48,0
3KX4fzXsghRVb37Rxxe7mvwoJpm5VZiVNR,180,18,2.76,No,11.48,0
3HmMeNBc3tT5pxU2zZ4JerUz3ALnvBnVn1,180,18,2.32,No,11.48,0
31xT3V2PFnYJ3e1duCYsh6id56UTPUCBMg,180,18,11.32,No,11.48,0
1AZc8RhRj5hLBCgh9MPottWnZUxFGTmknR,180,18,3.32,No,11.48,0
bc1qgjgwljhep3fdqnf6j6xz4vxn2907tzt3ezzc33,180,18,12.47,No,11.48,0
1AVDhDZXSXZbVYLZ9LStzqyB7mVsGDxsEQ,180,18,4.99,No,11.48,0
3DodLq7NBLBVV5RxHi42dzFtoukyCEAJZS,180,18,26.87,No,11.48,0
bc1pejf2qka7qscvkywdzhm9rdn8hhlrnrve38sny28schfwp4q6tcmsf4qe0h,180,18,14.67,No,11.48,0
bc1phrk57u9kwruf2vvzywernedvk63rj03kgecws6a2ragr5pert08qele0c5,180,18,13.27,No,11.48,0
1CPB3mYKmGLFq7Q1uUYuqph15WL1AeD32S,180,18,12.2,No,11.48,0
bc1qjxwz8uc98aswxys7gff2402w27x9y7rraku6d7,180,18,4.72,No,11.48,0
1KJBKzaf6Abixq9CUNjYcK6gqBJLTa5KRV,180,18,11.55,No,11.48,0
38KqinAS5QGKeEwPaY2tusv3HmisC9a2Pe,180,18,21.57,No,11.48,0
13Qe1XbA5zSuuqJmUuLK57hCMmCjnUBQpR,155,15,11.89,No,11.41,0
1Kn8npREQpEdHnmwzZK1jqKCwVERL2RFgu,155,15,10.37,No,11.41,0
bc1qhwpeyr66lpvhs5e5a6aa7fp5gllh5qamak3lmk,155,15,8.32,No,11.41,0
3ARY5ComZxX2s1YDUGTwsAMQD2ornF1Je3,155,15,18.08,No,11.41,0
3Ej8X2YyHFUCfwGKUL5jR3tSEXgFPL9hjg,155,15,16.25,No,11.41,0
39qqiSCBBVxefeQbFyXzqsy2xeNREfX3Fw,155,15,1.58,No,11.41,0
bc1qaw4hdp6534g34vjlvr6qefnhvdmvjjvnwflxxz,155,15,21.11,No,11.41,0
bc1q0h3ekw9ly706ur48cq27dt7s9x05wykzc5x05y,155,15,14.28,No,11.41,0
14fGMVwzpK5KUqko58JVzbToMJftSCAhED,155,15,6.93,No,11.41,0
1PFfpWFKnBYaUjGgrS7yGXyC36hnAnNmJn,155,15,5.13,No,11.41,0
1P8ReqSj1oohojUQzXX1bteMgSkPq9nMnR,155,15,10.15,No,11.41,0
bc1qjm00d56y7pm4g09afyqdctxf77j0m768uwpf2k,155,15,2.99,No,11.41,0
bc1qexn8wm3g499fdn0vxqwyf4p9quc44csa3y6ku3,155,15,9.8,No,11.41,0
18W55j8QYGGkuAx3J1Ayq1CG1ymfXKcHWf,155,15,19.81,No,11.41,0
3M57mLjoagy2gG5ySLfgvK1WNNUBHDZEsA,155,15,14.52,No,11.41,0
bc1p44j2nuhr5n7rvs2askw5l835ysaql2hret8484xxxzqsfqq7hf4s9qz2h3,123,20,28.92,No,11.27,0
bc1qwr0er37sucgpgwyw9n2qsshqnspxn0kjdryz9e,123,20,11.93,No,11.27,0
bc1qwc6qdvja2ppmw687cnneaygzrhert2yc5hayms,123,20,8.96,No,11.27,0
bc1qefmz25yw0htfrjnfkmsn4xw6vzwp3wzafwr7a2,123,20,3.58,No,11.27,0
bc1q2n4w5l3lk5v3p6x608eums4utawnls3sgdapkf,123,20,2.99,No,11.27,0
bc1qr96j654s2mufw390lnu6w4l8sef3ua3c2409px,123,20,9.48,No,11.27,0
1LZEiV3k2TzYEvRonFWvJT7jJyLwRZm8Cz,123,20,30.75,No,11.27,0
bc1qyly9lychsy2e2zz77hynme4geu83va2xj0yjvm,123,20,8.03,No,11.27,0
1JeRYTuXgorkCY8Rw2FTzs4RxMfY7eiyyr,123,20,0.24,No,11.27,0
bc1q3guav9dw6p3qpuhy6en83554dsj453ys63f5hc,123,20,10.98,No,11.27,0
bc1qhyuc09knkct0tqzelaa6fffxe37ekgy0rw7v3a,123,20,13.84,No,11.27,0
bc1qjujmec0vlhfveyqzadahkermwyy048zzq4cuq6,123,20,3.36,No,11.27,0
3PdnZPg9LNawQ2xAdSvRPzFed6CAWEyJjB,123,20,2.08,No,11.27,0
bc1q396ha26ua49aryph90zpzjwq6vqz6uxf6cfzfd,123,20,4.88,No,11.27,0
1D7jz49Hjo9WT5GBAvhhYJgvnGpGe8tFTH,123,20,7.61,No,11.27,0
bc1ppdynf50xdprdhpu5lgl7xevyszplydz5sdkaaxtjvwn94zwk30hq0c2fhw,123,20,5.76,No,11.27,0
32ZZdQWp1TgpjDgpGMa87H7SxT17wTfPhK,123,20,24.2,No,11.27,0
3PZ2VCW48mpuchsLWkK9Ng6kinb1iRGG1G,123,20,24.3,No,11.27,0
bc1q49nvv9vjvjlu9s6ygcz33ftskgrgpffkfsc4mn,123,20,14.2,No,11.27,0
1BAqjLu3y3WDyuimjpwUbTdCmyZpXn4BYX,123,20,9.31,No,11.27,0
bc1qxsazp7k6fpwfumr8yfexgs3pnfuxfnx0z49a4g,47,22,14.19,No,11.24,0
3NsBuw55x3UWPGXhPurcusEqhCG68fiYiF,47,22,2.82,No,11.24,0
38RGHham9aoXDi2u8nZ3tqDmEimESeR1MH,47,22,3.49,No,11.24,0
1K9XyyJMfv89v1hwqSGYuwr8Yea21Y7dUo,47,22,18.02,No,11.24,0
3MDmv3jgxUxWjpdPur92yuRMcXPBxg8Lex,47,22,5.22,No,11.24,0
bc1qw5aw50uc56cxnddhc0c3yu4q58tqy0d8t0h6us,47,22,30.42,No,11.24,0
3CfLeVbJV2YqhFdBFHY61ZwmxjfcEs33gf,47,22,8.7,No,11.24,0
33TVoxSbDYXFjAm64Zac5K5einfx37yUyX,47,22,7.12,No,11.24,0
bc1pn5gfh7lr7upsu5vmy93q97d8dxp22g7kwftwyrmejukmznh6hs3qwqc8nc,47,22,21.74,No,11.24,0
bc1q6hxtm6wy5k6jr90anhwz4p737nx3lds35u26es,47,22,5.58,No,11.24,0
1CedgQ6EtwonWthw8HjREgPUv5dZrGmAgK,47,22,4.69,No,11.24,0
1L4XJN4XrJev3wdd37kwNMEJc52WC12dzS,47,22,15.84,No,11.24,0
1Nqj9Jhogn6MLQUbPNKJrqFDg5cW92ZXpP,47,22,3.47,No,11.24,0
13YRxGSQb8HnySMnnw36rmV2TzWsGP6bC1,47,22,12.81,No,11.24,0
bc1qp0ggflmap2nacsjpnnuy44qhr0gepgvkks0ldf,47,22,16.4,No,11.24,0
bc1qt3ejx07g5m86jv2jwme0whez2kke249zfl5m0h,47,22,19.92,No,11.24,0
bc1qz7lq6pr42edckvm4mw77wus3m7ecz6kj4f2yd0,47,22,11.21,No,11.24,0
19panPLpxtXDaH4CRX9RaAtapwzYF9iSpf,47,22,10.82,No,11.24,0
174GZ5KHL7PVmnLNTkE4qzUiHMdw2BDDX4,47,22,11.77,No,11.24,0
1NkYdmxt4mnDgJPEi6yoGiikgtrQwffY8t,47,22,1.53,No,11.24,0
bc1qgv28gakhkrmwjsnnkcyyype4h0nmmr0qms876c,47,22,13.65,No,11.24,0
18kyBRDUVSifteTLkGnL4zVHm4ZNGZSSwk,47,22,7.96,No,11.24,0
3EWRwiuzDo2VySuL3Bn4Bzxy7i9XW4NFRz,146,16,15.7,No,11.22,0
1Kv5V2eP59bsqZ5YozEJ74Z6CxDDR2GYjk,146,16,11.0,No,11.22,0
1ArsWbrbnCcxEShmR1sabncHu1Mdhg2QpK,146,16,3.41,No,11.22,0
35T1enfdKYXgR88akok69tAx6Y3G1ERqpS,146,16,3.92,No,11.22,0
1B1LqvAJQjJ1kmjC6WYKgf1NACucTR9uPm,146,16,14.58,No,11.22,0
1JrsQiUoU3iGKHjmk5LQwpgq1jLRNmbYrj,146,16,23.05,No,11.22,0
1PwrspztDQ4TtEX1ikDopYAPRRSr9s7Hp2,146,16,5.88,No,11.22,0
15DZ9DrjghBu4qV448tfQHVHQBZmatMxYr,146,16,17.35,No,11.22,0
3CJkw7HT8thLYPPKWs7oHHKk3geYKQfsGG,146,16,10.97,No,11.22,0
1F3CuM5ZFnRZ8CoEyFW5SLY1B1ZP6hz8qo,146,16,6.81,No,11.22,0
16oiipoASAa4Vj73nxJqBx7J12dqJbSAa1,146,16,8.88,No,11.22,0
1MDkwYRUszxMcffyzyWWD9c6tMH5xgFQYh,146,16,17.19,No,11.22,0
bc1p5nu65277wkvy97pklmn3lmkfh0ze4l34w67t97tf8df077nm7l7q4zu0wr,146,16,17.72,No,11.22,0
bc1qpympqahrrwawfkm3gt4swcj4h86ce6cseqj4lv,146,16,3.49,No,11.22,0
bc1qm7hkl2j4lk6guuer85ld3dz4mnl8yr7kkxrfxn,146,16,17.46,No,11.22,0
36Jxmhcs5btMv9ZaySCwL8oYtbjbsZh3Zs,146,16,2.04,No,11.22,0
bc1p7sf4clct923wt7ygcxxh7ksvk94tszm8etvga5zvsqmgak7n6cqsfy2cn4,217,8,3.87,No,11.21,0
16HXd6BbCqr7z69U5W53ZPq1VhU5kSVezj,217,8,17.68,No,11.21,0
1KEbnVEp7m7gvi8p5SboJ3T65QsnRGXy4h,217,8,9.83,No,11.21,0
1P5iiWe4YrAyy6V3xs5fsZxN6ZKjeEfjmK,217,8,10.52,No,11.21,0
3H3sPsx8PGN8JFm6vjC84VWcZX74BuLhd1,217,8,2.89,No,11.21,0
bc1qdcmyhgdh377wamc86w3kuupse4zep05wukdqf7,217,8,9.88,No,11.21,0
bc1qfmk6nuy068g3rtjwx04pnp9k8kx38rhzfkajum,217,8,16.69,No,11.21,0
18kjGzHty7Ua2wsBpz26MQpX41igspnG6z,217,8,18.29,No,11.21,0
bc1q00su33v2sga39ayv6z4e6ct3hrcgxu48075vhv,3,17,7.26,No,11.19,0
3A1TVXLFeC4jk7R6qGhGeYV59c3kuFhQGA,3,17,22.52,No,11.19,0
bc1qfhd8xu8u9y73ff7jacvpkklah94r9yhqwm88h9,3,17,9.2,No,11.19,0
17tthvi4afdn4oMVtBffycapU4w1fUb2PF,3,17,5.05,No,11.19,0
bc1qjnvhr3jvyk9sgnw2calprq69vfxa320a4gjpry,3,17,13.95,No,11.19,0
bc1qpwc8g3ffut2v2yrn8mpd2vmqljp6vwfeenfy2u,3,17,7.92,No,11.19,0
bc1qj9z80ql4ul9k20kzal29h7z6v9wc7gl2k80f4n,3,17,19.53,No,11.19,0
3LZWZA3hkj9FYzZ5BwYGXnZGQSk2ftnkpe,3,17,5.55,No,11.19,0
bc1qpxap9fu6kerymdvsgvklzfjxzrewpnug7x8v87,3,17,8.44,No,11.19,0
1Dtty2geBSNovZ5RJxxWaQ4zzQue5z7chm,3,17,12.34,No,11.19,0
3ASGHURfoNgGVNDMKPnqpPxSZ5gx7D51T4,3,17,17.56,No,11.19,0
bc1qnryk3enfgvp4arvluxmpmx47dvejde9qmxhrnd,3,17,12.99,No,11.19,0
bc1qz5lzsu0gwrs42awgsz4kcacs59aqhg27k3tuly,3,17,5.15,No,11.19,0
bc1qjh8n2c0j0tefmh745gnsgc4qs56dxuxecymxzv,3,17,7.18,No,11.19,0
1H5D4gk2GEC4jiQQbYySkqW6maX9hhibTJ,3,17,4.41,No,11.19,0
3NoABVynPqjPnNVU2eBwCW88qSQgoP14tM,3,17,15.09,No,11.19,0
bc1qkueu0kg9znxt2d4zfyww6lt3n9d3xqvmm8hr48,3,17,16.03,No,11.19,0
bc1q8rpluxdglmmny4ulud30c8ej3s6rlsgekttuel,60,18,4.21,No,11.16,0
bc1p9ttmv43tmtsj7940j8zapax3lg8gckn0aa3gyethpyz4mz4fre2shjazf8,60,18,4.32,No,11.16,0
bc1ps0r6465kjvz20m3mc8wtettln0re8dpvspvxzg0m5rzr4elehjqqkmvgxy,60,18,8.87,No,11.16,0
1CEiPQ21d1GyAGDcwTCjN1eMQRNsUibxZN,60,18,7.49,No,11.16,0
bc1qw0h99j2y3zus09sxjfk7qe572znufdhksn4nrm,60,18,13.25,No,11.16,0
1NyvjHYKLuyeE1cN4J6bRks9i4fC4X1pQ3,60,18,2.81,No,11.16,0
bc1q6cmlpznda6e7cy32rju3vjrzv9tu0495v56ukd,60,18,8.91,No,11.16,0
3FjkU6HYzSkhuHJjjAKpinPTcV9u4uQnaW,60,18,3.18,No,11.16,0
bc1qh4wm4yjqsgu5l33cnmfyzha8skmxvp8my562lk,60,18,24.0,No,11.16,0
13HwiSw4Wi1Bc1XVmsDwrpzMkgqvLN4Bsm,60,18,14.29,No,11.16,0
bc1q4gry4xveu9mkncwpf29024pe3ezml5ft02mplp,60,18,19.43,No,11.16,0
39rS7fWHpoNyEgGdUPVL4iAe7WqCDWNd5t,60,18,11.47,No,11.16,0
3MmKYfNNoxSQT96pkLRU4ZqeoHVjwXuiqx,60,18,23.39,No,11.16,0
3EMfz5eoLpfCB5dqQu8wQXQB3zFqgKnyFE,60,18,6.98,No,11.16,0
bc1q3ermaq8wlazyxtj9w39zyjfcza8hpy6f5v2e5e,60,18,13.29,No,11.16,0
1F7SJAkimUeNGn6QC1ngGmScvVFAuFLAw,60,18,22.29,No,11.16,0
bc1q944flkysneeasfvysawg9lu50zznd3jqfymymx,60,18,10.57,No,11.16,0
bc1qr4dftn8aafpylu9w7wlrhsykms3czwl2dawuzz,60,18,2.19,No,11.16,0
bc1pdtny9xk02xkalcxh33wcxlqpwcl5ngwufjm2e5hhe5rand5ashpqmytpkt,231,20,1.21,No,11.11,0
16MqQUQU6UoYQVbCNE5A5GHoVoVED4Z4d9,231,20,4.62,No,11.11,0
bc1qpgmlw5p8xnjufqt5s4qtxgk6vmn60y67hzz6yg,231,20,8.07,No,11.11,0
3JecDg1q3jhmNW5965kufUeFYNdyButeB8,231,20,16.48,No,11.11,0
19RvUEpX5HYxXTQmPkxhJc4bysAcevvneq,231,20,8.16,No,11.11,0
1AZBbXFxBgxnWRMWBDRMZxCFsrQTzneiJM,231,20,48.62,No,11.11,0
bc1qnlgd7g3rj32g50zyc9xkfjjzk67cr8lnd8cltu,231,20,7.94,No,11.11,0
bc1qvts2xr0xx8rkvd9jfnp4dvtwgl2z8uvpacy6hu,231,20,12.97,No,11.11,0
1BLNBjNEENAZ9KRtVyksunsiHxVYNoMjNo,231,20,5.18,No,11.11,0
bc1q2unp3n7j6dw86wmrzzcr7pna4zmvymqm4yy58p,231,20,18.68,No,11.11,0
1L7gRA5gCMk5hBRPxDN21mjpjR8CFcqirc,231,20,6.95,No,11.11,0
1M8ehaeu71ofhxxkcsgH23LqEwHengj3Ws,231,20,3.33,No,11.11,0
3EBnpKfsXgqgbALyaYZUpSWPSmLGXKP3rg,231,20,5.64,No,11.11,0
1APPXg2DP7Wkj3hKcqL1zqy6bMm67xnxWV,231,20,22.82,No,11.11,0
14a9bkGrWNLrvAajkTgUVEF1jAe79m5nFt,231,20,12.95,No,11.11,0
bc1p29z26pul4sknkslpfnr8r5mk9gzcxgnrkfa7xu90u4y0vj22z7ks0fwlp0,231,20,8.39,No,11.11,0
1L2K7Ts5pD3JqeT8Qup92Nq6Tz1xH4ARag,231,20,2.54,No,11.11,0
bc1q420dyh2gl07tyht63h3s7vsd56xwn7nhqnhjd9,231,20,14.99,No,11.11,0
3KwGLhxbAQfPuNee8zrh61dFeK7SkbEDA2,231,20,9.24,No,11.11,0
bc1qz2m8456tt205slv43qrm2x6e0f8elzl70rs2m4,231,20,3.4,No,11.11,0
1PKjir2aUjvKrVbMyzWZWMsK4aLSYuhAj3,177,11,1.36,No,10.92,0
bc1p5khagd8wjgau3j3kpfjlc2v0ze4x3hvg9kxue5hrdakwepwx2s4qd8ne6m,177,11,12.37,No,10.92,0
1FofsGKd5YRFeKYNMatcBA5Gj2jpTUTGVh,177,11,2.38,No,10.92,0
bc1qkemytw6tfwrvt2sj9aka9u3tcpfmz6ny5gedeh,177,11,4.94,No,10.92,0
bc1q9cafwhsd6904xt6u443fwzzk838hf7q0mp0xsj,177,11,16.67,No,10.92,0
1EsnkLaM3DoNYuGYJHrJxevip8vyyd7Qbr,177,11,10.64,No,10.92,0
1DXmaUCBEZ2yJcKjM2qerXz1R5cwAm8qg1,177,11,34.22,No,10.92,0
bc1qjkh5l572rd3qll5p98dqeu4mhrx2xv859vm4lf,177,11,6.37,No,10.92,0
3NxWYPtvHLbRYGYCD4oAaWqnZKdVMP3MV8,177,11,7.09,No,10.92,0
34A7A76SLUBfpWwZme1nopAaTyNDakHFP5,177,11,5.71,No,10.92,0
bc1q44qeahc82nthgqvdu2th3yf4rkx09kl6wgskaf,177,11,18.38,No,10.92,0
1G1is8csiw4fSNRNXbi8aff9TGV2KGakTG,68,13,15.69,No,10.91,0
bc1q7053m87znryltndra756a82uqf0a4jnxkctfmg,68,13,7.45,No,10.91,0
bc1qjk5t89rcy4cunsk6rm6wrzu7j8nc4cptzm7lec,68,13,9.98,No,10.91,0
3JQFdqbZgfi9zESrpE85K4RcxSzgmiKQVJ,68,13,8.68,No,10.91,0
32fwD14jUfQtNaqQBB1YHnbdeRCdUKJbc1,68,13,6.13,No,10.91,0
39sYHZjiT6ScJXfKYhkAPXneYSwwoSDZ1x,68,13,8.55,No,10.91,0
bc1qcv3a09auy9ex65mvk3q37apu94kp3a4yrg3qr0,68,13,4.59,No,10.91,0
bc1p90h2sa64ttfkc7he6q5unfmmsphey7yn9x5wvnmfmk9h3mj06zzswgm52k,68,13,4.09,No,10.91,0
3G13yGgTfXDBuRzFMHmWuqN7ZoZzFsEG7z,68,13,5.49,No,10.91,0
16mUWTw9Qszofw7gAAuqheXuE7qjW4bTp3,68,13,5.52,No,10.91,0
bc1qxlenz256a2jwl9ttc7v44juvnne5qzvfvejkzn,68,13,23.95,No,10.91,0
19Y2KV8wmwJFK1Z8WkMgkLrGsiM3LC3W4R,68,13,10.3,No,10.91,0
bc1qlz9x72wtkkref7dyu5ldrst4a0cak9q37a7mgz,68,13,31.47,No,10.91,0
1GALRm86Bdo8vmGeuWzFJ21h845wnSPHFu,214,11,4.41,No,10.91,0
bc1pmvgl759gp3c2s8jtk0rfuxegeg5hz7hftja8lc9k0awg6696wsxq3mkke6,214,11,7.07,No,10.91,0
bc1qj8k52je9cckqh0sx940uauvwvlxmkyvjegha4f,214,11,3.28,No,10.91,0
bc1p7jyx8hs4mlsqk93qmjclm2ld2rxu7q2smwc9vuvfc8sp2ah2rwfsqwlgnc,214,11,33.96,No,10.91,0
bc1qkuesc9r7garxe6ya5d336wg5ew2g6pc2nuyqrp,214,11,13.53,No,10.91,0
bc1p2w0kpe3sffjtfyu6dt6f4l8xdnl7h03r5cn68vph9nsstrnxm7hqaammz0,214,11,11.12,No,10.91,0
bc1qzw0lelfy7zh8llt2z8nlguethvf0lhgnuu8tcz,214,11,2.33,No,10.91,0
bc1qhk7vnc6dp59a26qvw4yqcf20sh8leur56ghwhl,214,11,13.48,No,10.91,0
3BCZuLCpXmgYuKuMPa7Vphna8ouNafpqBf,214,11,7.31,No,10.91,0
bc1q6gf5dd9krnzth9rkudfa4y4rza9z96ehaxkvrv,214,11,15.59,No,10.91,0
18w99CWjMWYreFCXN1weNAKP25D4naR1TA,214,11,7.91,No,10.91,0
bc1plg2wlfsan8e390rxffnnnkel0eqwgkmc6zej8vgqhswxppy30acs97862g,87,18,0.94,No,10.71,0
bc1pk4xfe72sel6mut9zdp3xpxpqk3m7y3ge2434n7tu8kwqw440xwqs3yfge5,87,18,13.75,No,10.71,0
bc1p3v0j7lvz3drtdwyzg597yn5zj3kz265vup5uwt9746eh98lt6ynsmf7xdp,87,18,11.13,No,10.71,0
bc1q52tg6tg06a3tnpf65nw3fpjc586dj5xn03v9s4,87,18,4.26,No,10.71,0
1MZDSDKsXWYCwq6284riYFnAm3z3NEwLSt,87,18,10.97,No,10.71,0
15teJETreUJy4AfoMEjYvxSdMHPMD31REd,87,18,29.41,No,10.71,0
1kQ62U8UUXqvMj8z51Vo46skJwyWUqk9M,87,18,2.37,No,10.71,0
1Dj1AnaN6aa1RbgYwYtWHNQjLeeFwbsq8t,87,18,24.99,No,10.71,0
1LiXSQyDN6GBJr4PC6i8Ubd7J5ppqskf81,87,18,1.88,No,10.71,0
1A97bb1fFY5wcPeMKNJBGHEAymA97amm3b,87,18,1.59,No,10.71,0
1GXUnH7jgtEgiTS6jFr6v8C5m8xpdBoeyW,87,18,15.96,No,10.71,0
bc1qjx8zx8wxnr2xndvdyx46479mmsgry7curpq0qa,87,18,7.52,No,10.71,0
bc1qfktnthasrpfl09mtre4rk9dd5cv9582p6eyvrm,87,18,5.0,No,10.71,0
168zWHH8uofn6G5YPRuGqcFoU3QgfGo3em,87,18,14.04,No,10.71,0
bc1qrde4s5w83yzrrmm40fqsawku6qvpvnhw865f38,87,18,20.75,No,10.71,0
1L8WkoAXCRznG57CVrfqBBazDULjJ1xjgT,87,18,12.97,No,10.71,0
1LCpuPC9Y9zNHHAF5ywArTwNhC6iiYgsTZ,87,18,11.25,No,10.71,0
bc1qgmdeyvsln6ynlwg83kwjzmgx2c9l2x36wq3y8m,87,18,4.05,No,10.71,0
bc1q7dv7nw3w9ay9yk0hhze95h306qv2d0dy9mevan,97,18,11.21,No,10.51,0
3MiuhR7DQGfEJ2wekgLTvKuUN2U6Bc7C41,97,18,6.2,No,10.51,0
bc1pe5gfmk5g7uwj9jy6l386ktukkd8wjtcuh64hma0c2aap4eyy0hkseh8r4x,97,18,11.49,No,10.51,0
bc1p33l52ejpfzq9mmaez57w0s6ju2nerzddefqp4pw6yhkmtnxdpatqs5c05g,97,18,7.9,No,10.51,0
37wjcf413YfMLGa9ckd1KWmMSTKWRFYLy2,97,18,18.63,No,10.51,0
bc1pxpwsan2u2w0kg5t7vqzhvj9tr2rv5xfza3meghnhu2dsk6fqz47sma8w9d,97,18,5.42,No,10.51,0
bc1qtrf7uvzd5qhrqck96alqeufvaukcwqrm0t6k2q,97,18,7.0,No,10.51,0
bc1q0yqkhmeyarnn7f7uzmyk46xpuw448uhefszsj0,97,18,4.42,No,10.51,0
bc1pru2g989eu8l7m6scfdg9nvyrhzr28l4c2u2s28s0ct8mz3ec0alqppuney,97,18,20.31,No,10.51,0
33uDgTJQMEzwZPXeAfJKMBZsDPduyS9qBs,97,18,17.03,No,10.51,0
bc1q9758hnlg30xz9zfd066fw4fcd5kh2rex3k88cw,97,18,10.14,No,10.51,0
3QEQnDDMCRsn8WK9LBXa81fJMgVDS8zQZw,97,18,5.13,No,10.51,0
bc1qj8tah7t02kn6su8qx084wud2jnyhr8mq9zxxh0,97,18,11.45,No,10.51,0
3FLBks5q8C2QeiNqkqci8MHgujHT6VtXQE,97,18,18.04,No,10.51,0
bc1q6zhamt7gqagge3x9dyd4t6nzaz3xv2x5fgrt54,97,18,2.14,No,10.51,0
3C6BM9968n4WGpzUznrxB9ZtdJ7YCYxjHu,97,18,10.06,No,10.51,0
bc1qsjwwe0n54cn8gtz98m8lz2u7469h2vuvrevldq,97,18,11.42,No,10.51,0
18iW2TcZhqxqXUdRd3tZm7Eihv7Rz9Dvp8,97,18,11.24,No,10.51,0
1CrvZLEgUhsJx6mQkbax4CEYXZethb6eni,100,18,4.16,No,10.29,0
bc1pke2nrwqzlax4g2u5n9llegn92q24jj7xqnh8nwjmee6zwx7tygkq8k8nu5,100,18,6.91,No,10.29,0
bc1qvrvm4qukqdqfw4rvhy5rs4vfpwakhkk6jsxyg0,100,18,6.11,No,10.29,0
bc1qc4c4j66e39mrpce48fsdqsqcqkasxqkphek45l,100,18,7.87,No,10.29,0
bc1q3wckkdf6lu43sdr3y75pwwvmlzdql6s5huw2v6,100,18,25.95,No,10.29,0
1PZjFu1kd5pe4mCMi2BYDYVjQgj52udWWV,100,18,14.32,No,10.29,0
3GL8HJKkmRYnBqMZGFpKhdUyyQuQQLRjhJ,100,18,8.77,No,10.29,0
1RQbuSvcMaUTP6HdyFCnvWPWbxQycmeid,100,18,4.4,No,10.29,0
bc1p9jsvrvhmzdqq0muu74g884pysuhfrfxnun3zpwdnjacvm9gtyycqxgrtdw,100,18,3.61,No,10.29,0
bc1qww0ntdr637ytpf56tnvkkjzcyduwd94wrc22wx,100,18,3.86,No,10.29,0
bc1qld0jr492486nd87dyp85jtdvgupy36c93xtug0,100,18,2.37,No,10.29,0
bc1q4kqvzzv0d24qn8ezpqwup9qje50ex0mar2925s,100,18,12.59,No,10.29,0
19aRKFFWvow8BcPATqZqJnEfyVTexJYbo6,100,18,5.41,No,10.29,0
bc1qkmkk75vhqutq7y4gtyqmdtytpj3p8lh8kvvqzf,100,18,17.03,No,10.29,0
bc1qnw8t96lv0e58gscrx7ekr8ppv5xkvle5zzhcxp,100,18,7.65,No,10.29,0
bc1qe7vvevazkuf9vkxv4wwg3vj76cz3cvwnrrvwhw,100,18,33.8,No,10.29,0
bc1qclwkjjduyqrxvg3e5cnysgx2947acaledj28h4,100,18,16.44,No,10.29,0
bc1qv4x2d9ds6yhf44gzf2acp3pqtu7453ur2y6h0t,100,18,3.95,No,10.29,0
bc1qd6mypv34qy65pz34dtzn5dus7eqj2mdhgh7m6y,223,12,3.51,No,9.87,0
16S27HFiiVyBLeZYAGUg6dXvWfd7V4q9Ac,223,12,12.66,No,9.87,0
1J8M9vxfVvDgayzk4rMDYAdFHNwUZ7oSEE,223,12,9.78,No,9.87,0
bc1qp56kucyykun3phjl8u3y2vp7psackhmfmx4jq7,223,12,12.24,No,9.87,0
15HCsQCF6hqMu4g6XUxHbrz9XgU9dYUoGd,223,12,2.05,No,9.87,0
bc1qqfgz0u3h3eyfdualvt8zje6z4yt0f4hppygwga,223,12,24.33,No,9.87,0
1GHNokc2nndfGJVa6m4PE4rz9B6Fnyb33Q,223,12,9.98,No,9.87,0
1FrqNiz39NuaD9whPFpZVuw6wHppuroMhp,223,12,12.25,No,9.87,0
bc1qfk3fhx9z3k24t3aajxc07ehw3sdycksn855j9p,223,12,11.32,No,9.87,0
37SN1LK3KfidrxPdKJnbxXuFgtdQnJwKf5,223,12,6.99,No,9.87,0
1MsqzuQV8qfTghak2vxQuVvq3K9rRNyjeo,223,12,8.97,No,9.87,0
3H6KQNbgtHizf8DUs5KT4uAXpgywHQ2ime,223,12,4.35,No,9.87,0
1D3hXSuX6oZ3cdaBurARDkG6GvFpyRPnYG,79,16,30.65,No,9.28,0
1FnfbanZawBux7CZk9XnHsfa1LjS2BDiW1,79,16,0.33,No,9.28,0
bc1qshddxy7sqgzt94g4gj0xl63k823ru60ukcc004,79,16,4.33,No,9.28,0
bc1q9qrntqe9qyeydw2nwp72kwefkx08ysgz3m0cds,79,16,3.83,No,9.28,0
bc1qv7hl5rd0ttswd82funa4aqjhz2gytvt6x3n5cw,79,16,7.45,No,9.28,0
3Ee1XKqW4NiDWBiss2wQT8imf3NkDcJ5EA,79,16,4.84,No,9.28,0
bc1qgr4jw8kvgdsqhfhlnfu25296k34a8jx7p45zez,79,16,20.14,No,9.28,0
1KNWiyFcbm383FfjfcZhBecnbDv31pQTjx,79,16,1.51,No,9.28,0
bc1q9kh8ue7uey8wevgr0yfqdrtndwny6kg2awlx0d,79,16,12.66,No,9.28,0
1PSmtsE4UbyiQW2gDvS1dS7BFjYcFGrzEd,79,16,9.53,No,9.28,0
12XZzJirhMfSU81t62qMDFzfXWgCrDudaE,79,16,7.82,No,9.28,0
bc1qpny98z9ml3ushnh4czu9agca0xuwp7cnm8xhu6,79,16,8.58,No,9.28,0
3FuUZnD7Mv5MMnrczvWmiiNyp5staFarTh,79,16,3.83,No,9.28,0
bc1qd4tlfd9qjw9z7lwgl3fymqptcg6md338l69gfh,79,16,16.52,No,9.28,0
38pwgW43P5TfsmeDqNtSmHtYE5xeeahMwf,79,16,8.84,No,9.28,0
bc1q4u6qp8s3utgg56ydg04w7t4cflncy84epef2qn,79,16,7.7,No,9.28,0
3BWKumSoC2MKJ39PfajBAwJbbNbpvNHTra,17,14,3.52,No,9.18,0
17xeXwdcBTyACrqcD7mu4LcU38KCu9yE11,17,14,16.41,No,9.18,0
1J2sT2jxWyoHgca9Pk7AxMU264ZV4Qo8Fq,17,14,11.63,No,9.18,0
bc1pehvw6hc2s3upgwn4ncckue95rvt7xtydzyefcqqgn3tr36xzcsxsxq5jql,17,14,6.36,No,9.18,0
1KPJZhGZX1s6TzKY4eGgPg9neZ42HDqHe4,17,14,17.58,No,9.18,0
1JTf2RapfHnDB3fpwZfeyxWncNxYMts215,17,14,2.3,No,9.18,0
13qjQYogerB8JyWu685PoUXhrjTMLkGRuL,17,14,8.21,No,9.18,0
1FbnuTdRxuFXp1PDa1HDmokHheocYkb4km,17,14,5.08,No,9.18,0
bc1q0p3zqqrrqdcm7agvsyfgnsnzdtfp6llmks6v9u,17,14,36.35,No,9.18,0
3PqacJRFQKsCUf992QYmVm2bEWwRXQGuTA,17,14,8.47,No,9.18,0
16QSicUL4PWUnMCAyxWgqTTmDfk6Ac94wN,17,14,2.56,No,9.18,0
bc1pjdu9dlucg6ek8w5veyus4al5h0pktdanjr74z0rv9e50swvjkxgq26ehly,17,14,2.77,No,9.18,0
38G7YRVzEyPh273T1G7D7kx4qAMfjDpQRE,17,14,3.53,No,9.18,0
36oe8eDyKUJroYBCd3Dk3Csrq92WcthCXM,17,14,3.71,No,9.18,0
14xnZV3vecPt4JMiLRNbjH61xqdF4Z7neL,95,17,10.88,No,9.13,0
bc1q20w76y7wrfthu3426hl502zdd7wjucn6ml7nj5,95,17,14.07,No,9.13,0
33zTKT8iRKDyMSGKtv8NYF8z6VmEoxmfDX,95,17,10.43,No,9.13,0
1D3fEHrFoDjrzsyRKhmpoSfbGB6hrz7xAo,95,17,6.13,No,9.13,0
1FFtziayuf5axYpe8rX1Gd3R7wSYamTYJ8,95,17,5.04,No,9.13,0
bc1quz8d2rhf5y0lge2q9n936urs4ysgttcz45l49u,95,17,5.25,No,9.13,0
1zLNu5dnz6t3AqPRJjMp8cFbrNgpPRw1d,95,17,14.28,No,9.13,0
18FzYzLfP5ryigCXD5xcRp1sMFShyDGDVq,95,17,13.21,No,9.13,0
182ZroSUpmxixirEzTtEYxyjJAPPiT8nbN,95,17,6.26,No,9.13,0
1EQx8FDmYBY5RPf42658G2vJQ5fdGwh61P,95,17,6.62,No,9.13,0
1M1hddqzharzPnoUxBhCnatpPPGtS6Wrn,95,17,17.97,No,9.13,0
1J2wYv1aFp2KZTcueL8gvTWr3jTPWTjJEu,95,17,10.1,No,9.13,0
1Kq5E2xF1BRVjvvKtdLtNbunT213xSgUa2,95,17,1.99,No,9.13,0
1Pito9oH9sAqthWajNGKhEQo3oUBVQJp3z,95,17,2.91,No,9.13,0
bc1qyf6z28cht0ja28eln657qz9n3r5yhh5sl44h86,95,17,13.75,No,9.13,0
1Dn2mhidvQv83T271BjbjCLqbgeWi3Cqjf,95,17,13.59,No,9.13,0
bc1qr3fk77z7s5xarjfkr462nxans49jfd7r7kea7f,95,17,2.78,No,9.13,0
bc1q3hzp0lt2k5pxsgcadjcrtzs0pwez9e40muuz5z,15,17,2.07,No,8.58,0
16qeLfznVQHWktAdSeKGy2s1zbadFtnAVX,15,17,12.27,No,8.58,0
3NNuUr34ddxpus7Cj4mxU5sVdBdgr1aGnG,15,17,3.61,No,8.58,0
3NDw2hCK46S9iVtGp6PEpV7Mc1ui4vBAV2,15,17,1.75,No,8.58,0
bc1qmlgkwz3ntyw2fpltwpx5yngp6nhevrj585mvqg,15,17,37.05,No,8.58,0
1J4qHptjp5Py2zdqK8T4cgDWXK52u6B3e9,15,17,19.9,No,8.58,0
14icDQCnywKKcMrd9r41AdfVURi3y3Aq34,15,17,6.44,No,8.58,0
1Jh6oC2smpjXAJW8BDfBiy9SzLdLb6QHwr,15,17,0.42,No,8.58,0
1EhXcyE9dDLn38qxhpdPBF7svVStH5ohi4,15,17,4.76,No,8.58,0
bc1pxaa7pdrpxl6nrccw39qfr7ywr3q3m6msertmegy9n4fxpgquh33sz0q0tf,15,17,9.58,No,8.58,0
bc1qxkkyx5jwv2v5qjgncrsrgfpaaph8u4ghmvlqa7,15,17,17.43,No,8.58,0
bc1qadgsppr8q29u3ck2qlnwzs3q6y556myt6pv899,15,17,0.36,No,8.58,0
bc1quswdmzxndlws5pls7nx3rx7p9k2t4j7d87wfk9,15,17,10.96,No,8.58,0
bc1phu9rcettqdpr7jk7e5tj4qcx958293m8efxes7gjkfy8dgpv6hfqw30qjh,15,17,5.17,No,8.58,0
1KoPoGwvTVe4BYJH89m1UQXXPnJ8z7AafF,15,17,7.4,No,8.58,0
bc1psdka0f0d9mya4vmdhtr0v7d39y0gafv9mp8fhx2avjp2ee9e860s2gf3xm,15,17,1.5,No,8.58,0
1F3K9xC961Ee6JiAfLhvqRB8Tu2JjS41cp,15,17,5.17,No,8.58,0
bc1qtulav8mpcxlgdadt6v6x80vhysdduuamdqy32r,276,1,,,,0
bc1qfxauemp0g806nntaw24tsgpfjexzgq4wu68t6k,277,1,,,,0
14Qb16Df9xdDpeqPTQDFUMD2ZSjBLKt7Nq,278,1,,,,0
bc1pv09nqdrvkfd92l7hdzrhap9q6280r698mk55xhnhzp7460nmt23qwdee2u,279,1,,,,0
14YYJQWWSEYqhR9Rba8t3hQds68CqaBfsq,280,1,,,,0
bc1q82ewjnngt50pct3t6wd7x2zqn6396mmcztx4d8,281,1,,,,0
3JaKetRvHoYBZBQVGiyGEJHKaYYEzbLjTa,282,1,,,,0
bc1qr0wpdtzjtap60y72znwquz59rff7my6yc6t6re,298,1,,,,0
bc1p76dlcjwtyy9us9vzq6qca8j7zp7u9vu4lpqgcy7q9v5s9mj60mgqwusplz,34,1,,,,0
bc1plup809nqqs0gzdytttz2glem3ej8fzprad32thcz5df5mm7gyemqrluuql,163,1,,,,0
bc1q5373x3qx78src0axszknzf0pw7vdyxagrkczc0,39,1,,,,0
bc1qysgsxcgwqygeuqduv0ggz7uys5t4grt9hdrygk,173,1,,,,0
bc1qylhtlkvgzu4av9z0lrq7p8d9kqmcfuhte9snlm,178,1,,,,0
bc1q0xpqmxlx0qht922wm229kk2va4u2lp48r0jgjv,96,1,,,,0
bc1pc9sjgd5wxr9zfkzr47xss6sgxuhvqdr3z08d3m0kwqqrq3xndh3sxe5d29,98,1,,,,0
